time,theta,theta_dot,position,velocity,base_yaw,base_yaw_rate,yaw,yaw_rate,disturbance_active,disturbance_force_x_n,disturbance_force_y_n,disturbance_force_z_n,disturbance_torque_z_nm,actuator_disturbance_active,actuator_disturbance_sample,actuator_command_sample,actuator_command_time_s,wheel_feedback_sign_left,wheel_feedback_sign_right,wheel_command_sign_left,wheel_command_sign_right,wheel_effort_sign_left,wheel_effort_sign_right,lqr_state_left_position_m,lqr_state_right_position_m,lqr_state_left_velocity_m_s,lqr_state_right_velocity_m_s,lqr_state_pitch_rad,lqr_state_pitch_rate_rad_s,force_left_position_n,force_right_position_n,force_left_velocity_n,force_right_velocity_n,force_left_pitch_n,force_right_pitch_n,force_left_pitch_rate_n,force_right_pitch_rate_n,force_left_sum_terms_n,force_right_sum_terms_n,force_total_position_n,force_total_velocity_n,force_total_pitch_n,force_total_pitch_rate_n,force_left_lqr_physical_n,force_right_lqr_physical_n,force_total_phys_n,current_left_lqr_physical_a,current_right_lqr_physical_a,current_left_lqr_raw_a,current_right_lqr_raw_a,lqr_current_equivalence_error_a,u_left_lqr_physical_a,u_right_lqr_physical_a,u_left_lqr,u_right_lqr,u_left_lqr_a,u_right_lqr_a,u_left_rl,u_right_rl,u_left_rl_a,u_right_rl_a,disturbance_current,disturbance_start,actuator_disturbance_duration_s,disturbance_left_a,disturbance_right_a,current_left_after_lqr_before_disturbance_a,current_right_after_lqr_before_disturbance_a,current_left_final_command_a,current_right_final_command_a,u_left_final,u_right_final,u_left_final_a,u_right_final_a,u_left_cmd_a,u_right_cmd_a,reward,episode_reward,base_position_x,base_position_y,base_position_z,left_wheel_rpm,right_wheel_rpm,i_des_left,i_des_right,i_cmd_left,i_cmd_right,motor_current_desired_left_a,motor_current_desired_right_a,motor_current_saturated_left_a,motor_current_saturated_right_a,tau_actual_left,tau_actual_right,applied_effort_left_nm,applied_effort_right_nm,left_contact_force,right_contact_force,rpm_diff,current_diff,torque_diff,contact_force_diff,wheel_rpm_left,wheel_rpm_right,contact_force_left,contact_force_right,current_saturated_left,current_saturated_right,time_s,left_wheel_position_rad,right_wheel_position_rad,left_wheel_position_physical_rad,right_wheel_position_physical_rad,raw_left_wheel_position_rad,raw_right_wheel_position_rad,left_wheel_velocity_rad_s,right_wheel_velocity_rad_s,left_wheel_velocity_physical_rad_s,right_wheel_velocity_physical_rad_s,raw_left_wheel_velocity_rad_s,raw_right_wheel_velocity_rad_s,left_i_des_a,right_i_des_a,left_i_cmd_a,right_i_cmd_a,left_wheel_velocity_raw_rad_s,right_wheel_velocity_raw_rad_s,left_wheel_velocity_used_rad_s,right_wheel_velocity_used_rad_s,left_wheel_velocity_used_rpm,right_wheel_velocity_used_rpm,left_omega_for_limiter_rad_s,right_omega_for_limiter_rad_s,left_tau_current_nm,right_tau_current_nm,left_tau_speed_limit_nm,right_tau_speed_limit_nm,left_tau_actual_nm,right_tau_actual_nm,left_applied_effort_nm,right_applied_effort_nm,root_x_m,root_y_m,root_z_m,root_vx_m_s,root_vy_m_s,root_vz_m_s,gravity_body_x,gravity_body_y,gravity_body_z,angular_velocity_body_x_rad_s,angular_velocity_body_y_rad_s,angular_velocity_body_z_rad_s
0.02,0.004789278135135566,-0.9383176565170288,0.0022465482474304734,0.14728430544734,-0.0016357194573720672,0.0025520885828882456,-0.00019746567367759306,0.0025520885828882456,0.0,0.0,0.0,0.0,0.0,0.0,-1.0,0.0,0.0,-1.0,1.0,1.0,1.0,-1.0,1.0,9.978637099266053e-08,9.978637099266053e-08,-0.006917606232222169,-0.006917606232222169,0.018533053541562216,0.029296334832906723,-2.3767916133999823e-06,-2.3767916133999823e-06,0.11565269155402955,0.11565269155402955,-1.4340394971068762,-1.4340394971068762,-0.13372604997828605,-0.13372604997828605,-1.452115232322746,-1.452115232322746,-4.753583226799965e-06,0.2313053831080591,-2.8680789942137523,-0.2674520999565721,0.726057616161373,0.726057616161373,1.452115232322746,0.9680768215484973,0.9680768215484973,0.726057616161373,0.726057616161373,0.0,0.9680768215484973,0.9680768215484973,0.726057616161373,0.726057616161373,0.726057616161373,0.726057616161373,0.0,0.0,0.0,0.0,0.0,1.5,0.0,0.0,0.0,0.726057616161373,0.726057616161373,0.726057616161373,0.726057616161373,0.726057616161373,0.726057616161373,0.726057616161373,0.726057616161373,0.726057616161373,0.726057616161373,-0.000429301597039088,-0.000429301597039088,-0.0010554268956184387,0.0010235700756311417,0.07006041705608368,26.83219780217944,29.035191079967287,0.9680768251419067,0.9680768251419067,0.9680768251419067,0.9680768251419067,0.9680768251419067,0.9680768251419067,0.9680768251419067,0.9680768251419067,0.7260575890541077,0.7260575890541077,-0.7260575890541077,0.7260575890541077,15.11157512664795,17.288164138793945,2.202993277787847,0.0,0.0,2.176589012145996,26.83219780217944,29.035191079967287,15.11157512664795,17.288164138793945,0.0,0.0,0.02,0.04458257928490639,0.044654689729213715,0.04458257928490639,0.044654689729213715,-0.04458257928490639,0.044654689729213715,2.809861183166504,3.040558099746704,2.809861183166504,3.040558099746704,-2.809861183166504,3.040558099746704,0.9680768251419067,0.9680768251419067,0.9680768251419067,0.9680768251419067,0.22730007767677307,-0.04748070612549782,0.22730007767677307,-0.04748070612549782,2.1705558556458127,-0.4534073448819967,0.22730007767677307,0.04748070612549782,0.7260575890541077,0.7260575890541077,4.0,4.0,0.7260575890541077,0.7260575890541077,-0.7260575890541077,0.7260575890541077,-0.0010554268956184387,0.0010235700756311417,0.07006041705608368,-0.006821645889431238,0.007067692931741476,0.019837761297822,-0.005073172505944967,0.004789198283106089,-0.9999756813049316,0.9383176565170288,-0.045418400317430496,-0.0024257353506982327
0.04,0.006664810209174203,0.7819938659667969,0.0007992211429169401,-0.11622955634593964,-0.0016879577066533863,-0.00726431654766202,-0.0002497039229589122,-0.00726431654766202,0.0,0.0,0.0,0.0,0.0,0.0,-1.0,1.0,0.02,-1.0,1.0,1.0,1.0,-1.0,1.0,0.0022465482474304734,0.0022465482474304734,0.14728430544734,0.14728430544734,0.004789278135135566,-0.9383176565170288,-0.05351008339589696,-0.05351008339589696,-2.4623873890518984,-2.4623873890518984,-0.3705818899736387,-0.3705818899736387,4.28304477493763,4.28304477493763,1.3965654125161957,1.3965654125161957,-0.10702016679179392,-4.924774778103797,-0.7411637799472774,8.56608954987526,-0.6982827062580979,-0.6982827062580979,-1.3965654125161957,-0.9310436083441305,-0.9310436083441305,-0.6982827062580979,-0.6982827062580979,0.0,-0.9310436083441305,-0.9310436083441305,-0.6982827062580979,-0.6982827062580979,-0.6982827062580979,-0.6982827062580979,0.0,0.0,0.0,0.0,0.0,1.5,0.0,0.0,0.0,-0.6982827062580979,-0.6982827062580979,-0.6982827062580979,-0.6982827062580979,-0.6982827062580979,-0.6982827062580979,-0.6982827062580979,-0.6982827062580979,-0.6982827062580979,-0.6982827062580979,-0.08806719198716799,-0.08849649358420708,-0.0011309627443552017,0.000924060121178627,0.0701136365532875,-20.39563243403452,-23.692173148887264,-0.9310436248779297,-0.9310436248779297,-0.9310436248779297,-0.9310436248779297,-0.9310436248779297,-0.9310436248779297,-0.9310436248779297,-0.9310436248779297,-0.6982827186584473,-0.6982827186584473,0.6982827186584473,-0.6982827186584473,18.063926696777344,18.770353317260742,-3.2965407148527426,0.0,0.0,0.7064266204833984,-20.39563243403452,-23.692173148887264,18.063926696777344,18.770353317260742,0.0,0.0,0.04,0.01460618618875742,0.017140433192253113,0.01460618618875742,0.017140433192253113,-0.01460618618875742,0.017140433192253113,-2.1358256340026855,-2.4810385704040527,-2.1358256340026855,-2.4810385704040527,2.1358256340026855,-2.4810385704040527,-0.9310436248779297,-0.9310436248779297,-0.9310436248779297,-0.9310436248779297,-2.809861183166504,3.040558099746704,-2.809861183166504,3.040558099746704,-26.83219780217944,29.035191079967287,2.809861183166504,3.040558099746704,-0.6982827186584473,-0.6982827186584473,4.0,4.0,-0.6982827186584473,-0.6982827186584473,0.6982827186584473,-0.6982827186584473,-0.0011309627443552017,0.000924060121178627,0.0701136365532875,0.0014384810347110033,-0.0029196864925324917,0.002741751726716757,-0.0052026864141225815,0.006664670538157225,-0.9999642372131348,-0.7819938659667969,0.008396491408348083,-0.0031399999279528856
0.06,-0.0007478189881148573,-1.068838357925415,0.003676530740968883,0.16752779396772385,-0.001580413719299285,0.009495431557297707,-0.00014215993560481085,0.009495431557297707,0.0,0.0,0.0,0.0,0.0,0.0,-1.0,2.0,0.04,-1.0,1.0,1.0,1.0,-1.0,1.0,0.0007992211429169401,0.0007992211429169401,-0.11622955634593964,-0.11622955634593964,0.006664810209174203,0.7819938659667969,-0.019036488558910013,-0.019036488558910013,1.9431954607252262,1.9431954607252262,-0.5157056854793559,-0.5157056854793559,-3.5694892005920416,-3.5694892005920416,-2.1610359139050814,-2.1610359139050814,-0.038072977117820025,3.8863909214504524,-1.0314113709587118,-7.138978401184083,1.0805179569525407,1.0805179569525407,2.1610359139050814,1.4406906092700542,1.4406906092700542,1.0805179569525407,1.0805179569525407,0.0,1.4406906092700542,1.4406906092700542,1.0805179569525407,1.0805179569525407,1.0805179569525407,1.0805179569525407,0.0,0.0,0.0,0.0,0.0,1.5,0.0,0.0,0.0,1.0805179569525407,1.0805179569525407,1.0805179569525407,1.0805179569525407,1.0805179569525407,1.0805179569525407,1.0805179569525407,1.0805179569525407,1.0805179569525407,1.0805179569525407,-0.06119589227381575,-0.14969238585802283,-0.0011115921661257744,0.001647437922656536,0.07020692527294159,30.92556432271393,32.620516746387615,1.4406907558441162,1.4406907558441162,1.4406907558441162,1.4406907558441162,1.4406907558441162,1.4406907558441162,1.4406907558441162,1.4406907558441162,1.0805180072784424,1.0805180072784424,-1.0805180072784424,1.0805180072784424,18.625398635864258,18.064895629882812,1.6949524236736835,0.0,0.0,-0.5605030059814453,30.92556432271393,32.620516746387615,18.625398635864258,18.064895629882812,0.0,0.0,0.06,0.07085583359003067,0.07518312335014343,0.07085583359003067,0.07518312335014343,-0.07085583359003067,0.07518312335014343,3.2385175228118896,3.4160125255584717,3.2385175228118896,3.4160125255584717,-3.2385175228118896,3.4160125255584717,1.4406907558441162,1.4406907558441162,1.4406907558441162,1.4406907558441162,2.1358256340026855,-2.4810385704040527,2.1358256340026855,-2.4810385704040527,20.39563243403452,-23.692173148887264,2.1358256340026855,2.4810385704040527,1.0805180072784424,1.0805180072784424,4.0,4.0,1.0805180072784424,1.0805180072784424,-1.0805180072784424,1.0805180072784424,-0.0011115921661257744,0.001647437922656536,0.07020692527294159,-0.0017372717848047614,0.015580018982291222,0.0067643411457538605,-0.005300390999764204,-0.0007478084298782051,-0.9999856948852539,1.068838357925415,-0.010621069930493832,0.0038381675258278847
0.08,0.002133817355238249,1.0015672445297241,0.0010286047584377228,-0.11975856062769889,-0.0016721384783213427,-0.0034148679114878178,-0.0002338846946268686,-0.0034148679114878178,0.0,0.0,0.0,0.0,0.0,0.0,-1.0,3.0,0.06,-1.0,1.0,1.0,1.0,-1.0,1.0,0.003676530740968883,0.003676530740968883,0.16752779396772385,0.16752779396772385,-0.0007478189881148573,-1.068838357925415,-0.08757055041298963,-0.08757055041298963,-2.800830176228788,-2.800830176228788,0.057864288970958556,0.057864288970958556,4.87881956858635,4.87881956858635,2.0482831309155305,2.0482831309155305,-0.17514110082597925,-5.601660352457576,0.11572857794191711,9.7576391371727,-1.0241415654577652,-1.0241415654577652,-2.0482831309155305,-1.3655220872770204,-1.3655220872770204,-1.0241415654577652,-1.0241415654577652,0.0,-1.3655220872770204,-1.3655220872770204,-1.0241415654577652,-1.0241415654577652,-1.0241415654577652,-1.0241415654577652,0.0,0.0,0.0,0.0,0.0,1.5,0.0,0.0,0.0,-1.0241415654577652,-1.0241415654577652,-1.0241415654577652,-1.0241415654577652,-1.0241415654577652,-1.0241415654577652,-1.0241415654577652,-1.0241415654577652,-1.0241415654577652,-1.0241415654577652,-0.11424277861442321,-0.263935164472446,-0.0011597732082009315,0.0016712220385670662,0.07014665007591248,-21.687883734433424,-23.738531919513864,-1.3655221462249756,-1.3655221462249756,-1.3655221462249756,-1.3655221462249756,-1.3655221462249756,-1.3655221462249756,-1.3655221462249756,-1.3655221462249756,-1.024141550064087,-1.024141550064087,1.024141550064087,-1.024141550064087,18.416648864746094,18.946048736572266,-2.0506481850804406,0.0,0.0,0.5293998718261719,-21.687883734433424,-23.738531919513864,18.416648864746094,18.946048736572266,0.0,0.0,0.08,0.01703626476228237,0.023821918293833733,0.01703626476228237,0.023821918293833733,-0.01703626476228237,0.023821918293833733,-2.2711498737335205,-2.4858932495117188,-2.2711498737335205,-2.4858932495117188,2.2711498737335205,-2.4858932495117188,-1.3655221462249756,-1.3655221462249756,-1.3655221462249756,-1.3655221462249756,-3.2385175228118896,3.4160125255584717,-3.2385175228118896,3.4160125255584717,-30.92556432271393,32.620516746387615,3.2385175228118896,3.4160125255584717,-1.024141550064087,-1.024141550064087,4.0,4.0,-1.024141550064087,-1.024141550064087,1.024141550064087,-1.024141550064087,-0.0011597732082009315,0.0016712220385670662,0.07014665007591248,0.0018747040303424,0.0028230154421180487,0.0022235247306525707,-0.005176646169275045,0.0021337871439754963,-0.9999843239784241,-1.0015672445297241,0.004403675440698862,0.001779315760359168
0.1,-0.0025129156220484177,-1.0803786516189575,0.005228347985632717,0.1793703384399414,-0.0013232919888843697,0.03264078497886658,0.00011496179481010446,0.03264078497886658,0.0,0.0,0.0,0.0,0.0,0.0,-1.0,4.0,0.08,-1.0,1.0,1.0,1.0,-1.0,1.0,0.0010286047584377228,0.0010286047584377228,-0.11975856062769889,-0.11975856062769889,0.002133817355238249,1.0015672445297241,-0.02450013102027643,-0.02450013102027643,2.0021954717102464,2.0021954717102464,-0.1651092390232121,-0.1651092390232121,-4.571753844380379,-4.571753844380379,-2.759167742713621,-2.759167742713621,-0.04900026204055286,4.004390943420493,-0.3302184780464242,-9.143507688760758,1.3795838713568105,1.3795838713568105,2.759167742713621,1.8394451618090806,1.8394451618090806,1.3795838713568105,1.3795838713568105,0.0,1.8394451618090806,1.8394451618090806,1.3795838713568105,1.3795838713568105,1.3795838713568105,1.3795838713568105,0.0,0.0,0.0,0.0,0.0,1.5,0.0,0.0,0.0,1.3795838713568105,1.3795838713568105,1.3795838713568105,1.3795838713568105,1.3795838713568105,1.3795838713568105,1.3795838713568105,1.3795838713568105,1.3795838713568105,1.3795838713568105,-0.1003183006093794,-0.36425346508182543,-0.001109809149056673,0.002162323798984289,0.07024899125099182,33.303223751416795,34.734931577559294,1.8394451141357422,1.8394451141357422,1.8394451141357422,1.8394451141357422,1.8394451141357422,1.8394451141357422,1.8394451141357422,1.8394451141357422,1.3795838356018066,1.3795838356018066,-1.3795838356018066,1.3795838356018066,18.403438568115234,18.220779418945312,1.4317078261424996,0.0,0.0,-0.18265914916992188,33.303223751416795,34.734931577559294,18.403438568115234,18.220779418945312,0.0,0.0,0.1,0.09902045130729675,0.10865970700979233,0.09902045130729675,0.10865970700979233,-0.09902045130729675,0.10865970700979233,3.4875054359436035,3.6374335289001465,3.4875054359436035,3.6374335289001465,-3.4875054359436035,3.6374335289001465,1.8394451141357422,1.8394451141357422,1.8394451141357422,1.8394451141357422,2.2711498737335205,-2.4858932495117188,2.2711498737335205,-2.4858932495117188,21.687883734433424,-23.738531919513864,2.2711498737335205,2.4858932495117188,1.3795838356018066,1.3795838356018066,4.0,4.0,1.3795838356018066,1.3795838356018066,-1.3795838356018066,1.3795838356018066,-0.001109809149056673,0.002162323798984289,0.07024899125099182,-0.0020952688064426184,0.016500113531947136,0.007570292800664902,-0.005365125369280577,-0.0025128768756985664,-0.999982476234436,1.0803786516189575,-0.013969989493489265,0.026879994198679924
0.12,-0.0006963454521111164,0.9752382636070251,0.0026960320166312156,-0.12969143704771996,-0.0011443089920112912,0.010019048117101192,0.00029394479168318296,0.010019048117101192,0.0,0.0,0.0,0.0,0.0,0.0,-1.0,5.0,0.1,-1.0,1.0,1.0,1.0,-1.0,1.0,0.005228347985632717,0.005228347985632717,0.1793703384399414,0.1793703384399414,-0.0025129156220484177,-1.0803786516189575,-0.12453297500018856,-0.12453297500018856,-2.998820940242004,-2.998820940242004,0.19444287725348922,0.19444287725348922,4.931496393179894,4.931496393179894,2.002585355191191,2.002585355191191,-0.24906595000037712,-5.997641880484008,0.38888575450697843,9.862992786359788,-1.0012926775955955,-1.0012926775955955,-2.002585355191191,-1.335056903460794,-1.335056903460794,-1.0012926775955955,-1.0012926775955955,0.0,-1.335056903460794,-1.335056903460794,-1.0012926775955955,-1.0012926775955955,-1.0012926775955955,-1.0012926775955955,0.0,0.0,0.0,0.0,0.0,1.5,0.0,0.0,0.0,-1.0012926775955955,-1.0012926775955955,-1.0012926775955955,-1.0012926775955955,-1.0012926775955955,-1.0012926775955955,-1.0012926775955955,-1.0012926775955955,-1.0012926775955955,-1.0012926775955955,-0.11672948461345616,-0.4809829496952816,-0.0011696824803948402,0.0023275683633983135,0.07019291818141937,-20.965078965516824,-28.22904206606847,-1.335057020187378,-1.335057020187378,-1.335057020187378,-1.335057020187378,-1.335057020187378,-1.335057020187378,-1.335057020187378,-1.335057020187378,-1.0012927055358887,-1.0012927055358887,1.0012927055358887,-1.0012927055358887,18.570966720581055,18.984439849853516,-7.263963100551646,0.0,0.0,0.41347312927246094,-20.965078965516824,-28.22904206606847,18.570966720581055,18.984439849853516,0.0,0.0,0.12,0.047603633254766464,0.05948800593614578,0.047603633254766464,0.05948800593614578,-0.047603633254766464,0.05948800593614578,-2.195457935333252,-2.9561383724212646,-2.195457935333252,-2.9561383724212646,2.195457935333252,-2.9561383724212646,-1.335057020187378,-1.335057020187378,-1.335057020187378,-1.335057020187378,-3.4875054359436035,3.6374335289001465,-3.4875054359436035,3.6374335289001465,-33.303223751416795,34.734931577559294,3.4875054359436035,3.6374335289001465,-1.0012927055358887,-1.0012927055358887,4.0,4.0,-1.0012927055358887,-1.0012927055358887,1.0012927055358887,-1.0012927055358887,-0.0011696824803948402,0.0023275683633983135,0.07019291818141937,0.001629220088943839,0.005633157212287188,0.0024516454432159662,-0.005281032528728247,-0.0006963356863707304,-0.9999858140945435,-0.9752382636070251,0.013215468265116215,0.015160326845943928
0.14,-0.00572003565106751,-1.0394381284713745,0.005812636577151716,0.15316856219172478,-0.0007896903056172635,0.023119725286960602,0.0006485634780772106,0.023119725286960602,0.0,0.0,0.0,0.0,0.0,0.0,-1.0,6.0,0.12,-1.0,1.0,1.0,1.0,-1.0,1.0,0.0026960320166312156,0.0026960320166312156,-0.12969143704771996,-0.12969143704771996,-0.0006963454521111164,0.9752382636070251,-0.0642162473977356,-0.0642162473977356,2.168259259426011,2.168259259426011,0.05388140058618269,0.05388140058618269,-4.4515725780606274,-4.4515725780606274,-2.29364816544617,-2.29364816544617,-0.1284324947954712,4.336518518852022,0.10776280117236538,-8.903145156121255,1.146824082723085,1.146824082723085,2.29364816544617,1.5290987769641131,1.5290987769641131,1.146824082723085,1.146824082723085,0.0,1.5290987769641131,1.5290987769641131,1.146824082723085,1.146824082723085,1.146824082723085,1.146824082723085,0.0,0.0,0.0,0.0,0.0,1.5,0.0,0.0,0.0,1.146824082723085,1.146824082723085,1.146824082723085,1.146824082723085,1.146824082723085,1.146824082723085,1.146824082723085,1.146824082723085,1.146824082723085,1.146824082723085,-0.09510981540674496,-0.5760927651020266,-0.0011482201516628265,0.002950590569525957,0.07027643173933029,28.766757815396616,29.332627604483555,1.5290988683700562,1.5290988683700562,1.5290988683700562,1.5290988683700562,1.5290988683700562,1.5290988683700562,1.5290988683700562,1.5290988683700562,1.1468241214752197,1.1468241214752197,-1.1468241214752197,1.1468241214752197,18.545072555541992,18.39410972595215,0.5658697890869391,0.0,0.0,-0.15096282958984375,28.766757815396616,29.332627604483555,18.545072555541992,18.39410972595215,0.0,0.0,0.14,0.10907924175262451,0.12180999666452408,0.10907924175262451,0.12180999666452408,-0.10907924175262451,0.12180999666452408,3.0124478340148926,3.0717055797576904,3.0124478340148926,3.0717055797576904,-3.0124478340148926,3.0717055797576904,1.5290988683700562,1.5290988683700562,1.5290988683700562,1.5290988683700562,2.195457935333252,-2.9561383724212646,2.195457935333252,-2.9561383724212646,20.965078965516824,-28.22904206606847,2.195457935333252,2.9561383724212646,1.1468241214752197,1.1468241214752197,4.0,4.0,1.1468241214752197,1.1468241214752197,-1.1468241214752197,1.1468241214752197,-0.0011482201516628265,0.002950590569525957,0.07027643173933029,-0.0016270349733531475,0.02050020359456539,0.0062383487820625305,-0.005402812734246254,-0.005719921085983515,-0.9999690651893616,1.0394381284713745,-0.01055034901946783,0.01756472699344158
0.16,-0.003173407289856081,0.9953977465629578,0.0020935919653624294,-0.1550897064268589,-0.0007931501693403347,0.015034590847790241,0.0006451036143541395,0.015034590847790241,0.0,0.0,0.0,0.0,0.0,0.0,-1.0,7.0,0.14,-1.0,1.0,1.0,1.0,-1.0,1.0,0.005812636577151716,0.005812636577151716,0.15316856219172478,0.15316856219172478,-0.00572003565106751,-1.0394381284713745,-0.13845002810386128,-0.13845002810386128,-2.5607639238585698,-2.5607639238585698,0.4426014865869111,0.4426014865869111,4.744619281220436,4.744619281220436,2.4880068158449165,2.4880068158449165,-0.27690005620772257,-5.1215278477171395,0.8852029731738222,9.489238562440873,-1.2440034079224582,-1.2440034079224582,-2.4880068158449165,-1.6586712105632777,-1.6586712105632777,-1.2440034079224582,-1.2440034079224582,0.0,-1.6586712105632777,-1.6586712105632777,-1.2440034079224582,-1.2440034079224582,-1.2440034079224582,-1.2440034079224582,0.0,0.0,0.0,0.0,0.0,1.5,0.0,0.0,0.0,-1.2440034079224582,-1.2440034079224582,-1.2440034079224582,-1.2440034079224582,-1.2440034079224582,-1.2440034079224582,-1.2440034079224582,-1.2440034079224582,-1.2440034079224582,-1.2440034079224582,-0.10807757043705576,-0.6841703355390824,-0.0012086648494005203,0.003135987091809511,0.07019254565238953,-30.189110559105924,-28.638996850241806,-1.658671259880066,-1.658671259880066,-1.658671259880066,-1.658671259880066,-1.658671259880066,-1.658671259880066,-1.658671259880066,-1.658671259880066,-1.244003415107727,-1.244003415107727,1.244003415107727,-1.244003415107727,18.54800033569336,19.0851993560791,1.5501137088641173,0.0,0.0,0.5371990203857422,-30.189110559105924,-28.638996850241806,18.54800033569336,19.0851993560791,0.0,0.0,0.16,0.03404412418603897,0.049117423593997955,0.03404412418603897,0.049117423593997955,-0.03404412418603897,0.049117423593997955,-3.1613962650299072,-2.9990687370300293,-3.1613962650299072,-2.9990687370300293,3.1613962650299072,-2.9990687370300293,-1.658671259880066,-1.658671259880066,-1.658671259880066,-1.658671259880066,-3.0124478340148926,3.0717055797576904,-3.0124478340148926,3.0717055797576904,-28.766757815396616,29.332627604483555,3.0124478340148926,3.0717055797576904,-1.244003415107727,-1.244003415107727,4.0,4.0,-1.244003415107727,-1.244003415107727,1.244003415107727,-1.244003415107727,-0.0012086648494005203,0.003135987091809511,0.07019254565238953,0.0021558108273893595,0.008765381760895252,0.0017239637672901154,-0.005220931489020586,-0.003173358738422394,-0.9999813437461853,-0.9953977465629578,0.013699297793209553,0.02018839679658413
0.18,-0.006667720623260638,-0.9177973866462708,0.004073060021363198,0.1549987492740154,-0.0002534222794269221,0.023966871201992035,0.001184831504267552,0.023966871201992035,0.0,0.0,0.0,0.0,0.0,0.0,-1.0,8.0,0.16,-1.0,1.0,1.0,1.0,-1.0,1.0,0.0020935919653624294,0.0020935919653624294,-0.1550897064268589,-0.1550897064268589,-0.003173407289856081,0.9953977465629578,-0.049866848304574635,-0.049866848304574635,2.592882765868083,2.592882765868083,0.24555000523010992,0.24555000523010992,-4.543592553961277,-4.543592553961277,-1.755026631167659,-1.755026631167659,-0.09973369660914927,5.185765531736166,0.49110001046021984,-9.087185107922554,0.8775133155838295,0.8775133155838295,1.755026631167659,1.1700177541117727,1.1700177541117727,0.8775133155838295,0.8775133155838295,0.0,1.1700177541117727,1.1700177541117727,0.8775133155838295,0.8775133155838295,0.8775133155838295,0.8775133155838295,0.0,0.0,0.0,0.0,0.0,1.5,0.0,0.0,0.0,0.8775133155838295,0.8775133155838295,0.8775133155838295,0.8775133155838295,0.8775133155838295,0.8775133155838295,0.8775133155838295,0.8775133155838295,0.8775133155838295,0.8775133155838295,-0.09909195705645463,-0.783262292595537,-0.0011862684041261673,0.00367183331400156,0.07024527341127396,29.659117476999334,29.134488370120934,1.1700177192687988,1.1700177192687988,1.1700177192687988,1.1700177192687988,1.1700177192687988,1.1700177192687988,1.1700177192687988,1.1700177192687988,0.8775132894515991,0.8775132894515991,-0.8775132894515991,0.8775132894515991,18.585338592529297,18.191017150878906,-0.5246291068784004,0.0,0.0,-0.3943214416503906,29.659117476999334,29.134488370120934,18.585338592529297,18.191017150878906,0.0,0.0,0.18,0.07264036685228348,0.08914950489997864,0.07264036685228348,0.08914950489997864,-0.07264036685228348,0.08914950489997864,3.105895519256592,3.0509564876556396,3.105895519256592,3.0509564876556396,-3.105895519256592,3.0509564876556396,1.1700177192687988,1.1700177192687988,1.1700177192687988,1.1700177192687988,3.1613962650299072,-2.9990687370300293,3.1613962650299072,-2.9990687370300293,30.189110559105924,-28.638996850241806,3.1613962650299072,2.9990687370300293,0.8775132894515991,0.8775132894515991,4.0,4.0,0.8775132894515991,0.8775132894515991,-0.8775132894515991,0.8775132894515991,-0.0011862684041261673,0.00367183331400156,0.07024527341127396,-0.0016790225636214018,0.016312189400196075,0.006090584211051464,-0.005269527900964022,-0.0066675785928964615,-0.9999638795852661,0.9177973866462708,-0.011747155338525772,0.01920953206717968
0.2,-0.0022723642039508976,1.0305408239364624,0.00147376493611373,-0.12582177259922028,-8.815360590731535e-05,0.0027261869981884956,0.0013501001777871588,0.0027261869981884956,0.0,0.0,0.0,0.0,0.0,0.0,-1.0,9.0,0.18,-1.0,1.0,1.0,1.0,-1.0,1.0,0.004073060021363198,0.004073060021363198,0.1549987492740154,0.1549987492740154,-0.006667720623260638,-0.9177973866462708,-0.09701540203684575,-0.09701540203684575,-2.591362089612554,-2.591362089612554,0.5159308857542876,0.5159308857542876,4.189377951085568,4.189377951085568,2.016931345190456,2.016931345190456,-0.1940308040736915,-5.182724179225108,1.0318617715085752,8.378755902171136,-1.008465672595228,-1.008465672595228,-2.016931345190456,-1.3446208967936373,-1.3446208967936373,-1.008465672595228,-1.008465672595228,0.0,-1.3446208967936373,-1.3446208967936373,-1.008465672595228,-1.008465672595228,-1.008465672595228,-1.008465672595228,0.0,0.0,0.0,0.0,0.0,1.5,0.0,0.0,0.0,-1.008465672595228,-1.008465672595228,-1.008465672595228,-1.008465672595228,-1.008465672595228,-1.008465672595228,-1.008465672595228,-1.008465672595228,-1.008465672595228,-1.008465672595228,-0.08428049228267916,-0.8675427848782162,-0.0012260191142559052,0.003527227556332946,0.0701775774359703,-23.336807513290392,-24.389485375091652,-1.344620943069458,-1.344620943069458,-1.344620943069458,-1.344620943069458,-1.344620943069458,-1.344620943069458,-1.344620943069458,-1.344620943069458,-1.0084656476974487,-1.0084656476974487,1.0084656476974487,-1.0084656476974487,18.655345916748047,18.644256591796875,-1.0526778618012607,0.0,0.0,-0.011089324951171875,-23.336807513290392,-24.389485375091652,18.655345916748047,18.644256591796875,0.0,0.0,0.2,0.020410051569342613,0.038130760192871094,0.020410051569342613,0.038130760192871094,-0.020410051569342613,0.038130760192871094,-2.4438247680664062,-2.554060935974121,-2.4438247680664062,-2.554060935974121,2.4438247680664062,-2.554060935974121,-1.344620943069458,-1.344620943069458,-1.344620943069458,-1.344620943069458,-3.105895519256592,3.0509564876556396,-3.105895519256592,3.0509564876556396,-29.659117476999334,29.134488370120934,3.105895519256592,3.0509564876556396,-1.0084656476974487,-1.0084656476974487,4.0,4.0,-1.0084656476974487,-1.0084656476974487,1.0084656476974487,-1.0084656476974487,-0.0012260191142559052,0.003527227556332946,0.0701775774359703,0.001647052587941289,0.0005208486691117287,0.0027768497820943594,-0.005157594569027424,-0.002272332087159157,-0.9999841451644897,-1.0305408239364624,0.008799160830676556,0.008021431975066662
0.22,-0.006443556393320224,-1.0727061033248901,0.004971157054975629,0.14937231050133704,0.0004403208851107514,0.03871327266097069,0.0018785746688052257,0.03871327266097069,0.0,0.0,0.0,0.0,0.0,0.0,-1.0,10.0,0.2,-1.0,1.0,1.0,1.0,-1.0,1.0,0.00147376493611373,0.00147376493611373,-0.12582177259922028,-0.12582177259922028,-0.0022723642039508976,1.0305408239364624,-0.03510331226030571,-0.03510331226030571,2.103563887377324,2.103563887377324,0.17582963395479018,0.17582963395479018,-4.704006644940376,-4.704006644940376,-2.4597164358685677,-2.4597164358685677,-0.07020662452061142,4.207127774754648,0.35165926790958035,-9.408013289880753,1.2298582179342838,1.2298582179342838,2.4597164358685677,1.6398109572457118,1.6398109572457118,1.2298582179342838,1.2298582179342838,0.0,1.6398109572457118,1.6398109572457118,1.2298582179342838,1.2298582179342838,1.2298582179342838,1.2298582179342838,0.0,0.0,0.0,0.0,0.0,1.5,0.0,0.0,0.0,1.2298582179342838,1.2298582179342838,1.2298582179342838,1.2298582179342838,1.2298582179342838,1.2298582179342838,1.2298582179342838,1.2298582179342838,1.2298582179342838,1.2298582179342838,-0.10620671121819403,-0.9737494960964103,-0.0011936388909816742,0.003938767127692699,0.07026416063308716,27.715195551159795,28.94420840676327,1.6398109197616577,1.6398109197616577,1.6398109197616577,1.6398109197616577,1.6398109197616577,1.6398109197616577,1.6398109197616577,1.6398109197616577,1.229858160018921,1.229858160018921,-1.229858160018921,1.229858160018921,18.290285110473633,18.213178634643555,1.2290128556034752,0.0,0.0,-0.07710647583007812,27.715195551159795,28.94420840676327,18.290285110473633,18.213178634643555,0.0,0.0,0.22,0.08830670267343521,0.10915733128786087,0.08830670267343521,0.10915733128786087,-0.08830670267343521,0.10915733128786087,2.9023284912109375,3.0310304164886475,2.9023284912109375,3.0310304164886475,-2.9023284912109375,3.0310304164886475,1.6398109197616577,1.6398109197616577,1.6398109197616577,1.6398109197616577,2.4438247680664062,-2.554060935974121,2.4438247680664062,-2.554060935974121,23.336807513290392,-24.389485375091652,2.4438247680664062,2.554060935974121,1.229858160018921,1.229858160018921,4.0,4.0,1.229858160018921,1.229858160018921,-1.229858160018921,1.229858160018921,-0.0011936388909816742,0.003938767127692699,0.07026416063308716,-0.0018257751362398267,0.014064174145460129,0.006361168343573809,-0.005313631147146225,-0.0064434208907186985,-0.9999651312828064,1.0727061033248901,-0.011893849819898605,0.03309109807014465
0.24,-0.004077440033555004,0.9882720112800598,0.000566965409497061,-0.18442601117491722,0.0006599738093541974,0.026921741664409637,0.0020982275930486716,0.026921741664409637,0.0,0.0,0.0,0.0,0.0,0.0,-1.0,11.0,0.22,-1.0,1.0,1.0,1.0,-1.0,1.0,0.004971157054975629,0.004971157054975629,0.14937231050133704,0.14937231050133704,-0.006443556393320224,-1.0727061033248901,-0.1184069956610535,-0.1184069956610535,-2.497295910347653,-2.497295910347653,0.4985856404684963,0.4985856404684963,4.896474279236794,4.896474279236794,2.779357013696584,2.779357013696584,-0.236813991322107,-4.994591820695306,0.9971712809369926,9.792948558473588,-1.389678506848292,-1.389678506848292,-2.779357013696584,-1.8529046757977226,-1.8529046757977226,-1.389678506848292,-1.389678506848292,0.0,-1.8529046757977226,-1.8529046757977226,-1.389678506848292,-1.389678506848292,-1.389678506848292,-1.389678506848292,0.0,0.0,0.0,0.0,0.0,1.5,0.0,0.0,0.0,-1.389678506848292,-1.389678506848292,-1.389678506848292,-1.389678506848292,-1.389678506848292,-1.389678506848292,-1.389678506848292,-1.389678506848292,-1.389678506848292,-1.389678506848292,-0.11511259345016416,-1.0888620895465744,-0.0012629986740648746,0.004039841704070568,0.0701664537191391,-35.7921697289964,-34.16368642959555,-1.8529046773910522,-1.8529046773910522,-1.8529046773910522,-1.8529046773910522,-1.8529046773910522,-1.8529046773910522,-1.8529046773910522,-1.8529046773910522,-1.3896784782409668,-1.3896784782409668,1.3896784782409668,-1.3896784782409668,18.595535278320312,19.164602279663086,1.6284832994008482,0.0,0.0,0.5690670013427734,-35.7921697289964,-34.16368642959555,18.595535278320312,19.164602279663086,0.0,0.0,0.24,-0.00037760011036880314,0.022898569703102112,-0.00037760011036880314,0.022898569703102112,0.00037760011036880314,0.022898569703102112,-3.7481472492218018,-3.57761287689209,-3.7481472492218018,-3.57761287689209,3.7481472492218018,-3.57761287689209,-1.8529046773910522,-1.8529046773910522,-1.8529046773910522,-1.8529046773910522,-2.9023284912109375,3.0310304164886475,-2.9023284912109375,3.0310304164886475,-27.715195551159795,28.94420840676327,2.9023284912109375,3.0310304164886475,-1.3896784782409668,-1.3896784782409668,4.0,4.0,-1.3896784782409668,-1.3896784782409668,1.3896784782409668,-1.3896784782409668,-0.0012629986740648746,0.004039841704070568,0.0701664537191391,0.0025447970256209373,0.0035238848067820072,0.0011647058418020606,-0.005089669022709131,-0.004077375866472721,-0.9999787211418152,-0.9882720112800598,0.017585264518857002,0.0318806953728199
0.26,-0.005612050780229238,-0.6350916028022766,0.0013001029351726173,0.10654658101201057,0.0013123436926944774,0.02081119269132614,0.0027505974763889517,0.02081119269132614,0.0,0.0,0.0,0.0,0.0,0.0,-1.0,12.0,0.24,-1.0,1.0,1.0,1.0,-1.0,1.0,0.000566965409497061,0.000566965409497061,-0.18442601117491722,-0.18442601117491722,-0.004077440033555004,0.9882720112800598,-0.013504435695728597,-0.013504435695728597,3.0833447104289706,3.0833447104289706,0.31550170845239894,0.31550170845239894,-4.511066422688962,-4.511066422688962,-1.1257244395033208,-1.1257244395033208,-0.027008871391457193,6.166689420857941,0.6310034169047979,-9.022132845377923,0.5628622197516604,0.5628622197516604,1.1257244395033208,0.7504829596688806,0.7504829596688806,0.5628622197516604,0.5628622197516604,0.0,0.7504829596688806,0.7504829596688806,0.5628622197516604,0.5628622197516604,0.5628622197516604,0.5628622197516604,0.0,0.0,0.0,0.0,0.0,1.5,0.0,0.0,0.0,0.5628622197516604,0.5628622197516604,0.5628622197516604,0.5628622197516604,0.5628622197516604,0.5628622197516604,0.5628622197516604,0.5628622197516604,0.5628622197516604,0.5628622197516604,-0.0976847984176695,-1.1865468879642438,-0.0012557990849018097,0.004290889482945204,0.07018333673477173,20.025119715588286,20.38977213172665,0.750482976436615,0.750482976436615,0.750482976436615,0.750482976436615,0.750482976436615,0.750482976436615,0.750482976436615,0.750482976436615,0.5628622174263,0.5628622174263,-0.5628622174263,0.5628622174263,18.742631912231445,18.684703826904297,0.36465241613836596,0.0,0.0,-0.05792808532714844,20.025119715588286,20.38977213172665,18.742631912231445,18.684703826904297,0.0,0.0,0.26,0.01409059762954712,0.03755202144384384,0.01409059762954712,0.03755202144384384,-0.01409059762954712,0.03755202144384384,2.0970256328582764,2.135211944580078,2.0970256328582764,2.135211944580078,-2.0970256328582764,2.135211944580078,0.750482976436615,0.750482976436615,0.750482976436615,0.750482976436615,3.7481472492218018,-3.57761287689209,3.7481472492218018,-3.57761287689209,35.7921697289964,-34.16368642959555,3.7481472492218018,3.57761287689209,0.5628622174263,0.5628622174263,4.0,4.0,0.5628622174263,0.5628622174263,-0.5628622174263,0.5628622174263,-0.0012557990849018097,0.004290889482945204,0.07018333673477173,-0.0012415391393005848,0.008632245473563671,0.005893981084227562,-0.005072823725640774,-0.005611949134618044,-0.9999713897705078,0.6350916028022766,-0.008723563514649868,0.01763894408941269
0.28,0.0019311518034446271,0.9394465684890747,-0.0005441999679547734,-0.12876425510048867,0.0015585969824513585,-0.009281610138714314,0.0029968507661458322,-0.009281610138714314,0.0,0.0,0.0,0.0,0.0,0.0,-1.0,13.0,0.26,-1.0,1.0,1.0,1.0,-1.0,1.0,0.0013001029351726173,0.0013001029351726173,0.10654658101201057,0.10654658101201057,-0.005612050780229238,-0.6350916028022766,-0.030966891792289536,-0.030966891792289536,-1.7813096693073998,-1.7813096693073998,0.43424589804210983,0.43424589804210983,2.898939130151272,2.898939130151272,1.5209084670936923,1.5209084670936923,-0.06193378358457907,-3.5626193386147995,0.8684917960842197,5.797878260302544,-0.7604542335468462,-0.7604542335468462,-1.5209084670936923,-1.0139389780624615,-1.0139389780624615,-0.7604542335468462,-0.7604542335468462,0.0,-1.0139389780624615,-1.0139389780624615,-0.7604542335468462,-0.7604542335468462,-0.7604542335468462,-0.7604542335468462,0.0,0.0,0.0,0.0,0.0,1.5,0.0,0.0,0.0,-0.7604542335468462,-0.7604542335468462,-0.7604542335468462,-0.7604542335468462,-0.7604542335468462,-0.7604542335468462,-0.7604542335468462,-0.7604542335468462,-0.7604542335468462,-0.7604542335468462,-0.04036571402233845,-1.2269126019865821,-0.0012599010951817036,0.0036561063025146723,0.07011498510837555,-21.59870878462974,-27.243716699672706,-1.0139390230178833,-1.0139390230178833,-1.0139390230178833,-1.0139390230178833,-1.0139390230178833,-1.0139390230178833,-1.0139390230178833,-1.0139390230178833,-0.7604542374610901,-0.7604542374610901,0.7604542374610901,-0.7604542374610901,18.40227699279785,18.601577758789062,-5.645007915042967,0.0,0.0,0.19930076599121094,-21.59870878462974,-27.243716699672706,18.40227699279785,18.601577758789062,0.0,0.0,0.28,-0.022862592712044716,0.0012459107674658298,-0.022862592712044716,0.0012459107674658298,0.022862592712044716,0.0012459107674658298,-2.2618114948272705,-2.8529553413391113,-2.2618114948272705,-2.8529553413391113,2.2618114948272705,-2.8529553413391113,-1.0139390230178833,-1.0139390230178833,-1.0139390230178833,-1.0139390230178833,-2.0970256328582764,2.135211944580078,-2.0970256328582764,2.135211944580078,-20.025119715588286,20.38977213172665,2.0970256328582764,2.135211944580078,-0.7604542374610901,-0.7604542374610901,4.0,4.0,-0.7604542374610901,-0.7604542374610901,0.7604542374610901,-0.7604542374610901,-0.0012599010951817036,0.0036561063025146723,0.07011498510837555,0.0014596597757190466,-0.0038856486789882183,0.002041620435193181,-0.004989657085388899,0.0019311265787109733,-0.9999856948852539,-0.9394465684890747,0.007727497257292271,-0.004579236265271902
0.3,-0.003321653322789563,-1.0668385028839111,0.0025143222542479632,0.1602310183763504,0.0015788370122218948,0.008807666599750519,0.003017090795916369,0.008807666599750519,0.0,0.0,0.0,0.0,0.0,0.0,-1.0,14.0,0.28,-1.0,1.0,1.0,1.0,-1.0,1.0,-0.0005441999679547734,-0.0005441999679547734,-0.12876425510048867,-0.12876425510048867,0.0019311518034446271,0.9394465684890747,0.012962190196721157,0.012962190196721157,2.1527580753230295,2.1527580753230295,-0.14942750555585627,-0.14942750555585627,-4.288197806525231,-4.288197806525231,-2.2719050465613364,-2.2719050465613364,0.025924380393442314,4.305516150646059,-0.29885501111171253,-8.576395613050462,1.1359525232806682,1.1359525232806682,2.2719050465613364,1.5146033643742243,1.5146033643742243,1.1359525232806682,1.1359525232806682,0.0,1.5146033643742243,1.5146033643742243,1.1359525232806682,1.1359525232806682,1.1359525232806682,1.1359525232806682,0.0,0.0,0.0,0.0,0.0,1.5,0.0,0.0,0.0,1.1359525232806682,1.1359525232806682,1.1359525232806682,1.1359525232806682,1.1359525232806682,1.1359525232806682,1.1359525232806682,1.1359525232806682,1.1359525232806682,1.1359525232806682,-0.08825972965955799,-1.3151723316461401,-0.0012298151850700378,0.004117873031646013,0.07019608467817307,28.333457444640178,32.44483517401599,1.5146033763885498,1.5146033763885498,1.5146033763885498,1.5146033763885498,1.5146033763885498,1.5146033763885498,1.5146033763885498,1.5146033763885498,1.1359524726867676,1.1359524726867676,-1.1359524726867676,1.1359524726867676,18.6434268951416,18.303457260131836,4.111377729375814,0.0,0.0,-0.3399696350097656,28.333457444640178,32.44483517401599,18.6434268951416,18.303457260131836,0.0,0.0,0.3,0.037304408848285675,0.06256936490535736,0.037304408848285675,0.06256936490535736,-0.037304408848285675,0.06256936490535736,2.9670727252960205,3.3976151943206787,2.9670727252960205,3.3976151943206787,-2.9670727252960205,3.3976151943206787,1.5146033763885498,1.5146033763885498,1.5146033763885498,1.5146033763885498,2.2618114948272705,-2.8529553413391113,2.2618114948272705,-2.8529553413391113,21.59870878462974,-27.243716699672706,2.2618114948272705,2.8529553413391113,1.1359524726867676,1.1359524726867676,4.0,4.0,1.1359524726867676,1.1359524726867676,-1.1359524726867676,1.1359524726867676,-0.0012298151850700378,0.004117873031646013,0.07019608467817307,-0.00189646752551198,0.01188673172146082,0.006306645460426807,-0.005144348833709955,-0.003321603173390031,-0.9999812245368958,1.0668385028839111,-0.010343272238969803,0.0033538956195116043
0.32,-0.0005766882626779379,1.0114688873291016,-0.0009445871545118279,-0.1448412889957428,0.0015564116961380734,0.01434409525245428,0.002994665479832548,0.01434409525245428,0.0,0.0,0.0,0.0,0.0,0.0,-1.0,15.0,0.3,-1.0,1.0,1.0,1.0,-1.0,1.0,0.0025143222542479632,0.0025143222542479632,0.1602310183763504,0.1602310183763504,-0.003321653322789563,-1.0668385028839111,-0.059888138909481387,-0.059888138909481387,-2.6788383038268515,-2.6788383038268515,0.2570208978188171,0.2570208978188171,4.869691030263901,4.869691030263901,2.3879854853463858,2.3879854853463858,-0.11977627781896277,-5.357676607653703,0.5140417956376342,9.739382060527802,-1.1939927426731929,-1.1939927426731929,-2.3879854853463858,-1.5919903235642572,-1.5919903235642572,-1.1939927426731929,-1.1939927426731929,0.0,-1.5919903235642572,-1.5919903235642572,-1.1939927426731929,-1.1939927426731929,-1.1939927426731929,-1.1939927426731929,0.0,0.0,0.0,0.0,0.0,1.5,0.0,0.0,0.0,-1.1939927426731929,-1.1939927426731929,-1.1939927426731929,-1.1939927426731929,-1.1939927426731929,-1.1939927426731929,-1.1939927426731929,-1.1939927426731929,-1.1939927426731929,-1.1939927426731929,-0.1138257885951752,-1.4289981202413153,-0.0012844917364418507,0.0041064126417040825,0.07011862844228745,-28.132262838988837,-26.808449234435304,-1.591990351676941,-1.591990351676941,-1.591990351676941,-1.591990351676941,-1.591990351676941,-1.591990351676941,-1.591990351676941,-1.591990351676941,-1.1939927339553833,-1.1939927339553833,1.1939927339553833,-1.1939927339553833,18.57961654663086,18.985719680786133,1.323813604553532,0.0,0.0,0.40610313415527344,-28.132262838988837,-26.808449234435304,18.57961654663086,18.985719680786133,0.0,0.0,0.32,-0.033238235861063004,-0.0042826044373214245,-0.033238235861063004,-0.0042826044373214245,0.033238235861063004,-0.0042826044373214245,-2.9460036754608154,-2.8073742389678955,-2.9460036754608154,-2.8073742389678955,2.9460036754608154,-2.8073742389678955,-1.591990351676941,-1.591990351676941,-1.591990351676941,-1.591990351676941,-2.9670727252960205,3.3976151943206787,-2.9670727252960205,3.3976151943206787,-28.333457444640178,32.44483517401599,2.9670727252960205,3.3976151943206787,-1.1939927339553833,-1.1939927339553833,4.0,4.0,-1.1939927339553833,-1.1939927339553833,1.1939927339553833,-1.1939927339553833,-0.0012844917364418507,0.0041064126417040825,0.07011862844228745,0.002243458991870284,-0.00024105866032186896,0.001821376965381205,-0.004964071325957775,-0.0005766811082139611,-0.9999874830245972,-1.0114688873291016,0.012764591723680496,0.01935797929763794
0.34,-0.004570939766143794,-1.0158330202102661,0.0017801704299170525,0.1522383251309395,0.002182032353605061,0.03206360340118408,0.003620286137299535,0.03206360340118408,0.0,0.0,0.0,0.0,0.0,0.0,-1.0,16.0,0.32,-1.0,1.0,1.0,1.0,-1.0,1.0,-0.0009445871545118279,-0.0009445871545118279,-0.1448412889957428,-0.1448412889957428,-0.0005766882626779379,1.0114688873291016,0.022498932515886326,0.022498932515886326,2.4215435742042253,2.4215435742042253,0.04462263837653587,0.04462263837653587,-4.616950883102417,-4.616950883102417,-2.1282857380057694,-2.1282857380057694,0.04499786503177265,4.843087148408451,0.08924527675307174,-9.233901766204834,1.0641428690028847,1.0641428690028847,2.1282857380057694,1.418857158670513,1.418857158670513,1.0641428690028847,1.0641428690028847,0.0,1.418857158670513,1.418857158670513,1.0641428690028847,1.0641428690028847,1.0641428690028847,1.0641428690028847,0.0,0.0,0.0,0.0,0.0,1.5,0.0,0.0,0.0,1.0641428690028847,1.0641428690028847,1.0641428690028847,1.0641428690028847,1.0641428690028847,1.0641428690028847,1.0641428690028847,1.0641428690028847,1.0641428690028847,1.0641428690028847,-0.10230730818507401,-1.5313054284263894,-0.0012504179030656815,0.004500627983361483,0.07018708437681198,30.782262400467616,26.96426861670053,1.4188570976257324,1.4188570976257324,1.4188570976257324,1.4188570976257324,1.4188570976257324,1.4188570976257324,1.4188570976257324,1.4188570976257324,1.0641428232192993,1.0641428232192993,-1.0641428232192993,1.0641428232192993,18.738008499145508,18.457721710205078,-3.8179937837670863,0.0,0.0,-0.2802867889404297,30.782262400467616,26.96426861670053,18.738008499145508,18.457721710205078,0.0,0.0,0.34,0.019498443230986595,0.05121339112520218,0.019498443230986595,0.05121339112520218,-0.019498443230986595,0.05121339112520218,3.223510980606079,2.8236916065216064,3.223510980606079,2.8236916065216064,-3.223510980606079,2.8236916065216064,1.4188570976257324,1.4188570976257324,1.4188570976257324,1.4188570976257324,2.9460036754608154,-2.8073742389678955,2.9460036754608154,-2.8073742389678955,28.132262838988837,-26.808449234435304,2.9460036754608154,2.8073742389678955,1.0641428232192993,1.0641428232192993,4.0,4.0,1.0641428232192993,1.0641428232192993,-1.0641428232192993,1.0641428232192993,-0.0012504179030656815,0.004500627983361483,0.07018708437681198,-0.0019671686459332705,0.011836645193397999,0.006266715005040169,-0.005065421108156443,-0.004570865072309971,-0.9999766945838928,1.0158330202102661,-0.014489036053419113,0.026984836906194687
0.36,-0.0012834930764218056,1.0323315858840942,-0.0017164048287086188,-0.14601571305990219,0.0023068229329696543,0.019919337704777718,0.003745076716664128,0.019919337704777718,0.0,0.0,0.0,0.0,0.0,0.0,-1.0,17.0,0.34,-1.0,1.0,1.0,1.0,-1.0,1.0,0.0017801704299170525,0.0017801704299170525,0.1522383251309395,0.1522383251309395,-0.004570939766143794,-1.0158330202102661,-0.042401523436108285,-0.042401523436108285,-2.5452116625341246,-2.5452116625341246,0.35368743466081476,0.35368743466081476,4.6368714040517816,4.6368714040517816,2.4029456527423636,2.4029456527423636,-0.08480304687221657,-5.090423325068249,0.7073748693216295,9.273742808103563,-1.2014728263711818,-1.2014728263711818,-2.4029456527423636,-1.601963768494909,-1.601963768494909,-1.2014728263711818,-1.2014728263711818,0.0,-1.601963768494909,-1.601963768494909,-1.2014728263711818,-1.2014728263711818,-1.2014728263711818,-1.2014728263711818,0.0,0.0,0.0,0.0,0.0,1.5,0.0,0.0,0.0,-1.2014728263711818,-1.2014728263711818,-1.2014728263711818,-1.2014728263711818,-1.2014728263711818,-1.2014728263711818,-1.2014728263711818,-1.2014728263711818,-1.2014728263711818,-1.2014728263711818,-0.10321272443563478,-1.6345181528620243,-0.00130413006991148,0.004424582235515118,0.07010778784751892,-28.357795685382655,-27.028394986088056,-1.6019638776779175,-1.6019638776779175,-1.6019638776779175,-1.6019638776779175,-1.6019638776779175,-1.6019638776779175,-1.6019638776779175,-1.6019638776779175,-1.2014728784561157,-1.2014728784561157,1.2014728784561157,-1.2014728784561157,18.556068420410156,18.971887588500977,1.3294006992945988,0.0,0.0,0.4158191680908203,-28.357795685382655,-27.028394986088056,18.556068420410156,18.971887588500977,0.0,0.0,0.36,-0.0507897213101387,-0.017389219254255295,-0.0507897213101387,-0.017389219254255295,0.0507897213101387,-0.017389219254255295,-2.969621419906616,-2.830406904220581,-2.969621419906616,-2.830406904220581,2.969621419906616,-2.830406904220581,-1.6019638776779175,-1.6019638776779175,-1.6019638776779175,-1.6019638776779175,-3.223510980606079,2.8236916065216064,-3.223510980606079,2.8236916065216064,-30.782262400467616,26.96426861670053,3.223510980606079,2.8236916065216064,-1.2014728784561157,-1.2014728784561157,4.0,4.0,-1.2014728784561157,-1.2014728784561157,1.2014728784561157,-1.2014728784561157,-0.00130413006991148,0.004424582235515118,0.07010778784751892,0.0022898053284734488,-0.0014221664750948548,0.0019511241698637605,-0.004890481010079384,-0.0012834774097427726,-0.9999872446060181,-1.0323315858840942,0.012756243348121643,0.024951882660388947
0.38,-0.005013357997835682,-1.0291905403137207,0.0010074826729600317,0.14866992248892782,0.003013375525918461,0.03013821505010128,0.0044516293096129355,0.03013821505010128,0.0,0.0,0.0,0.0,0.0,0.0,-1.0,18.0,0.36,-1.0,1.0,1.0,1.0,-1.0,1.0,-0.0017164048287086188,-0.0017164048287086188,-0.14601571305990219,-0.14601571305990219,-0.0012834930764218056,1.0323315858840942,0.04088270333404485,0.04088270333404485,2.4411783003632803,2.4411783003632803,0.09931335717152062,0.09931335717152062,-4.712180756926537,-4.712180756926537,-2.130806396057691,-2.130806396057691,0.0817654066680897,4.882356600726561,0.19862671434304124,-9.424361513853073,1.0654031980288454,1.0654031980288454,2.130806396057691,1.420537597371794,1.420537597371794,1.0654031980288454,1.0654031980288454,0.0,1.420537597371794,1.420537597371794,1.0654031980288454,1.0654031980288454,1.0654031980288454,1.0654031980288454,0.0,0.0,0.0,0.0,0.0,1.5,0.0,0.0,0.0,1.0654031980288454,1.0654031980288454,1.0654031980288454,1.0654031980288454,1.0654031980288454,1.0654031980288454,1.0654031980288454,1.0654031980288454,1.0654031980288454,1.0654031980288454,-0.10657264497815093,-1.7410907978401753,-0.0012671747244894505,0.0047646453604102135,0.07017455995082855,30.129785812704913,26.26319067953374,1.4205377101898193,1.4205377101898193,1.4205377101898193,1.4205377101898193,1.4205377101898193,1.4205377101898193,1.4205377101898193,1.4205377101898193,1.0654032230377197,1.0654032230377197,-1.0654032230377197,1.0654032230377197,18.800304412841797,18.313541412353516,-3.866595133171174,0.0,0.0,-0.48676300048828125,30.129785812704913,26.26319067953374,18.800304412841797,18.313541412353516,0.0,0.0,0.38,0.0021057124249637127,0.03791346028447151,0.0021057124249637127,0.03791346028447151,-0.0021057124249637127,0.03791346028447151,3.155183792114258,2.750274896621704,3.155183792114258,2.750274896621704,-3.155183792114258,2.750274896621704,1.4205377101898193,1.4205377101898193,1.4205377101898193,1.4205377101898193,2.969621419906616,-2.830406904220581,2.969621419906616,-2.830406904220581,28.357795685382655,-27.028394986088056,2.969621419906616,2.830406904220581,1.0654032230377197,1.0654032230377197,4.0,4.0,1.0654032230377197,1.0654032230377197,-1.0654032230377197,1.0654032230377197,-0.0012671747244894505,0.0047646453604102135,0.07017455995082855,-0.002039009239524603,0.010427538305521011,0.006147158332169056,-0.004994560964405537,-0.005013274494558573,-0.9999749660491943,1.0291905403137207,-0.013388273306190968,0.025065606459975243
0.4,-0.0016573593494297668,1.0329129695892334,-0.0029032366340979933,-0.1633513757109642,0.0031449991152092,0.02095027081668377,0.004583252898903674,0.02095027081668377,0.0,0.0,0.0,0.0,0.0,0.0,-1.0,19.0,0.38,-1.0,1.0,1.0,1.0,-1.0,1.0,0.0010074826729600317,0.0010074826729600317,0.14866992248892782,0.14866992248892782,-0.005013357997835682,-1.0291905403137207,-0.023997028290700405,-0.023997028290700405,-2.4855529661233886,-2.4855529661233886,0.38792060714173066,0.38792060714173066,4.69784314031601,4.69784314031601,2.5762137530436515,2.5762137530436515,-0.04799405658140081,-4.971105932246777,0.7758412142834613,9.39568628063202,-1.2881068765218258,-1.2881068765218258,-2.5762137530436515,-1.7174758353624344,-1.7174758353624344,-1.2881068765218258,-1.2881068765218258,0.0,-1.7174758353624344,-1.7174758353624344,-1.2881068765218258,-1.2881068765218258,-1.2881068765218258,-1.2881068765218258,0.0,0.0,0.0,0.0,0.0,1.5,0.0,0.0,0.0,-1.2881068765218258,-1.2881068765218258,-1.2881068765218258,-1.2881068765218258,-1.2881068765218258,-1.2881068765218258,-1.2881068765218258,-1.2881068765218258,-1.2881068765218258,-1.2881068765218258,-0.10594850133660613,-1.8470392991767814,-0.0013226023875176907,0.004665364511311054,0.07008716464042664,-31.620281077033713,-30.34161502289397,-1.7174758911132812,-1.7174758911132812,-1.7174758911132812,-1.7174758911132812,-1.7174758911132812,-1.7174758911132812,-1.7174758911132812,-1.7174758911132812,-1.288106918334961,-1.288106918334961,1.288106918334961,-1.288106918334961,18.602985382080078,18.986419677734375,1.2786660541397445,0.0,0.0,0.3834342956542969,-31.620281077033713,-30.34161502289397,18.602985382080078,18.986419677734375,0.0,0.0,0.4,-0.0764671266078949,-0.03885508328676224,-0.0764671266078949,-0.03885508328676224,0.0764671266078949,-0.03885508328676224,-3.3112680912017822,-3.1773664951324463,-3.3112680912017822,-3.1773664951324463,3.3112680912017822,-3.1773664951324463,-1.7174758911132812,-1.7174758911132812,-1.7174758911132812,-1.7174758911132812,-3.155183792114258,2.750274896621704,-3.155183792114258,2.750274896621704,-30.129785812704913,26.26319067953374,3.155183792114258,2.750274896621704,-1.288106918334961,-1.288106918334961,4.0,4.0,-1.288106918334961,-1.288106918334961,1.288106918334961,-1.288106918334961,-0.0013226023875176907,0.004665364511311054,0.07008716464042664,0.002539138775318861,-0.0023899951484054327,0.0016695298254489899,-0.004785038530826569,-0.001657339627854526,-0.9999871850013733,-1.0329129695892334,0.015483973547816277,0.025867469608783722
0.42,-0.00480254760632922,-0.9327570199966431,-0.0009073943198280176,0.13466423157453536,0.003815884202263715,0.02718435414135456,0.00525413798595819,0.02718435414135456,0.0,0.0,0.0,0.0,0.0,0.0,-1.0,20.0,0.4,-1.0,1.0,1.0,1.0,-1.0,1.0,-0.0029032366340979933,-0.0029032366340979933,-0.1633513757109642,-0.1633513757109642,-0.0016573593494297668,1.0329129695892334,0.06915161274025328,0.06915161274025328,2.7310063099613258,2.7310063099613258,0.1282421573245668,0.1282421573245668,-4.714834540987015,-4.714834540987015,-1.7864344609608689,-1.7864344609608689,0.13830322548050655,5.4620126199226515,0.2564843146491336,-9.42966908197403,0.8932172304804344,0.8932172304804344,1.7864344609608689,1.190956307307246,1.190956307307246,0.8932172304804344,0.8932172304804344,0.0,1.190956307307246,1.190956307307246,0.8932172304804344,0.8932172304804344,0.8932172304804344,0.8932172304804344,0.0,0.0,0.0,0.0,0.0,1.5,0.0,0.0,0.0,0.8932172304804344,0.8932172304804344,0.8932172304804344,0.8932172304804344,0.8932172304804344,0.8932172304804344,0.8932172304804344,0.8932172304804344,0.8932172304804344,0.8932172304804344,-0.10669408855372568,-1.9537333877305072,-0.0012918254360556602,0.004935814067721367,0.07013579457998276,28.333314010667607,22.747070766513705,1.1909563541412354,1.1909563541412354,1.1909563541412354,1.1909563541412354,1.1909563541412354,1.1909563541412354,1.1909563541412354,1.1909563541412354,0.8932172060012817,0.8932172060012817,-0.8932172060012817,0.8932172060012817,18.83393096923828,18.926475524902344,-5.586243244153902,0.0,0.0,0.0925445556640625,28.333314010667607,22.747070766513705,18.83393096923828,18.926475524902344,0.0,0.0,0.42,-0.037808384746313095,0.0017649162327870727,-0.037808384746313095,0.0017649162327870727,0.037808384746313095,0.0017649162327870727,2.967057704925537,2.3820676803588867,2.967057704925537,2.3820676803588867,-2.967057704925537,2.3820676803588867,1.1909563541412354,1.1909563541412354,1.1909563541412354,1.1909563541412354,3.3112680912017822,-3.1773664951324463,3.3112680912017822,-3.1773664951324463,31.620281077033713,-30.34161502289397,3.3112680912017822,3.1773664951324463,0.8932172060012817,0.8932172060012817,4.0,4.0,0.8932172060012817,0.8932172060012817,-0.8932172060012817,0.8932172060012817,-0.0012918254360556602,0.004935814067721367,0.07013579457998276,-0.0018145086942240596,0.006157837342470884,0.006096797063946724,-0.004844538401812315,-0.00480247288942337,-0.9999767541885376,0.9327570199966431,-0.0159797053784132,0.022742848843336105
0.44,-0.0007458391296442912,1.0553014278411865,-0.0044162144722417,-0.14488528503179549,0.003923811308193944,0.01580706611275673,0.005362065091888418,0.01580706611275673,0.0,0.0,0.0,0.0,0.0,0.0,-1.0,21.0,0.42,-1.0,1.0,1.0,1.0,-1.0,1.0,-0.0009073943198280176,-0.0009073943198280176,0.13466423157453536,0.13466423157453536,-0.00480254760632922,-0.9327570199966431,0.021613043825119586,0.021613043825119586,-2.2513974220020265,-2.2513974220020265,0.37160864715397857,0.37160864715397857,4.257662693476678,4.257662693476678,2.399486962453749,2.399486962453749,0.04322608765023917,-4.502794844004053,0.7432172943079571,8.515325386953355,-1.1997434812268746,-1.1997434812268746,-2.399486962453749,-1.5996579749691662,-1.5996579749691662,-1.1997434812268746,-1.1997434812268746,0.0,-1.5996579749691662,-1.5996579749691662,-1.1997434812268746,-1.1997434812268746,-1.1997434812268746,-1.1997434812268746,0.0,0.0,0.0,0.0,0.0,1.5,0.0,0.0,0.0,-1.1997434812268746,-1.1997434812268746,-1.1997434812268746,-1.1997434812268746,-1.1997434812268746,-1.1997434812268746,-1.1997434812268746,-1.1997434812268746,-1.1997434812268746,-1.1997434812268746,-0.08702667146703544,-2.0407600591975426,-0.0013294322416186333,0.004649091511964798,0.07005554437637329,-27.996665370126294,-26.96073513216991,-1.5996580123901367,-1.5996580123901367,-1.5996580123901367,-1.5996580123901367,-1.5996580123901367,-1.5996580123901367,-1.5996580123901367,-1.5996580123901367,-1.1997435092926025,-1.1997435092926025,1.1997435092926025,-1.1997435092926025,18.658466339111328,18.910356521606445,1.0359302379563857,0.0,0.0,0.2518901824951172,-27.996665370126294,-26.96073513216991,18.658466339111328,18.910356521606445,0.0,0.0,0.44,-0.10820217430591583,-0.06721846014261246,-0.10820217430591583,-0.06721846014261246,0.10820217430591583,-0.06721846014261246,-2.9318039417266846,-2.823321580886841,-2.9318039417266846,-2.823321580886841,2.9318039417266846,-2.823321580886841,-1.5996580123901367,-1.5996580123901367,-1.5996580123901367,-1.5996580123901367,-2.967057704925537,2.3820676803588867,-2.967057704925537,2.3820676803588867,-28.333314010667607,22.747070766513705,2.967057704925537,2.3820676803588867,-1.1997435092926025,-1.1997435092926025,4.0,4.0,-1.1997435092926025,-1.1997435092926025,1.1997435092926025,-1.1997435092926025,-0.0013294322416186333,0.004649091511964798,0.07005554437637329,0.002413080772385001,-0.009231170639395714,0.0021479432471096516,-0.004646926652640104,-0.0007458309992216527,-0.9999889135360718,-1.0553014278411865,0.012323293834924698,0.02070201188325882
0.46,-0.004281798582236865,-1.0536134243011475,-0.0014736109776538797,0.14996282373666764,0.004582864651618484,0.03657142072916031,0.006021118435312958,0.03657142072916031,0.0,0.0,0.0,0.0,0.0,0.0,-1.0,22.0,0.44,-1.0,1.0,1.0,1.0,-1.0,1.0,-0.0044162144722417,-0.0044162144722417,-0.14488528503179549,-0.14488528503179549,-0.0007458391296442912,1.0553014278411865,0.10518892927143059,0.10518892927143059,2.4222791263325756,2.4222791263325756,0.05771109267013817,0.05771109267013817,-4.817028897523881,-4.817028897523881,-2.2318497492497364,-2.2318497492497364,0.21037785854286117,4.844558252665151,0.11542218534027635,-9.634057795047761,1.1159248746248682,1.1159248746248682,2.2318497492497364,1.4878998328331576,1.4878998328331576,1.1159248746248682,1.1159248746248682,0.0,1.4878998328331576,1.4878998328331576,1.1159248746248682,1.1159248746248682,1.1159248746248682,1.1159248746248682,0.0,0.0,0.0,0.0,0.0,1.5,0.0,0.0,0.0,1.1159248746248682,1.1159248746248682,1.1159248746248682,1.1159248746248682,1.1159248746248682,1.1159248746248682,1.1159248746248682,1.1159248746248682,1.1159248746248682,1.1159248746248682,-0.11136764178388525,-2.1521277009814277,-0.0012810537591576576,0.004804333671927452,0.07012385874986649,32.07333663159955,24.810058826694632,1.4878997802734375,1.4878997802734375,1.4878997802734375,1.4878997802734375,1.4878997802734375,1.4878997802734375,1.4878997802734375,1.4878997802734375,1.1159248352050781,1.1159248352050781,-1.1159248352050781,1.1159248352050781,18.576202392578125,18.19916534423828,-7.26327780490492,0.0,0.0,-0.37703704833984375,32.07333663159955,24.810058826694632,18.576202392578125,18.19916534423828,0.0,0.0,0.46,-0.0515204519033432,-0.007014244329184294,-0.0515204519033432,-0.007014244329184294,0.0515204519033432,-0.007014244329184294,3.3587119579315186,2.5981032848358154,3.3587119579315186,2.5981032848358154,-3.3587119579315186,2.5981032848358154,1.4878997802734375,1.4878997802734375,1.4878997802734375,1.4878997802734375,2.9318039417266846,-2.823321580886841,2.9318039417266846,-2.823321580886841,27.996665370126294,-26.96073513216991,2.9318039417266846,2.823321580886841,1.1159248352050781,1.1159248352050781,4.0,4.0,1.1159248352050781,1.1159248352050781,-1.1159248352050781,1.1159248352050781,-0.0012810537591576576,0.004804333671927452,0.07012385874986649,-0.0019208716694265604,0.002846391638740897,0.005948198027908802,-0.004780576564371586,-0.004281736444681883,-0.9999793767929077,1.0536134243011475,-0.016650062054395676,0.031606484204530716
0.48,-0.0010406145292926757,1.032517433166504,-0.005588598917983472,-0.17256849124431609,0.004768382123317973,0.022833583876490593,0.006206635907012447,0.022833583876490593,0.0,0.0,0.0,0.0,0.0,0.0,-1.0,23.0,0.46,-1.0,1.0,1.0,1.0,-1.0,1.0,-0.0014736109776538797,-0.0014736109776538797,0.14996282373666764,0.14996282373666764,-0.004281798582236865,-1.0536134243011475,0.03509964515454223,0.03509964515454223,-2.5071684649238515,-2.5071684649238515,0.3313144416171748,0.3313144416171748,4.809323836565018,4.809323836565018,2.668569458412884,2.668569458412884,0.07019929030908446,-5.014336929847703,0.6626288832343497,9.618647673130036,-1.334284729206442,-1.334284729206442,-2.668569458412884,-1.7790463056085892,-1.7790463056085892,-1.334284729206442,-1.334284729206442,0.0,-1.7790463056085892,-1.7790463056085892,-1.334284729206442,-1.334284729206442,-1.334284729206442,-1.334284729206442,0.0,0.0,0.0,0.0,0.0,1.5,0.0,0.0,0.0,-1.334284729206442,-1.334284729206442,-1.334284729206442,-1.334284729206442,-1.334284729206442,-1.334284729206442,-1.334284729206442,-1.334284729206442,-1.334284729206442,-1.334284729206442,-0.11102856716232351,-2.263156268143751,-0.0013233148492872715,0.0045770276337862015,0.07003496587276459,-33.2636359749874,-32.19446548307028,-1.7790464162826538,-1.7790464162826538,-1.7790464162826538,-1.7790464162826538,-1.7790464162826538,-1.7790464162826538,-1.7790464162826538,-1.7790464162826538,-1.334284782409668,-1.334284782409668,1.334284782409668,-1.334284782409668,18.663076400756836,18.913724899291992,1.06917049191712,0.0,0.0,0.25064849853515625,-33.2636359749874,-32.19446548307028,18.663076400756836,18.913724899291992,0.0,0.0,0.48,-0.13399896025657654,-0.08799106627702713,-0.13399896025657654,-0.08799106627702713,0.13399896025657654,-0.08799106627702713,-3.4833598136901855,-3.371396541595459,-3.4833598136901855,-3.371396541595459,3.4833598136901855,-3.371396541595459,-1.7790464162826538,-1.7790464162826538,-1.7790464162826538,-1.7790464162826538,-3.3587119579315186,2.5981032848358154,-3.3587119579315186,2.5981032848358154,-32.07333663159955,24.810058826694632,3.3587119579315186,2.5981032848358154,-1.334284782409668,-1.334284782409668,4.0,4.0,-1.334284782409668,-1.334284782409668,1.334284782409668,-1.334284782409668,-0.0013233148492872715,0.0045770276337862015,0.07003496587276459,0.0027673456352204084,-0.009378123097121716,0.0015391315100714564,-0.004536965396255255,-0.0010406036162748933,-0.9999891519546509,-1.032517433166504,0.016698375344276428,0.027501000091433525
0.5,-0.004012185374594848,-0.9132322072982788,-0.003982833165954798,0.13917661628723144,0.005390480134950848,0.023606019094586372,0.006828733918645322,0.023606019094586372,0.0,0.0,0.0,0.0,0.0,0.0,-1.0,24.0,0.48,-1.0,1.0,1.0,1.0,-1.0,1.0,-0.005588598917983472,-0.005588598917983472,-0.17256849124431609,-0.17256849124431609,-0.0010406145292926757,1.032517433166504,0.13311371990766474,0.13311371990766474,2.8851035777172225,2.8851035777172225,0.08052004667889108,0.08052004667889108,-4.713029075431824,-4.713029075431824,-1.6142917311280458,-1.6142917311280458,0.2662274398153295,5.770207155434445,0.16104009335778216,-9.426058150863648,0.8071458655640229,0.8071458655640229,1.6142917311280458,1.0761944874186973,1.0761944874186973,0.8071458655640229,0.8071458655640229,0.0,1.0761944874186973,1.0761944874186973,0.8071458655640229,0.8071458655640229,0.8071458655640229,0.8071458655640229,0.0,0.0,0.0,0.0,0.0,1.5,0.0,0.0,0.0,0.8071458655640229,0.8071458655640229,0.8071458655640229,0.8071458655640229,0.8071458655640229,0.8071458655640229,0.8071458655640229,0.8071458655640229,0.8071458655640229,0.8071458655640229,-0.10661186947976646,-2.3697681376235176,-0.001288341823965311,0.004697296768426895,0.07007423043251038,27.443162776896525,25.348844638992748,1.0761945247650146,1.0761945247650146,1.0761945247650146,1.0761945247650146,1.0761945247650146,1.0761945247650146,1.0761945247650146,1.0761945247650146,0.807145893573761,0.807145893573761,-0.807145893573761,0.807145893573761,19.04976463317871,18.3321590423584,-2.0943181379037767,0.0,0.0,-0.7176055908203125,27.443162776896525,25.348844638992748,19.04976463317871,18.3321590423584,0.0,0.0,0.5,-0.10274943709373474,-0.05545644834637642,-0.10274943709373474,-0.05545644834637642,0.10274943709373474,-0.05545644834637642,2.8738412857055664,2.654524803161621,2.8738412857055664,2.654524803161621,-2.8738412857055664,2.654524803161621,1.0761945247650146,1.0761945247650146,1.0761945247650146,1.0761945247650146,3.4833598136901855,-3.371396541595459,3.4833598136901855,-3.371396541595459,33.2636359749874,-32.19446548307028,3.4833598136901855,3.371396541595459,0.807145893573761,0.807145893573761,4.0,4.0,0.807145893573761,0.807145893573761,-0.807145893573761,0.807145893573761,-0.001288341823965311,0.004697296768426895,0.07007423043251038,-0.0018428413895890117,-0.0016874272841960192,0.00597459776327014,-0.004581311251968145,-0.004012132529169321,-0.9999814629554749,0.9132322072982788,-0.01278309803456068,0.019473865628242493
0.52,0.0007469775942351299,1.0378001928329468,-0.007131491472199559,-0.16396820853948593,0.005588369137623533,0.00376149476505816,0.007026622921318008,0.00376149476505816,0.0,0.0,0.0,0.0,0.0,0.0,-1.0,25.0,0.5,-1.0,1.0,1.0,1.0,-1.0,1.0,-0.003982833165954798,-0.003982833165954798,0.13917661628723144,0.13917661628723144,-0.004012185374594848,-0.9132322072982788,0.09486630661324415,0.09486630661324415,-2.3268381770597073,-2.3268381770597073,0.31045247260417536,0.31045247260417536,4.1685397334337235,4.1685397334337235,2.2470203355914355,2.2470203355914355,0.1897326132264883,-4.653676354119415,0.6209049452083507,8.337079466867447,-1.1235101677957178,-1.1235101677957178,-2.2470203355914355,-1.498013557060957,-1.498013557060957,-1.1235101677957178,-1.1235101677957178,0.0,-1.498013557060957,-1.498013557060957,-1.1235101677957178,-1.1235101677957178,-1.1235101677957178,-1.1235101677957178,0.0,0.0,0.0,0.0,0.0,1.5,0.0,0.0,0.0,-1.1235101677957178,-1.1235101677957178,-1.1235101677957178,-1.1235101677957178,-1.1235101677957178,-1.1235101677957178,-1.1235101677957178,-1.1235101677957178,-1.1235101677957178,-1.1235101677957178,-0.08341619722417015,-2.4531843348476876,-0.001314549706876278,0.004165985621511936,0.0699998065829277,-31.994315896361954,-30.201555163773687,-1.4980134963989258,-1.4980134963989258,-1.4980134963989258,-1.4980134963989258,-1.4980134963989258,-1.4980134963989258,-1.4980134963989258,-1.4980134963989258,-1.1235101222991943,-1.1235101222991943,1.1235101222991943,-1.1235101222991943,18.31427764892578,18.659339904785156,1.7927607325882668,0.0,0.0,0.345062255859375,-31.994315896361954,-30.201555163773687,18.31427764892578,18.659339904785156,0.0,0.0,0.52,-0.16598761081695557,-0.11728911101818085,-0.16598761081695557,-0.11728911101818085,0.16598761081695557,-0.11728911101818085,-3.3504369258880615,-3.1626994609832764,-3.3504369258880615,-3.1626994609832764,3.3504369258880615,-3.1626994609832764,-1.4980134963989258,-1.4980134963989258,-1.4980134963989258,-1.4980134963989258,-2.8738412857055664,2.654524803161621,-2.8738412857055664,2.654524803161621,-27.443162776896525,25.348844638992748,2.8738412857055664,2.654524803161621,-1.1235101222991943,-1.1235101222991943,4.0,4.0,-1.1235101222991943,-1.1235101222991943,1.1235101222991943,-1.1235101222991943,-0.001314549706876278,0.004165985621511936,0.0699998065829277,0.002376094227656722,-0.017529074102640152,0.0023800330236554146,-0.004396980628371239,0.000746970297768712,-0.9999900460243225,-1.0378001928329468,0.007187229115515947,0.008330133743584156
0.54,-0.0028987756200650246,-0.975762128829956,-0.004958582846820355,0.12228114207983017,0.006081752359573337,0.024037959054112434,0.007520006143267812,0.024037959054112434,0.0,0.0,0.0,0.0,0.0,0.0,-1.0,26.0,0.52,-1.0,1.0,1.0,1.0,-1.0,1.0,-0.007131491472199559,-0.007131491472199559,-0.16396820853948593,-0.16396820853948593,0.0007469775942351299,1.0378001928329468,0.16986356907802685,0.16986356907802685,2.741318891288249,2.741318891288249,-0.057799184100169335,-0.057799184100169335,-4.737142760205269,-4.737142760205269,-1.8837594839391625,-1.8837594839391625,0.3397271381560537,5.482637782576498,-0.11559836820033867,-9.474285520410538,0.9418797419695812,0.9418797419695812,1.8837594839391625,1.2558396559594416,1.2558396559594416,0.9418797419695812,0.9418797419695812,0.0,1.2558396559594416,1.2558396559594416,0.9418797419695812,0.9418797419695812,0.9418797419695812,0.9418797419695812,0.0,0.0,0.0,0.0,0.0,1.5,0.0,0.0,0.0,0.9418797419695812,0.9418797419695812,0.9418797419695812,0.9418797419695812,0.9418797419695812,0.9418797419695812,0.9418797419695812,0.9418797419695812,0.9418797419695812,0.9418797419695812,-0.10770602490846734,-2.5608903597561548,-0.0012694266624748707,0.004186124075204134,0.07005088776350021,23.291379925120637,23.0918928667618,1.2558397054672241,1.2558397054672241,1.2558397054672241,1.2558397054672241,1.2558397054672241,1.2558397054672241,1.2558397054672241,1.2558397054672241,0.9418797492980957,0.9418797492980957,-0.9418797492980957,0.9418797492980957,19.17800521850586,19.006319046020508,-0.1994870583588373,0.0,0.0,-0.17168617248535156,23.291379925120637,23.0918928667618,19.17800521850586,19.006319046020508,0.0,0.0,0.54,-0.12413600087165833,-0.07282856106758118,-0.12413600087165833,-0.07282856106758118,0.12413600087165833,-0.07282856106758118,2.4390676021575928,2.418177366256714,2.4390676021575928,2.418177366256714,-2.4390676021575928,2.418177366256714,1.2558397054672241,1.2558397054672241,1.2558397054672241,1.2558397054672241,3.3504369258880615,-3.1626994609832764,3.3504369258880615,-3.1626994609832764,31.994315896361954,-30.201555163773687,3.3504369258880615,3.1626994609832764,0.9418797492980957,0.9418797492980957,4.0,4.0,0.9418797492980957,0.9418797492980957,-0.9418797492980957,0.9418797492980957,-0.0012694266624748707,0.004186124075204134,0.07005088776350021,-0.0018425693269819021,-0.006318777333945036,0.006060688756406307,-0.004488117527216673,-0.0028987424448132515,-0.9999857544898987,0.975762128829956,-0.011998601257801056,0.019693685695528984
0.56,0.0005240239939911698,1.0393218994140625,-0.00931662842966616,-0.18089514021277428,0.00635723554701801,0.026420604437589645,0.007795489330712485,0.026420604437589645,0.0,0.0,0.0,0.0,0.0,0.0,-1.0,27.0,0.54,-1.0,1.0,1.0,1.0,-1.0,1.0,-0.004958582846820355,-0.004958582846820355,0.12228114207983017,0.12228114207983017,-0.0028987756200650246,-0.975762128829956,0.11810749311184467,0.11810749311184467,-2.0443695019758485,-2.0443695019758485,0.22429972066401943,0.22429972066401943,4.453963813257218,4.453963813257218,2.752001525057233,2.752001525057233,0.23621498622368933,-4.088739003951697,0.44859944132803886,8.907927626514436,-1.3760007625286166,-1.3760007625286166,-2.752001525057233,-1.8346676833714888,-1.8346676833714888,-1.3760007625286166,-1.3760007625286166,0.0,-1.8346676833714888,-1.8346676833714888,-1.3760007625286166,-1.3760007625286166,-1.3760007625286166,-1.3760007625286166,0.0,0.0,0.0,0.0,0.0,1.5,0.0,0.0,0.0,-1.3760007625286166,-1.3760007625286166,-1.3760007625286166,-1.3760007625286166,-1.3760007625286166,-1.3760007625286166,-1.3760007625286166,-1.3760007625286166,-1.3760007625286166,-1.3760007625286166,-0.09522080548316471,-2.6561111652393197,-0.0013054911978542805,0.003749416209757328,0.06996189057826996,-34.783808411259905,-33.83272961336258,-1.834667682647705,-1.834667682647705,-1.834667682647705,-1.834667682647705,-1.834667682647705,-1.834667682647705,-1.834667682647705,-1.834667682647705,-1.3760007619857788,-1.3760007619857788,1.3760007619857788,-1.3760007619857788,18.666027069091797,18.81675910949707,0.9510787978973241,0.0,0.0,0.15073204040527344,-34.783808411259905,-33.83272961336258,18.666027069091797,18.81675910949707,0.0,0.0,0.56,-0.21238873898983002,-0.15768587589263916,-0.21238873898983002,-0.15768587589263916,0.21238873898983002,-0.15768587589263916,-3.642551898956299,-3.542955160140991,-3.642551898956299,-3.542955160140991,3.642551898956299,-3.542955160140991,-1.834667682647705,-1.834667682647705,-1.834667682647705,-1.834667682647705,-2.4390676021575928,2.418177366256714,-2.4390676021575928,2.418177366256714,-23.291379925120637,23.0918928667618,2.4390676021575928,2.418177366256714,-1.3760007619857788,-1.3760007619857788,4.0,4.0,-1.3760007619857788,-1.3760007619857788,1.3760007619857788,-1.3760007619857788,-0.0013054911978542805,0.003749416209757328,0.06996189057826996,0.0031166125554591417,-0.01931144669651985,0.0014789830893278122,-0.004192844498902559,0.0005240193568170071,-0.9999910593032837,-1.0393218994140625,0.018182221800088882,0.03078812174499035
0.58,-0.0023312372700247928,-0.9104731678962708,-0.00790832949578762,0.11399239692687987,0.007012046276307371,0.020640581846237183,0.008450300060001843,0.020640581846237183,0.0,0.0,0.0,0.0,0.0,0.0,-1.0,28.0,0.56,-1.0,1.0,1.0,1.0,-1.0,1.0,-0.00931662842966616,-0.00931662842966616,-0.18089514021277428,-0.18089514021277428,0.0005240239939911698,1.0393218994140625,0.22191090924053233,0.22191090924053233,3.024313491161288,3.024313491161288,-0.04054761419265234,-0.04054761419265234,-4.74408874206543,-4.74408874206543,-1.5384119558562621,-1.5384119558562621,0.44382181848106467,6.048626982322576,-0.08109522838530468,-9.48817748413086,0.7692059779281311,0.7692059779281311,1.5384119558562621,1.0256079705708414,1.0256079705708414,0.7692059779281311,0.7692059779281311,0.0,1.0256079705708414,1.0256079705708414,0.7692059779281311,0.7692059779281311,0.7692059779281311,0.7692059779281311,0.0,0.0,0.0,0.0,0.0,1.5,0.0,0.0,0.0,0.7692059779281311,0.7692059779281311,0.7692059779281311,0.7692059779281311,0.7692059779281311,0.7692059779281311,0.7692059779281311,0.7692059779281311,0.7692059779281311,0.7692059779281311,-0.10802361563957658,-2.764134780878896,-0.0012633311562240124,0.003661886788904667,0.06999550014734268,23.44790737032982,19.79130640319069,1.0256080627441406,1.0256080627441406,1.0256080627441406,1.0256080627441406,1.0256080627441406,1.0256080627441406,1.0256080627441406,1.0256080627441406,0.7692059874534607,0.7692059874534607,-0.7692059874534607,0.7692059874534607,19.19650650024414,18.786130905151367,-3.6566009671391306,0.0,0.0,-0.41037559509277344,23.44790737032982,19.79130640319069,19.19650650024414,18.786130905151367,0.0,0.0,0.58,-0.18500220775604248,-0.12913203239440918,-0.18500220775604248,-0.12913203239440918,0.18500220775604248,-0.12913203239440918,2.4554591178894043,2.072540760040283,2.4554591178894043,2.072540760040283,-2.4554591178894043,2.072540760040283,1.0256080627441406,1.0256080627441406,1.0256080627441406,1.0256080627441406,3.642551898956299,-3.542955160140991,3.642551898956299,-3.542955160140991,34.783808411259905,-33.83272961336258,3.642551898956299,3.542955160140991,0.7692059874534607,0.7692059874534607,4.0,4.0,0.7692059874534607,0.7692059874534607,-0.7692059874534607,0.7692059874534607,-0.0012633311562240124,0.003661886788904667,0.06999550014734268,-0.0016038967296481133,-0.010994085110723972,0.005927855148911476,-0.004227486439049244,-0.0023312142584472895,-0.999988317489624,0.9104731678962708,-0.011643015779554844,0.016818907111883163
0.6,0.002287268115424535,1.0745129585266113,-0.011950801430642605,-0.16661246033906937,0.007186741065852647,0.01691705733537674,0.00862499484954712,0.01691705733537674,0.0,0.0,0.0,0.0,0.0,0.0,-1.0,29.0,0.58,-1.0,1.0,1.0,1.0,-1.0,1.0,-0.00790832949578762,-0.00790832949578762,0.11399239692687987,0.11399239692687987,-0.0023312372700247928,-0.9104731678962708,0.18836691859426616,0.18836691859426616,-1.9057932872617338,-1.9057932872617338,0.1803850787376164,0.1803850787376164,4.1559458221793175,4.1559458221793175,2.6189045322494664,2.6189045322494664,0.3767338371885323,-3.8115865745234676,0.3607701574752328,8.311891644358635,-1.3094522661247332,-1.3094522661247332,-2.6189045322494664,-1.7459363548329776,-1.7459363548329776,-1.3094522661247332,-1.3094522661247332,0.0,-1.7459363548329776,-1.7459363548329776,-1.3094522661247332,-1.3094522661247332,-1.3094522661247332,-1.3094522661247332,0.0,0.0,0.0,0.0,0.0,1.5,0.0,0.0,0.0,-1.3094522661247332,-1.3094522661247332,-1.3094522661247332,-1.3094522661247332,-1.3094522661247332,-1.3094522661247332,-1.3094522661247332,-1.3094522661247332,-1.3094522661247332,-1.3094522661247332,-0.08290470069688692,-2.847039481575783,-0.0012820148840546608,0.0029798741452395916,0.06991046667098999,-32.02737173521509,-31.171508051077474,-1.745936393737793,-1.745936393737793,-1.745936393737793,-1.745936393737793,-1.745936393737793,-1.745936393737793,-1.745936393737793,-1.745936393737793,-1.3094522953033447,-1.3094522953033447,1.3094522953033447,-1.3094522953033447,18.66973876953125,18.79794692993164,0.855863684137617,0.0,0.0,0.12820816040039062,-32.02737173521509,-31.171508051077474,18.66973876953125,18.79794692993164,0.0,0.0,0.6,-0.26646822690963745,-0.20824086666107178,-0.26646822690963745,-0.20824086666107178,0.26646822690963745,-0.20824086666107178,-3.353898525238037,-3.264272689819336,-3.353898525238037,-3.264272689819336,3.353898525238037,-3.264272689819336,-1.745936393737793,-1.745936393737793,-1.745936393737793,-1.745936393737793,-2.4554591178894043,2.072540760040283,-2.4554591178894043,2.072540760040283,-23.44790737032982,19.79130640319069,2.4554591178894043,2.072540760040283,-1.3094522953033447,-1.3094522953033447,4.0,4.0,-1.3094522953033447,-1.3094522953033447,1.3094522953033447,-1.3094522953033447,-0.0012820148840546608,0.0029798741452395916,0.06991046667098999,0.0030447805766016245,-0.0271662138402462,0.0018371028127148747,-0.003942158538848162,0.002287248382344842,-0.9999896287918091,-1.0745129585266113,0.015727290883660316,0.02118915133178234
0.62,-0.000756936867035881,-1.0099893808364868,-0.00952899070829153,0.1160153502702713,0.007778810198941873,0.033427704125642776,0.009217063982636347,0.033427704125642776,0.0,0.0,0.0,0.0,0.0,0.0,-1.0,30.0,0.6,-1.0,1.0,1.0,1.0,-1.0,1.0,-0.011950801430642605,-0.011950801430642605,-0.16661246033906937,-0.16661246033906937,0.002287268115424535,1.0745129585266113,0.28465374911619007,0.28465374911619007,2.785527079424765,2.785527079424765,-0.1769828598744504,-0.1769828598744504,-4.904721850490571,-4.904721850490571,-2.011523881824066,-2.011523881824066,0.5693074982323801,5.57105415884953,-0.3539657197489008,-9.809443700981141,1.005761940912033,1.005761940912033,2.011523881824066,1.3410159212160442,1.3410159212160442,1.005761940912033,1.005761940912033,0.0,1.3410159212160442,1.3410159212160442,1.005761940912033,1.005761940912033,1.005761940912033,1.005761940912033,0.0,0.0,0.0,0.0,0.0,1.5,0.0,0.0,0.0,1.005761940912033,1.005761940912033,1.005761940912033,1.005761940912033,1.005761940912033,1.005761940912033,1.005761940912033,1.005761940912033,1.005761940912033,1.005761940912033,-0.11547018248233469,-2.9625096640581177,-0.0012134043499827385,0.00272944662719965,0.06996031105518341,22.85453240945524,21.152021243100073,1.3410160541534424,1.3410160541534424,1.3410160541534424,1.3410160541534424,1.3410160541534424,1.3410160541534424,1.3410160541534424,1.3410160541534424,1.005761981010437,1.005761981010437,-1.005761981010437,1.005761981010437,19.065160751342773,18.184490203857422,-1.7025111663551655,0.0,0.0,-0.8806705474853516,22.85453240945524,21.152021243100073,19.065160751342773,18.184490203857422,0.0,0.0,0.62,-0.21996866166591644,-0.15854139626026154,-0.21996866166591644,-0.15854139626026154,0.21996866166591644,-0.15854139626026154,2.3933210372924805,2.2150344848632812,2.3933210372924805,2.2150344848632812,-2.3933210372924805,2.2150344848632812,1.3410160541534424,1.3410160541534424,1.3410160541534424,1.3410160541534424,3.353898525238037,-3.264272689819336,3.353898525238037,-3.264272689819336,32.02737173521509,-31.171508051077474,3.353898525238037,3.264272689819336,1.005761981010437,1.005761981010437,4.0,4.0,1.005761981010437,1.005761981010437,-1.005761981010437,1.005761981010437,-0.0012134043499827385,0.00272944662719965,0.06996031105518341,-0.0017795797903090715,-0.015892941504716873,0.005865350365638733,-0.004058466292917728,-0.0007569305598735809,-0.9999914765357971,1.0099893808364868,-0.010698866099119186,0.029337044805288315
0.64,0.0026049761555541357,1.0411878824234009,-0.014359201014786958,-0.20150439605116843,0.008233286888123484,0.03468400239944458,0.009671540671817958,0.03468400239944458,0.0,0.0,0.0,0.0,0.0,0.0,-1.0,31.0,0.62,-1.0,1.0,1.0,1.0,-1.0,1.0,-0.00952899070829153,-0.00952899070829153,0.1160153502702713,0.1160153502702713,-0.000756936867035881,-1.0099893808364868,0.2269691238826543,0.2269691238826543,-1.9396142350285575,-1.9396142350285575,0.058569806735382174,0.058569806735382174,4.610197527766228,4.610197527766228,2.9561222233557074,2.9561222233557074,0.4539382477653086,-3.879228470057115,0.11713961347076435,9.220395055532457,-1.4780611116778537,-1.4780611116778537,-2.9561222233557074,-1.970748148903805,-1.970748148903805,-1.4780611116778537,-1.4780611116778537,0.0,-1.970748148903805,-1.970748148903805,-1.4780611116778537,-1.4780611116778537,-1.4780611116778537,-1.4780611116778537,0.0,0.0,0.0,0.0,0.0,1.5,0.0,0.0,0.0,-1.4780611116778537,-1.4780611116778537,-1.4780611116778537,-1.4780611116778537,-1.4780611116778537,-1.4780611116778537,-1.4780611116778537,-1.4780611116778537,-1.4780611116778537,-1.4780611116778537,-0.10201296797686361,-3.0645226320349814,-0.0012431596405804157,0.0021270588040351868,0.0698700025677681,-38.69216104428681,-37.74181079990096,-1.9707481861114502,-1.9707481861114502,-1.9707481861114502,-1.9707481861114502,-1.9707481861114502,-1.9707481861114502,-1.9707481861114502,-1.9707481861114502,-1.4780610799789429,-1.4780610799789429,1.4780610799789429,-1.4780610799789429,18.621234893798828,18.78396987915039,0.9503502443858522,0.0,0.0,0.1627349853515625,-38.69216104428681,-37.74181079990096,18.621234893798828,18.78396987915039,0.0,0.0,0.64,-0.3175387978553772,-0.2528366148471832,-0.3175387978553772,-0.2528366148471832,0.3175387978553772,-0.2528366148471832,-4.051833629608154,-3.952313184738159,-4.051833629608154,-3.952313184738159,4.051833629608154,-3.952313184738159,-1.9707481861114502,-1.9707481861114502,-1.9707481861114502,-1.9707481861114502,-2.3933210372924805,2.2150344848632812,-2.3933210372924805,2.2150344848632812,-22.85453240945524,21.152021243100073,2.3933210372924805,2.2150344848632812,-1.4780610799789429,-1.4780610799789429,4.0,4.0,-1.4780610799789429,-1.4780610799789429,1.4780610799789429,-1.4780610799789429,-0.0012431596405804157,0.0021270588040351868,0.0698700025677681,0.0036873931530863047,-0.02804555557668209,0.0012052153469994664,-0.0037036272697150707,0.002604955341666937,-0.9999897480010986,-1.0411878824234009,0.021656576544046402,0.0385969839990139
0.66,0.00037380686863096167,-0.8085325956344604,-0.013590370284765958,0.10405729369521141,0.009000441803600698,0.021802149713039398,0.010438695587295172,0.021802149713039398,0.0,0.0,0.0,0.0,0.0,0.0,-1.0,32.0,0.64,-1.0,1.0,1.0,1.0,-1.0,1.0,-0.014359201014786958,-0.014359201014786958,-0.20150439605116843,-0.20150439605116843,0.0026049761555541357,1.0411878824234009,0.3420189371310076,0.3420189371310076,3.3688713958210643,3.3688713958210643,-0.20156628197877458,-0.20156628197877458,-4.752606208109856,-4.752606208109856,-1.2432821571365582,-1.2432821571365582,0.6840378742620152,6.737742791642129,-0.40313256395754915,-9.505212416219711,0.6216410785682791,0.6216410785682791,1.2432821571365582,0.8288547714243721,0.8288547714243721,0.6216410785682791,0.6216410785682791,0.0,0.8288547714243721,0.8288547714243721,0.6216410785682791,0.6216410785682791,0.6216410785682791,0.6216410785682791,0.0,0.0,0.0,0.0,0.0,1.5,0.0,0.0,0.0,0.6216410785682791,0.6216410785682791,0.6216410785682791,0.6216410785682791,0.6216410785682791,0.6216410785682791,0.6216410785682791,0.6216410785682791,0.6216410785682791,0.6216410785682791,-0.10842431588399273,-3.172946947918974,-0.0012116841971874237,0.0018115760758519173,0.06988755613565445,20.557243816715918,18.913419912439224,0.8288547992706299,0.8288547992706299,0.8288547992706299,0.8288547992706299,0.8288547992706299,0.8288547992706299,0.8288547992706299,0.8288547992706299,0.6216410994529724,0.6216410994529724,-0.6216410994529724,0.6216410994529724,18.984943389892578,18.177743911743164,-1.6438239042766938,0.0,0.0,-0.8071994781494141,20.557243816715918,18.913419912439224,18.984943389892578,18.177743911743164,0.0,0.0,0.66,-0.30263203382492065,-0.2372039258480072,-0.30263203382492065,-0.2372039258480072,0.30263203382492065,-0.2372039258480072,2.152749538421631,1.9806087017059326,2.152749538421631,1.9806087017059326,-2.152749538421631,1.9806087017059326,0.8288547992706299,0.8288547992706299,0.8288547992706299,0.8288547992706299,4.051833629608154,-3.952313184738159,4.051833629608154,-3.952313184738159,38.69216104428681,-37.74181079990096,4.051833629608154,3.952313184738159,0.6216410994529724,0.6216410994529724,4.0,4.0,0.6216410994529724,0.6216410994529724,-0.6216410994529724,0.6216410994529724,-0.0012116841971874237,0.0018115760758519173,0.06988755613565445,-0.0012888447381556034,-0.020852938294410706,0.00564895523712039,-0.003700154833495617,0.00037380430148914456,-0.999993085861206,0.8085325956344604,-0.010369314812123775,0.018806707113981247
0.68,0.006562049401680905,1.023526668548584,-0.016835605385899545,-0.17573474130630493,0.009276305475660473,0.0028198477812111378,0.010714559259354946,0.0028198477812111378,0.0,0.0,0.0,0.0,0.0,0.0,-1.0,33.0,0.66,-1.0,1.0,1.0,1.0,-1.0,1.0,-0.013590370284765958,-0.013590370284765958,0.10405729369521141,0.10405729369521141,0.00037380686863096167,-0.8085325956344604,0.3237063117387834,0.3237063117387834,-1.7396922703727613,-1.7396922703727613,-0.02892420359680537,-0.02892420359680537,3.6906278860330586,3.6906278860330586,2.245717723802275,2.245717723802275,0.6474126234775668,-3.4793845407455226,-0.05784840719361074,7.381255772066117,-1.1228588619011375,-1.1228588619011375,-2.245717723802275,-1.4971451492015166,-1.4971451492015166,-1.1228588619011375,-1.1228588619011375,0.0,-1.4971451492015166,-1.4971451492015166,-1.1228588619011375,-1.1228588619011375,-1.1228588619011375,-1.1228588619011375,0.0,0.0,0.0,0.0,0.0,1.5,0.0,0.0,0.0,-1.1228588619011375,-1.1228588619011375,-1.1228588619011375,-1.1228588619011375,-1.1228588619011375,-1.1228588619011375,-1.1228588619011375,-1.1228588619011375,-1.1228588619011375,-1.1228588619011375,-0.06538187046013869,-3.2383288183791126,-0.0012031528167426586,0.0007433244027197361,0.06981439143419266,-32.0440055225738,-34.61510729222003,-1.497145175933838,-1.497145175933838,-1.497145175933838,-1.497145175933838,-1.497145175933838,-1.497145175933838,-1.497145175933838,-1.497145175933838,-1.1228588819503784,-1.1228588819503784,1.1228588819503784,-1.1228588819503784,17.928579330444336,18.328632354736328,-2.5711017696462335,0.0,0.0,0.4000530242919922,-32.0440055225738,-34.61510729222003,17.928579330444336,18.328632354736328,0.0,0.0,0.68,-0.36781635880470276,-0.30092665553092957,-0.36781635880470276,-0.30092665553092957,0.36781635880470276,-0.30092665553092957,-3.355640411376953,-3.6248855590820312,-3.355640411376953,-3.6248855590820312,3.355640411376953,-3.6248855590820312,-1.497145175933838,-1.497145175933838,-1.497145175933838,-1.497145175933838,-2.152749538421631,1.9806087017059326,-2.152749538421631,1.9806087017059326,-20.557243816715918,18.913419912439224,2.152749538421631,1.9806087017059326,-1.1228588819503784,-1.1228588819503784,4.0,4.0,-1.1228588819503784,-1.1228588819503784,1.1228588819503784,-1.1228588819503784,-0.0012031528167426586,0.0007433244027197361,0.06981439143419266,0.002915723482146859,-0.03741427883505821,0.0017382267396897078,-0.003461850807070732,0.006561962887644768,-0.9999724626541138,-1.023526668548584,0.013569350354373455,0.006452363915741444
0.7000000000000001,0.002714026976451144,-1.0389376878738403,-0.01482033559307456,0.13580573363900184,0.009408989876668725,0.008652598597109318,0.0108472436603632,0.008652598597109318,0.0,0.0,0.0,0.0,0.0,0.0,-1.0,34.0,0.68,-1.0,1.0,1.0,1.0,-1.0,1.0,-0.016835605385899545,-0.016835605385899545,-0.17573474130630493,-0.17573474130630493,0.006562049401680905,1.023526668548584,0.40100391756566406,0.40100391756566406,2.938038846003589,2.938038846003589,-0.507754321373624,-0.507754321373624,-4.671989831256867,-4.671989831256867,-1.8407013890612376,-1.8407013890612376,0.8020078351313281,5.876077692007178,-1.015508642747248,-9.343979662513734,0.9203506945306188,0.9203506945306188,1.8407013890612376,1.2271342593741583,1.2271342593741583,0.9203506945306188,0.9203506945306188,0.0,1.2271342593741583,1.2271342593741583,0.9203506945306188,0.9203506945306188,0.9203506945306188,0.9203506945306188,0.0,0.0,0.0,0.0,0.0,1.5,0.0,0.0,0.0,0.9203506945306188,0.9203506945306188,0.9203506945306188,0.9203506945306188,0.9203506945306188,0.9203506945306188,0.9203506945306188,0.9203506945306188,0.9203506945306188,0.9203506945306188,-0.10481791649580188,-3.3431467348749146,-0.0011372677981853485,0.00039016781374812126,0.06985659897327423,25.69559285258679,25.81778266010859,1.2271342277526855,1.2271342277526855,1.2271342277526855,1.2271342277526855,1.2271342277526855,1.2271342277526855,1.2271342277526855,1.2271342277526855,0.9203506708145142,0.9203506708145142,-0.9203506708145142,0.9203506708145142,19.046762466430664,17.93794822692871,0.12218980752180286,0.0,0.0,-1.1088142395019531,25.69559285258679,25.81778266010859,19.046762466430664,17.93794822692871,0.0,0.0,0.7000000000000001,-0.3287114202976227,-0.2599811553955078,-0.3287114202976227,-0.2599811553955078,0.3287114202976227,-0.2599811553955078,2.690836191177368,2.70363187789917,2.690836191177368,2.70363187789917,-2.690836191177368,2.70363187789917,1.2271342277526855,1.2271342277526855,1.2271342277526855,1.2271342277526855,3.355640411376953,-3.6248855590820312,3.355640411376953,-3.6248855590820312,32.0440055225738,-34.61510729222003,3.355640411376953,3.6248855590820312,0.9203506708145142,0.9203506708145142,4.0,4.0,0.9203506708145142,0.9203506708145142,-0.9203506708145142,0.9203506708145142,-0.0011372677981853485,0.00039016781374812126,0.06985659897327423,-0.001543368911370635,-0.024843934923410416,0.005822825711220503,-0.003563070669770241,0.0027140064630657434,-0.9999899864196777,1.0389376878738403,-0.014360595494508743,0.00491186510771513
0.72,0.0068072246844504145,1.066969633102417,-0.01879838304594159,-0.16672689805030821,0.00954789809966408,0.014177968725562096,0.010986151883358554,0.014177968725562096,0.0,0.0,0.0,0.0,0.0,0.0,-1.0,35.0,0.7000000000000001,-1.0,1.0,1.0,1.0,-1.0,1.0,-0.01482033559307456,-0.01482033559307456,0.13580573363900184,0.13580573363900184,0.002714026976451144,-1.0389376878738403,0.3530026094243243,0.3530026094243243,-2.2704817384170157,-2.2704817384170157,-0.21000435096765072,-0.21000435096765072,4.742334970068932,4.742334970068932,2.6148514901085904,2.6148514901085904,0.7060052188486486,-4.5409634768340315,-0.42000870193530143,9.484669940137865,-1.3074257450542952,-1.3074257450542952,-2.6148514901085904,-1.7432343267390602,-1.7432343267390602,-1.3074257450542952,-1.3074257450542952,0.0,-1.7432343267390602,-1.7432343267390602,-1.3074257450542952,-1.3074257450542952,-1.3074257450542952,-1.3074257450542952,0.0,0.0,0.0,0.0,0.0,1.5,0.0,0.0,0.0,-1.3074257450542952,-1.3074257450542952,-1.3074257450542952,-1.3074257450542952,-1.3074257450542952,-1.3074257450542952,-1.3074257450542952,-1.3074257450542952,-1.3074257450542952,-1.3074257450542952,-0.10795749998824761,-3.451104234863162,-0.0011410652659833431,-0.0004905369132757187,0.06978322565555573,-32.059264165179606,-31.183023750018116,-1.743234395980835,-1.743234395980835,-1.743234395980835,-1.743234395980835,-1.743234395980835,-1.743234395980835,-1.743234395980835,-1.743234395980835,-1.3074257373809814,-1.3074257373809814,1.3074257373809814,-1.3074257373809814,18.598546981811523,18.73212432861328,0.8762404151614902,0.0,0.0,0.1335773468017578,-32.059264165179606,-31.183023750018116,18.598546981811523,18.73212432861328,0.0,0.0,0.72,-0.4095531702041626,-0.33715519309043884,-0.4095531702041626,-0.33715519309043884,0.4095531702041626,-0.33715519309043884,-3.357238292694092,-3.2654786109924316,-3.357238292694092,-3.2654786109924316,3.357238292694092,-3.2654786109924316,-1.743234395980835,-1.743234395980835,-1.743234395980835,-1.743234395980835,-2.690836191177368,2.70363187789917,-2.690836191177368,2.70363187789917,-25.69559285258679,25.81778266010859,2.690836191177368,2.70363187789917,-1.3074257373809814,-1.3074257373809814,4.0,4.0,-1.3074257373809814,-1.3074257373809814,1.3074257373809814,-1.3074257373809814,-0.0011410652659833431,-0.0004905369132757187,0.06978322565555573,0.003422132693231106,-0.038922809064388275,0.0016739725833758712,-0.003253796836361289,0.006807135883718729,-0.9999715089797974,-1.066969633102417,0.015972254797816277,0.01775890216231346
0.74,0.003673849500776907,-1.0244017839431763,-0.01602055105790496,0.12129911814332008,0.01005216070310113,0.04763628542423248,0.011490414486795605,0.04763628542423248,0.0,0.0,0.0,0.0,0.0,0.0,-1.0,36.0,0.72,-1.0,1.0,1.0,1.0,-1.0,1.0,-0.01879838304594159,-0.01879838304594159,-0.16672689805030821,-0.16672689805030821,0.0068072246844504145,1.066969633102417,0.4477549260946735,0.4477549260946735,2.7874403177438825,2.7874403177438825,-0.5267253472985934,-0.5267253472985934,-4.870289587259293,-4.870289587259293,-2.1618196907193306,-2.1618196907193306,0.895509852189347,5.574880635487765,-1.0534506945971869,-9.740579174518587,1.0809098453596653,1.0809098453596653,2.1618196907193306,1.4412131271462203,1.4412131271462203,1.0809098453596653,1.0809098453596653,0.0,1.4412131271462203,1.4412131271462203,1.0809098453596653,1.0809098453596653,1.0809098453596653,1.0809098453596653,0.0,0.0,0.0,0.0,0.0,1.5,0.0,0.0,0.0,1.0809098453596653,1.0809098453596653,1.0809098453596653,1.0809098453596653,1.0809098453596653,1.0809098453596653,1.0809098453596653,1.0809098453596653,1.0809098453596653,1.0809098453596653,-0.11390642706443233,-3.5650106619275945,-0.0010483982041478157,-0.0009743496775627136,0.06983234733343124,21.42509448284691,24.585680282270545,1.4412131309509277,1.4412131309509277,1.4412131309509277,1.4412131309509277,1.4412131309509277,1.4412131309509277,1.4412131309509277,1.4412131309509277,1.0809098482131958,1.0809098482131958,-1.0809098482131958,1.0809098482131958,18.979618072509766,17.993253707885742,3.160585799423636,0.0,0.0,-0.9863643646240234,21.42509448284691,24.585680282270545,18.979618072509766,17.993253707885742,0.0,0.0,0.74,-0.35642433166503906,-0.2799431383609772,-0.35642433166503906,-0.2799431383609772,0.35642433166503906,-0.2799431383609772,2.2436306476593018,2.574606418609619,2.2436306476593018,2.574606418609619,-2.2436306476593018,2.574606418609619,1.4412131309509277,1.4412131309509277,1.4412131309509277,1.4412131309509277,3.357238292694092,-3.2654786109924316,3.357238292694092,-3.2654786109924316,32.059264165179606,-31.183023750018116,3.357238292694092,3.2654786109924316,1.0809098482131958,1.0809098482131958,4.0,4.0,1.0809098482131958,1.0809098482131958,-1.0809098482131958,1.0809098482131958,-0.0010483982041478157,-0.0009743496775627136,0.06983234733343124,-0.0016226540319621563,-0.027349336072802544,0.006157870404422283,-0.003416236490011215,0.003673819825053215,-0.9999874234199524,1.0244017839431763,-0.012292219325900078,0.0440920814871788
0.76,0.006765042508829414,1.0391203165054321,-0.02033983638808131,-0.1805821681380272,0.010845280488550896,0.04816199466586113,0.012283534272245373,0.04816199466586113,0.0,0.0,0.0,0.0,0.0,0.0,-1.0,37.0,0.74,-1.0,1.0,1.0,1.0,-1.0,1.0,-0.01602055105790496,-0.01602055105790496,0.12129911814332008,0.12129911814332008,0.003673849500776907,-1.0244017839431763,0.38159030153802664,0.38159030153802664,-2.027951436590911,-2.027951436590911,-0.284272922361415,-0.284272922361415,4.675984382987023,4.675984382987023,2.745350325572724,2.745350325572724,0.7631806030760533,-4.055902873181822,-0.56854584472283,9.351968765974046,-1.372675162786362,-1.372675162786362,-2.745350325572724,-1.8302335503818161,-1.8302335503818161,-1.372675162786362,-1.372675162786362,0.0,-1.8302335503818161,-1.8302335503818161,-1.372675162786362,-1.372675162786362,-1.372675162786362,-1.372675162786362,0.0,0.0,0.0,0.0,0.0,1.5,0.0,0.0,0.0,-1.372675162786362,-1.372675162786362,-1.372675162786362,-1.372675162786362,-1.372675162786362,-1.372675162786362,-1.372675162786362,-1.372675162786362,-1.372675162786362,-1.372675162786362,-0.1049662315675605,-3.669976893495155,-0.0010665361769497395,-0.0017811222933232784,0.06976055353879929,-34.7343464580204,-33.763476048638104,-1.8302335739135742,-1.8302335739135742,-1.8302335739135742,-1.8302335739135742,-1.8302335739135742,-1.8302335739135742,-1.8302335739135742,-1.8302335739135742,-1.3726751804351807,-1.3726751804351807,1.3726751804351807,-1.3726751804351807,18.559783935546875,18.712430953979492,0.9708704093822931,0.0,0.0,0.1526470184326172,-34.7343464580204,-33.763476048638104,18.559783935546875,18.712430953979492,0.0,0.0,0.76,-0.44431620836257935,-0.36362168192863464,-0.44431620836257935,-0.36362168192863464,0.44431620836257935,-0.36362168192863464,-3.6373722553253174,-3.53570294380188,-3.6373722553253174,-3.53570294380188,3.6373722553253174,-3.53570294380188,-1.8302335739135742,-1.8302335739135742,-1.8302335739135742,-1.8302335739135742,-2.2436306476593018,2.574606418609619,-2.2436306476593018,2.574606418609619,-21.42509448284691,24.585680282270545,2.2436306476593018,2.574606418609619,-1.3726751804351807,-1.3726751804351807,4.0,4.0,-1.3726751804351807,-1.3726751804351807,1.3726751804351807,-1.3726751804351807,-0.0010665361769497395,-0.0017811222933232784,0.06976055353879929,0.003754559438675642,-0.03923111781477928,0.0014969859039410949,-0.0030839163810014725,0.0067649586126208305,-0.9999723434448242,-1.0391203165054321,0.01891930215060711,0.05149596929550171
0.78,0.003629293464024958,-1.0095189809799194,-0.018497064968943596,0.12778688285946846,0.011832900277950432,0.04147746041417122,0.013271154061644906,0.04147746041417122,0.0,0.0,0.0,0.0,0.0,0.0,-1.0,38.0,0.76,-1.0,1.0,1.0,1.0,-1.0,1.0,-0.02033983638808131,-0.02033983638808131,-0.1805821681380272,-0.1805821681380272,0.006765042508829414,1.0391203165054321,0.4844704949604311,0.4844704949604311,3.019081036232421,3.019081036232421,-0.523461400222697,-0.523461400222697,-4.743168596720696,-4.743168596720696,-1.7630784657505405,-1.7630784657505405,0.9689409899208622,6.038162072464842,-1.046922800445394,-9.486337193441392,0.8815392328752703,0.8815392328752703,1.7630784657505405,1.1753856438336936,1.1753856438336936,0.8815392328752703,0.8815392328752703,0.0,1.1753856438336936,1.1753856438336936,0.8815392328752703,0.8815392328752703,0.8815392328752703,0.8815392328752703,0.0,0.0,0.0,0.0,0.0,1.5,0.0,0.0,0.0,0.8815392328752703,0.8815392328752703,0.8815392328752703,0.8815392328752703,0.8815392328752703,0.8815392328752703,0.8815392328752703,0.8815392328752703,0.8815392328752703,0.8815392328752703,-0.10804355446479592,-3.7780204479599506,-0.000993653666228056,-0.0022419732995331287,0.0697951465845108,24.980219329487163,23.491472593585886,1.1753857135772705,1.1753857135772705,1.1753857135772705,1.1753857135772705,1.1753857135772705,1.1753857135772705,1.1753857135772705,1.1753857135772705,0.8815392255783081,0.8815392255783081,-0.8815392255783081,0.8815392255783081,19.13225555419922,17.802413940429688,-1.4887467359012767,0.0,0.0,-1.3298416137695312,24.980219329487163,23.491472593585886,19.13225555419922,17.802413940429688,0.0,0.0,0.78,-0.4085841178894043,-0.32615530490875244,-0.4085841178894043,-0.32615530490875244,0.4085841178894043,-0.32615530490875244,2.615922451019287,2.4600212574005127,2.615922451019287,2.4600212574005127,-2.615922451019287,2.4600212574005127,1.1753857135772705,1.1753857135772705,1.1753857135772705,1.1753857135772705,3.6373722553253174,-3.53570294380188,3.6373722553253174,-3.53570294380188,34.7343464580204,-33.763476048638104,3.6373722553253174,3.53570294380188,0.8815392255783081,0.8815392255783081,4.0,4.0,0.8815392255783081,0.8815392255783081,-0.8815392255783081,0.8815392255783081,-0.000993653666228056,-0.0022419732995331287,0.0697951465845108,-0.001402681926265359,-0.028186878189444542,0.005794145632535219,-0.003166002221405506,0.0036292672157287598,-0.9999883770942688,1.0095189809799194,-0.012886478565633297,0.03823499381542206
0.8,0.008104700163353518,1.0810407400131226,-0.022508536354452373,-0.1861943757236004,0.012602708758855373,0.03278915211558342,0.014040962542549848,0.03278915211558342,0.0,0.0,0.0,0.0,0.0,0.0,-1.0,39.0,0.78,-1.0,1.0,1.0,1.0,-1.0,1.0,-0.018497064968943596,-0.018497064968943596,0.12778688285946846,0.12778688285946846,0.003629293464024958,-1.0095189809799194,0.44057789108227374,0.44057789108227374,-2.1364177797743094,-2.1364177797743094,-0.28082529208324475,-0.28082529208324475,4.608050340580941,4.608050340580941,2.63138515980566,2.63138515980566,0.8811557821645475,-4.272835559548619,-0.5616505841664895,9.216100681161882,-1.31569257990283,-1.31569257990283,-2.63138515980566,-1.7542567732037735,-1.7542567732037735,-1.31569257990283,-1.31569257990283,0.0,-1.7542567732037735,-1.7542567732037735,-1.31569257990283,-1.31569257990283,-1.31569257990283,-1.31569257990283,0.0,0.0,0.0,0.0,0.0,1.5,0.0,0.0,0.0,-1.31569257990283,-1.31569257990283,-1.31569257990283,-1.31569257990283,-1.31569257990283,-1.31569257990283,-1.31569257990283,-1.31569257990283,-1.31569257990283,-1.31569257990283,-0.10194313613754477,-3.8799635840974953,-0.0009931945241987705,-0.003228353336453438,0.06972497701644897,-32.271940318825735,-38.35468595085593,-1.7542567253112793,-1.7542567253112793,-1.7542567253112793,-1.7542567253112793,-1.7542567253112793,-1.7542567253112793,-1.7542567253112793,-1.7542567253112793,-1.3156925439834595,-1.3156925439834595,1.3156925439834595,-1.3156925439834595,18.539384841918945,18.70941734313965,-6.082745632030196,0.0,0.0,0.17003250122070312,-32.271940318825735,-38.35468595085593,18.539384841918945,18.70941734313965,0.0,0.0,0.8,-0.4899257719516754,-0.4041571021080017,-0.4899257719516754,-0.4041571021080017,0.4899257719516754,-0.4041571021080017,-3.379509687423706,-4.016493320465088,-3.379509687423706,-4.016493320465088,3.379509687423706,-4.016493320465088,-1.7542567253112793,-1.7542567253112793,-1.7542567253112793,-1.7542567253112793,-2.615922451019287,2.4600212574005127,-2.615922451019287,2.4600212574005127,-24.980219329487163,23.491472593585886,2.615922451019287,2.4600212574005127,-1.3156925439834595,-1.3156925439834595,4.0,4.0,-1.3156925439834595,-1.3156925439834595,1.3156925439834595,-1.3156925439834595,-0.0009931945241987705,-0.003228353336453438,0.06972497701644897,0.0036302348598837852,-0.04266958311200142,0.0017265090718865395,-0.002848176984116435,0.008104578591883183,-0.999963104724884,-1.0810407400131226,0.017557306215167046,0.036011770367622375
0.8200000000000001,0.004764058900889395,-1.0084477663040161,-0.020343481966853143,0.10770343667268753,0.013167300158911734,0.02862561121582985,0.014605553942606209,0.02862561121582985,0.0,0.0,0.0,0.0,0.0,0.0,-1.0,40.0,0.8,-1.0,1.0,1.0,1.0,-1.0,1.0,-0.022508536354452373,-0.022508536354452373,-0.1861943757236004,-0.1861943757236004,0.008104700163353518,1.0810407400131226,0.5361263257194302,0.5361263257194302,3.112909289972585,3.112909289972585,-0.6271206264198704,-0.6271206264198704,-4.9345185618639,-4.9345185618639,-1.9126035725917552,-1.9126035725917552,1.0722526514388604,6.22581857994517,-1.2542412528397409,-9.8690371237278,0.9563017862958776,0.9563017862958776,1.9126035725917552,1.2750690483945035,1.2750690483945035,0.9563017862958776,0.9563017862958776,0.0,1.2750690483945035,1.2750690483945035,0.9563017862958776,0.9563017862958776,0.9563017862958776,0.9563017862958776,0.0,0.0,0.0,0.0,0.0,1.5,0.0,0.0,0.0,0.9563017862958776,0.9563017862958776,0.9563017862958776,0.9563017862958776,0.9563017862958776,0.9563017862958776,0.9563017862958776,0.9563017862958776,0.9563017862958776,0.9563017862958776,-0.11695592603199081,-3.9969195101294863,-0.0009085754863917828,-0.0037511452101171017,0.06976381689310074,21.200877586233176,19.652828871228127,1.2750691175460815,1.2750691175460815,1.2750691175460815,1.2750691175460815,1.2750691175460815,1.2750691175460815,1.2750691175460815,1.2750691175460815,0.9563018083572388,0.9563018083572388,-0.9563018083572388,0.9563018083572388,19.366989135742188,18.09284782409668,-1.5480487150050486,0.0,0.0,-1.2741413116455078,21.200877586233176,19.652828871228127,19.366989135742188,18.09284782409668,0.0,0.0,0.8200000000000001,-0.44757235050201416,-0.36051034927368164,-0.44757235050201416,-0.36051034927368164,0.44757235050201416,-0.36051034927368164,2.2201507091522217,2.058039426803589,2.2201507091522217,2.058039426803589,-2.2201507091522217,2.058039426803589,1.2750691175460815,1.2750691175460815,1.2750691175460815,1.2750691175460815,3.379509687423706,-4.016493320465088,3.379509687423706,-4.016493320465088,32.271940318825735,-38.35468595085593,3.379509687423706,4.016493320465088,0.9563018083572388,0.9563018083572388,4.0,4.0,0.9563018083572388,0.9563018083572388,-0.9563018083572388,0.9563018083572388,-0.0009085754863917828,-0.0037511452101171017,0.06976381689310074,-0.0013079755008220673,-0.030645864084362984,0.005913990084081888,-0.0029674142133444548,0.004764019977301359,-0.9999842643737793,1.0084477663040161,-0.01044494565576315,0.025583771988749504
0.84,0.008341939547637109,1.054482102394104,-0.025071270191669465,-0.19771226186156274,0.013687750871018622,0.03317859768867493,0.015126004654713096,0.03317859768867493,0.0,0.0,0.0,0.0,0.0,0.0,-1.0,41.0,0.8200000000000001,-1.0,1.0,1.0,1.0,-1.0,1.0,-0.020343481966853143,-0.020343481966853143,0.10770343667268753,0.10770343667268753,0.004764058900889395,-1.0084477663040161,0.48455732827208164,0.48455732827208164,-1.8006506763559935,-1.8006506763559935,-0.36863049119767904,-0.36863049119767904,4.6031606740713125,4.6031606740713125,2.9184368347897216,2.9184368347897216,0.9691146565441633,-3.601301352711987,-0.7372609823953581,9.206321348142625,-1.4592184173948608,-1.4592184173948608,-2.9184368347897216,-1.9456245565264811,-1.9456245565264811,-1.4592184173948608,-1.4592184173948608,0.0,-1.9456245565264811,-1.9456245565264811,-1.4592184173948608,-1.4592184173948608,-1.4592184173948608,-1.4592184173948608,0.0,0.0,0.0,0.0,0.0,1.5,0.0,0.0,0.0,-1.4592184173948608,-1.4592184173948608,-1.4592184173948608,-1.4592184173948608,-1.4592184173948608,-1.4592184173948608,-1.4592184173948608,-1.4592184173948608,-1.4592184173948608,-1.4592184173948608,-0.10174007885649389,-4.0986595889859805,-0.000909170601516962,-0.004671224858611822,0.069692462682724,-37.962378098768184,-37.03317412005269,-1.945624589920044,-1.945624589920044,-1.945624589920044,-1.945624589920044,-1.945624589920044,-1.945624589920044,-1.945624589920044,-1.945624589920044,-1.4592183828353882,-1.4592183828353882,1.4592183828353882,-1.4592183828353882,18.54235076904297,18.662534713745117,0.929203978715492,0.0,0.0,0.12018394470214844,-37.962378098768184,-37.03317412005269,18.54235076904297,18.662534713745117,0.0,0.0,0.84,-0.5432265400886536,-0.45265311002731323,-0.5432265400886536,-0.45265311002731323,0.5432265400886536,-0.45265311002731323,-3.9754109382629395,-3.8781049251556396,-3.9754109382629395,-3.8781049251556396,3.9754109382629395,-3.8781049251556396,-1.945624589920044,-1.945624589920044,-1.945624589920044,-1.945624589920044,-2.2201507091522217,2.058039426803589,-2.2201507091522217,2.058039426803589,-21.200877586233176,19.652828871228127,2.2201507091522217,2.058039426803589,-1.4592183828353882,-1.4592183828353882,4.0,4.0,-1.4592183828353882,-1.4592183828353882,1.4592183828353882,-1.4592183828353882,-0.000909170601516962,-0.004671224858611822,0.069692462682724,0.004231730476021767,-0.04311536252498627,0.001482647261582315,-0.002566786017268896,0.008341815322637558,-0.9999619126319885,-1.054482102394104,0.0217211302369833,0.036067795008420944
0.86,0.005571285256870596,-0.9435409903526306,-0.02370954635888338,0.10175858184099197,0.014426052042503851,0.025045685470104218,0.015864305826198324,0.025045685470104218,0.0,0.0,0.0,0.0,0.0,0.0,-1.0,42.0,0.84,-1.0,1.0,1.0,1.0,-1.0,1.0,-0.025071270191669465,-0.025071270191669465,-0.19771226186156274,-0.19771226186156274,0.008341939547637109,1.054482102394104,0.5971675704413366,0.5971675704413366,3.3054722211587224,3.3054722211587224,-0.6454775931533355,-0.6454775931533355,-4.813289004588127,-4.813289004588127,-1.5561268061414038,-1.5561268061414038,1.1943351408826732,6.610944442317445,-1.290955186306671,-9.626578009176255,0.7780634030707019,0.7780634030707019,1.5561268061414038,1.0374178707609358,1.0374178707609358,0.7780634030707019,0.7780634030707019,0.0,1.0374178707609358,1.0374178707609358,0.7780634030707019,0.7780634030707019,0.7780634030707019,0.7780634030707019,0.0,0.0,0.0,0.0,0.0,1.5,0.0,0.0,0.0,0.7780634030707019,0.7780634030707019,0.7780634030707019,0.7780634030707019,0.7780634030707019,0.7780634030707019,0.7780634030707019,0.7780634030707019,0.7780634030707019,0.7780634030707019,-0.11129426681181659,-4.209953855797797,-0.0008367840200662613,-0.00524331908673048,0.06971552968025208,21.83840288990272,16.76032116653832,1.0374178886413574,1.0374178886413574,1.0374178886413574,1.0374178886413574,1.0374178886413574,1.0374178886413574,1.0374178886413574,1.0374178886413574,0.7780634164810181,0.7780634164810181,-0.7780634164810181,0.7780634164810181,19.339580535888672,18.463163375854492,-5.078081723364402,0.0,0.0,-0.8764171600341797,21.83840288990272,16.76032116653832,19.339580535888672,18.463163375854492,0.0,0.0,0.86,-0.5171970725059509,-0.4245922565460205,-0.5171970725059509,-0.4245922565460205,0.5171970725059509,-0.4245922565460205,2.286912202835083,1.7551367282867432,2.286912202835083,1.7551367282867432,-2.286912202835083,1.7551367282867432,1.0374178886413574,1.0374178886413574,1.0374178886413574,1.0374178886413574,3.9754109382629395,-3.8781049251556396,3.9754109382629395,-3.8781049251556396,37.962378098768184,-37.03317412005269,3.9754109382629395,3.8781049251556396,0.7780634164810181,0.7780634164810181,4.0,4.0,0.7780634164810181,0.7780634164810181,-0.7780634164810181,0.7780634164810181,-0.0008367840200662613,-0.00524331908673048,0.06971552968025208,-0.000985686550848186,-0.03305766358971596,0.005859916098415852,-0.002611581701785326,0.005571237299591303,-0.9999810457229614,0.9435409903526306,-0.013143065385520458,0.022508753463625908
0.88,0.010186870477909251,1.0841935873031616,-0.02800809713155031,-0.17887092040777205,0.014764565013364761,0.020587021484971046,0.01620281879705924,0.020587021484971046,0.0,0.0,0.0,0.0,0.0,0.0,-1.0,43.0,0.86,-1.0,1.0,1.0,1.0,-1.0,1.0,-0.02370954635888338,-0.02370954635888338,0.10175858184099197,0.10175858184099197,0.005571285256870596,-0.9435409903526306,0.5647329428129714,0.5647329428129714,-1.7012610263668082,-1.7012610263668082,-0.4310915678349788,-0.4310915678349788,4.306887204563618,4.306887204563618,2.7392675531748023,2.7392675531748023,1.1294658856259427,-3.4025220527336164,-0.8621831356699576,8.613774409127236,-1.3696337765874012,-1.3696337765874012,-2.7392675531748023,-1.8261783687832016,-1.8261783687832016,-1.3696337765874012,-1.3696337765874012,0.0,-1.8261783687832016,-1.8261783687832016,-1.3696337765874012,-1.3696337765874012,-1.3696337765874012,-1.3696337765874012,0.0,0.0,0.0,0.0,0.0,1.5,0.0,0.0,0.0,-1.3696337765874012,-1.3696337765874012,-1.3696337765874012,-1.3696337765874012,-1.3696337765874012,-1.3696337765874012,-1.3696337765874012,-1.3696337765874012,-1.3696337765874012,-1.3696337765874012,-0.08908610639640294,-4.2990399621941995,-0.0008205994963645935,-0.006347463931888342,0.069650799036026,-34.40004284909412,-33.44867490652194,-1.8261784315109253,-1.8261784315109253,-1.8261784315109253,-1.8261784315109253,-1.8261784315109253,-1.8261784315109253,-1.8261784315109253,-1.8261784315109253,-1.3696337938308716,-1.3696337938308716,1.3696337938308716,-1.3696337938308716,18.523784637451172,18.68488883972168,0.9513679425721833,0.0,0.0,0.1611042022705078,-34.40004284909412,-33.44867490652194,18.523784637451172,18.68488883972168,0.0,0.0,0.88,-0.6037105917930603,-0.5088255405426025,-0.6037105917930603,-0.5088255405426025,0.6037105917930603,-0.5088255405426025,-3.6023640632629395,-3.502737045288086,-3.6023640632629395,-3.502737045288086,3.6023640632629395,-3.502737045288086,-1.8261784315109253,-1.8261784315109253,-1.8261784315109253,-1.8261784315109253,-2.286912202835083,1.7551367282867432,-2.286912202835083,1.7551367282867432,-21.83840288990272,16.76032116653832,2.286912202835083,1.7551367282867432,-1.3696337938308716,-1.3696337938308716,4.0,4.0,-1.3696337938308716,-1.3696337938308716,1.3696337938308716,-1.3696337938308716,-0.0008205994963645935,-0.006347463931888342,0.069650799036026,0.004106246400624514,-0.048385683447122574,0.001788877067156136,-0.0022430308163166046,0.010186668485403061,-0.9999455809593201,-1.0841935873031616,0.018093300983309746,0.02320447377860546
0.9,0.007419350550281339,-1.0030176639556885,-0.0254269133195281,0.11442386419177056,0.015273065368307488,0.047447845339775085,0.016711319152001962,0.047447845339775085,0.0,0.0,0.0,0.0,0.0,0.0,-1.0,44.0,0.88,-1.0,1.0,1.0,1.0,-1.0,1.0,-0.02800809713155031,-0.02800809713155031,-0.17887092040777205,-0.17887092040777205,0.010186870477909251,1.0841935873031616,0.6671192639569705,0.6671192639569705,2.9904713699293777,2.9904713699293777,-0.7882335517173752,-0.7882335517173752,-4.948910048604012,-4.948910048604012,-2.079552966435039,-2.079552966435039,1.334238527913941,5.980942739858755,-1.5764671034347504,-9.897820097208024,1.0397764832175196,1.0397764832175196,2.079552966435039,1.386368644290026,1.386368644290026,1.0397764832175196,1.0397764832175196,0.0,1.386368644290026,1.386368644290026,1.0397764832175196,1.0397764832175196,1.0397764832175196,1.0397764832175196,0.0,0.0,0.0,0.0,0.0,1.5,0.0,0.0,0.0,1.0397764832175196,1.0397764832175196,1.0397764832175196,1.0397764832175196,1.0397764832175196,1.0397764832175196,1.0397764832175196,1.0397764832175196,1.0397764832175196,1.0397764832175196,-0.11769056848031005,-4.41673053067451,-0.0007071420550346375,-0.007056389935314655,0.06968546658754349,19.702871390547084,23.700005099135545,1.3863686323165894,1.3863686323165894,1.3863686323165894,1.3863686323165894,1.3863686323165894,1.3863686323165894,1.3863686323165894,1.3863686323165894,1.0397764444351196,1.0397764444351196,-1.0397764444351196,1.0397764444351196,19.33634376525879,17.747695922851562,3.9971337085884606,0.0,0.0,-1.5886478424072266,19.702871390547084,23.700005099135545,19.33634376525879,17.747695922851562,0.0,0.0,0.9,-0.5543496608734131,-0.45565682649612427,-0.5543496608734131,-0.45565682649612427,0.5543496608734131,-0.45565682649612427,2.063279867172241,2.481858730316162,2.063279867172241,2.481858730316162,-2.063279867172241,2.481858730316162,1.3863686323165894,1.3863686323165894,1.3863686323165894,1.3863686323165894,3.6023640632629395,-3.502737045288086,3.6023640632629395,-3.502737045288086,34.40004284909412,-33.44867490652194,3.6023640632629395,3.502737045288086,1.0397764444351196,1.0397764444351196,4.0,4.0,1.0397764444351196,1.0397764444351196,-1.0397764444351196,1.0397764444351196,-0.0007071420550346375,-0.007056389935314655,0.06968546658754349,-0.0010496864560991526,-0.037159405648708344,0.005980324931442738,-0.002404384082183242,0.007419261150062084,-0.9999696016311646,1.0030176639556885,-0.01083407737314701,0.04495719447731972
0.92,0.010951521088390925,1.0566681623458862,-0.02961751324534416,-0.17688432231545448,0.016159298749805154,0.04818755015730858,0.01759755253349963,0.04818755015730858,0.0,0.0,0.0,0.0,0.0,0.0,-1.0,45.0,0.9,-1.0,1.0,1.0,1.0,-1.0,1.0,-0.0254269133195281,-0.0254269133195281,0.11442386419177056,0.11442386419177056,0.007419350550281339,-1.0030176639556885,0.6056385629751759,0.6056385629751759,-1.913006815876535,-1.913006815876535,-0.5740900552693392,-0.5740900552693392,4.578374428892136,4.578374428892136,2.696916120721438,2.696916120721438,1.2112771259503519,-3.82601363175307,-1.1481801105386784,9.156748857784272,-1.348458060360719,-1.348458060360719,-2.696916120721438,-1.7979440804809588,-1.7979440804809588,-1.348458060360719,-1.348458060360719,0.0,-1.7979440804809588,-1.7979440804809588,-1.348458060360719,-1.348458060360719,-1.348458060360719,-1.348458060360719,0.0,0.0,0.0,0.0,0.0,1.5,0.0,0.0,0.0,-1.348458060360719,-1.348458060360719,-1.348458060360719,-1.348458060360719,-1.348458060360719,-1.348458060360719,-1.348458060360719,-1.348458060360719,-1.348458060360719,-1.348458060360719,-0.10069181657934854,-4.517422347253858,-0.0007032081484794617,-0.008109556511044502,0.069628044962883,-33.77958163470099,-33.31558639381451,-1.7979440689086914,-1.7979440689086914,-1.7979440689086914,-1.7979440689086914,-1.7979440689086914,-1.7979440689086914,-1.7979440689086914,-1.7979440689086914,-1.3484580516815186,-1.3484580516815186,1.3484580516815186,-1.3484580516815186,18.490095138549805,18.60202407836914,0.4639952408864758,0.0,0.0,0.11192893981933594,-33.77958163470099,-33.31558639381451,18.490095138549805,18.60202407836914,0.0,0.0,0.92,-0.6397793292999268,-0.5366859436035156,-0.6397793292999268,-0.5366859436035156,0.6397793292999268,-0.5366859436035156,-3.5373895168304443,-3.488800048828125,-3.5373895168304443,-3.488800048828125,3.5373895168304443,-3.488800048828125,-1.7979440689086914,-1.7979440689086914,-1.7979440689086914,-1.7979440689086914,-2.063279867172241,2.481858730316162,-2.063279867172241,2.481858730316162,-19.702871390547084,23.700005099135545,2.063279867172241,2.481858730316162,-1.3484580516815186,-1.3484580516815186,4.0,4.0,-1.3484580516815186,-1.3484580516815186,1.3484580516815186,-1.3484580516815186,-0.0007032081484794617,-0.008109556511044502,0.069628044962883,0.004169083666056395,-0.04986638203263283,0.0017982667777687311,-0.002058454090729356,0.010951278731226921,-0.999937891960144,-1.0566681623458862,0.01752563565969467,0.05055771768093109
0.9400000000000001,0.007954202654103694,-1.0114085674285889,-0.027199028485268353,0.10549392333030701,0.017069692207982906,0.061329565942287445,0.018507945991677377,0.061329565942287445,0.0,0.0,0.0,0.0,0.0,0.0,-1.0,46.0,0.92,-1.0,1.0,1.0,1.0,-1.0,1.0,-0.02961751324534416,-0.02961751324534416,-0.17688432231545448,-0.17688432231545448,0.010951521088390925,1.0566681623458862,0.7054536244882035,0.7054536244882035,2.957258231063157,2.957258231063157,-0.8474002278648599,-0.8474002278648599,-4.823267493844033,-4.823267493844033,-2.0079558661575323,-2.0079558661575323,1.410907248976407,5.914516462126314,-1.6948004557297198,-9.646534987688065,1.0039779330787661,1.0039779330787661,2.0079558661575323,1.3386372441050216,1.3386372441050216,1.0039779330787661,1.0039779330787661,0.0,1.3386372441050216,1.3386372441050216,1.0039779330787661,1.0039779330787661,1.0039779330787661,1.0039779330787661,0.0,0.0,0.0,0.0,0.0,1.5,0.0,0.0,0.0,1.0039779330787661,1.0039779330787661,1.0039779330787661,1.0039779330787661,1.0039779330787661,1.0039779330787661,1.0039779330787661,1.0039779330787661,1.0039779330787661,1.0039779330787661,-0.11181855620023459,-4.629240903454093,-0.0005962592549622059,-0.008810829371213913,0.06966070830821991,17.827804601730442,22.187796663435275,1.3386372327804565,1.3386372327804565,1.3386372327804565,1.3386372327804565,1.3386372327804565,1.3386372327804565,1.3386372327804565,1.3386372327804565,1.00397789478302,1.00397789478302,-1.00397789478302,1.00397789478302,19.357873916625977,17.767780303955078,4.359992061704833,0.0,0.0,-1.5900936126708984,17.827804601730442,22.187796663435275,19.357873916625977,17.767780303955078,0.0,0.0,0.9400000000000001,-0.5931544899940491,-0.4872438609600067,-0.5931544899940491,-0.4872438609600067,0.5931544899940491,-0.4872438609600067,1.8669233322143555,2.323500633239746,1.8669233322143555,2.323500633239746,-1.8669233322143555,2.323500633239746,1.3386372327804565,1.3386372327804565,1.3386372327804565,1.3386372327804565,3.5373895168304443,-3.488800048828125,3.5373895168304443,-3.488800048828125,33.77958163470099,-33.31558639381451,3.5373895168304443,3.488800048828125,1.00397789478302,1.00397789478302,4.0,4.0,1.00397789478302,1.00397789478302,-1.00397789478302,1.00397789478302,-0.0005962592549622059,-0.008810829371213913,0.06966070830821991,-0.0010350142838433385,-0.03778998181223869,0.005886675789952278,-0.0022074379958212376,0.007954099215567112,-0.9999659061431885,1.0114085674285889,-0.007657717913389206,0.05903804302215576
0.96,0.011475982592473347,1.0556379556655884,-0.031844051793217656,-0.19439904823303222,0.018388120378886277,0.07017693668603897,0.01982637416258075,0.07017693668603897,0.0,0.0,0.0,0.0,0.0,0.0,-1.0,47.0,0.9400000000000001,-1.0,1.0,1.0,1.0,-1.0,1.0,-0.027199028485268353,-0.027199028485268353,0.10549392333030701,0.10549392333030701,0.007954202654103694,-1.0114085674285889,0.6478482196849098,0.6478482196849098,-1.7637107065900706,-1.7637107065900706,-0.6154755204476431,-0.6154755204476431,4.6166755468845375,4.6166755468845375,2.8853375395317338,2.8853375395317338,1.2956964393698196,-3.527421413180141,-1.2309510408952862,9.233351093769075,-1.4426687697658669,-1.4426687697658669,-2.8853375395317338,-1.9235583596878225,-1.9235583596878225,-1.4426687697658669,-1.4426687697658669,0.0,-1.9235583596878225,-1.9235583596878225,-1.4426687697658669,-1.4426687697658669,-1.4426687697658669,-1.4426687697658669,0.0,0.0,0.0,0.0,0.0,1.5,0.0,0.0,0.0,-1.4426687697658669,-1.4426687697658669,-1.4426687697658669,-1.4426687697658669,-1.4426687697658669,-1.4426687697658669,-1.4426687697658669,-1.4426687697658669,-1.4426687697658669,-1.4426687697658669,-0.1023949877241847,-4.731635891178278,-0.0005902014672756195,-0.009859834797680378,0.06960179656744003,-37.36653971633295,-36.37225541847585,-1.9235584735870361,-1.9235584735870361,-1.9235584735870361,-1.9235584735870361,-1.9235584735870361,-1.9235584735870361,-1.9235584735870361,-1.9235584735870361,-1.4426687955856323,-1.4426687955856323,1.4426687955856323,-1.4426687955856323,18.52493667602539,18.634178161621094,0.9942842978570994,0.0,0.0,0.10924148559570312,-37.36653971633295,-36.37225541847585,18.52493667602539,18.634178161621094,0.0,0.0,0.96,-0.6880278587341309,-0.5768798589706421,-0.6880278587341309,-0.5768798589706421,0.6880278587341309,-0.5768798589706421,-3.9130148887634277,-3.8088936805725098,-3.9130148887634277,-3.8088936805725098,3.9130148887634277,-3.8088936805725098,-1.9235584735870361,-1.9235584735870361,-1.9235584735870361,-1.9235584735870361,-1.8669233322143555,2.323500633239746,-1.8669233322143555,2.323500633239746,-17.827804601730442,22.187796663435275,1.8669233322143555,2.323500633239746,-1.4426687955856323,-1.4426687955856323,4.0,4.0,-1.4426687955856323,-1.4426687955856323,1.4426687955856323,-1.4426687955856323,-0.0005902014672756195,-0.009859834797680378,0.06960179656744003,0.00455576553940773,-0.049979761242866516,0.0017962034326046705,-0.0018008716870099306,0.011475712060928345,-0.9999325275421143,-1.0556379556655884,0.020872699096798897,0.07232241332530975
0.98,0.008762516246538444,-0.9777935743331909,-0.030150623057782648,0.1029136338442564,0.01970478282215267,0.05237424373626709,0.021143036605847144,0.05237424373626709,0.0,0.0,0.0,0.0,0.0,0.0,-1.0,48.0,0.96,-1.0,1.0,1.0,1.0,-1.0,1.0,-0.031844051793217656,-0.031844051793217656,-0.19439904823303222,-0.19439904823303222,0.011475982592473347,1.0556379556655884,0.7584871008522927,0.7584871008522927,3.2500799277887724,3.2500799277887724,-0.8879816954508472,-0.8879816954508472,-4.818565012431145,-4.818565012431145,-1.6979796792409276,-1.6979796792409276,1.5169742017045853,6.500159855577545,-1.7759633909016943,-9.63713002486229,0.8489898396204638,0.8489898396204638,1.6979796792409276,1.1319864528272852,1.1319864528272852,0.8489898396204638,0.8489898396204638,0.0,1.1319864528272852,1.1319864528272852,0.8489898396204638,0.8489898396204638,0.8489898396204638,0.8489898396204638,0.0,0.0,0.0,0.0,0.0,1.5,0.0,0.0,0.0,0.8489898396204638,0.8489898396204638,0.8489898396204638,0.8489898396204638,0.8489898396204638,0.8489898396204638,0.8489898396204638,0.8489898396204638,0.8489898396204638,0.8489898396204638,-0.11161954970237548,-4.843255440880653,-0.0004951180890202522,-0.010576477274298668,0.06962378323078156,22.853853943997684,16.183000565307854,1.1319864988327026,1.1319864988327026,1.1319864988327026,1.1319864988327026,1.1319864988327026,1.1319864988327026,1.1319864988327026,1.1319864988327026,0.8489898443222046,0.8489898443222046,-0.8489898443222046,0.8489898443222046,19.556533813476562,17.785139083862305,-6.670853378689831,0.0,0.0,-1.7713947296142578,22.853853943997684,16.183000565307854,19.556533813476562,17.785139083862305,0.0,0.0,0.98,-0.6553493738174438,-0.542292058467865,-0.6553493738174438,-0.542292058467865,0.6553493738174438,-0.542292058467865,2.393249988555908,1.694679856300354,2.393249988555908,1.694679856300354,-2.393249988555908,1.694679856300354,1.1319864988327026,1.1319864988327026,1.1319864988327026,1.1319864988327026,3.9130148887634277,-3.8088936805725098,3.9130148887634277,-3.8088936805725098,37.36653971633295,-36.37225541847585,3.9130148887634277,3.8088936805725098,0.8489898443222046,0.8489898443222046,4.0,4.0,0.8489898443222046,0.8489898443222046,-0.8489898443222046,0.8489898443222046,-0.0004951180890202522,-0.010576477274298668,0.06962378323078156,-0.00043520095641724765,-0.03903382644057274,0.005855354014784098,-0.0018813277129083872,0.008762388490140438,-0.9999598264694214,0.9777935743331909,-0.012577934190630913,0.050426505506038666
1.0,0.013564237183077836,1.0906329154968262,-0.03451748773008585,-0.1855578917324543,0.0206942914627323,0.0487072728574276,0.022132545246426775,0.0487072728574276,0.0,0.0,0.0,0.0,0.0,0.0,-1.0,49.0,0.98,-1.0,1.0,1.0,1.0,-1.0,1.0,-0.030150623057782648,-0.030150623057782648,0.1029136338442564,0.1029136338442564,0.008762516246538444,-0.9777935743331909,0.7181516604887134,0.7181516604887134,-1.720571878788585,-1.720571878788585,-0.6780207246149037,-0.6780207246149037,4.463236549401284,4.463236549401284,2.7827956064865083,2.7827956064865083,1.4363033209774267,-3.44114375757717,-1.3560414492298074,8.926473098802568,-1.3913978032432541,-1.3913978032432541,-2.7827956064865083,-1.8551970709910055,-1.8551970709910055,-1.3913978032432541,-1.3913978032432541,0.0,-1.8551970709910055,-1.8551970709910055,-1.3913978032432541,-1.3913978032432541,-1.3913978032432541,-1.3913978032432541,0.0,0.0,0.0,0.0,0.0,1.5,0.0,0.0,0.0,-1.3913978032432541,-1.3913978032432541,-1.3913978032432541,-1.3913978032432541,-1.3913978032432541,-1.3913978032432541,-1.3913978032432541,-1.3913978032432541,-1.3913978032432541,-1.3913978032432541,-0.09573026209523722,-4.938985702975891,-0.0004669935442507267,-0.01180620864033699,0.06956727057695389,-35.226793990259424,-35.158403306100084,-1.8551971912384033,-1.8551971912384033,-1.8551971912384033,-1.8551971912384033,-1.8551971912384033,-1.8551971912384033,-1.8551971912384033,-1.8551971912384033,-1.3913978338241577,-1.3913978338241577,1.3913978338241577,-1.3913978338241577,18.51893424987793,18.642786026000977,0.0683906841593398,0.0,0.0,0.12385177612304688,-35.226793990259424,-35.158403306100084,18.51893424987793,18.642786026000977,0.0,0.0,1.0,-0.7433902621269226,-0.6277115345001221,-0.7433902621269226,-0.6277115345001221,0.7433902621269226,-0.6277115345001221,-3.688941240310669,-3.681779384613037,-3.688941240310669,-3.681779384613037,3.688941240310669,-3.681779384613037,-1.8551971912384033,-1.8551971912384033,-1.8551971912384033,-1.8551971912384033,-2.393249988555908,1.694679856300354,-2.393249988555908,1.694679856300354,-22.853853943997684,16.183000565307854,2.393249988555908,1.694679856300354,-1.3913978338241577,-1.3913978338241577,4.0,4.0,-1.3913978338241577,-1.3913978338241577,1.3913978338241577,-1.3913978338241577,-0.0004669935442507267,-0.01180620864033699,0.06956727057695389,0.004551570862531662,-0.054212331771850586,0.0018553987611085176,-0.0014987754402682185,0.013563806191086769,-0.9999068975448608,-1.0906329154968262,0.018246281892061234,0.050594087690114975
1.02,0.007391022836069157,-0.6047612428665161,-0.032228332859277724,0.11798818196989595,0.015298317467147955,-0.35637032985687256,0.01673657125084243,-0.35637032985687256,0.0,0.0,0.0,0.0,0.0,0.0,-1.0,50.0,1.0,-1.0,1.0,1.0,1.0,-1.0,1.0,-0.03451748773008585,-0.03451748773008585,-0.1855578917324543,-0.1855578917324543,0.013564237183077836,1.0906329154968262,0.8221651367453688,0.8221651367453688,3.10226816871821,3.10226816871821,-1.049565406209887,-1.049565406209887,-4.978303006076813,-4.978303006076813,-2.103435106823121,-2.103435106823121,1.6443302734907377,6.20453633743642,-2.099130812419774,-9.956606012153626,1.0517175534115606,1.0517175534115606,2.103435106823121,1.402290071215414,1.402290071215414,1.0517175534115606,1.0517175534115606,0.0,1.402290071215414,1.402290071215414,1.0517175534115606,1.0517175534115606,1.0517175534115606,1.0517175534115606,0.0,0.0,0.0,0.0,0.0,1.5,0.0,0.0,0.0,1.0517175534115606,1.0517175534115606,1.0517175534115606,1.0517175534115606,1.0517175534115606,1.0517175534115606,1.0517175534115606,1.0517175534115606,1.0517175534115606,1.0517175534115606,-0.11919157701482935,-5.05817727999072,0.0024174735881388187,-0.011606408283114433,0.08469825983047485,42.70075808703228,2.0541234707075056,1.4022901058197021,1.4022901058197021,1.4022901058197021,1.4022901058197021,1.4022901058197021,1.4022901058197021,1.4022901058197021,1.4022901058197021,1.0517175197601318,1.0517175197601318,-1.0517175197601318,1.0517175197601318,0.0,180.4241485595703,-40.646634616324775,0.0,0.0,180.4241485595703,42.70075808703228,2.0541234707075056,0.0,180.4241485595703,0.0,0.0,1.02,-0.6527029871940613,-0.6274691224098206,-0.6527029871940613,-0.6274691224098206,0.6527029871940613,-0.6274691224098206,4.471612930297852,0.21510730683803558,4.471612930297852,0.21510730683803558,-4.471612930297852,0.21510730683803558,1.4022901058197021,1.4022901058197021,1.4022901058197021,1.4022901058197021,3.688941240310669,-3.681779384613037,3.688941240310669,-3.681779384613037,35.226793990259424,-35.158403306100084,3.688941240310669,3.681779384613037,1.0517175197601318,1.0517175197601318,4.0,4.0,1.0517175197601318,1.0517175197601318,-1.0517175197601318,1.0517175197601318,0.0024174735881388187,-0.011606408283114433,0.08469825983047485,0.5989746451377869,0.055684980005025864,1.2531931400299072,0.04897125065326691,0.007382087875157595,-0.998772919178009,0.6047612428665161,2.899907112121582,-0.3057222068309784
1.04,0.005696282753117509,0.6497099995613098,-0.034429165537655355,-0.07856872590333223,0.011992922059162919,0.2815241813659668,0.013431175842857392,0.2815241813659668,0.0,0.0,0.0,0.0,0.0,0.0,-1.0,51.0,1.02,-1.0,1.0,1.0,1.0,-1.0,1.0,-0.032228332859277724,-0.032228332859277724,0.11798818196989595,0.11798818196989595,0.007391022836069157,-0.6047612428665161,0.7676402147085643,0.7676402147085643,-1.9725972190819023,-1.9725972190819023,-0.5718981303956575,-0.5718981303956575,2.7604931691884995,2.7604931691884995,0.9836380344195041,0.9836380344195041,1.5352804294171285,-3.9451944381638047,-1.143796260791315,5.520986338376999,-0.4918190172097521,-0.4918190172097521,-0.9836380344195041,-0.6557586896130028,-0.6557586896130028,-0.4918190172097521,-0.4918190172097521,0.0,-0.6557586896130028,-0.6557586896130028,-0.4918190172097521,-0.4918190172097521,-0.4918190172097521,-0.4918190172097521,0.0,0.0,0.0,0.0,0.0,1.5,0.0,0.0,0.0,-0.4918190172097521,-0.4918190172097521,-0.4918190172097521,-0.4918190172097521,-0.4918190172097521,-0.4918190172097521,-0.4918190172097521,-0.4918190172097521,-0.4918190172097521,-0.4918190172097521,-0.036680176577853045,-5.094857456568573,0.011758269742131233,-0.008977441117167473,0.11894398182630539,-20.679019259428074,-9.123406400824315,-0.6557587385177612,-0.6557587385177612,-0.6557587385177612,-0.6557587385177612,-0.6557587385177612,-0.6557587385177612,-0.6557587385177612,-0.6557587385177612,-0.49181902408599854,-0.49181902408599854,0.49181902408599854,-0.49181902408599854,0.0,144.57029724121094,11.555612858603759,0.0,0.0,144.57029724121094,-20.679019259428074,-9.123406400824315,0.0,144.57029724121094,0.0,0.0,1.04,-0.6866727471351624,-0.6809207201004028,-0.6866727471351624,-0.6809207201004028,0.6866727471351624,-0.6809207201004028,-2.165501832962036,-0.9554008841514587,-2.165501832962036,-0.9554008841514587,2.165501832962036,-0.9554008841514587,-0.6557587385177612,-0.6557587385177612,-0.6557587385177612,-0.6557587385177612,-4.471612930297852,0.21510730683803558,-4.471612930297852,0.21510730683803558,-42.70075808703228,2.0541234707075056,4.471612930297852,0.21510730683803558,-0.49181902408599854,-0.49181902408599854,4.0,4.0,-0.49181902408599854,-0.49181902408599854,0.49181902408599854,-0.49181902408599854,0.011758269742131233,-0.008977441117167473,0.11894398182630539,0.8739808797836304,0.1667797565460205,2.103928565979004,0.10620159655809402,0.005664037540555,-0.994328498840332,-0.6497099995613098,2.6314215660095215,0.2287256419658661
1.06,0.02505624736714862,-0.45957091450691223,-0.031195321838557718,0.11307565278410911,0.017456815194830028,-0.29587748646736145,0.018895068978524502,-0.29587748646736145,0.0,0.0,0.0,0.0,0.0,0.0,-1.0,52.0,1.04,-1.0,1.0,1.0,1.0,-1.0,1.0,-0.034429165537655355,-0.034429165537655355,-0.07856872590333223,-0.07856872590333223,0.005696282753117509,0.6497099995613098,0.8200614081083054,0.8200614081083054,1.31355910088745,1.31355910088745,-0.4407635491010747,-0.4407635491010747,-2.965666263997555,-2.965666263997555,-1.2728093041028743,-1.2728093041028743,1.6401228162166108,2.6271182017749,-0.8815270982021494,-5.93133252799511,0.6364046520514371,0.6364046520514371,1.2728093041028743,0.8485395360685829,0.8485395360685829,0.6364046520514371,0.6364046520514371,0.0,0.8485395360685829,0.8485395360685829,0.6364046520514371,0.6364046520514371,0.6364046520514371,0.6364046520514371,0.0,0.0,0.0,0.0,0.0,1.5,0.0,0.0,0.0,0.6364046520514371,0.6364046520514371,0.6364046520514371,0.6364046520514371,0.6364046520514371,0.6364046520514371,0.6364046520514371,0.6364046520514371,0.6364046520514371,0.6364046520514371,-0.04230402436218014,-5.137161480930754,0.025490881875157356,-0.010571306571364403,0.15794144570827484,26.222735469079755,16.66874199014679,0.8485395312309265,0.8485395312309265,0.8485395312309265,0.8485395312309265,0.8485395312309265,0.8485395312309265,0.8485395312309265,0.8485395312309265,0.6364046335220337,0.6364046335220337,-0.6364046335220337,0.6364046335220337,0.0,0.0,-9.553993478932966,0.0,0.0,0.0,26.222735469079755,16.66874199014679,0.0,0.0,0.0,0.0,1.06,-0.629653811454773,-0.6094850897789001,-0.629653811454773,-0.6094850897789001,0.629653811454773,-0.6094850897789001,2.7460384368896484,1.745546579360962,2.7460384368896484,1.745546579360962,-2.7460384368896484,1.745546579360962,0.8485395312309265,0.8485395312309265,0.8485395312309265,0.8485395312309265,2.165501832962036,-0.9554008841514587,2.165501832962036,-0.9554008841514587,20.679019259428074,-9.123406400824315,2.165501832962036,0.9554008841514587,0.6364046335220337,0.6364046335220337,4.0,4.0,0.6364046335220337,0.6364046335220337,-0.6364046335220337,0.6364046335220337,0.025490881875157356,-0.010571306571364403,0.15794144570827484,0.6046340465545654,-0.018156228587031364,1.6557517051696777,0.11301447451114655,0.02489311620593071,-0.9932814836502075,0.45957091450691223,-1.3193907737731934,-0.27865520119667053
1.08,0.014853935178049851,-0.5215988159179688,-0.028782241298258304,0.0989296457260847,0.01358531183790069,-0.21503892540931702,0.015023565621595165,-0.21503892540931702,0.0,0.0,0.0,0.0,0.0,0.0,-1.0,53.0,1.06,-1.0,1.0,1.0,1.0,-1.0,1.0,-0.031195321838557718,-0.031195321838557718,0.11307565278410911,0.11307565278410911,0.02505624736714862,-0.45957091450691223,0.7430351318082385,0.7430351318082385,-1.8904666086364064,-1.8904666086364064,-1.9387872750268056,-1.9387872750268056,2.0977573963582516,2.0977573963582516,-0.9884613554967219,-0.9884613554967219,1.486070263616477,-3.7809332172728127,-3.877574550053611,4.195514792716503,0.49423067774836094,0.49423067774836094,0.9884613554967219,0.6589742369978145,0.6589742369978145,0.49423067774836094,0.49423067774836094,0.0,0.6589742369978145,0.6589742369978145,0.49423067774836094,0.49423067774836094,0.49423067774836094,0.49423067774836094,0.0,0.0,0.0,0.0,0.0,1.5,0.0,0.0,0.0,0.49423067774836094,0.49423067774836094,0.49423067774836094,0.49423067774836094,0.49423067774836094,0.49423067774836094,0.49423067774836094,0.49423067774836094,0.49423067774836094,0.49423067774836094,-0.021797015483426267,-5.15895849641418,0.03966470807790756,-0.009616097435355186,0.18820661306381226,18.900821628515136,18.62483986654674,0.658974289894104,0.658974289894104,0.658974289894104,0.658974289894104,0.658974289894104,0.658974289894104,0.658974289894104,0.658974289894104,0.4942306876182556,0.4942306876182556,-0.4942306876182556,0.4942306876182556,0.0,0.0,-0.27598176196839574,0.0,0.0,0.0,18.900821628515136,18.62483986654674,0.0,0.0,0.0,0.0,1.08,-0.5789066553115845,-0.5643799901008606,-0.5789066553115845,-0.5643799901008606,0.5789066553115845,-0.5643799901008606,1.9792894124984741,1.9503886699676514,1.9792894124984741,1.9503886699676514,-1.9792894124984741,1.9503886699676514,0.658974289894104,0.658974289894104,0.658974289894104,0.658974289894104,-2.7460384368896484,1.745546579360962,-2.7460384368896484,1.745546579360962,-26.222735469079755,16.66874199014679,2.7460384368896484,1.745546579360962,0.4942306876182556,0.4942306876182556,4.0,4.0,0.4942306876182556,0.4942306876182556,-0.4942306876182556,0.4942306876182556,0.03966470807790756,-0.009616097435355186,0.18820661306381226,0.6282452344894409,0.008456596173346043,1.4062048196792603,0.09428087621927261,0.014787226915359497,-0.9954358339309692,0.5215988159179688,-0.7531969547271729,-0.1778113842010498
1.1,0.0059196983398194436,-0.4602331221103668,-0.029184797525405884,-0.02670433492511511,0.010070279602222447,-0.21231482923030853,0.011508533385916921,-0.21231482923030853,0.0,0.0,0.0,0.0,0.0,0.0,-1.0,54.0,1.08,-1.0,1.0,1.0,1.0,-1.0,1.0,-0.028782241298258304,-0.028782241298258304,0.0989296457260847,0.0989296457260847,0.014853935178049851,-0.5215988159179688,0.6855584490349549,0.6855584490349549,-1.6539651750361195,-1.6539651750361195,-1.1493588838460345,-1.1493588838460345,2.3808899551391605,2.3808899551391605,0.2631243452919616,0.2631243452919616,1.3711168980699098,-3.307930350072239,-2.298717767692069,4.761779910278321,-0.1315621726459808,-0.1315621726459808,-0.2631243452919616,-0.17541623019464106,-0.17541623019464106,-0.1315621726459808,-0.1315621726459808,0.0,-0.17541623019464106,-0.17541623019464106,-0.1315621726459808,-0.1315621726459808,-0.1315621726459808,-0.1315621726459808,0.0,0.0,0.0,0.0,0.0,1.5,0.0,0.0,0.0,-0.1315621726459808,-0.1315621726459808,-0.1315621726459808,-0.1315621726459808,-0.1315621726459808,-0.1315621726459808,-0.1315621726459808,-0.1315621726459808,-0.1315621726459808,-0.1315621726459808,-0.027468592737683973,-5.186427089151864,0.05362666770815849,-0.008508164435625076,0.21428394317626953,-5.063126454994226,-5.066272326289448,-0.1754162311553955,-0.1754162311553955,-0.1754162311553955,-0.1754162311553955,-0.1754162311553955,-0.1754162311553955,-0.1754162311553955,-0.1754162311553955,-0.13156217336654663,-0.13156217336654663,0.13156217336654663,-0.13156217336654663,0.0,0.0,-0.0031458712952217027,0.0,0.0,0.0,-5.063126454994226,-5.066272326289448,0.0,0.0,0.0,0.0,1.1,-0.5868725180625916,-0.5724044442176819,-0.5868725180625916,-0.5724044442176819,0.5868725180625916,-0.5724044442176819,-0.5302093625068665,-0.53053879737854,-0.5302093625068665,-0.53053879737854,0.5302093625068665,-0.53053879737854,-0.1754162311553955,-0.1754162311553955,-0.1754162311553955,-0.1754162311553955,-1.9792894124984741,1.9503886699676514,-1.9792894124984741,1.9503886699676514,-18.900821628515136,18.62483986654674,1.9792894124984741,1.9503886699676514,-0.13156217336654663,-0.13156217336654663,4.0,4.0,-0.13156217336654663,-0.13156217336654663,0.13156217336654663,-0.13156217336654663,0.05362666770815849,-0.008508164435625076,0.21428394317626953,0.6299986243247986,0.013008234091103077,1.208331823348999,0.07992212474346161,0.0059007275849580765,-0.9967836737632751,0.4602331221103668,-0.7150598764419556,-0.18033140897750854
1.12,-0.0004610724478471386,-0.3513540029525757,-0.035660772444307806,-0.28237113305330275,0.006010560037653125,-0.23113523423671722,0.007448813821347599,-0.23113523423671722,0.0,0.0,0.0,0.0,0.0,0.0,-1.0,55.0,1.1,-1.0,1.0,1.0,1.0,-1.0,1.0,-0.029184797525405884,-0.029184797525405884,-0.02670433492511511,-0.02670433492511511,0.0059196983398194436,-0.4602331221103668,0.6951468552981377,0.6951468552981377,0.44645909387902943,0.44645909387902943,-0.458050866319545,-0.458050866319545,2.1007801091849805,2.1007801091849805,2.7843351920426027,2.7843351920426027,1.3902937105962754,0.8929181877580589,-0.91610173263909,4.201560218369961,-1.3921675960213014,-1.3921675960213014,-2.7843351920426027,-1.8562234613617352,-1.8562234613617352,-1.3921675960213014,-1.3921675960213014,0.0,-1.8562234613617352,-1.8562234613617352,-1.3921675960213014,-1.3921675960213014,-1.3921675960213014,-1.3921675960213014,0.0,0.0,0.0,0.0,0.0,1.5,0.0,0.0,0.0,-1.3921675960213014,-1.3921675960213014,-1.3921675960213014,-1.3921675960213014,-1.3921675960213014,-1.3921675960213014,-1.3921675960213014,-1.3921675960213014,-1.3921675960213014,-1.3921675960213014,-0.021259083117509993,-5.207686172269374,0.06757333874702454,-0.007473058998584747,0.23641808331012726,-53.508858536579346,-53.59921283237972,-1.856223464012146,-1.856223464012146,-1.856223464012146,-1.856223464012146,-1.856223464012146,-1.856223464012146,-1.856223464012146,-1.856223464012146,-1.392167568206787,-1.392167568206787,1.392167568206787,-1.392167568206787,0.0,0.0,-0.09035429580037402,0.0,0.0,0.0,-53.508858536579346,-53.59921283237972,0.0,0.0,0.0,0.0,1.12,-0.7155175805091858,-0.7009977102279663,-0.7155175805091858,-0.7009977102279663,0.7155175805091858,-0.7009977102279663,-5.6034345626831055,-5.61289644241333,-5.6034345626831055,-5.61289644241333,5.6034345626831055,-5.61289644241333,-1.856223464012146,-1.856223464012146,-1.856223464012146,-1.856223464012146,0.5302093625068665,-0.53053879737854,0.5302093625068665,-0.53053879737854,5.063126454994226,-5.066272326289448,0.5302093625068665,0.53053879737854,-1.392167568206787,-1.392167568206787,4.0,4.0,-1.392167568206787,-1.392167568206787,1.392167568206787,-1.392167568206787,0.06757333874702454,-0.007473058998584747,0.23641808331012726,0.6310774087905884,0.020381707698106766,1.0118772983551025,0.06599471718072891,-0.00046006726915948093,-0.9978198409080505,0.3513540029525757,-0.6921433210372925,-0.20808292925357819
1.1400000000000001,-0.0022485796378338896,-0.1534143090248108,-0.05287507536113262,-0.7310786858320236,0.0011753804527292388,-0.2563020884990692,0.002613634236423713,-0.2563020884990692,0.0,0.0,0.0,0.0,0.0,0.0,-1.0,56.0,1.12,-1.0,1.0,1.0,1.0,-1.0,1.0,-0.035660772444307806,-0.035660772444307806,-0.28237113305330275,-0.28237113305330275,-0.0004610724478471386,-0.3513540029525757,0.8493968066964788,0.8493968066964788,4.720850025064947,4.720850025064947,0.03567658722604718,0.03567658722604718,1.6037904818773272,1.6037904818773272,7.2097139008648,7.2097139008648,1.6987936133929575,9.441700050129894,0.07135317445209435,3.2075809637546544,-3.6048569504324,-3.6048569504324,-7.2097139008648,-4.806475933909867,-4.806475933909867,-3.6048569504324,-3.6048569504324,0.0,-4.806475933909867,-4.806475933909867,-3.6048569504324,-3.6048569504324,-3.6048569504324,-3.6048569504324,0.0,0.0,0.0,0.0,0.0,1.5,0.0,0.0,0.0,-3.6048569504324,-3.6048569504324,-3.6048569504324,-3.6048569504324,-3.6048569504324,-3.6048569504324,-3.6048569504324,-3.6048569504324,-3.6048569504324,-3.6048569504324,-0.012408760661448257,-5.220094932930822,0.08149965107440948,-0.0065686143934726715,0.25461119413375854,-138.63435310590535,-138.67596261832907,-4.80647611618042,-4.80647611618042,-4.80647611618042,-4.80647611618042,-4.80647611618042,-4.80647611618042,-4.80647611618042,-4.80647611618042,-3.6048569679260254,-3.6048569679260254,3.6048569679260254,-3.6048569679260254,0.0,0.0,-0.0416095124237188,0.0,0.0,0.0,-138.63435310590535,-138.67596261832907,0.0,0.0,0.0,0.0,1.1400000000000001,-1.0574486255645752,-1.0428522825241089,-1.0574486255645752,-1.0428522825241089,1.0574486255645752,-1.0428522825241089,-14.517755508422852,-14.522112846374512,-14.517755508422852,-14.522112846374512,14.517755508422852,-14.522112846374512,-4.80647611618042,-4.80647611618042,-4.80647611618042,-4.80647611618042,5.6034345626831055,-5.61289644241333,5.6034345626831055,-5.61289644241333,53.508858536579346,-53.59921283237972,5.6034345626831055,5.61289644241333,-3.6048569679260254,-3.6048569679260254,4.0,4.0,-3.6048569679260254,-3.6048569679260254,3.6048569679260254,-3.6048569679260254,0.08149965107440948,-0.0065686143934726715,0.25461119413375854,0.6332079768180847,0.03333815932273865,0.8176592588424683,0.05269535258412361,-0.0022454536519944668,-0.9986081123352051,0.1534143090248108,-0.6528646945953369,-0.24709582328796387
1.16,-0.0027203263220405404,-0.1046133041381836,-0.07285023307800292,-0.8110603102207183,-0.0035082518260613183,-0.2444518655538559,-0.0020699980423668444,-0.2444518655538559,0.0,0.0,0.0,0.0,0.0,0.0,-1.0,57.0,1.1400000000000001,-1.0,1.0,1.0,1.0,-1.0,1.0,-0.05287507536113262,-0.05287507536113262,-0.7310786858320236,-0.7310786858320236,-0.0022485796378338896,-0.1534143090248108,1.2594208450117457,1.2594208450117457,12.22261211695127,12.22261211695127,0.173989246068528,0.173989246068528,0.7002749549746514,0.7002749549746514,14.356297163006195,14.356297163006195,2.5188416900234913,24.44522423390254,0.347978492137056,1.4005499099493028,-7.178148581503097,-7.178148581503097,-14.356297163006195,-9.570864775337464,-9.570864775337464,-7.178148581503097,-7.178148581503097,0.0,-9.570864775337464,-9.570864775337464,-7.178148581503097,-7.178148581503097,-7.178148581503097,-7.178148581503097,0.0,0.0,0.0,0.0,0.0,1.5,0.0,0.0,0.0,-7.178148581503097,-7.178148581503097,-7.178148581503097,-7.178148581503097,-7.178148581503097,-7.178148581503097,-7.178148581503097,-7.178148581503097,-7.178148581503097,-7.178148581503097,-0.002498439811465968,-5.2225933727422875,0.09542351961135864,-0.005715302657335997,0.2689202129840851,-153.88858796296944,-153.76008933738427,-5.333333492279053,-5.333333492279053,-5.333333492279053,-5.333333492279053,-5.333333492279053,-5.333333492279053,-5.333333492279053,-5.333333492279053,-4.0,-4.0,4.0,-4.0,0.0,0.0,0.12849862558516634,0.0,0.0,0.0,-153.88858796296944,-153.76008933738427,0.0,0.0,0.0,0.0,1.16,-1.4541997909545898,-1.4395532608032227,-1.4541997909545898,-1.4395532608032227,1.4541997909545898,-1.4395532608032227,-16.115175247192383,-16.10171890258789,-16.115175247192383,-16.10171890258789,16.115175247192383,-16.10171890258789,-5.333333492279053,-5.333333492279053,-5.333333492279053,-5.333333492279053,14.517755508422852,-14.522112846374512,14.517755508422852,-14.522112846374512,138.63435310590535,-138.67596261832907,14.517755508422852,14.522112846374512,-4.0,-4.0,4.0,4.0,-4.0,-4.0,4.0,-4.0,0.09542351961135864,-0.005715302657335997,0.2689202129840851,0.6331140995025635,0.03558338060975075,0.6232156753540039,0.039458077400922775,-0.0027182043995708227,-0.9992175102233887,0.1046133041381836,-0.6546670198440552,-0.23873130977153778
1.18,-0.0028445449607546794,-0.0867297351360321,-0.0929957328826189,-0.811085711479187,-0.00794876136022677,-0.23549529910087585,-0.006510507576532296,-0.23549529910087585,0.0,0.0,0.0,0.0,0.0,0.0,-1.0,58.0,1.16,-1.0,1.0,1.0,1.0,-1.0,1.0,-0.07285023307800292,-0.07285023307800292,-0.8110603102207183,-0.8110603102207183,-0.0027203263220405404,-0.1046133041381836,1.7352051316383361,1.7352051316383361,13.5597929024561,13.5597929024561,0.2104917779510597,0.2104917779510597,0.47751788806915285,0.47751788806915285,15.98300770011465,15.98300770011465,3.4704102632766722,27.1195858049122,0.4209835559021194,0.9550357761383057,-7.991503850057325,-7.991503850057325,-15.98300770011465,-10.6553384667431,-10.6553384667431,-7.991503850057325,-7.991503850057325,0.0,-10.6553384667431,-10.6553384667431,-7.991503850057325,-7.991503850057325,-7.991503850057325,-7.991503850057325,0.0,0.0,0.0,0.0,0.0,1.5,0.0,0.0,0.0,-7.991503850057325,-7.991503850057325,-7.991503850057325,-7.991503850057325,-7.991503850057325,-7.991503850057325,-7.991503850057325,-7.991503850057325,-7.991503850057325,-7.991503850057325,-0.0013671523385451643,-5.223960525080833,0.10935364663600922,-0.0049041081219911575,0.2793469727039337,-153.89243108274243,-153.76588133780044,-5.333333492279053,-5.333333492279053,-5.333333492279053,-5.333333492279053,-5.333333492279053,-5.333333492279053,-5.333333492279053,-5.333333492279053,-4.0,-4.0,4.0,-4.0,0.0,0.0,0.12654974494199678,0.0,0.0,0.0,-153.89243108274243,-153.76588133780044,0.0,0.0,0.0,0.0,1.18,-1.8542778491973877,-1.8396936655044556,-1.8542778491973877,-1.8396936655044556,1.8542778491973877,-1.8396936655044556,-16.115577697753906,-16.102325439453125,-16.115577697753906,-16.102325439453125,16.115577697753906,-16.102325439453125,-5.333333492279053,-5.333333492279053,-5.333333492279053,-5.333333492279053,16.115175247192383,-16.10171890258789,16.115175247192383,-16.10171890258789,153.88858796296944,-153.76008933738427,16.115175247192383,16.10171890258789,-4.0,-4.0,4.0,4.0,-4.0,-4.0,4.0,-4.0,0.10935364663600922,-0.0049041081219911575,0.2793469727039337,0.6322304010391235,0.0351920947432518,0.4279612600803375,0.025986358523368835,-0.0028435804415494204,-0.9996582269668579,0.0867297351360321,-0.6691220998764038,-0.23141789436340332
1.2,-0.0026089117139440786,-0.06719285994768143,-0.11314730690121651,-0.8111873165130615,-0.012343366433638094,-0.23693175613880157,-0.01090511264994362,-0.23693175613880157,0.0,0.0,0.0,0.0,0.0,0.0,-1.0,59.0,1.18,-1.0,1.0,1.0,1.0,-1.0,1.0,-0.0929957328826189,-0.0929957328826189,-0.811085711479187,-0.811085711479187,-0.0028445449607546794,-0.0867297351360321,2.215046762384523,2.215046762384523,13.560217575935933,13.560217575935933,0.2201034932462991,0.2201034932462991,0.3958865490019322,0.3958865490019322,16.391254380568686,16.391254380568686,4.430093524769046,27.120435151871867,0.4402069864925982,0.7917730980038644,-8.195627190284343,-8.195627190284343,-16.391254380568686,-10.927502920379125,-10.927502920379125,-8.195627190284343,-8.195627190284343,0.0,-10.927502920379125,-10.927502920379125,-8.195627190284343,-8.195627190284343,-8.195627190284343,-8.195627190284343,0.0,0.0,0.0,0.0,0.0,1.5,0.0,0.0,0.0,-8.195627190284343,-8.195627190284343,-8.195627190284343,-8.195627190284343,-8.195627190284343,-8.195627190284343,-8.195627190284343,-8.195627190284343,-8.195627190284343,-8.195627190284343,-0.0011927064484291536,-5.225153231529262,0.12329389154911041,-0.004149173852056265,0.28587865829467773,-153.85705980976067,-153.83979309153887,-5.333333492279053,-5.333333492279053,-5.333333492279053,-5.333333492279053,-5.333333492279053,-5.333333492279053,-5.333333492279053,-5.333333492279053,-4.0,-4.0,4.0,-4.0,0.0,0.0,0.017266718221804922,0.0,0.0,0.0,-153.85705980976067,-153.83979309153887,0.0,0.0,0.0,0.0,1.2,-2.2543840408325195,-2.2400472164154053,-2.2543840408325195,-2.2400472164154053,2.2543840408325195,-2.2400472164154053,-16.111873626708984,-16.110065460205078,-16.111873626708984,-16.110065460205078,16.111873626708984,-16.110065460205078,-5.333333492279053,-5.333333492279053,-5.333333492279053,-5.333333492279053,16.115577697753906,-16.102325439453125,16.115577697753906,-16.102325439453125,153.89243108274243,-153.76588133780044,16.115577697753906,16.102325439453125,-4.0,-4.0,4.0,4.0,-4.0,-4.0,4.0,-4.0,0.12329389154911041,-0.004149173852056265,0.28587865829467773,0.6310684680938721,0.03454475477337837,0.23195946216583252,0.012162590399384499,-0.0026087157893925905,-0.9999226331710815,0.06719285994768143,-0.687330961227417,-0.23433959484100342
1.22,-0.0019976664040251804,-0.04918636754155159,-0.1333062906205654,-0.8113310809135437,-0.01690037624922383,-0.24798336625099182,-0.015462122465529356,-0.24798336625099182,0.0,0.0,0.0,0.0,0.0,0.0,-1.0,60.0,1.2,-1.0,1.0,1.0,1.0,-1.0,1.0,-0.11314730690121651,-0.11314730690121651,-0.8111873165130615,-0.8111873165130615,-0.0026089117139440786,-0.06719285994768143,2.6950330736186956,2.6950330736186956,13.561916269855269,13.561916269855269,0.20187080525453652,0.20187080525453652,0.30670852851718666,0.30670852851718666,16.765528677245687,16.765528677245687,5.390066147237391,27.123832539710538,0.40374161050907303,0.6134170570343733,-8.382764338622843,-8.382764338622843,-16.765528677245687,-11.177019118163791,-11.177019118163791,-8.382764338622843,-8.382764338622843,0.0,-11.177019118163791,-11.177019118163791,-8.382764338622843,-8.382764338622843,-8.382764338622843,-8.382764338622843,0.0,0.0,0.0,0.0,0.0,1.5,0.0,0.0,0.0,-8.382764338622843,-8.382764338622843,-8.382764338622843,-8.382764338622843,-8.382764338622843,-8.382764338622843,-8.382764338622843,-8.382764338622843,-8.382764338622843,-8.382764338622843,-0.0010984101160759316,-5.226251641645338,0.13724537193775177,-0.0034583183005452156,0.2884993553161621,-153.79859339046536,-153.95279174116757,-5.333333492279053,-5.333333492279053,-5.333333492279053,-5.333333492279053,-5.333333492279053,-5.333333492279053,-5.333333492279053,-5.333333492279053,-4.0,-4.0,4.0,-4.0,0.0,0.0,-0.15419835070221666,0.0,0.0,0.0,-153.79859339046536,-153.95279174116757,0.0,0.0,0.0,0.0,1.22,-2.654569149017334,-2.6406161785125732,-2.654569149017334,-2.6406161785125732,2.654569149017334,-2.6406161785125732,-16.105751037597656,-16.121898651123047,-16.105751037597656,-16.121898651123047,16.105751037597656,-16.121898651123047,-5.333333492279053,-5.333333492279053,-5.333333492279053,-5.333333492279053,16.111873626708984,-16.110065460205078,16.111873626708984,-16.110065460205078,153.85705980976067,-153.83979309153887,16.111873626708984,16.110065460205078,-4.0,-4.0,4.0,4.0,-4.0,-4.0,4.0,-4.0,0.13724537193775177,-0.0034583183005452156,0.2884993553161621,0.6298837661743164,0.03379586711525917,0.03507092222571373,-0.002045990200713277,-0.001997660845518112,-0.9999958872795105,0.04918636754155159,-0.7052802443504333,-0.24667610228061676
1.24,-0.0010742935747017593,-0.035650353878736496,-0.15347156463265418,-0.8113676222324371,-0.021795790113986076,-0.26642006635665894,-0.020357536330291602,-0.26642006635665894,0.0,0.0,0.0,0.0,0.0,0.0,-1.0,61.0,1.22,-1.0,1.0,1.0,1.0,-1.0,1.0,-0.1333062906205654,-0.1333062906205654,-0.8113310809135437,-0.8113310809135437,-0.0019976664040251804,-0.04918636754155159,3.175195875033123,3.175195875033123,13.56431980936117,13.56431980936117,0.154574232410818,0.154574232410818,0.22451609328016642,0.22451609328016642,17.118606010085276,17.118606010085276,6.350391750066246,27.12863961872234,0.309148464821636,0.44903218656033284,-8.559303005042638,-8.559303005042638,-17.118606010085276,-11.412404006723518,-11.412404006723518,-8.559303005042638,-8.559303005042638,0.0,-11.412404006723518,-11.412404006723518,-8.559303005042638,-8.559303005042638,-8.559303005042638,-8.559303005042638,0.0,0.0,0.0,0.0,0.0,1.5,0.0,0.0,0.0,-8.559303005042638,-8.559303005042638,-8.559303005042638,-8.559303005042638,-8.559303005042638,-8.559303005042638,-8.559303005042638,-8.559303005042638,-8.559303005042638,-8.559303005042638,-0.001134448902205763,-5.227386090547544,0.15120667219161987,-0.002829677890986204,0.2871929109096527,-153.7129519251923,-154.0522939369963,-5.333333492279053,-5.333333492279053,-5.333333492279053,-5.333333492279053,-5.333333492279053,-5.333333492279053,-5.333333492279053,-5.333333492279053,-4.0,-4.0,4.0,-4.0,0.0,0.0,-0.3393420118040069,0.0,0.0,0.0,-153.7129519251923,-154.0522939369963,0.0,0.0,0.0,0.0,1.24,-3.054865837097168,-3.04132342338562,-3.054865837097168,-3.04132342338562,3.054865837097168,-3.04132342338562,-16.096782684326172,-16.1323184967041,-16.096782684326172,-16.1323184967041,16.096782684326172,-16.1323184967041,-5.333333492279053,-5.333333492279053,-5.333333492279053,-5.333333492279053,16.105751037597656,-16.121898651123047,16.105751037597656,-16.121898651123047,153.79859339046536,-153.95279174116757,16.105751037597656,16.121898651123047,-4.0,-4.0,4.0,4.0,-4.0,-4.0,4.0,-4.0,0.15120667219161987,-0.002829677890986204,0.2871929109096527,0.6289118528366089,0.03308715298771858,-0.16264300048351288,-0.016593610867857933,-0.0010741454316303134,-0.9998617172241211,0.035650353878736496,-0.719468891620636,-0.26627564430236816
1.26,2.5013700209331353e-05,-0.029397061094641685,-0.1736388613820076,-0.8111373302936554,-0.027148548159295814,-0.2888435125350952,-0.02571029437560134,-0.2888435125350952,0.0,0.0,0.0,0.0,0.0,0.0,-1.0,62.0,1.24,-1.0,1.0,1.0,1.0,-1.0,1.0,-0.15347156463265418,-0.15347156463265418,-0.8113676222324371,-0.8113676222324371,-0.0010742935747017593,-0.035650353878736496,3.655508503672263,3.655508503672263,13.564930729055222,13.564930729055222,0.0831260436471279,0.0831260436471279,0.16272960531488062,0.16272960531488062,17.466294881689493,17.466294881689493,7.311017007344526,27.129861458110444,0.1662520872942558,0.32545921062976124,-8.733147440844746,-8.733147440844746,-17.466294881689493,-11.644196587792996,-11.644196587792996,-8.733147440844746,-8.733147440844746,0.0,-11.644196587792996,-11.644196587792996,-8.733147440844746,-8.733147440844746,-8.733147440844746,-8.733147440844746,0.0,0.0,0.0,0.0,0.0,1.5,0.0,0.0,0.0,-8.733147440844746,-8.733147440844746,-8.733147440844746,-8.733147440844746,-8.733147440844746,-8.733147440844746,-8.733147440844746,-8.733147440844746,-8.733147440844746,-8.733147440844746,-0.0013059249373923074,-5.228692015484936,0.16517479717731476,-0.0022516618482768536,0.28194472193717957,-153.59250381590886,-154.08538848025475,-5.333333492279053,-5.333333492279053,-5.333333492279053,-5.333333492279053,-5.333333492279053,-5.333333492279053,-5.333333492279053,-5.333333492279053,-4.0,-4.0,4.0,-4.0,0.0,0.0,-0.49288466434589395,0.0,0.0,0.0,-153.59250381590886,-154.08538848025475,0.0,0.0,0.0,0.0,1.26,-3.4552645683288574,-3.4420089721679688,-3.4552645683288574,-3.4420089721679688,3.4552645683288574,-3.4420089721679688,-16.084169387817383,-16.135784149169922,-16.084169387817383,-16.135784149169922,16.084169387817383,-16.135784149169922,-5.333333492279053,-5.333333492279053,-5.333333492279053,-5.333333492279053,16.096782684326172,-16.1323184967041,16.096782684326172,-16.1323184967041,153.7129519251923,-154.0522939369963,16.096782684326172,16.1323184967041,-4.0,-4.0,4.0,4.0,-4.0,-4.0,4.0,-4.0,0.16517479717731476,-0.0022516618482768536,0.28194472193717957,0.6283191442489624,0.03254295140504837,-0.36106622219085693,-0.031377162784338,2.5001383619382977e-05,-0.9995076060295105,0.029397061094641685,-0.7277142405509949,-0.2899268567562103
1.28,0.0011150411507488169,-0.03152564540505409,-0.19379999988675117,-0.8104543773651123,-0.033009877916941495,-0.3118763864040375,-0.03157162413324703,-0.3118763864040375,0.0,0.0,0.0,0.0,0.0,0.0,-1.0,63.0,1.26,-1.0,1.0,1.0,1.0,-1.0,1.0,-0.1736388613820076,-0.1736388613820076,-0.8111373302936554,-0.8111373302936554,2.5013700209331353e-05,-0.029397061094641685,4.135869311485762,4.135869311485762,13.561080570247507,13.561080570247507,-0.0019354950865775157,-0.0019354950865775157,0.13418582507260146,0.13418582507260146,17.829200211719293,17.829200211719293,8.271738622971524,27.122161140495013,-0.0038709901731550315,0.2683716501452029,-8.914600105859646,-8.914600105859646,-17.829200211719293,-11.886133474479529,-11.886133474479529,-8.914600105859646,-8.914600105859646,0.0,-11.886133474479529,-11.886133474479529,-8.914600105859646,-8.914600105859646,-8.914600105859646,-8.914600105859646,0.0,0.0,0.0,0.0,0.0,1.5,0.0,0.0,0.0,-8.914600105859646,-8.914600105859646,-8.914600105859646,-8.914600105859646,-8.914600105859646,-8.914600105859646,-8.914600105859646,-8.914600105859646,-8.914600105859646,-8.914600105859646,-0.0015939420548874105,-5.230285957539823,0.17914636433124542,-0.0017052064649760723,0.2727440893650055,-153.41307929987207,-154.0057575814513,-5.333333492279053,-5.333333492279053,-5.333333492279053,-5.333333492279053,-5.333333492279053,-5.333333492279053,-5.333333492279053,-5.333333492279053,-4.0,-4.0,4.0,-4.0,0.0,0.0,-0.5926782815792251,0.0,0.0,0.0,-153.41307929987207,-154.0057575814513,0.0,0.0,0.0,0.0,1.28,-3.855673313140869,-3.842439889907837,-3.855673313140869,-3.842439889907837,3.855673313140869,-3.842439889907837,-16.065380096435547,-16.127445220947266,-16.065380096435547,-16.127445220947266,16.065380096435547,-16.127445220947266,-5.333333492279053,-5.333333492279053,-5.333333492279053,-5.333333492279053,16.084169387817383,-16.135784149169922,16.084169387817383,-16.135784149169922,153.59250381590886,-154.08538848025475,16.084169387817383,16.135784149169922,-4.0,-4.0,4.0,4.0,-4.0,-4.0,4.0,-4.0,0.17914636433124542,-0.0017052064649760723,0.2727440893650055,0.6281524896621704,0.032243046909570694,-0.5598705410957336,-0.046266231685876846,0.0011138468980789185,-0.9989285469055176,0.03152564540505409,-0.7297224402427673,-0.31448471546173096
1.3,0.001988898249398168,-0.04156500846147537,-0.21394649305343627,-0.809716924571991,-0.03937361506414571,-0.33290964365005493,-0.037935361280451246,-0.33290964365005493,0.0,0.0,0.0,0.0,0.0,0.0,-1.0,64.0,1.28,-1.0,1.0,1.0,1.0,-1.0,1.0,-0.19379999988675117,-0.19379999988675117,-0.8104543773651123,-0.8104543773651123,0.0011150411507488169,-0.03152564540505409,4.6160834373025486,4.6160834373025486,13.549662553416365,13.549662553416365,-0.0862789851379515,-0.0862789851379515,0.14390196101590993,0.14390196101590993,18.223368966596873,18.223368966596873,9.232166874605097,27.09932510683273,-0.172557970275903,0.28780392203181987,-9.111684483298436,-9.111684483298436,-18.223368966596873,-12.148912644397916,-12.148912644397916,-9.111684483298436,-9.111684483298436,0.0,-12.148912644397916,-12.148912644397916,-9.111684483298436,-9.111684483298436,-9.111684483298436,-9.111684483298436,0.0,0.0,0.0,0.0,0.0,1.5,0.0,0.0,0.0,-9.111684483298436,-9.111684483298436,-9.111684483298436,-9.111684483298436,-9.111684483298436,-9.111684483298436,-9.111684483298436,-9.111684483298436,-9.111684483298436,-9.111684483298436,-0.001978551946393622,-5.232264509486217,0.19311851263046265,-0.0011665988713502884,0.25958678126335144,-153.15633704243072,-153.98277171816449,-5.333333492279053,-5.333333492279053,-5.333333492279053,-5.333333492279053,-5.333333492279053,-5.333333492279053,-5.333333492279053,-5.333333492279053,-4.0,-4.0,4.0,-4.0,0.0,0.0,-0.8264346757337648,0.0,0.0,0.0,-153.15633704243072,-153.98277171816449,0.0,0.0,0.0,0.0,1.3,-4.255923271179199,-4.242447853088379,-4.255923271179199,-4.242447853088379,4.255923271179199,-4.242447853088379,-16.038494110107422,-16.125038146972656,-16.038494110107422,-16.125038146972656,16.038494110107422,-16.125038146972656,-5.333333492279053,-5.333333492279053,-5.333333492279053,-5.333333492279053,16.065380096435547,-16.127445220947266,16.065380096435547,-16.127445220947266,153.41307929987207,-154.0057575814513,16.065380096435547,16.127445220947266,-4.0,-4.0,4.0,4.0,-4.0,-4.0,4.0,-4.0,0.19311851263046265,-0.0011665988713502884,0.25958678126335144,0.628383994102478,0.032253243029117584,-0.7587170600891113,-0.06113337725400925,0.001985176932066679,-0.9981276392936707,0.04156500846147537,-0.7262685298919678,-0.3375243842601776
1.32,0.0024644950774637734,-0.05832229554653168,-0.2340848052382469,-0.8097901512622833,-0.04619215668027543,-0.3499877452850342,-0.04475390289658096,-0.3499877452850342,0.0,0.0,0.0,0.0,0.0,0.0,-1.0,65.0,1.3,-1.0,1.0,1.0,1.0,-1.0,1.0,-0.21394649305343627,-0.21394649305343627,-0.809716924571991,-0.809716924571991,0.001988898249398168,-0.04156500846147537,5.095948728741187,5.095948728741187,13.537333375149286,13.537333375149286,-0.1538957754029818,-0.1538957754029818,0.1897276376232505,0.1897276376232505,18.66911396611074,18.66911396611074,10.191897457482375,27.074666750298572,-0.3077915508059636,0.379455275246501,-9.33455698305537,-9.33455698305537,-18.66911396611074,-12.44607597740716,-12.44607597740716,-9.33455698305537,-9.33455698305537,0.0,-12.44607597740716,-12.44607597740716,-9.33455698305537,-9.33455698305537,-9.33455698305537,-9.33455698305537,0.0,0.0,0.0,0.0,0.0,1.5,0.0,0.0,0.0,-9.33455698305537,-9.33455698305537,-9.33455698305537,-9.33455698305537,-9.33455698305537,-9.33455698305537,-9.33455698305537,-9.33455698305537,-9.33455698305537,-9.33455698305537,-0.002465375803579914,-5.234729885289797,0.20708927512168884,-0.000611970666795969,0.24247416853904724,-153.05854694735393,-154.108337915866,-5.333333492279053,-5.333333492279053,-5.333333492279053,-5.333333492279053,-5.333333492279053,-5.333333492279053,-5.333333492279053,-5.333333492279053,-4.0,-4.0,4.0,-4.0,0.0,0.0,-1.0497909685120703,0.0,0.0,0.0,-153.05854694735393,-154.108337915866,0.0,0.0,0.0,0.0,1.32,-4.655951023101807,-4.642353057861328,-4.655951023101807,-4.642353057861328,4.655951023101807,-4.642353057861328,-16.02825355529785,-16.138187408447266,-16.02825355529785,-16.138187408447266,16.02825355529785,-16.138187408447266,-5.333333492279053,-5.333333492279053,-5.333333492279053,-5.333333492279053,16.038494110107422,-16.125038146972656,16.038494110107422,-16.125038146972656,153.15633704243072,-153.98277171816449,16.038494110107422,16.125038146972656,-4.0,-4.0,4.0,4.0,-4.0,-4.0,4.0,-4.0,0.20708927512168884,-0.000611970666795969,0.24247416853904724,0.6289686560630798,0.03263663128018379,-0.9573207497596741,-0.07587030529975891,0.0024573891423642635,-0.9971146583557129,0.05832229554653168,-0.7180430293083191,-0.3572078347206116
1.34,0.0024107394202128353,-0.07874137163162231,-0.25422189297676084,-0.8100579928874969,-0.05338430198775665,-0.3618796765804291,-0.051946048204062185,-0.3618796765804291,0.0,0.0,0.0,0.0,0.0,0.0,-1.0,66.0,1.32,-1.0,1.0,1.0,1.0,-1.0,1.0,-0.2340848052382469,-0.2340848052382469,-0.8097901512622833,-0.8097901512622833,0.0024644950774637734,-0.05832229554653168,5.575619159008755,5.575619159008755,13.538557622893608,13.538557622893608,-0.19069622140694537,-0.19069622140694537,0.26621795025169853,0.26621795025169853,19.189698510747114,19.189698510747114,11.15123831801751,27.077115245787216,-0.38139244281389073,0.5324359005033971,-9.594849255373557,-9.594849255373557,-19.189698510747114,-12.793132340498076,-12.793132340498076,-9.594849255373557,-9.594849255373557,0.0,-12.793132340498076,-12.793132340498076,-9.594849255373557,-9.594849255373557,-9.594849255373557,-9.594849255373557,0.0,0.0,0.0,0.0,0.0,1.5,0.0,0.0,0.0,-9.594849255373557,-9.594849255373557,-9.594849255373557,-9.594849255373557,-9.594849255373557,-9.594849255373557,-9.594849255373557,-9.594849255373557,-9.594849255373557,-9.594849255373557,-0.003086007553939941,-5.237815892843737,0.22105653584003448,-2.0774081349372864e-05,0.22141456604003906,-153.06399288485215,-154.20448876554198,-5.333333492279053,-5.333333492279053,-5.333333492279053,-5.333333492279053,-5.333333492279053,-5.333333492279053,-5.333333492279053,-5.333333492279053,-4.0,-4.0,4.0,-4.0,0.0,0.0,-1.1404958806898264,0.0,0.0,0.0,-153.06399288485215,-154.20448876554198,0.0,0.0,0.0,0.0,1.34,-5.055939674377441,-5.042248725891113,-5.055939674377441,-5.042248725891113,5.055939674377441,-5.042248725891113,-16.028823852539062,-16.148256301879883,-16.028823852539062,-16.148256301879883,16.028823852539062,-16.148256301879883,-5.333333492279053,-5.333333492279053,-5.333333492279053,-5.333333492279053,16.02825355529785,-16.138187408447266,16.02825355529785,-16.138187408447266,153.05854694735393,-154.108337915866,16.02825355529785,16.138187408447266,-4.0,-4.0,4.0,4.0,-4.0,-4.0,4.0,-4.0,0.22105653584003448,-2.0774081349372864e-05,0.22141456604003906,0.629835844039917,0.03335537016391754,-1.1553361415863037,-0.0903792604804039,0.0024008709006011486,-0.9959045052528381,0.07874137163162231,-0.7057684659957886,-0.3722151219844818
1.36,0.001766620040528695,-0.09942232817411423,-0.27435882465839384,-0.8103814867973328,-0.06083508425150354,-0.3671436011791229,-0.05939683046780907,-0.3671436011791229,0.0,0.0,0.0,0.0,0.0,0.0,-1.0,67.0,1.34,-1.0,1.0,1.0,1.0,-1.0,1.0,-0.25422189297676084,-0.25422189297676084,-0.8100579928874969,-0.8100579928874969,0.0024107394202128353,-0.07874137163162231,6.055260424434871,6.055260424434871,13.543035559888905,13.543035559888905,-0.18653674841357662,-0.18653674841357662,0.35942286494970327,0.35942286494970327,19.771182100859903,19.771182100859903,12.110520848869742,27.08607111977781,-0.37307349682715324,0.7188457298994065,-9.885591050429952,-9.885591050429952,-19.771182100859903,-13.180788067239936,-13.180788067239936,-9.885591050429952,-9.885591050429952,0.0,-13.180788067239936,-13.180788067239936,-9.885591050429952,-9.885591050429952,-9.885591050429952,-9.885591050429952,0.0,0.0,0.0,0.0,0.0,1.5,0.0,0.0,0.0,-9.885591050429952,-9.885591050429952,-9.885591050429952,-9.885591050429952,-9.885591050429952,-9.885591050429952,-9.885591050429952,-9.885591050429952,-9.885591050429952,-9.885591050429952,-0.003857270568629476,-5.241673163412367,0.2350175827741623,0.0006212913431227207,0.1964203417301178,-153.13548219816494,-154.25570607739817,-5.333333492279053,-5.333333492279053,-5.333333492279053,-5.333333492279053,-5.333333492279053,-5.333333492279053,-5.333333492279053,-5.333333492279053,-4.0,-4.0,4.0,-4.0,0.0,0.0,-1.1202238792332366,0.0,0.0,0.0,-153.13548219816494,-154.25570607739817,0.0,0.0,0.0,0.0,1.36,-5.455916881561279,-5.442149639129639,-5.455916881561279,-5.442149639129639,5.455916881561279,-5.442149639129639,-16.03631019592285,-16.15361976623535,-16.03631019592285,-16.15361976623535,16.03631019592285,-16.15361976623535,-5.333333492279053,-5.333333492279053,-5.333333492279053,-5.333333492279053,16.028823852539062,-16.148256301879883,16.028823852539062,-16.148256301879883,153.06399288485215,-154.20448876554198,16.028823852539062,16.148256301879883,-4.0,-4.0,4.0,4.0,-4.0,-4.0,4.0,-4.0,0.2350175827741623,0.0006212913431227207,0.1964203417301178,0.6309268474578857,0.03434693068265915,-1.3525543212890625,-0.10456990450620651,0.0017569337505847216,-0.9945160150527954,0.09942232817411423,-0.6895931959152222,-0.3808402717113495
1.3800000000000001,0.013536494096675294,1.0780091285705566,-0.29189504441022873,-0.7579716079950333,-0.06069427423223629,0.2529323101043701,-0.059256020448541814,0.2529323101043701,0.0,0.0,0.0,0.0,0.0,0.0,-1.0,68.0,1.36,-1.0,1.0,1.0,1.0,-1.0,1.0,-0.27435882465839384,-0.27435882465839384,-0.8103814867973328,-0.8103814867973328,0.001766620040528695,-0.09942232817411423,6.534897972773351,6.534897972773351,13.548443925169886,13.548443925169886,-0.13669646552400502,-0.13669646552400502,0.45382315918356186,0.45382315918356186,20.40046859160279,20.40046859160279,13.069795945546701,27.096887850339773,-0.27339293104801005,0.9076463183671237,-10.200234295801396,-10.200234295801396,-20.40046859160279,-13.600312394401861,-13.600312394401861,-10.200234295801396,-10.200234295801396,0.0,-13.600312394401861,-13.600312394401861,-10.200234295801396,-10.200234295801396,-10.200234295801396,-10.200234295801396,0.0,0.0,0.0,0.0,0.0,1.5,0.0,0.0,0.0,-10.200234295801396,-10.200234295801396,-10.200234295801396,-10.200234295801396,-10.200234295801396,-10.200234295801396,-10.200234295801396,-10.200234295801396,-10.200234295801396,-10.200234295801396,-0.004755239113720489,-5.246428402526087,0.24594612419605255,0.00048821931704878807,0.1752214878797531,-161.9143880868146,-125.59686069742833,-5.333333492279053,-5.333333492279053,-5.333333492279053,-5.333333492279053,-5.333333492279053,-5.333333492279053,-5.333333492279053,-5.333333492279053,-4.0,-4.0,4.0,-4.0,0.0,144.3372344970703,36.31752738938627,0.0,0.0,144.3372344970703,-161.9143880868146,-125.59686069742833,0.0,144.3372344970703,0.0,0.0,1.3800000000000001,-5.863565921783447,-5.731073379516602,-5.863565921783447,-5.731073379516602,5.863565921783447,-5.731073379516602,-16.95563507080078,-13.152472496032715,-16.95563507080078,-13.152472496032715,16.95563507080078,-13.152472496032715,-5.333333492279053,-5.333333492279053,-5.333333492279053,-5.333333492279053,16.03631019592285,-16.15361976623535,16.03631019592285,-16.15361976623535,153.13548219816494,-154.25570607739817,16.03631019592285,16.15361976623535,-4.0,-4.0,4.0,4.0,-4.0,-4.0,4.0,-4.0,0.24594612419605255,0.00048821931704878807,0.1752214878797531,0.7784561514854431,0.0260580126196146,-0.6069501042366028,-0.06950074434280396,0.013503349386155605,-0.9974905252456665,-1.0780091285705566,3.018033266067505,0.3695356547832489
1.4000000000000001,0.05553048731989843,2.385664463043213,-0.30832420865297316,-0.5565951725840569,-0.05153906381758365,0.5118491053581238,-0.05010081003388918,0.5118491053581238,0.0,0.0,0.0,0.0,0.0,0.0,-1.0,69.0,1.3800000000000001,-1.0,1.0,1.0,1.0,-1.0,1.0,-0.29189504441022873,-0.29189504441022873,-0.7579716079950333,-0.7579716079950333,0.013536494096675294,1.0780091285705566,6.952589683798356,6.952589683798356,12.672224125425762,12.672224125425762,-1.0474187183160828,-1.0474187183160828,-4.920680468273163,-4.920680468273163,13.65671462263487,13.65671462263487,13.905179367596713,25.344448250851524,-2.0948374366321656,-9.841360936546327,-6.828357311317435,-6.828357311317435,-13.65671462263487,-9.104476415089914,-9.104476415089914,-6.828357311317435,-6.828357311317435,0.0,-9.104476415089914,-9.104476415089914,-6.828357311317435,-6.828357311317435,-6.828357311317435,-6.828357311317435,0.0,0.0,0.0,0.0,0.0,1.5,0.0,0.0,0.0,-6.828357311317435,-6.828357311317435,-6.828357311317435,-6.828357311317435,-6.828357311317435,-6.828357311317435,-6.828357311317435,-6.828357311317435,-6.828357311317435,-6.828357311317435,-0.1206537406481369,-5.3670821431742235,0.25459858775138855,-0.004574972670525312,0.16818556189537048,-159.8242044900884,-51.30161005093858,-5.333333492279053,-5.333333492279053,-5.333333492279053,-5.333333492279053,-5.333333492279053,-5.333333492279053,-5.333333492279053,-5.333333492279053,-4.0,-4.0,4.0,-4.0,0.0,112.16122436523438,108.52259443914981,0.0,0.0,112.16122436523438,-159.8242044900884,-51.30161005093858,0.0,112.16122436523438,0.0,0.0,1.4000000000000001,-6.276660919189453,-5.970576763153076,-6.276660919189453,-5.970576763153076,6.276660919189453,-5.970576763153076,-16.736751556396484,-5.3722920417785645,-16.736751556396484,-5.3722920417785645,16.736751556396484,-5.3722920417785645,-5.333333492279053,-5.333333492279053,-5.333333492279053,-5.333333492279053,16.95563507080078,-13.152472496032715,16.95563507080078,-13.152472496032715,161.9143880868146,-125.59686069742833,16.95563507080078,13.152472496032715,-4.0,-4.0,4.0,4.0,-4.0,-4.0,4.0,-4.0,0.25459858775138855,-0.004574972670525312,0.16818556189537048,0.612777054309845,-0.19460655748844147,-0.06332122534513474,-0.01704956777393818,0.05549388378858566,-0.9983134269714355,-2.385664463043213,2.5368244647979736,0.6944732069969177
1.42,0.06882102293217122,0.033191848546266556,0.0038729476451873778,-0.14952464602589607,-0.05077291483475104,-0.14523723721504211,-0.049334661051056564,-0.14523723721504211,0.0,0.0,0.0,0.0,0.0,0.0,-1.0,70.0,1.4000000000000001,-1.0,1.0,1.0,1.0,-1.0,1.0,-0.30832420865297316,-0.30832420865297316,-0.5565951725840569,-0.5565951725840569,0.05553048731989843,2.385664463043213,7.343912661063437,7.343912661063437,9.305492052363812,9.305492052363812,-4.296804729546708,-4.296804729546708,-10.889604008007051,-10.889604008007051,1.4629959758734898,1.4629959758734898,14.687825322126875,18.610984104727624,-8.593609459093416,-21.779208016014103,-0.7314979879367449,-0.7314979879367449,-1.4629959758734898,-0.9753306505823266,-0.9753306505823266,-0.7314979879367449,-0.7314979879367449,0.0,-0.9753306505823266,-0.9753306505823266,-0.7314979879367449,-0.7314979879367449,-0.7314979879367449,-0.7314979879367449,0.0,0.0,0.0,0.0,0.0,1.5,0.0,0.0,0.0,-0.7314979879367449,-0.7314979879367449,-0.7314979879367449,-0.7314979879367449,-0.7314979879367449,-0.7314979879367449,-0.7314979879367449,-0.7314979879367449,-0.7314979879367449,-0.7314979879367449,-0.5769763189267857,-5.944058462101009,0.26173505187034607,-0.01095819752663374,0.16744446754455566,-27.10281217382507,-29.614375184476305,-0.9753307104110718,-0.9753307104110718,-0.9753307104110718,-0.9753307104110718,-0.9753307104110718,-0.9753307104110718,-0.9753307104110718,-0.9753307104110718,-0.7314980030059814,-0.7314980030059814,0.7314980030059814,-0.7314980030059814,0.0,10.744927406311035,-2.511563010651237,0.0,0.0,10.744927406311035,-27.10281217382507,-29.614375184476305,0.0,10.744927406311035,0.0,0.0,1.42,6.193349838256836,-6.039508819580078,6.193349838256836,-6.039508819580078,-6.193349838256836,-6.039508819580078,-2.8381998538970947,-3.101210117340088,-2.8381998538970947,-3.101210117340088,2.8381998538970947,-3.101210117340088,-0.9753307104110718,-0.9753307104110718,-0.9753307104110718,-0.9753307104110718,16.736751556396484,-5.3722920417785645,16.736751556396484,-5.3722920417785645,159.8242044900884,-51.30161005093858,16.736751556396484,5.3722920417785645,-0.7314980030059814,-0.7314980030059814,4.0,4.0,-0.7314980030059814,-0.7314980030059814,0.7314980030059814,-0.7314980030059814,0.26173505187034607,-0.01095819752663374,0.16744446754455566,0.45519909262657166,-0.2770470678806305,-0.08564800769090652,0.014796020463109016,0.06875918060541153,-0.9975235462188721,-0.033191848546266556,1.0581938028335571,-0.07314895838499069
1.44,0.06142880311359745,-0.5096641182899475,-0.30637767516374587,0.26976243332624433,-0.05405235996279642,-0.2316170185804367,-0.05261410617910195,-0.2316170185804367,0.0,0.0,0.0,0.0,0.0,0.0,-1.0,71.0,1.42,-1.0,1.0,1.0,1.0,-1.0,1.0,0.0038729476451873778,0.0038729476451873778,-0.14952464602589607,-0.14952464602589607,0.06882102293217122,0.033191848546266556,-0.09224896537118911,-0.09224896537118911,2.499842747048546,2.499842747048546,-5.325191819831785,-5.325191819831785,-0.15150751187428835,-0.15150751187428835,-3.0691055500287168,-3.0691055500287168,-0.18449793074237822,4.999685494097092,-10.65038363966357,-0.3030150237485767,1.5345527750143584,1.5345527750143584,3.0691055500287168,2.0460703666858113,2.0460703666858113,1.5345527750143584,1.5345527750143584,0.0,2.0460703666858113,2.0460703666858113,1.5345527750143584,1.5345527750143584,1.5345527750143584,1.5345527750143584,0.0,0.0,0.0,0.0,0.0,1.5,0.0,0.0,0.0,1.5345527750143584,1.5345527750143584,1.5345527750143584,1.5345527750143584,1.5345527750143584,1.5345527750143584,1.5345527750143584,1.5345527750143584,1.5345527750143584,1.5345527750143584,-0.0048472530645953865,-5.948905715165605,0.2686399519443512,-0.015812838450074196,0.1642760932445526,59.43915206960513,42.886229597214246,2.0460705757141113,2.0460705757141113,2.0460705757141113,2.0460705757141113,2.0460705757141113,2.0460705757141113,2.0460705757141113,2.0460705757141113,1.534552812576294,1.534552812576294,-1.534552812576294,1.534552812576294,0.0,25.643733978271484,-16.552922472390883,0.0,0.0,25.643733978271484,59.43915206960513,42.886229597214246,0.0,25.643733978271484,0.0,0.0,1.44,-6.237399101257324,-5.932518482208252,-6.237399101257324,-5.932518482208252,6.237399101257324,-5.932518482208252,6.224453449249268,4.491035461425781,6.224453449249268,4.491035461425781,-6.224453449249268,4.491035461425781,2.0460705757141113,2.0460705757141113,2.0460705757141113,2.0460705757141113,2.8381998538970947,-3.101210117340088,2.8381998538970947,-3.101210117340088,27.10281217382507,-29.614375184476305,2.8381998538970947,3.101210117340088,1.534552812576294,1.534552812576294,4.0,4.0,1.534552812576294,1.534552812576294,-1.534552812576294,1.534552812576294,0.2686399519443512,-0.015812838450074196,0.1642760932445526,0.4306676685810089,-0.2683762013912201,-0.1993844360113144,0.035565003752708435,0.061351340264081955,-0.997482419013977,0.5096641182899475,1.180140495300293,-0.14144371449947357
1.46,0.05528969762893766,-0.28476977348327637,-0.30720696142911913,-0.06592465828508139,-0.05766137574430899,-0.1609266698360443,-0.05622312196061452,-0.1609266698360443,0.0,0.0,0.0,0.0,0.0,0.0,-1.0,72.0,1.44,-1.0,1.0,1.0,1.0,-1.0,1.0,-0.30637767516374587,-0.30637767516374587,0.26976243332624433,0.26976243332624433,0.06142880311359745,-0.5096641182899475,7.29754856919023,7.29754856919023,-4.510050217808148,-4.510050217808148,-4.753201070042075,-4.753201070042075,2.3264128343462946,2.3264128343462946,0.3607101156863015,0.3607101156863015,14.59509713838046,-9.020100435616296,-9.50640214008415,4.652825668692589,-0.18035505784315076,-0.18035505784315076,-0.3607101156863015,-0.24047341045753434,-0.24047341045753434,-0.18035505784315076,-0.18035505784315076,0.0,-0.24047341045753434,-0.24047341045753434,-0.18035505784315076,-0.18035505784315076,-0.18035505784315076,-0.18035505784315076,0.0,0.0,0.0,0.0,0.0,1.5,0.0,0.0,0.0,-0.18035505784315076,-0.18035505784315076,-0.18035505784315076,-0.18035505784315076,-0.18035505784315076,-0.18035505784315076,-0.18035505784315076,-0.18035505784315076,-0.18035505784315076,-0.18035505784315076,-0.03444261319113317,-5.983348328356738,0.27442559599876404,-0.020008251070976257,0.15959501266479492,-6.609490390004006,-18.396829938213926,-0.2404734194278717,-0.2404734194278717,-0.2404734194278717,-0.2404734194278717,-0.2404734194278717,-0.2404734194278717,-0.2404734194278717,-0.2404734194278717,-0.18035505712032318,-0.18035505712032318,0.18035505712032318,-0.18035505712032318,0.0,32.216007232666016,-11.787339548209921,0.0,0.0,32.216007232666016,-6.609490390004006,-18.396829938213926,0.0,32.216007232666016,0.0,0.0,1.46,-6.240572929382324,-5.96228551864624,-6.240572929382324,-5.96228551864624,6.240572929382324,-5.96228551864624,-0.6921442151069641,-1.926511526107788,-0.6921442151069641,-1.926511526107788,0.6921442151069641,-1.926511526107788,-0.2404734194278717,-0.2404734194278717,-0.2404734194278717,-0.2404734194278717,-6.224453449249268,4.491035461425781,-6.224453449249268,4.491035461425781,-59.43915206960513,42.886229597214246,6.224453449249268,4.491035461425781,-0.18035505712032318,-0.18035505712032318,4.0,4.0,-0.18035505712032318,-0.18035505712032318,0.18035505712032318,-0.18035505712032318,0.27442559599876404,-0.020008251070976257,0.15959501266479492,0.38120248913764954,-0.22917261719703674,-0.24629609286785126,0.060783013701438904,0.05515935271978378,-0.9966257214546204,0.28476977348327637,1.4274933338165283,-0.06509754806756973
1.48,0.06419470048997492,0.7772943377494812,-0.002128891956806183,-0.46986127907037734,-0.05709287714440404,0.22256198525428772,-0.05565462336070957,0.22256198525428772,0.0,0.0,0.0,0.0,0.0,0.0,-1.0,73.0,1.46,-1.0,1.0,1.0,1.0,-1.0,1.0,-0.30720696142911913,-0.30720696142911913,-0.06592465828508139,-0.06592465828508139,0.05528969762893766,-0.28476977348327637,7.317301172887903,7.317301172887903,1.1021679920049616,1.1021679920049616,-4.27817304931336,-4.27817304931336,1.2998601080417633,1.2998601080417633,5.4411562236212685,5.4411562236212685,14.634602345775805,2.2043359840099233,-8.55634609862672,2.5997202160835267,-2.7205781118106342,-2.7205781118106342,-5.4411562236212685,-3.627437482414179,-3.627437482414179,-2.7205781118106342,-2.7205781118106342,0.0,-3.627437482414179,-3.627437482414179,-2.7205781118106342,-2.7205781118106342,-2.7205781118106342,-2.7205781118106342,0.0,0.0,0.0,0.0,0.0,1.5,0.0,0.0,0.0,-2.7205781118106342,-2.7205781118106342,-2.7205781118106342,-2.7205781118106342,-2.7205781118106342,-2.7205781118106342,-2.7205781118106342,-2.7205781118106342,-2.7205781118106342,-2.7205781118106342,-0.015885138910396623,-5.999233467267135,0.27889108657836914,-0.025061117485165596,0.15430110692977905,-105.1033789733442,-73.12282590815983,-3.6274375915527344,-3.6274375915527344,-3.6274375915527344,-3.6274375915527344,-3.6274375915527344,-3.6274375915527344,-3.6274375915527344,-3.6274375915527344,-2.720578193664551,-2.720578193664551,2.720578193664551,-2.720578193664551,0.0,38.57379913330078,31.98055306518438,0.0,0.0,38.57379913330078,-105.1033789733442,-73.12282590815983,0.0,38.57379913330078,0.0,0.0,1.48,6.074242115020752,-6.158805847167969,6.074242115020752,-6.158805847167969,-6.074242115020752,-6.158805847167969,-11.006400108337402,-7.65740442276001,-11.006400108337402,-7.65740442276001,11.006400108337402,-7.65740442276001,-3.6274375915527344,-3.6274375915527344,-3.6274375915527344,-3.6274375915527344,0.6921442151069641,-1.926511526107788,0.6921442151069641,-1.926511526107788,6.609490390004006,-18.396829938213926,0.6921442151069641,1.926511526107788,-2.720578193664551,-2.720578193664551,4.0,4.0,-2.720578193664551,-2.720578193664551,2.720578193664551,-2.720578193664551,0.27889108657836914,-0.025061117485165596,0.15430110692977905,0.32459041476249695,-0.23577122390270233,-0.25970205664634705,0.0874263122677803,0.06390498578548431,-0.9941191077232361,-0.7772943377494812,1.413201093673706,0.2463654726743698
1.5,0.061296924587318266,-0.49364855885505676,-0.003287218153476715,0.006242788425087928,-0.0589451639017654,-0.2719922661781311,-0.05750691011807092,-0.2719922661781311,0.0,0.0,0.0,0.0,0.0,0.0,-1.0,74.0,1.48,-1.0,1.0,1.0,1.0,-1.0,1.0,-0.002128891956806183,-0.002128891956806183,-0.46986127907037734,-0.46986127907037734,0.06419470048997492,0.7772943377494812,0.05070765174077511,0.05070765174077511,7.85542278026601,7.85542278026601,-4.967219017692985,-4.967219017692985,-3.5480377340912823,-3.5480377340912823,-0.6091263197774821,-0.6091263197774821,0.10141530348155021,15.71084556053202,-9.93443803538597,-7.096075468182565,0.30456315988874105,0.30456315988874105,0.6091263197774821,0.40608421318498805,0.40608421318498805,0.30456315988874105,0.30456315988874105,0.0,0.40608421318498805,0.40608421318498805,0.30456315988874105,0.30456315988874105,0.30456315988874105,0.30456315988874105,0.0,0.0,0.0,0.0,0.0,1.5,0.0,0.0,0.0,0.30456315988874105,0.30456315988874105,0.30456315988874105,0.30456315988874105,0.30456315988874105,0.30456315988874105,0.30456315988874105,0.30456315988874105,0.30456315988874105,0.30456315988874105,-0.06453983492978624,-6.063773302196921,0.2827889621257782,-0.02956366166472435,0.1493917852640152,12.616037862471106,-10.248044289808673,0.40608423948287964,0.40608423948287964,0.40608423948287964,0.40608423948287964,0.40608423948287964,0.40608423948287964,0.40608423948287964,0.40608423948287964,0.30456316471099854,0.30456316471099854,-0.30456316471099854,0.30456316471099854,0.0,37.57108688354492,-22.864082152279778,0.0,0.0,37.57108688354492,12.616037862471106,-10.248044289808673,0.0,37.57108688354492,0.0,0.0,1.5,6.081811428070068,-6.212386131286621,6.081811428070068,-6.212386131286621,-6.081811428070068,-6.212386131286621,1.32114839553833,-1.073172688484192,1.32114839553833,-1.073172688484192,-1.32114839553833,-1.073172688484192,0.40608423948287964,0.40608423948287964,0.40608423948287964,0.40608423948287964,11.006400108337402,-7.65740442276001,11.006400108337402,-7.65740442276001,105.1033789733442,-73.12282590815983,11.006400108337402,7.65740442276001,0.30456316471099854,0.30456316471099854,4.0,4.0,0.30456316471099854,0.30456316471099854,-0.30456316471099854,0.30456316471099854,0.2827889621257782,-0.02956366166472435,0.1493917852640152,0.3177919387817383,-0.23234210908412933,-0.2431868016719818,0.11389164626598358,0.06085994839668274,-0.9916273355484009,0.49364855885505676,1.3994815349578857,-0.13170011341571808
1.52,0.047627042711367785,-0.8940945863723755,0.0006920882582664489,0.17698364051580429,-0.06382334100980842,-0.41545286774635315,-0.062385087226113946,-0.41545286774635315,0.0,0.0,0.0,0.0,0.0,0.0,-1.0,75.0,1.5,-1.0,1.0,1.0,1.0,-1.0,1.0,-0.003287218153476715,-0.003287218153476715,0.006242788425087928,0.006242788425087928,0.061296924587318266,-0.49364855885505676,0.07829759175403118,0.07829759175403118,-0.10437068256367503,-0.10437068256367503,-4.74299665256276,-4.74299665256276,2.2533082117497925,2.2533082117497925,-2.515761531622611,-2.515761531622611,0.15659518350806237,-0.20874136512735006,-9.48599330512552,4.506616423499585,1.2578807658113056,1.2578807658113056,2.515761531622611,1.6771743544150741,1.6771743544150741,1.2578807658113056,1.2578807658113056,0.0,1.6771743544150741,1.6771743544150741,1.2578807658113056,1.2578807658113056,1.2578807658113056,1.2578807658113056,0.0,0.0,0.0,0.0,0.0,1.5,0.0,0.0,0.0,1.2578807658113056,1.2578807658113056,1.2578807658113056,1.2578807658113056,1.2578807658113056,1.2578807658113056,1.2578807658113056,1.2578807658113056,1.2578807658113056,1.2578807658113056,-0.028126743219990258,-6.091900045416911,0.28647592663764954,-0.03225425258278847,0.14457684755325317,49.34071282828183,17.792128246965742,1.67717444896698,1.67717444896698,1.67717444896698,1.67717444896698,1.67717444896698,1.67717444896698,1.67717444896698,1.67717444896698,1.2578808069229126,1.2578808069229126,-1.2578808069229126,1.2578808069229126,0.0,40.06304168701172,-31.54858458131609,0.0,0.0,40.06304168701172,49.34071282828183,17.792128246965742,0.0,40.06304168701172,0.0,0.0,1.52,6.201200008392334,-6.173708915710449,6.201200008392334,-6.173708915710449,-6.201200008392334,-6.173708915710449,5.166947364807129,1.863187313079834,5.166947364807129,1.863187313079834,-5.166947364807129,1.863187313079834,1.67717444896698,1.67717444896698,1.67717444896698,1.67717444896698,-1.32114839553833,-1.073172688484192,-1.32114839553833,-1.073172688484192,-12.616037862471106,-10.248044289808673,1.32114839553833,1.073172688484192,1.2578808069229126,1.2578808069229126,4.0,4.0,1.2578808069229126,1.2578808069229126,-1.2578808069229126,1.2578808069229126,0.28647592663764954,-0.03225425258278847,0.14457684755325317,0.2925622761249542,-0.16992807388305664,-0.24010267853736877,0.1389824002981186,0.047146987169981,-0.9891719222068787,0.8940945863723755,1.280147671699524,-0.23336119949817657
1.54,0.03234865834941888,-0.8291817307472229,-0.31095332293510436,0.20004818727970122,-0.06882394719411107,-0.38065996766090393,-0.0673856934104166,-0.38065996766090393,0.0,0.0,0.0,0.0,0.0,0.0,-1.0,76.0,1.52,-1.0,1.0,1.0,1.0,-1.0,1.0,0.0006920882582664489,0.0006920882582664489,0.17698364051580429,0.17698364051580429,0.047627042711367785,-0.8940945863723755,-0.016484711805996893,-0.016484711805996893,-2.9589186923275252,-2.9589186923275252,-3.6852567346945895,-3.6852567346945895,4.081184148955345,4.081184148955345,-2.5794759898727664,-2.5794759898727664,-0.03296942361199379,-5.9178373846550505,-7.370513469389179,8.16236829791069,1.2897379949363832,1.2897379949363832,2.5794759898727664,1.7196506599151775,1.7196506599151775,1.2897379949363832,1.2897379949363832,0.0,1.7196506599151775,1.7196506599151775,1.2897379949363832,1.2897379949363832,1.2897379949363832,1.2897379949363832,0.0,0.0,0.0,0.0,0.0,1.5,0.0,0.0,0.0,1.2897379949363832,1.2897379949363832,1.2897379949363832,1.2897379949363832,1.2897379949363832,1.2897379949363832,1.2897379949363832,1.2897379949363832,1.2897379949363832,1.2897379949363832,-0.08220887208477724,-6.174108917501688,0.2900242507457733,-0.03331051021814346,0.1400640904903412,50.262109900776,25.619497715043675,1.7196506261825562,1.7196506261825562,1.7196506261825562,1.7196506261825562,1.7196506261825562,1.7196506261825562,1.7196506261825562,1.7196506261825562,1.2897379398345947,1.2897379398345947,-1.2897379398345947,1.2897379398345947,0.0,36.63112258911133,-24.64261218573232,0.0,0.0,36.63112258911133,50.262109900776,25.619497715043675,0.0,36.63112258911133,0.0,0.0,1.54,-6.23548698425293,-6.116184234619141,-6.23548698425293,-6.116184234619141,6.23548698425293,-6.116184234619141,5.2634358406066895,2.6828675270080566,5.2634358406066895,2.6828675270080566,-5.2634358406066895,2.6828675270080566,1.7196506261825562,1.7196506261825562,1.7196506261825562,1.7196506261825562,-5.166947364807129,1.863187313079834,-5.166947364807129,1.863187313079834,-49.34071282828183,17.792128246965742,5.166947364807129,1.863187313079834,1.2897379398345947,1.2897379398345947,4.0,4.0,1.2897379398345947,1.2897379398345947,-1.2897379398345947,1.2897379398345947,0.2900242507457733,-0.03331051021814346,0.1400640904903412,0.28479868173599243,-0.09715937077999115,-0.2320536971092224,0.16312187910079956,0.03190981224179268,-0.9860897660255432,0.8291817307472229,1.2265336513519287,-0.20917347073554993
1.56,0.0382990090996022,0.7965361475944519,0.3114490796327591,-0.44699285979270936,-0.0688278771428659,0.3403593599796295,-0.06738962335917142,0.3403593599796295,0.0,0.0,0.0,0.0,0.0,0.0,-1.0,77.0,1.54,-1.0,1.0,1.0,1.0,-1.0,1.0,-0.31095332293510436,-0.31095332293510436,0.20004818727970122,0.20004818727970122,0.03234865834941888,-0.8291817307472229,7.406535008326664,7.406535008326664,-3.3445256238544125,-3.3445256238544125,-2.503055076566324,-2.503055076566324,3.784882928168774,3.784882928168774,5.343837236074701,5.343837236074701,14.813070016653327,-6.689051247708825,-5.006110153132648,7.569765856337548,-2.6719186180373504,-2.6719186180373504,-5.343837236074701,-3.5625581573831338,-3.5625581573831338,-2.6719186180373504,-2.6719186180373504,0.0,-3.5625581573831338,-3.5625581573831338,-2.6719186180373504,-2.6719186180373504,-2.6719186180373504,-2.6719186180373504,0.0,0.0,0.0,0.0,0.0,1.5,0.0,0.0,0.0,-2.6719186180373504,-2.6719186180373504,-2.6719186180373504,-2.6719186180373504,-2.6719186180373504,-2.6719186180373504,-2.6719186180373504,-2.6719186180373504,-2.6719186180373504,-2.6719186180373504,-0.0746352684097226,-6.248744185911411,0.2932192087173462,-0.03517021983861923,0.1352054476737976,-103.50342992756595,-66.04840283380575,-3.562558174133301,-3.562558174133301,-3.562558174133301,-3.562558174133301,-3.562558174133301,-3.562558174133301,-3.562558174133301,-3.562558174133301,-2.6719186305999756,-2.6719186305999756,2.6719186305999756,-2.6719186305999756,0.0,36.07871627807617,37.455027093760194,0.0,0.0,36.07871627807617,-103.50342992756595,-66.04840283380575,0.0,36.07871627807617,0.0,0.0,1.56,6.095371246337891,6.275992393493652,6.095371246337891,6.275992393493652,-6.095371246337891,6.275992393493652,-10.83885383605957,-6.916572570800781,-10.83885383605957,-6.916572570800781,10.83885383605957,-6.916572570800781,-3.562558174133301,-3.562558174133301,-3.562558174133301,-3.562558174133301,-5.2634358406066895,2.6828675270080566,-5.2634358406066895,2.6828675270080566,-50.262109900776,25.619497715043675,5.2634358406066895,2.6828675270080566,-2.6719186305999756,-2.6719186305999756,4.0,4.0,-2.6719186305999756,-2.6719186305999756,2.6719186305999756,-2.6719186305999756,0.2932192087173462,-0.03517021983861923,0.1352054476737976,0.26637718081474304,-0.08745189011096954,-0.2589397430419922,0.1876184195280075,0.03760970011353493,-0.981521725654602,-0.7965361475944519,1.304137110710144,0.24448031187057495
1.58,0.03163183057544995,-0.7482741475105286,-0.3088495801448822,0.5848457535982132,-0.06950696633282506,-0.39116013050079346,-0.06806871254913059,-0.39116013050079346,0.0,0.0,0.0,0.0,0.0,0.0,-1.0,78.0,1.56,-1.0,1.0,1.0,1.0,-1.0,1.0,0.3114490796327591,0.3114490796327591,-0.44699285979270936,-0.44699285979270936,0.0382990090996022,0.7965361475944519,-7.418343337956762,-7.418343337956762,7.47309482573039,7.47309482573039,-2.963477746703559,-2.963477746703559,-3.6358688993096355,-3.6358688993096355,-6.5445951582395665,-6.5445951582395665,-14.836686675913525,14.94618965146078,-5.926955493407118,-7.271737798619271,3.2722975791197833,3.2722975791197833,6.5445951582395665,4.363063438826377,4.363063438826377,3.2722975791197833,3.2722975791197833,0.0,4.363063438826377,4.363063438826377,3.2722975791197833,3.2722975791197833,3.2722975791197833,3.2722975791197833,0.0,0.0,0.0,0.0,0.0,1.5,0.0,0.0,0.0,3.2722975791197833,3.2722975791197833,3.2722975791197833,3.2722975791197833,3.2722975791197833,3.2722975791197833,3.2722975791197833,3.2722975791197833,3.2722975791197833,3.2722975791197833,-0.0697638240006771,-6.3185080099120885,0.29637855291366577,-0.03666122257709503,0.1304553747177124,126.83963638420938,95.00209381986673,4.363063812255859,4.363063812255859,4.363063812255859,4.363063812255859,4.363063812255859,4.363063812255859,4.363063812255859,4.363063812255859,3.2722976207733154,3.2722976207733154,-3.2722976207733154,3.2722976207733154,0.0,35.15472412109375,-31.837542564342655,0.0,0.0,35.15472412109375,126.83963638420938,95.00209381986673,0.0,35.15472412109375,0.0,0.0,1.58,-6.191376686096191,-6.076729774475098,-6.191376686096191,-6.076729774475098,6.191376686096191,-6.076729774475098,13.282615661621094,9.948596000671387,13.282615661621094,9.948596000671387,-13.282615661621094,9.948596000671387,4.363063812255859,4.363063812255859,4.363063812255859,4.363063812255859,10.83885383605957,-6.916572570800781,10.83885383605957,-6.916572570800781,103.50342992756595,-66.04840283380575,10.83885383605957,6.916572570800781,3.2722976207733154,3.2722976207733154,4.0,4.0,3.2722976207733154,3.2722976207733154,-3.2722976207733154,3.2722976207733154,0.29637855291366577,-0.03666122257709503,0.1304553747177124,0.27037060260772705,-0.093661829829216,-0.2588222026824951,0.21218854188919067,0.030906379222869873,-0.9767398834228516,0.7482741475105286,1.3349529504776,-0.19567784667015076
1.6,0.022442811086800282,-0.44711995124816895,-0.30504984718561173,0.12319677581787108,-0.07363349200506371,-0.24526077508926392,-0.07219523822136924,-0.24526077508926392,0.0,0.0,0.0,0.0,0.0,0.0,-1.0,79.0,1.58,-1.0,1.0,1.0,1.0,-1.0,1.0,-0.3088495801448822,-0.3088495801448822,0.5848457535982132,0.5848457535982132,0.03163183057544995,-0.7482741475105286,7.356426379554919,7.356426379554919,-9.777802216107087,-9.777802216107087,-2.4475888071688208,-2.4475888071688208,3.415572173726559,3.415572173726559,-1.4533924699944305,-1.4533924699944305,14.712852759109838,-19.555604432214174,-4.8951776143376415,6.831144347453118,0.7266962349972153,0.7266962349972153,1.4533924699944305,0.9689283133296204,0.9689283133296204,0.7266962349972153,0.7266962349972153,0.0,0.9689283133296204,0.9689283133296204,0.7266962349972153,0.7266962349972153,0.7266962349972153,0.7266962349972153,0.0,0.0,0.0,0.0,0.0,1.5,0.0,0.0,0.0,0.7266962349972153,0.7266962349972153,0.7266962349972153,0.7266962349972153,0.7266962349972153,0.7266962349972153,0.7266962349972153,0.7266962349972153,0.7266962349972153,0.7266962349972153,-0.061761395846598295,-6.380269405758686,0.2996225655078888,-0.03682826831936836,0.12548524141311646,28.28002032130372,18.450567589873863,0.968928337097168,0.968928337097168,0.968928337097168,0.968928337097168,0.968928337097168,0.968928337097168,0.968928337097168,0.968928337097168,0.726696252822876,0.726696252822876,-0.726696252822876,0.726696252822876,0.0,35.1971549987793,-9.829452731429857,0.0,0.0,35.1971549987793,28.28002032130372,18.450567589873863,0.0,35.1971549987793,0.0,0.0,1.6,-6.096309185028076,-6.020864486694336,-6.096309185028076,-6.020864486694336,6.096309185028076,-6.020864486694336,2.9614768028259277,1.9321389198303223,2.9614768028259277,1.9321389198303223,-2.9614768028259277,1.9321389198303223,0.968928337097168,0.968928337097168,0.968928337097168,0.968928337097168,-13.282615661621094,9.948596000671387,-13.282615661621094,9.948596000671387,-126.83963638420938,95.00209381986673,13.282615661621094,9.948596000671387,0.726696252822876,0.726696252822876,4.0,4.0,0.726696252822876,0.726696252822876,-0.726696252822876,0.726696252822876,0.2996225655078888,-0.03682826831936836,0.12548524141311646,0.2842872142791748,-0.0435759611427784,-0.2682251036167145,0.23683075606822968,0.021802503615617752,-0.9713062644004822,0.44711995124816895,1.2533719539642334,-0.11535226553678513
1.62,0.03142255764362263,0.8550787568092346,0.0005076650381088257,-0.46634543758630753,-0.07270050000214698,0.42032232880592346,-0.07126224621845251,0.42032232880592346,0.0,0.0,0.0,0.0,0.0,0.0,-1.0,80.0,1.6,-1.0,1.0,1.0,1.0,-1.0,1.0,-0.30504984718561173,-0.30504984718561173,0.12319677581787108,0.12319677581787108,0.022442811086800282,-0.44711995124816895,7.265921300144648,7.265921300144648,-2.0596776161886594,-2.0596776161886594,-1.73656637058778,-1.73656637058778,2.040923729467392,2.040923729467392,5.510601042835601,5.510601042835601,14.531842600289297,-4.119355232377319,-3.47313274117556,4.081847458934784,-2.7553005214178006,-2.7553005214178006,-5.510601042835601,-3.6737340285570674,-3.6737340285570674,-2.7553005214178006,-2.7553005214178006,0.0,-3.6737340285570674,-3.6737340285570674,-2.7553005214178006,-2.7553005214178006,-2.7553005214178006,-2.7553005214178006,0.0,0.0,0.0,0.0,0.0,1.5,0.0,0.0,0.0,-2.7553005214178006,-2.7553005214178006,-2.7553005214178006,-2.7553005214178006,-2.7553005214178006,-2.7553005214178006,-2.7553005214178006,-2.7553005214178006,-2.7553005214178006,-2.7553005214178006,-0.025148075313292557,-6.405417481071979,0.30269765853881836,-0.038123343139886856,0.120189368724823,-106.54510441026939,-70.34748326849241,-3.673734188079834,-3.673734188079834,-3.673734188079834,-3.673734188079834,-3.673734188079834,-3.673734188079834,-3.673734188079834,-3.673734188079834,-2.755300521850586,-2.755300521850586,2.755300521850586,-2.755300521850586,0.0,37.584877014160156,36.19762114177698,0.0,0.0,37.584877014160156,-106.54510441026939,-70.34748326849241,0.0,37.584877014160156,0.0,0.0,1.62,6.222558975219727,-6.202393531799316,6.222558975219727,-6.202393531799316,-6.222558975219727,-6.202393531799316,-11.157377243041992,-7.366771221160889,-11.157377243041992,-7.366771221160889,11.157377243041992,-7.366771221160889,-3.673734188079834,-3.673734188079834,-3.673734188079834,-3.673734188079834,-2.9614768028259277,1.9321389198303223,-2.9614768028259277,1.9321389198303223,-28.28002032130372,18.450567589873863,2.9614768028259277,1.9321389198303223,-2.755300521850586,-2.755300521850586,4.0,4.0,-2.755300521850586,-2.755300521850586,2.755300521850586,-2.755300521850586,0.30269765853881836,-0.038123343139886856,0.120189368724823,0.2623751759529114,-0.05248511955142021,-0.28259724378585815,0.26183897256851196,0.030321283265948296,-0.9646351337432861,-0.8550787568092346,1.3615262508392334,0.24642746150493622
1.6400000000000001,0.04033806229144615,0.5191371440887451,-0.003591024887561798,-0.1508736677289009,-0.07088880205386638,0.06262855976819992,-0.06945054827017191,0.06262855976819992,0.0,0.0,0.0,0.0,0.0,0.0,-1.0,81.0,1.62,-1.0,1.0,1.0,1.0,-1.0,1.0,0.0005076650381088257,0.0005076650381088257,-0.46634543758630753,-0.46634543758630753,0.03142255764362263,0.8550787568092346,-0.012091972009706497,-0.012091972009706497,7.7966428328304405,7.7966428328304405,-2.4313958118136454,-2.4313958118136454,-3.9030924933314326,-3.9030924933314326,1.4500625556756566,1.4500625556756566,-0.024183944019412994,15.593285665660881,-4.862791623627291,-7.806184986662865,-0.7250312778378283,-0.7250312778378283,-1.4500625556756566,-0.9667083704504377,-0.9667083704504377,-0.7250312778378283,-0.7250312778378283,0.0,-0.9667083704504377,-0.9667083704504377,-0.7250312778378283,-0.7250312778378283,-0.7250312778378283,-0.7250312778378283,0.0,0.0,0.0,0.0,0.0,1.5,0.0,0.0,0.0,-0.7250312778378283,-0.7250312778378283,-0.7250312778378283,-0.7250312778378283,-0.7250312778378283,-0.7250312778378283,-0.7250312778378283,-0.7250312778378283,-0.7250312778378283,-0.7250312778378283,-0.07410335804969896,-6.479520839121678,0.30528706312179565,-0.04035302251577377,0.11539613455533981,-27.99731423809745,-29.231579509172665,-0.9667083621025085,-0.9667083621025085,-0.9667083621025085,-0.9667083621025085,-0.9667083621025085,-0.9667083621025085,-0.9667083621025085,-0.9667083621025085,-0.7250312566757202,-0.7250312566757202,0.7250312566757202,-0.7250312566757202,136.4203338623047,20.23952865600586,-1.2342652710752162,0.0,0.0,-116.18080520629883,-27.99731423809745,-29.231579509172665,136.4203338623047,20.23952865600586,0.0,0.0,1.6400000000000001,6.136198043823242,-6.2788405418396,6.136198043823242,-6.2788405418396,-6.136198043823242,-6.2788405418396,-2.9318718910217285,-3.061123847961426,-2.9318718910217285,-3.061123847961426,2.9318718910217285,-3.061123847961426,-0.9667083621025085,-0.9667083621025085,-0.9667083621025085,-0.9667083621025085,11.157377243041992,-7.366771221160889,11.157377243041992,-7.366771221160889,106.54510441026939,-70.34748326849241,11.157377243041992,7.366771221160889,-0.7250312566757202,-0.7250312566757202,4.0,4.0,-0.7250312566757202,-0.7250312566757202,0.7250312566757202,-0.7250312566757202,0.30528706312179565,-0.04035302251577377,0.11539613455533981,0.10499504953622818,-0.07767421007156372,-0.04122903570532799,0.28508260846138,0.0386536680161953,-0.9577232599258423,-0.5191371440887451,0.4498634338378906,-0.07098035514354706
1.6600000000000001,0.029703867892449526,-0.8800222873687744,0.0009770241141319274,0.2351851623058319,-0.06438581370677518,0.19889520108699799,-0.06294755992308072,0.19889520108699799,0.0,0.0,0.0,0.0,0.0,0.0,-1.0,82.0,1.6400000000000001,-1.0,1.0,1.0,1.0,-1.0,1.0,-0.003591024887561798,-0.003591024887561798,-0.1508736677289009,-0.1508736677289009,0.04033806229144615,0.5191371440887451,0.08553390359185695,0.08553390359185695,2.5223965012924023,2.5223965012924023,-3.121254381150145,-3.121254381150145,-2.369653407907486,-2.369653407907486,-2.882977384173372,-2.882977384173372,0.1710678071837139,5.044793002584805,-6.24250876230029,-4.739306815814972,1.441488692086686,1.441488692086686,2.882977384173372,1.921984922782248,1.921984922782248,1.441488692086686,1.441488692086686,0.0,1.921984922782248,1.921984922782248,1.441488692086686,1.441488692086686,1.441488692086686,1.441488692086686,0.0,0.0,0.0,0.0,0.0,1.5,0.0,0.0,0.0,1.441488692086686,1.441488692086686,1.441488692086686,1.441488692086686,1.441488692086686,1.441488692086686,1.441488692086686,1.441488692086686,1.441488692086686,1.441488692086686,-0.028578141479677598,-6.508098980601355,0.306273877620697,-0.041005924344062805,0.11596931517124176,40.74943678959189,48.460210375078255,1.9219850301742554,1.9219850301742554,1.9219850301742554,1.9219850301742554,1.9219850301742554,1.9219850301742554,1.9219850301742554,1.9219850301742554,1.4414887428283691,1.4414887428283691,-1.4414887428283691,1.4414887428283691,25.477811813354492,9.097943305969238,7.710773585486365,0.0,0.0,-16.379868507385254,40.74943678959189,48.460210375078255,25.477811813354492,9.097943305969238,0.0,0.0,1.6600000000000001,6.2124409675598145,-6.17363166809082,6.2124409675598145,-6.17363166809082,-6.2124409675598145,-6.17363166809082,4.267271041870117,5.074741363525391,4.267271041870117,5.074741363525391,-4.267271041870117,5.074741363525391,1.9219850301742554,1.9219850301742554,1.9219850301742554,1.9219850301742554,2.9318718910217285,-3.061123847961426,2.9318718910217285,-3.061123847961426,27.99731423809745,-29.231579509172665,2.9318718910217285,3.061123847961426,1.4414887428283691,1.4414887428283691,4.0,4.0,1.4414887428283691,1.4414887428283691,-1.4414887428283691,1.4414887428283691,0.306273877620697,-0.041005924344062805,0.11596931517124176,0.022671688348054886,-0.06679380685091019,0.021209100261330605,0.2854720652103424,0.028463615104556084,-0.9579642415046692,0.8800222873687744,-0.03613472357392311,0.468794584274292
1.68,0.008459420024695555,-1.028985619544983,-0.31100201268196104,0.17219523319602012,-0.05715607785284613,-0.059535156935453415,-0.055717824069151656,-0.059535156935453415,0.0,0.0,0.0,0.0,0.0,0.0,-1.0,83.0,1.6600000000000001,-1.0,1.0,1.0,1.0,-1.0,1.0,0.0009770241141319274,0.0009770241141319274,0.2351851623058319,0.2351851623058319,0.029703867892449526,-0.8800222873687744,-0.02327154196968555,-0.02327154196968555,-3.931966654526281,-3.931966654526281,-2.298408067461224,-2.298408067461224,4.016949732923508,4.016949732923508,-2.236696531033682,-2.236696531033682,-0.0465430839393711,-7.863933309052562,-4.596816134922448,8.033899465847016,1.118348265516841,1.118348265516841,2.236696531033682,1.4911310206891215,1.4911310206891215,1.118348265516841,1.118348265516841,0.0,1.4911310206891215,1.4911310206891215,1.118348265516841,1.118348265516841,1.118348265516841,1.118348265516841,0.0,0.0,0.0,0.0,0.0,1.5,0.0,0.0,0.0,1.118348265516841,1.118348265516841,1.118348265516841,1.118348265516841,1.118348265516841,1.118348265516841,1.118348265516841,1.118348265516841,1.118348265516841,1.118348265516841,-0.07832629012315505,-6.586425270724511,0.30642616748809814,-0.04006165638566017,0.1162363663315773,28.27254354089228,37.043974925860205,1.491131067276001,1.491131067276001,1.491131067276001,1.491131067276001,1.491131067276001,1.491131067276001,1.491131067276001,1.491131067276001,1.118348240852356,1.118348240852356,-1.118348240852356,1.118348240852356,22.619709014892578,14.730295181274414,8.771431384967926,0.0,0.0,-7.889413833618164,28.27254354089228,37.043974925860205,22.619709014892578,14.730295181274414,0.0,0.0,1.68,-6.273407459259033,-6.080197811126709,-6.273407459259033,-6.080197811126709,6.273407459259033,-6.080197811126709,2.960693836212158,3.8792359828948975,2.960693836212158,3.8792359828948975,-2.960693836212158,3.8792359828948975,1.491131067276001,1.491131067276001,1.491131067276001,1.491131067276001,-4.267271041870117,5.074741363525391,-4.267271041870117,5.074741363525391,-40.74943678959189,48.460210375078255,4.267271041870117,5.074741363525391,1.118348240852356,1.118348240852356,4.0,4.0,1.118348240852356,1.118348240852356,-1.118348240852356,1.118348240852356,0.30642616748809814,-0.04006165638566017,0.1162363663315773,-0.0032738512381911278,-0.019342396408319473,0.00660961028188467,0.2851965129375458,0.008107995614409447,-0.9584347605705261,1.028985619544983,-0.023184092715382576,0.24387681484222412
1.7,0.0107323699056407,0.7916448712348938,0.3051836719632149,-0.710636963057518,-0.058885838797651156,-0.11043725162744522,-0.057447585013956685,-0.11043725162744522,0.0,0.0,0.0,0.0,0.0,0.0,-1.0,84.0,1.68,-1.0,1.0,1.0,1.0,-1.0,1.0,-0.31100201268196104,-0.31100201268196104,0.17219523319602012,0.17219523319602012,0.008459420024695555,-1.028985619544983,7.407694739669093,7.407694739669093,-2.878863225710982,-2.878863225710982,-0.6545679270188778,-0.6545679270188778,4.69690775897503,4.69690775897503,8.571171345914264,8.571171345914264,14.815389479338187,-5.757726451421964,-1.3091358540377556,9.39381551795006,-4.285585672957132,-4.285585672957132,-8.571171345914264,-5.71411423060951,-5.71411423060951,-4.285585672957132,-4.285585672957132,0.0,-5.71411423060951,-5.71411423060951,-4.285585672957132,-4.285585672957132,-4.285585672957132,-4.285585672957132,0.0,0.0,0.0,0.0,0.0,1.5,0.0,0.0,0.0,-4.285585672957132,-4.285585672957132,-4.285585672957132,-4.285585672957132,-4.285585672957132,-4.285585672957132,-4.285585672957132,-4.285585672957132,-4.285585672957132,-4.285585672957132,-0.11078881490480298,-6.697214085629313,0.30638280510902405,-0.04007553309202194,0.11591029167175293,-132.06028692284917,-137.49614306185774,-5.333333492279053,-5.333333492279053,-5.333333492279053,-5.333333492279053,-5.333333492279053,-5.333333492279053,-5.333333492279053,-5.333333492279053,-4.0,-4.0,4.0,-4.0,21.941478729248047,15.895369529724121,-5.435856139008564,0.0,0.0,-6.046109199523926,-132.06028692284917,-137.49614306185774,21.941478729248047,15.895369529724121,0.0,0.0,1.7,5.966469764709473,6.156019687652588,5.966469764709473,6.156019687652588,-5.966469764709473,6.156019687652588,-13.829320907592773,-14.39856243133545,-13.829320907592773,-14.39856243133545,13.829320907592773,-14.39856243133545,-5.333333492279053,-5.333333492279053,-5.333333492279053,-5.333333492279053,-2.960693836212158,3.8792359828948975,-2.960693836212158,3.8792359828948975,-28.27254354089228,37.043974925860205,2.960693836212158,3.8792359828948975,-4.0,-4.0,4.0,4.0,-4.0,-4.0,4.0,-4.0,0.30638280510902405,-0.04007553309202194,0.11591029167175293,0.004707991145551205,0.0022625208366662264,-0.009253223426640034,0.28616660833358765,0.010283343493938446,-0.9581246972084045,-0.7916448712348938,0.098408043384552,-0.35065126419067383
1.72,0.01977612711143076,0.12578536570072174,0.3027389328837395,-0.041560974000394345,-0.06268133160219114,-0.042283616960048676,-0.061243077818496666,-0.042283616960048676,0.0,0.0,0.0,0.0,0.0,0.0,-1.0,85.0,1.7,-1.0,1.0,1.0,1.0,-1.0,1.0,0.3051836719632149,0.3051836719632149,-0.710636963057518,-0.710636963057518,0.0107323699056407,0.7916448712348938,-7.269108845757422,-7.269108845757422,11.88085513057342,11.88085513057342,-0.8304428791367227,-0.8304428791367227,-3.6135421792387965,-3.6135421792387965,0.16776122644047753,0.16776122644047753,-14.538217691514845,23.76171026114684,-1.6608857582734453,-7.227084358477593,-0.08388061322023876,-0.08388061322023876,-0.16776122644047753,-0.11184081762698501,-0.11184081762698501,-0.08388061322023876,-0.08388061322023876,0.0,-0.11184081762698501,-0.11184081762698501,-0.08388061322023876,-0.08388061322023876,-0.08388061322023876,-0.08388061322023876,0.0,0.0,0.0,0.0,0.0,1.5,0.0,0.0,0.0,-0.08388061322023876,-0.08388061322023876,-0.08388061322023876,-0.08388061322023876,-0.08388061322023876,-0.08388061322023876,-0.08388061322023876,-0.08388061322023876,-0.08388061322023876,-0.08388061322023876,-0.06744219766069023,-6.7646562832900035,0.3063238859176636,-0.041093211621046066,0.11582884192466736,-9.488765172359344,-6.27600412704841,-0.11184081435203552,-0.11184081435203552,-0.11184081435203552,-0.11184081435203552,-0.11184081435203552,-0.11184081435203552,-0.11184081435203552,-0.11184081435203552,-0.08388061076402664,-0.08388061076402664,0.08388061076402664,-0.08388061076402664,22.739797592163086,14.882315635681152,3.212761045310933,0.0,0.0,-7.857481956481934,-9.488765172359344,-6.27600412704841,22.739797592163086,14.882315635681152,0.0,0.0,1.72,5.914716720581055,6.110662937164307,5.914716720581055,6.110662937164307,-5.914716720581055,6.110662937164307,-0.9936611652374268,-0.6572216153144836,-0.9936611652374268,-0.6572216153144836,0.9936611652374268,-0.6572216153144836,-0.11184081435203552,-0.11184081435203552,-0.11184081435203552,-0.11184081435203552,13.829320907592773,-14.39856243133545,13.829320907592773,-14.39856243133545,132.06028692284917,-137.49614306185774,13.829320907592773,14.39856243133545,-0.08388061076402664,-0.08388061076402664,4.0,4.0,-0.08388061076402664,-0.08388061076402664,0.08388061076402664,-0.08388061076402664,0.3063238859176636,-0.041093211621046066,0.11582884192466736,-0.001007996965199709,-0.013108162209391594,0.0033862667623907328,0.2863420844078064,0.0189468152821064,-0.9579401016235352,-0.12578536570072174,-0.005244451574981213,-0.08184292912483215
1.74,0.0006216908862191197,-1.1705511808395386,0.00266848863363266,0.7165002121448517,-0.05820082432678827,-0.09098301082849503,-0.0567625705430938,-0.09098301082849503,0.0,0.0,0.0,0.0,0.0,0.0,-1.0,86.0,1.72,-1.0,1.0,1.0,1.0,-1.0,1.0,0.3027389328837395,0.3027389328837395,-0.041560974000394345,-0.041560974000394345,0.01977612711143076,0.12578536570072174,-7.210878094571214,-7.210878094571214,0.6948412999229928,0.6948412999229928,-1.5302252979520226,-1.5302252979520226,-0.5741598802775145,-0.5741598802775145,-8.62042197287776,-8.62042197287776,-14.421756189142428,1.3896825998459856,-3.060450595904045,-1.148319760555029,4.31021098643888,4.31021098643888,8.62042197287776,5.746947981918506,5.746947981918506,4.31021098643888,4.31021098643888,0.0,5.746947981918506,5.746947981918506,4.31021098643888,4.31021098643888,4.31021098643888,4.31021098643888,0.0,0.0,0.0,0.0,0.0,1.5,0.0,0.0,0.0,4.31021098643888,4.31021098643888,4.31021098643888,4.31021098643888,4.31021098643888,4.31021098643888,4.31021098643888,4.31021098643888,4.31021098643888,4.31021098643888,-0.0065558341001531635,-6.7712121173901565,0.30652669072151184,-0.03988490253686905,0.11622670292854309,129.76922290917346,142.01123505923522,5.333333492279053,5.333333492279053,5.333333492279053,5.333333492279053,5.333333492279053,5.333333492279053,5.333333492279053,5.333333492279053,4.0,4.0,-4.0,4.0,22.42989730834961,14.379974365234375,12.242012150061754,0.0,0.0,-8.049922943115234,129.76922290917346,142.01123505923522,22.42989730834961,14.379974365234375,0.0,0.0,1.74,6.22801399230957,-6.122016429901123,6.22801399230957,-6.122016429901123,-6.22801399230957,-6.122016429901123,13.589401245117188,14.871381759643555,13.589401245117188,14.871381759643555,-13.589401245117188,14.871381759643555,5.333333492279053,5.333333492279053,5.333333492279053,5.333333492279053,0.9936611652374268,-0.6572216153144836,0.9936611652374268,-0.6572216153144836,9.488765172359344,-6.27600412704841,0.9936611652374268,0.6572216153144836,4.0,4.0,4.0,4.0,4.0,4.0,-4.0,4.0,0.30652669072151184,-0.03988490253686905,0.11622670292854309,-0.0009117110166698694,0.007989902049303055,0.018255243077874184,0.2852019965648651,0.0005958704277873039,-0.9584672451019287,1.1705511808395386,-0.09006975591182709,0.25332826375961304
1.76,-0.024346481967056462,-1.228706955909729,-0.298665920317173,0.5870081737756729,-0.05445820870745847,-0.19413720071315765,-0.053019954923764,-0.19413720071315765,0.0,0.0,0.0,0.0,0.0,0.0,-1.0,87.0,1.74,-1.0,1.0,1.0,1.0,-1.0,1.0,0.00266848863363266,0.00266848863363266,0.7165002121448517,0.7165002121448517,0.0006216908862191197,-1.1705511808395386,-0.0635601970667696,-0.0635601970667696,-11.978880446764917,-11.978880446764917,-0.048104824379331314,-0.048104824379331314,5.343097920060158,5.343097920060158,-6.747447548150859,-6.747447548150859,-0.1271203941335392,-23.957760893529834,-0.09620964875866263,10.686195840120316,3.3737237740754296,3.3737237740754296,6.747447548150859,4.498298365433906,4.498298365433906,3.3737237740754296,3.3737237740754296,0.0,4.498298365433906,4.498298365433906,3.3737237740754296,3.3737237740754296,3.3737237740754296,3.3737237740754296,0.0,0.0,0.0,0.0,0.0,1.5,0.0,0.0,0.0,3.3737237740754296,3.3737237740754296,3.3737237740754296,3.3737237740754296,3.3737237740754296,3.3737237740754296,3.3737237740754296,3.3737237740754296,3.3737237740754296,3.3737237740754296,-0.1370197492376212,-6.908231866627777,0.30681881308555603,-0.03668489307165146,0.11663717776536942,105.39292435263938,117.269047822323,4.498298645019531,4.498298645019531,4.498298645019531,4.498298645019531,4.498298645019531,4.498298645019531,4.498298645019531,4.498298645019531,3.3737237453460693,3.3737237453460693,-3.3737237453460693,3.3737237453460693,22.38170051574707,14.464500427246094,11.87612346968362,0.0,0.0,-7.917200088500977,105.39292435263938,117.269047822323,22.38170051574707,14.464500427246094,0.0,0.0,1.76,-6.0505452156066895,-5.813046455383301,-6.0505452156066895,-5.813046455383301,6.0505452156066895,-5.813046455383301,11.036721229553223,12.280385971069336,11.036721229553223,12.280385971069336,-11.036721229553223,12.280385971069336,4.498298645019531,4.498298645019531,4.498298645019531,4.498298645019531,-13.589401245117188,14.871381759643555,-13.589401245117188,14.871381759643555,-129.76922290917346,142.01123505923522,13.589401245117188,14.871381759643555,3.3737237453460693,3.3737237453460693,4.0,4.0,3.3737237453460693,3.3737237453460693,-3.3737237453460693,3.3737237453460693,0.30681881308555603,-0.03668489307165146,0.11663717776536942,0.004296556115150452,0.09363862127065659,0.011615738272666931,0.28432273864746094,-0.02333936281502247,-0.9584444761276245,1.228706955909729,-0.05526312440633774,0.16328741610050201
1.78,-0.024635170519825042,0.6316068768501282,-0.30698360801935193,-0.3885091631531715,-0.058017686100737986,-0.15378856658935547,-0.056579432317043515,-0.15378856658935547,0.0,0.0,0.0,0.0,0.0,0.0,-1.0,88.0,1.76,-1.0,1.0,1.0,1.0,-1.0,1.0,-0.298665920317173,-0.298665920317173,0.5870081737756729,0.5870081737756729,-0.024346481967056462,-1.228706955909729,7.113863822850679,7.113863822850679,-9.813954854085965,-9.813954854085965,1.8838674737577146,1.8838674737577146,5.608555770945549,5.608555770945549,4.7923322134679776,4.7923322134679776,14.227727645701359,-19.62790970817193,3.767734947515429,11.217111541891098,-2.3961661067339888,-2.3961661067339888,-4.7923322134679776,-3.194888142311985,-3.194888142311985,-2.3961661067339888,-2.3961661067339888,0.0,-3.194888142311985,-3.194888142311985,-2.3961661067339888,-2.3961661067339888,-2.3961661067339888,-2.3961661067339888,0.0,0.0,0.0,0.0,0.0,1.5,0.0,0.0,0.0,-2.3961661067339888,-2.3961661067339888,-2.3961661067339888,-2.3961661067339888,-2.3961661067339888,-2.3961661067339888,-2.3961661067339888,-2.3961661067339888,-2.3961661067339888,-2.3961661067339888,-0.1560248961322127,-7.06425676275999,0.3071781396865845,-0.034168437123298645,0.11641279608011246,-72.00405002903062,-75.36394302516496,-3.194888114929199,-3.194888114929199,-3.194888114929199,-3.194888114929199,-3.194888114929199,-3.194888114929199,-3.194888114929199,-3.194888114929199,-2.3961660861968994,-2.3961660861968994,2.3961660861968994,-2.3961660861968994,22.43886375427246,17.05317497253418,-3.3598929961343345,0.0,0.0,-5.385688781738281,-72.00405002903062,-75.36394302516496,22.43886375427246,17.05317497253418,0.0,0.0,1.78,-6.217851161956787,-5.97613525390625,-6.217851161956787,-5.97613525390625,6.217851161956787,-5.97613525390625,-7.540246486663818,-7.892093658447266,-7.540246486663818,-7.892093658447266,7.540246486663818,-7.892093658447266,-3.194888114929199,-3.194888114929199,-3.194888114929199,-3.194888114929199,-11.036721229553223,12.280385971069336,-11.036721229553223,12.280385971069336,-105.39292435263938,117.269047822323,11.036721229553223,12.280385971069336,-2.3961660861968994,-2.3961660861968994,4.0,4.0,-2.3961660861968994,-2.3961660861968994,2.3961660861968994,-2.3961660861968994,0.3071781396865845,-0.034168437123298645,0.11641279608011246,0.0320109948515892,0.11525538563728333,-0.0022004612255841494,0.2844187319278717,-0.02361535280942917,-0.9584092497825623,-0.6316068768501282,0.07155504077672958,-0.3496618866920471
1.8,-0.0014243993851633067,1.1694189310073853,0.3081515377163887,-0.7071653697013854,-0.06483561068735225,0.11488524079322815,-0.06339735690365778,0.11488524079322815,0.0,0.0,0.0,0.0,0.0,0.0,-1.0,89.0,1.78,-1.0,1.0,1.0,1.0,-1.0,1.0,-0.30698360801935193,-0.30698360801935193,-0.3885091631531715,-0.3885091631531715,-0.024635170519825042,0.6316068768501282,7.31198116269134,7.31198116269134,6.4953292950926125,6.4953292950926125,1.90620544338071,1.90620544338071,-2.8830327500700954,-2.8830327500700954,12.830483151094567,12.830483151094567,14.62396232538268,12.990658590185225,3.81241088676142,-5.766065500140191,-6.415241575547284,-6.415241575547284,-12.830483151094567,-8.553655434063044,-8.553655434063044,-6.415241575547284,-6.415241575547284,0.0,-8.553655434063044,-8.553655434063044,-6.415241575547284,-6.415241575547284,-6.415241575547284,-6.415241575547284,0.0,0.0,0.0,0.0,0.0,1.5,0.0,0.0,0.0,-6.415241575547284,-6.415241575547284,-6.415241575547284,-6.415241575547284,-6.415241575547284,-6.415241575547284,-6.415241575547284,-6.415241575547284,-6.415241575547284,-6.415241575547284,-0.04521156309460711,-7.109468325854597,0.3072092831134796,-0.0340861976146698,0.11601858586072922,-131.86216590232434,-136.3774309311608,-5.333333492279053,-5.333333492279053,-5.333333492279053,-5.333333492279053,-5.333333492279053,-5.333333492279053,-5.333333492279053,-5.333333492279053,-4.0,-4.0,4.0,-4.0,20.94572639465332,16.194713592529297,-4.515265028836467,0.0,0.0,-4.751012802124023,-131.86216590232434,-136.3774309311608,20.94572639465332,16.194713592529297,0.0,0.0,1.8,6.005221366882324,6.235157489776611,6.005221366882324,6.235157489776611,-6.005221366882324,6.235157489776611,-13.808573722839355,-14.281411170959473,-13.808573722839355,-14.281411170959473,13.808573722839355,-14.281411170959473,-5.333333492279053,-5.333333492279053,-5.333333492279053,-5.333333492279053,7.540246486663818,-7.892093658447266,7.540246486663818,-7.892093658447266,72.00405002903062,-75.36394302516496,7.540246486663818,7.892093658447266,-4.0,-4.0,4.0,4.0,-4.0,-4.0,4.0,-4.0,0.3072092831134796,-0.0340861976146698,0.11601858586072922,0.0072237541899085045,0.06599069386720657,-0.007560493890196085,0.28605589270591736,-0.0013648774474859238,-0.9582119584083557,-1.1694189310073853,0.08437052369117737,-0.22933241724967957
1.82,0.0060854334021350435,-0.06853584945201874,0.30743494852781295,0.05664614637345076,-0.06423745840359281,0.06778615713119507,-0.06279920461989834,0.06778615713119507,0.0,0.0,0.0,0.0,0.0,0.0,-1.0,90.0,1.8,-1.0,1.0,1.0,1.0,-1.0,1.0,0.3081515377163887,0.3081515377163887,-0.7071653697013854,-0.7071653697013854,-0.0014243993851633067,1.1694189310073853,-7.339799846559119,-7.339799846559119,11.822814949889581,11.822814949889581,0.11021632098553523,0.11021632098553523,-5.337929652476311,-5.337929652476311,-0.7446982281603134,-0.7446982281603134,-14.679599693118238,23.645629899779163,0.22043264197107046,-10.675859304952622,0.3723491140801567,0.3723491140801567,0.7446982281603134,0.4964654854402089,0.4964654854402089,0.3723491140801567,0.3723491140801567,0.0,0.4964654854402089,0.4964654854402089,0.3723491140801567,0.3723491140801567,0.3723491140801567,0.3723491140801567,0.0,0.0,0.0,0.0,0.0,1.5,0.0,0.0,0.0,0.3723491140801567,0.3723491140801567,0.3723491140801567,0.3723491140801567,0.3723491140801567,0.3723491140801567,0.3723491140801567,0.3723491140801567,0.3723491140801567,0.3723491140801567,-0.14150396104330276,-7.2509722868979,0.307209849357605,-0.03398106247186661,0.11598414927721024,12.145346759468294,9.34147954227962,0.4964655041694641,0.4964655041694641,0.4964655041694641,0.4964655041694641,0.4964655041694641,0.4964655041694641,0.4964655041694641,0.4964655041694641,0.3723491132259369,0.3723491132259369,-0.3723491132259369,0.3723491132259369,20.923376083374023,16.179548263549805,-2.8038672171886745,0.0,0.0,-4.743827819824219,12.145346759468294,9.34147954227962,20.923376083374023,16.179548263549805,0.0,0.0,1.82,5.992057800292969,6.2198567390441895,5.992057800292969,6.2198567390441895,-5.992057800292969,6.2198567390441895,1.271857738494873,0.9782374501228333,1.271857738494873,0.9782374501228333,-1.271857738494873,0.9782374501228333,0.4964655041694641,0.4964655041694641,0.4964655041694641,0.4964655041694641,13.808573722839355,-14.281411170959473,13.808573722839355,-14.281411170959473,131.86216590232434,-136.3774309311608,13.808573722839355,14.281411170959473,0.3723491132259369,0.3723491132259369,4.0,4.0,0.3723491132259369,0.3723491132259369,-0.3723491132259369,0.3723491132259369,0.307209849357605,-0.03398106247186661,0.11598414927721024,0.004405994899570942,0.03861869126558304,0.005384111776947975,0.28624463081359863,0.005830761976540089,-0.9581388235092163,0.06853584945201874,-0.00730787543579936,0.09117840230464935
1.84,-0.015014244363666884,-1.1676839590072632,-0.3087988016366959,0.7158554811477661,-0.05760036822506588,-0.06297849118709564,-0.05616211444137141,-0.06297849118709564,0.0,0.0,0.0,0.0,0.0,0.0,-1.0,91.0,1.82,-1.0,1.0,1.0,1.0,-1.0,1.0,0.30743494852781295,0.30743494852781295,0.05664614637345076,0.05664614637345076,0.0060854334021350435,-0.06853584945201874,-7.322731551994271,-7.322731551994271,-0.9470442627591737,-0.9470442627591737,-0.47087501453036407,-0.47087501453036407,0.31283873840868476,0.31283873840868476,-8.427812090875124,-8.427812090875124,-14.645463103988542,-1.8940885255183475,-0.9417500290607281,0.6256774768173695,4.213906045437562,4.213906045437562,8.427812090875124,5.6185413939167494,5.6185413939167494,4.213906045437562,4.213906045437562,0.0,5.6185413939167494,5.6185413939167494,4.213906045437562,4.213906045437562,4.213906045437562,4.213906045437562,0.0,0.0,0.0,0.0,0.0,1.5,0.0,0.0,0.0,4.213906045437562,4.213906045437562,4.213906045437562,4.213906045437562,4.213906045437562,4.213906045437562,4.213906045437562,4.213906045437562,4.213906045437562,4.213906045437562,-0.005232561144517749,-7.256204848042418,0.3074718415737152,-0.03147343173623085,0.1163935512304306,129.46545252256686,142.0704482458798,5.333333492279053,5.333333492279053,5.333333492279053,5.333333492279053,5.333333492279053,5.333333492279053,5.333333492279053,5.333333492279053,4.0,4.0,-4.0,4.0,22.557594299316406,14.285131454467773,12.604995723312925,0.0,0.0,-8.272462844848633,129.46545252256686,142.0704482458798,22.557594299316406,14.285131454467773,0.0,0.0,1.84,-6.257638931274414,-6.008450508117676,-6.257638931274414,-6.008450508117676,6.257638931274414,-6.008450508117676,13.55759048461914,14.877582550048828,13.55759048461914,14.877582550048828,-13.55759048461914,14.877582550048828,5.333333492279053,5.333333492279053,5.333333492279053,5.333333492279053,-1.271857738494873,0.9782374501228333,-1.271857738494873,0.9782374501228333,-12.145346759468294,9.34147954227962,1.271857738494873,0.9782374501228333,4.0,4.0,4.0,4.0,4.0,4.0,-4.0,4.0,0.3074718415737152,-0.03147343173623085,0.1163935512304306,0.0013528878334909678,0.07000786066055298,0.015925252810120583,0.28501275181770325,-0.014390968717634678,-0.958415687084198,1.1676839590072632,-0.08833109587430954,0.28286007046699524
1.86,-0.016994744455482446,0.6361397504806519,-0.3100751908659935,-0.09629850270450115,-0.059418174349270166,-0.15297521650791168,-0.057979920565575695,-0.15297521650791168,0.0,0.0,0.0,0.0,0.0,0.0,-1.0,92.0,1.84,-1.0,1.0,1.0,1.0,-1.0,1.0,-0.3087988016366959,-0.3087988016366959,0.7158554811477661,0.7158554811477661,-0.015014244363666884,-1.1676839590072632,7.355216896424132,7.355216896424132,-11.968101447117041,-11.968101447117041,1.1617631918251978,1.1617631918251978,5.330010199284554,5.330010199284554,1.8788888404168427,1.8788888404168427,14.710433792848264,-23.936202894234082,2.3235263836503957,10.660020398569108,-0.9394444202084213,-0.9394444202084213,-1.8788888404168427,-1.2525925602778951,-1.2525925602778951,-0.9394444202084213,-0.9394444202084213,0.0,-1.2525925602778951,-1.2525925602778951,-0.9394444202084213,-0.9394444202084213,-0.9394444202084213,-0.9394444202084213,0.0,0.0,0.0,0.0,0.0,1.5,0.0,0.0,0.0,-0.9394444202084213,-0.9394444202084213,-0.9394444202084213,-0.9394444202084213,-0.9394444202084213,-0.9394444202084213,-0.9394444202084213,-0.9394444202084213,-0.9394444202084213,-0.9394444202084213,-0.14134184534071248,-7.397546693383131,0.30756890773773193,-0.029401186853647232,0.11634599417448044,-16.214774605326753,-20.31285054129397,-1.2525925636291504,-1.2525925636291504,-1.2525925636291504,-1.2525925636291504,-1.2525925636291504,-1.2525925636291504,-1.2525925636291504,-1.2525925636291504,-0.9394444227218628,-0.9394444227218628,0.9394444227218628,-0.9394444227218628,21.71774673461914,16.338396072387695,-4.098075935967216,0.0,0.0,-5.379350662231445,-16.214774605326753,-20.31285054129397,21.71774673461914,16.338396072387695,0.0,0.0,1.86,-6.280421733856201,-6.036368370056152,-6.280421733856201,-6.036368370056152,6.280421733856201,-6.036368370056152,-1.6980072259902954,-2.1271567344665527,-1.6980072259902954,-2.1271567344665527,1.6980072259902954,-2.1271567344665527,-1.2525925636291504,-1.2525925636291504,-1.2525925636291504,-1.2525925636291504,-13.55759048461914,14.877582550048828,-13.55759048461914,14.877582550048828,-129.46545252256686,142.0704482458798,13.55759048461914,14.877582550048828,-0.9394444227218628,-0.9394444227218628,4.0,4.0,-0.9394444227218628,-0.9394444227218628,0.9394444227218628,-0.9394444227218628,0.30756890773773193,-0.029401186853647232,0.11634599417448044,0.0052323234267532825,0.08914970606565475,0.0038056117482483387,0.284811407327652,-0.016290098428726196,-0.958445131778717,-0.6361397504806519,0.0039649177342653275,-0.3487102687358856
1.8800000000000001,0.006847578909028685,1.201848030090332,0.30715786353349683,-0.6462181711435317,-0.06566910376688993,0.16935314238071442,-0.06423084998319545,0.16935314238071442,0.0,0.0,0.0,0.0,0.0,0.0,-1.0,93.0,1.86,-1.0,1.0,1.0,1.0,-1.0,1.0,-0.3100751908659935,-0.3100751908659935,-0.09629850270450115,-0.09629850270450115,-0.016994744455482446,0.6361397504806519,7.385618956198925,7.385618956198925,1.6099761473154728,1.6099761473154728,1.3150091396296473,1.3150091396296473,-2.903723505043984,-2.903723505043984,7.406880738100061,7.406880738100061,14.77123791239785,3.2199522946309456,2.6300182792592945,-5.807447010087968,-3.7034403690500306,-3.7034403690500306,-7.406880738100061,-4.9379204920667075,-4.9379204920667075,-3.7034403690500306,-3.7034403690500306,0.0,-4.9379204920667075,-4.9379204920667075,-3.7034403690500306,-3.7034403690500306,-3.7034403690500306,-3.7034403690500306,0.0,0.0,0.0,0.0,0.0,1.5,0.0,0.0,0.0,-3.7034403690500306,-3.7034403690500306,-3.7034403690500306,-3.7034403690500306,-3.7034403690500306,-3.7034403690500306,-3.7034403690500306,-3.7034403690500306,-3.7034403690500306,-3.7034403690500306,-0.04556353075279487,-7.443110224135926,0.30742689967155457,-0.029930299147963524,0.11594419181346893,-120.76390080299734,-124.35740903604335,-4.937920570373535,-4.937920570373535,-4.937920570373535,-4.937920570373535,-4.937920570373535,-4.937920570373535,-4.937920570373535,-4.937920570373535,-3.7034404277801514,-3.7034404277801514,3.7034404277801514,-3.7034404277801514,20.75342559814453,16.59457778930664,-3.593508233046009,0.0,0.0,-4.158847808837891,-120.76390080299734,-124.35740903604335,20.75342559814453,16.59457778930664,0.0,0.0,1.8800000000000001,5.9823079109191895,6.218600273132324,5.9823079109191895,6.218600273132324,-5.9823079109191895,6.218600273132324,-12.646366119384766,-13.022677421569824,-12.646366119384766,-13.022677421569824,12.646366119384766,-13.022677421569824,-4.937920570373535,-4.937920570373535,-4.937920570373535,-4.937920570373535,1.6980072259902954,-2.1271567344665527,1.6980072259902954,-2.1271567344665527,16.214774605326753,-20.31285054129397,1.6980072259902954,2.1271567344665527,-3.7034404277801514,-3.7034404277801514,4.0,4.0,-3.7034404277801514,-3.7034404277801514,3.7034404277801514,-3.7034404277801514,0.30742689967155457,-0.029930299147963524,0.11594419181346893,0.0062552038580179214,0.03593903034925461,-0.0077733127400279045,0.2859382927417755,0.006561627611517906,-0.9582255482673645,-1.201848030090332,0.08714577555656433,-0.1813032180070877
1.9000000000000001,0.007747108851242332,-0.6125607490539551,0.3099491569280624,0.1781789762020111,-0.06110270568582461,0.28554782271385193,-0.05966445190213014,0.28554782271385193,0.0,0.0,0.0,0.0,0.0,0.0,-1.0,94.0,1.8800000000000001,-1.0,1.0,1.0,1.0,-1.0,1.0,0.30715786353349683,0.30715786353349683,-0.6462181711435317,-0.6462181711435317,0.006847578909028685,1.201848030090332,-7.316131719931654,-7.316131719931654,10.80386311608025,10.80386311608025,-0.5298478522754761,-0.5298478522754761,-5.48595551815033,-5.48595551815033,-2.5280719742772115,-2.5280719742772115,-14.632263439863308,21.6077262321605,-1.0596957045509523,-10.97191103630066,1.2640359871386058,1.2640359871386058,2.5280719742772115,1.6853813161848077,1.6853813161848077,1.2640359871386058,1.2640359871386058,0.0,1.6853813161848077,1.6853813161848077,1.2640359871386058,1.2640359871386058,1.2640359871386058,1.2640359871386058,0.0,0.0,0.0,0.0,0.0,1.5,0.0,0.0,0.0,1.2640359871386058,1.2640359871386058,1.2640359871386058,1.2640359871386058,1.2640359871386058,1.2640359871386058,1.2640359871386058,1.2640359871386058,1.2640359871386058,1.2640359871386058,-0.14920805573663967,-7.592318279872566,0.30746299028396606,-0.029882825911045074,0.11600342392921448,32.24552342384585,35.3407283758044,1.685381293296814,1.685381293296814,1.685381293296814,1.685381293296814,1.685381293296814,1.685381293296814,1.685381293296814,1.685381293296814,1.264035940170288,1.264035940170288,-1.264035940170288,1.264035940170288,22.199796676635742,15.275638580322266,3.09520495195855,0.0,0.0,-6.924158096313477,32.24552342384585,35.3407283758044,22.199796676635742,15.275638580322266,0.0,0.0,1.9000000000000001,6.030445575714111,6.281338214874268,6.030445575714111,6.281338214874268,-6.030445575714111,6.281338214874268,3.3767433166503906,3.7008724212646484,3.3767433166503906,3.7008724212646484,-3.3767433166503906,3.7008724212646484,1.685381293296814,1.685381293296814,1.685381293296814,1.685381293296814,12.646366119384766,-13.022677421569824,12.646366119384766,-13.022677421569824,120.76390080299734,-124.35740903604335,12.646366119384766,13.022677421569824,1.264035940170288,1.264035940170288,4.0,4.0,1.264035940170288,1.264035940170288,-1.264035940170288,1.264035940170288,0.30746299028396606,-0.029882825911045074,0.11600342392921448,-0.0007582547259517014,0.013043943792581558,0.00805744994431734,0.28599488735198975,0.007423446513712406,-0.9582023620605469,0.6125607490539551,-0.030847769230604172,0.48059582710266113
1.92,-0.016855313500252735,-1.1870650053024292,-0.3060706152439117,0.7154693243980408,-0.05317670658318907,-0.09735501557588577,-0.0517384527994946,-0.09735501557588577,0.0,0.0,0.0,0.0,0.0,0.0,-1.0,95.0,1.9000000000000001,-1.0,1.0,1.0,1.0,-1.0,1.0,0.3099491569280624,0.3099491569280624,0.1781789762020111,0.1781789762020111,0.007747108851242332,-0.6125607490539551,-7.382616979038133,-7.382616979038133,-2.978903031530942,-2.978903031530942,-0.5994511404261184,-0.5994511404261184,2.7960947951316837,2.7960947951316837,-8.16487635586351,-8.16487635586351,-14.765233958076266,-5.957806063061884,-1.1989022808522367,5.592189590263367,4.082438177931755,4.082438177931755,8.16487635586351,5.443250903909007,5.443250903909007,4.082438177931755,4.082438177931755,0.0,5.443250903909007,5.443250903909007,4.082438177931755,4.082438177931755,4.082438177931755,4.082438177931755,0.0,0.0,0.0,0.0,0.0,1.5,0.0,0.0,0.0,4.082438177931755,4.082438177931755,4.082438177931755,4.082438177931755,4.082438177931755,4.082438177931755,4.082438177931755,4.082438177931755,4.082438177931755,4.082438177931755,-0.04238650881772809,-7.634704788690294,0.3077176511287689,-0.027152499184012413,0.11644529551267624,129.38144119577572,142.00798388919029,5.333333492279053,5.333333492279053,5.333333492279053,5.333333492279053,5.333333492279053,5.333333492279053,5.333333492279053,5.333333492279053,4.0,4.0,-4.0,4.0,22.549434661865234,14.291861534118652,12.626542693414564,0.0,0.0,-8.257573127746582,129.38144119577572,142.00798388919029,22.549434661865234,14.291861534118652,0.0,0.0,1.92,-6.214954853057861,-5.942765712738037,-6.214954853057861,-5.942765712738037,6.214954853057861,-5.942765712738037,13.548792839050293,14.871041297912598,13.548792839050293,14.871041297912598,-13.548792839050293,14.871041297912598,5.333333492279053,5.333333492279053,5.333333492279053,5.333333492279053,-3.3767433166503906,3.7008724212646484,-3.3767433166503906,3.7008724212646484,-32.24552342384585,35.3407283758044,3.3767433166503906,3.7008724212646484,4.0,4.0,4.0,4.0,4.0,4.0,-4.0,4.0,0.3077176511287689,-0.027152499184012413,0.11644529551267624,0.002288831863552332,0.07425005733966827,0.01611476019024849,0.2848784029483795,-0.01615612581372261,-0.9584274888038635,1.1870650053024292,-0.08199295401573181,0.2526417672634125
1.94,-0.018940607725641084,0.6016514897346497,-0.3077914064526558,-0.11733509330153465,-0.05534815665819709,-0.13956999778747559,-0.053909902874502626,-0.13956999778747559,0.0,0.0,0.0,0.0,0.0,0.0,-1.0,96.0,1.92,-1.0,1.0,1.0,1.0,-1.0,1.0,-0.3060706152439117,-0.3060706152439117,0.7154693243980408,0.7154693243980408,-0.016855313500252735,-1.1870650053024292,7.2902347703716845,7.2902347703716845,-11.961645446881084,-11.961645446881084,1.3042203348344559,1.3042203348344559,5.418476923203468,5.418476923203468,2.051286581528525,2.051286581528525,14.580469540743369,-23.923290893762168,2.6084406696689117,10.836953846406937,-1.0256432907642625,-1.0256432907642625,-2.051286581528525,-1.3675243876856833,-1.3675243876856833,-1.0256432907642625,-1.0256432907642625,0.0,-1.3675243876856833,-1.3675243876856833,-1.0256432907642625,-1.0256432907642625,-1.0256432907642625,-1.0256432907642625,0.0,0.0,0.0,0.0,0.0,1.5,0.0,0.0,0.0,-1.0256432907642625,-1.0256432907642625,-1.0256432907642625,-1.0256432907642625,-1.0256432907642625,-1.0256432907642625,-1.0256432907642625,-1.0256432907642625,-1.0256432907642625,-1.0256432907642625,-0.14588039535034678,-7.780585184040641,0.3078868091106415,-0.024968354031443596,0.11638142168521881,-21.091637817377716,-23.415516336555896,-1.36752450466156,-1.36752450466156,-1.36752450466156,-1.36752450466156,-1.36752450466156,-1.36752450466156,-1.36752450466156,-1.36752450466156,-1.0256433486938477,-1.0256433486938477,1.0256433486938477,-1.0256433486938477,23.266746520996094,15.894119262695312,-2.32387851917818,0.0,0.0,-7.372627258300781,-21.091637817377716,-23.415516336555896,23.266746520996094,15.894119262695312,0.0,0.0,1.94,-6.248348236083984,-5.977725505828857,-6.248348236083984,-5.977725505828857,6.248348236083984,-5.977725505828857,-2.2087111473083496,-2.4520671367645264,-2.2087111473083496,-2.4520671367645264,2.2087111473083496,-2.4520671367645264,-1.36752450466156,-1.36752450466156,-1.36752450466156,-1.36752450466156,-13.548792839050293,14.871041297912598,-13.548792839050293,14.871041297912598,-129.38144119577572,142.00798388919029,13.548792839050293,14.871041297912598,-1.0256433486938477,-1.0256433486938477,4.0,4.0,-1.0256433486938477,-1.0256433486938477,1.0256433486938477,-1.0256433486938477,0.3078868091106415,-0.024968354031443596,0.11638142168521881,0.013686333782970905,0.09385298937559128,0.0028256908990442753,0.2846137583255768,-0.018156182020902634,-0.958470344543457,-0.6016514897346497,0.020692821592092514,-0.3246673345565796
1.96,0.004787928297725348,1.1949163675308228,0.3079832243680954,-0.7059510550975799,-0.061663026078963665,0.15775494277477264,-0.060224772295269194,0.15775494277477264,0.0,0.0,0.0,0.0,0.0,0.0,-1.0,97.0,1.94,-1.0,1.0,1.0,1.0,-1.0,1.0,-0.3077914064526558,-0.3077914064526558,-0.11733509330153465,-0.11733509330153465,-0.018940607725641084,0.6016514897346497,7.331221952014517,7.331221952014517,1.961678490871037,1.961678490871037,1.4655749802300202,1.4655749802300202,-2.746298390042782,-2.746298390042782,8.012177033072792,8.012177033072792,14.662443904029034,3.923356981742074,2.9311499604600404,-5.492596780085564,-4.006088516536396,-4.006088516536396,-8.012177033072792,-5.341451355381861,-5.341451355381861,-4.006088516536396,-4.006088516536396,0.0,-5.341451355381861,-5.341451355381861,-4.006088516536396,-4.006088516536396,-4.006088516536396,-4.006088516536396,0.0,0.0,0.0,0.0,0.0,1.5,0.0,0.0,0.0,-4.006088516536396,-4.006088516536396,-4.006088516536396,-4.006088516536396,-4.006088516536396,-4.006088516536396,-4.006088516536396,-4.006088516536396,-4.006088516536396,-4.006088516536396,-0.04129397562531414,-7.821879159665955,0.30778294801712036,-0.02532137930393219,0.11595866084098816,-132.03635393999744,-135.7426331496998,-5.333333492279053,-5.333333492279053,-5.333333492279053,-5.333333492279053,-5.333333492279053,-5.333333492279053,-5.333333492279053,-5.333333492279053,-4.0,-4.0,4.0,-4.0,20.747785568237305,16.609651565551758,-3.706279209702359,0.0,0.0,-4.138134002685547,-132.03635393999744,-135.7426331496998,20.747785568237305,16.609651565551758,0.0,0.0,1.96,5.98586368560791,6.247829437255859,5.98586368560791,6.247829437255859,-5.98586368560791,6.247829437255859,-13.826814651489258,-14.214935302734375,-13.826814651489258,-14.214935302734375,13.826814651489258,-14.214935302734375,-5.333333492279053,-5.333333492279053,-5.333333492279053,-5.333333492279053,2.2087111473083496,-2.4520671367645264,2.2087111473083496,-2.4520671367645264,21.091637817377716,-23.415516336555896,2.2087111473083496,2.4520671367645264,-4.0,-4.0,4.0,4.0,-4.0,-4.0,4.0,-4.0,0.30778294801712036,-0.02532137930393219,0.11595866084098816,0.006339246407151222,0.04468133673071861,-0.008952503092586994,0.28596124053001404,0.004587972536683083,-0.958230197429657,-1.1949163675308228,0.0922415480017662,-0.19152142107486725
1.98,0.009262884325957664,-0.36453068256378174,0.30830872300863266,0.09790349370539188,-0.059247388676846716,0.13641470670700073,-0.05780913489315224,0.13641470670700073,0.0,0.0,0.0,0.0,0.0,0.0,-1.0,98.0,1.96,-1.0,1.0,1.0,1.0,-1.0,1.0,0.3079832243680954,0.3079832243680954,-0.7059510550975799,-0.7059510550975799,0.004787928297725348,1.1949163675308228,-7.33579082457879,-7.33579082457879,11.8025133097544,11.8025133097544,-0.3704774430644133,-0.3704774430644133,-5.454315251231194,-5.454315251231194,-1.3580702091199983,-1.3580702091199983,-14.67158164915758,23.6050266195088,-0.7409548861288267,-10.908630502462389,0.6790351045599992,0.6790351045599992,1.3580702091199983,0.9053801394133322,0.9053801394133322,0.6790351045599992,0.6790351045599992,0.0,0.9053801394133322,0.9053801394133322,0.6790351045599992,0.6790351045599992,0.6790351045599992,0.6790351045599992,0.0,0.0,0.0,0.0,0.0,1.5,0.0,0.0,0.0,0.6790351045599992,0.6790351045599992,0.6790351045599992,0.6790351045599992,0.6790351045599992,0.6790351045599992,0.6790351045599992,0.6790351045599992,0.6790351045599992,0.6790351045599992,-0.1475481201212982,-7.969427279787253,0.30778440833091736,-0.02540254406630993,0.11595893651247025,23.18182141410391,13.954603537267003,0.9053801894187927,0.9053801894187927,0.9053801894187927,0.9053801894187927,0.9053801894187927,0.9053801894187927,0.9053801894187927,0.9053801894187927,0.6790351271629333,0.6790351271629333,-0.6790351271629333,0.6790351271629333,21.05417823791504,16.110809326171875,-9.227217876836908,0.0,0.0,-4.943368911743164,23.18182141410391,13.954603537267003,21.05417823791504,16.110809326171875,0.0,0.0,1.98,5.99062442779541,6.255998134613037,5.99062442779541,6.255998134613037,-5.99062442779541,6.255998134613037,2.4275946617126465,1.4613226652145386,2.4275946617126465,1.4613226652145386,-2.4275946617126465,1.4613226652145386,0.9053801894187927,0.9053801894187927,0.9053801894187927,0.9053801894187927,13.826814651489258,-14.214935302734375,13.826814651489258,-14.214935302734375,132.03635393999744,-135.7426331496998,13.826814651489258,14.214935302734375,0.6790351271629333,0.6790351271629333,4.0,4.0,0.6790351271629333,0.6790351271629333,-0.6790351271629333,0.6790351271629333,0.30778440833091736,-0.02540254406630993,0.11595893651247025,0.001385300187394023,0.018717609345912933,0.0064986529760062695,0.28617042303085327,0.008875371888279915,-0.9581376314163208,0.36453068256378174,-0.017628679051995277,0.2510872483253479
2.0,-0.014035294774294898,-1.1835427284240723,-0.30786334867477416,0.7156018286943435,-0.05221692828728241,-0.09312700480222702,-0.05077867450358794,-0.09312700480222702,0.0,0.0,0.0,0.0,0.0,0.0,-1.0,99.0,1.98,-1.0,1.0,1.0,1.0,-1.0,1.0,0.30830872300863266,0.30830872300863266,0.09790349370539188,0.09790349370539188,0.009262884325957664,-0.36453068256378174,-7.343543811598019,-7.343543811598019,-1.6368093498629646,-1.6368093498629646,-0.7167379056433565,-0.7167379056433565,1.6639367536306382,1.6639367536306382,-8.033154313473702,-8.033154313473702,-14.687087623196039,-3.273618699725929,-1.433475811286713,3.3278735072612764,4.016577156736851,4.016577156736851,8.033154313473702,5.355436208982468,5.355436208982468,4.016577156736851,4.016577156736851,0.0,5.355436208982468,5.355436208982468,4.016577156736851,4.016577156736851,4.016577156736851,4.016577156736851,0.0,0.0,0.0,0.0,0.0,1.5,0.0,0.0,0.0,4.016577156736851,4.016577156736851,4.016577156736851,4.016577156736851,4.016577156736851,4.016577156736851,4.016577156736851,4.016577156736851,4.016577156736851,4.016577156736851,-0.018126776313238422,-7.987554056100492,0.3080345392227173,-0.02290908247232437,0.11639301478862762,129.387479083002,142.0522070873364,5.333333492279053,5.333333492279053,5.333333492279053,5.333333492279053,5.333333492279053,5.333333492279053,5.333333492279053,5.333333492279053,4.0,4.0,-4.0,4.0,22.59738540649414,14.282588958740234,12.664728004334393,0.0,0.0,-8.314796447753906,129.387479083002,142.0522070873364,22.59738540649414,14.282588958740234,0.0,0.0,2.0,-6.256741523742676,-5.972189903259277,-6.256741523742676,-5.972189903259277,6.256741523742676,-5.972189903259277,13.54942512512207,14.875672340393066,13.54942512512207,14.875672340393066,-13.54942512512207,14.875672340393066,5.333333492279053,5.333333492279053,5.333333492279053,5.333333492279053,-2.4275946617126465,1.4613226652145386,-2.4275946617126465,1.4613226652145386,-23.18182141410391,13.954603537267003,2.4275946617126465,1.4613226652145386,4.0,4.0,4.0,4.0,4.0,4.0,-4.0,4.0,0.3080345392227173,-0.02290908247232437,0.11639301478862762,0.0014864761615172029,0.06464588642120361,0.016443993896245956,0.28503063321113586,-0.01345264632254839,-0.9584239721298218,1.1835427284240723,-0.08510555326938629,0.256007581949234
2.02,-0.016300293932237975,0.5840675830841064,-0.3091443715929985,-0.10149640928208828,-0.05438269985874589,-0.16364814341068268,-0.05294444607505142,-0.16364814341068268,0.0,0.0,0.0,0.0,0.0,0.0,-1.0,100.0,2.0,-1.0,1.0,1.0,1.0,-1.0,1.0,-0.30786334867477416,-0.30786334867477416,0.7156018286943435,0.7156018286943435,-0.014035294774294898,-1.1835427284240723,7.33293552941471,7.33293552941471,-11.96386073320925,-11.96386073320925,1.086014617868526,1.086014617868526,5.402399138164521,5.402399138164521,1.8574885522385065,1.8574885522385065,14.66587105882942,-23.9277214664185,2.172029235737052,10.804798276329041,-0.9287442761192533,-0.9287442761192533,-1.8574885522385065,-1.2383257014923377,-1.2383257014923377,-0.9287442761192533,-0.9287442761192533,0.0,-1.2383257014923377,-1.2383257014923377,-0.9287442761192533,-0.9287442761192533,-0.9287442761192533,-0.9287442761192533,0.0,0.0,0.0,0.0,0.0,1.5,0.0,0.0,0.0,-0.9287442761192533,-0.9287442761192533,-0.9287442761192533,-0.9287442761192533,-0.9287442761192533,-0.9287442761192533,-0.9287442761192533,-0.9287442761192533,-0.9287442761192533,-0.9287442761192533,-0.14501332057281335,-8.132567376673306,0.3081469237804413,-0.02090640924870968,0.11634553223848343,-16.567433209282573,-21.93184443120794,-1.2383257150650024,-1.2383257150650024,-1.2383257150650024,-1.2383257150650024,-1.2383257150650024,-1.2383257150650024,-1.2383257150650024,-1.2383257150650024,-0.9287442564964294,-0.9287442564964294,0.9287442564964294,-0.9287442564964294,22.72923469543457,15.744390487670898,-5.364411221925366,0.0,0.0,-6.984844207763672,-16.567433209282573,-21.93184443120794,22.72923469543457,15.744390487670898,0.0,0.0,2.02,-6.280450344085693,-5.99936580657959,-6.280450344085693,-5.99936580657959,6.280450344085693,-5.99936580657959,-1.7349375486373901,-2.2966973781585693,-1.7349375486373901,-2.2966973781585693,1.7349375486373901,-2.2966973781585693,-1.2383257150650024,-1.2383257150650024,-1.2383257150650024,-1.2383257150650024,-13.54942512512207,14.875672340393066,-13.54942512512207,14.875672340393066,-129.387479083002,142.0522070873364,13.54942512512207,14.875672340393066,-0.9287442564964294,-0.9287442564964294,4.0,4.0,-0.9287442564964294,-0.9287442564964294,0.9287442564964294,-0.9287442564964294,0.3081469237804413,-0.02090640924870968,0.11634553223848343,0.005723524838685989,0.08437275886535645,0.003558678552508354,0.28480300307273865,-0.015624542720615864,-0.9584587216377258,-0.5840675830841064,0.005616731010377407,-0.34438636898994446
2.04,0.007348166221692702,1.1973397731781006,0.3074909849524498,-0.6711390625238418,-0.060913015738435675,0.15768016874790192,-0.059474761954741204,0.15768016874790192,0.0,0.0,0.0,0.0,0.0,0.0,-1.0,101.0,2.02,-1.0,1.0,1.0,1.0,-1.0,1.0,-0.3091443715929985,-0.3091443715929985,-0.10149640928208828,-0.10149640928208828,-0.016300293932237975,0.5840675830841064,7.363447958099313,7.363447958099313,1.696877868223521,1.696877868223521,1.2612743637123505,1.2612743637123505,-2.6660348897457125,-2.6660348897457125,7.655565300289472,7.655565300289472,14.726895916198625,3.393755736447042,2.522548727424701,-5.332069779491425,-3.827782650144736,-3.827782650144736,-7.655565300289472,-5.103710200192981,-5.103710200192981,-3.827782650144736,-3.827782650144736,0.0,-5.103710200192981,-5.103710200192981,-3.827782650144736,-3.827782650144736,-3.827782650144736,-3.827782650144736,0.0,0.0,0.0,0.0,0.0,1.5,0.0,0.0,0.0,-3.827782650144736,-3.827782650144736,-3.827782650144736,-3.827782650144736,-3.827782650144736,-3.827782650144736,-3.827782650144736,-3.827782650144736,-3.827782650144736,-3.827782650144736,-0.03915770586762981,-8.171725082540936,0.30800795555114746,-0.021457873284816742,0.11592923104763031,-125.4750101226353,-129.0992086723519,-5.103710174560547,-5.103710174560547,-5.103710174560547,-5.103710174560547,-5.103710174560547,-5.103710174560547,-5.103710174560547,-5.103710174560547,-3.82778263092041,-3.82778263092041,3.82778263092041,-3.82778263092041,20.805776596069336,16.61396026611328,-3.6241985497165956,0.0,0.0,-4.191816329956055,-125.4750101226353,-129.0992086723519,20.805776596069336,16.61396026611328,0.0,0.0,2.04,5.9706878662109375,6.243452548980713,5.9706878662109375,6.243452548980713,-5.9706878662109375,6.243452548980713,-13.1397123336792,-13.519237518310547,-13.1397123336792,-13.519237518310547,13.1397123336792,-13.519237518310547,-5.103710174560547,-5.103710174560547,-5.103710174560547,-5.103710174560547,1.7349375486373901,-2.2966973781585693,1.7349375486373901,-2.2966973781585693,16.567433209282573,-21.93184443120794,1.7349375486373901,2.2966973781585693,-3.82778263092041,-3.82778263092041,4.0,4.0,-3.82778263092041,-3.82778263092041,3.82778263092041,-3.82778263092041,0.30800795555114746,-0.021457873284816742,0.11592923104763031,0.005724944639950991,0.03433840721845627,-0.008570510894060135,0.2859761714935303,0.0070412191562354565,-0.958210825920105,-1.1973397731781006,0.08872044086456299,-0.19213494658470154
2.06,0.009136533642803037,-0.5547306537628174,-0.006945179438591003,0.1417024389207363,-0.057133377367945916,0.23845039308071136,-0.055695123584251445,0.23845039308071136,0.0,0.0,0.0,0.0,0.0,0.0,-1.0,102.0,2.04,-1.0,1.0,1.0,1.0,-1.0,1.0,0.3074909849524498,0.3074909849524498,-0.6711390625238418,-0.6711390625238418,0.007348166221692702,1.1973397731781006,-7.324066272385411,-7.324066272385411,11.220505530711101,11.220505530711101,-0.5685819970024049,-0.5685819970024049,-5.4653771286487585,-5.4653771286487585,-2.137519867325474,-2.137519867325474,-14.648132544770823,22.441011061422202,-1.1371639940048097,-10.930754257297517,1.068759933662737,1.068759933662737,2.137519867325474,1.4250132448836492,1.4250132448836492,1.068759933662737,1.068759933662737,0.0,1.4250132448836492,1.4250132448836492,1.068759933662737,1.068759933662737,1.068759933662737,1.068759933662737,0.0,0.0,0.0,0.0,0.0,1.5,0.0,0.0,0.0,1.068759933662737,1.068759933662737,1.068759933662737,1.068759933662737,1.068759933662737,1.068759933662737,1.068759933662737,1.068759933662737,1.068759933662737,1.068759933662737,-0.14814378408159154,-8.319868866622528,0.30803969502449036,-0.02151240035891533,0.11597006022930145,26.105167422896326,27.644926564978704,1.4250133037567139,1.4250133037567139,1.4250133037567139,1.4250133037567139,1.4250133037567139,1.4250133037567139,1.4250133037567139,1.4250133037567139,1.0687599182128906,1.0687599182128906,-1.0687599182128906,1.0687599182128906,22.63474464416504,15.255292892456055,1.539759142082378,0.0,0.0,-7.379451751708984,26.105167422896326,27.644926564978704,22.63474464416504,15.255292892456055,0.0,0.0,2.06,6.003218650817871,-6.279094696044922,6.003218650817871,-6.279094696044922,-6.003218650817871,-6.279094696044922,2.733726739883423,2.894969940185547,2.733726739883423,2.894969940185547,-2.733726739883423,2.894969940185547,1.4250133037567139,1.4250133037567139,1.4250133037567139,1.4250133037567139,13.1397123336792,-13.519237518310547,13.1397123336792,-13.519237518310547,125.4750101226353,-129.0992086723519,13.1397123336792,13.519237518310547,1.0687599182128906,1.0687599182128906,4.0,4.0,1.0687599182128906,1.0687599182128906,-1.0687599182128906,1.0687599182128906,0.30803969502449036,-0.02151240035891533,0.11597006022930145,-0.0006021650042384863,0.010792970657348633,0.007736237719655037,0.2860855460166931,0.008754542097449303,-0.9581640958786011,0.5547306537628174,-0.0248880498111248,0.414264053106308
2.08,0.001672757016483711,-0.17975632846355438,-0.005357384705543518,0.050677206262946126,-0.05258832863059887,0.049961451441049576,-0.0511500748469044,0.049961451441049576,0.0,0.0,0.0,0.0,0.0,0.0,-1.0,103.0,2.06,-1.0,1.0,1.0,1.0,-1.0,1.0,-0.006945179438591003,-0.006945179438591003,0.1417024389207363,0.1417024389207363,0.009136533642803037,-0.5547306537628174,0.16542584001191138,0.16542584001191138,-2.369066395340222,-2.369066395340222,-0.7069612182926277,-0.7069612182926277,2.5321235421657566,2.5321235421657566,-0.37847823145518156,-0.37847823145518156,0.33085168002382276,-4.738132790680444,-1.4139224365852554,5.064247084331513,0.18923911572759078,0.18923911572759078,0.37847823145518156,0.25231882097012104,0.25231882097012104,0.18923911572759078,0.18923911572759078,0.0,0.25231882097012104,0.25231882097012104,0.18923911572759078,0.18923911572759078,0.18923911572759078,0.18923911572759078,0.0,0.0,0.0,0.0,0.0,1.5,0.0,0.0,0.0,0.18923911572759078,0.18923911572759078,0.18923911572759078,0.18923911572759078,0.18923911572759078,0.18923911572759078,0.18923911572759078,0.18923911572759078,0.18923911572759078,0.18923911572759078,-0.030858497845290062,-8.350727364467819,0.3080716133117676,-0.020692426711320877,0.11605306714773178,11.103345621704626,8.119362331825702,0.2523188292980194,0.2523188292980194,0.2523188292980194,0.2523188292980194,0.2523188292980194,0.2523188292980194,0.2523188292980194,0.2523188292980194,0.18923911452293396,0.18923911452293396,-0.18923911452293396,0.18923911452293396,23.727758407592773,14.364792823791504,-2.9839832898789247,0.0,0.0,-9.36296558380127,11.103345621704626,8.119362331825702,23.727758407592773,14.364792823791504,0.0,0.0,2.08,6.04130744934082,-6.25411319732666,6.04130744934082,-6.25411319732666,-6.04130744934082,-6.25411319732666,1.162739634513855,0.8502576351165771,1.162739634513855,0.8502576351165771,-1.162739634513855,0.8502576351165771,0.2523188292980194,0.2523188292980194,0.2523188292980194,0.2523188292980194,-2.733726739883423,2.894969940185547,-2.733726739883423,2.894969940185547,-26.105167422896326,27.644926564978704,2.733726739883423,2.894969940185547,0.18923911452293396,0.18923911452293396,4.0,4.0,0.18923911452293396,0.18923911452293396,-0.18923911452293396,0.18923911452293396,0.3080716133117676,-0.020692426711320877,0.11605306714773178,0.0016313018277287483,0.01026134192943573,0.004852673504501581,0.2860599458217621,0.0016028545796871185,-0.9582103490829468,0.17975632846355438,-0.0007884033257141709,0.10580272972583771
2.1,0.0007849413473950972,0.026698770001530647,-0.004991311275959015,0.004346817740425468,-0.051918805641304314,-0.0003160610795021057,-0.05048055185760984,-0.0003160610795021057,0.0,0.0,0.0,0.0,0.0,0.0,-1.0,104.0,2.08,-1.0,1.0,1.0,1.0,-1.0,1.0,-0.005357384705543518,-0.005357384705543518,0.050677206262946126,0.050677206262946126,0.001672757016483711,-0.17975632846355438,0.12760647482439996,0.12760647482439996,-0.847251940627691,-0.847251940627691,-0.12943358876726668,-0.12943358876726668,0.8205157369047404,0.8205157369047404,-0.028563317665817323,-0.028563317665817323,0.2552129496487999,-1.694503881255382,-0.25886717753453337,1.641031473809481,0.014281658832908661,0.014281658832908661,0.028563317665817323,0.01904221177721155,0.01904221177721155,0.014281658832908661,0.014281658832908661,0.0,0.01904221177721155,0.01904221177721155,0.014281658832908661,0.014281658832908661,0.014281658832908661,0.014281658832908661,0.0,0.0,0.0,0.0,0.0,1.5,0.0,0.0,0.0,0.014281658832908661,0.014281658832908661,0.014281658832908661,0.014281658832908661,0.014281658832908661,0.014281658832908661,0.014281658832908661,0.014281658832908661,0.014281658832908661,0.014281658832908661,-0.0032354669568500803,-8.353962831424669,0.30808255076408386,-0.020421363413333893,0.11606279015541077,0.8323719599653975,0.8164483699847667,0.019042212516069412,0.019042212516069412,0.019042212516069412,0.019042212516069412,0.019042212516069412,0.019042212516069412,0.019042212516069412,0.019042212516069412,0.014281658455729485,0.014281658455729485,-0.014281658455729485,0.014281658455729485,20.38959503173828,16.01519775390625,-0.015923589980630815,0.0,0.0,-4.374397277832031,0.8323719599653975,0.8164483699847667,20.38959503173828,16.01519775390625,0.0,0.0,2.1,6.050212383270264,-6.248476982116699,6.050212383270264,-6.248476982116699,-6.050212383270264,-6.248476982116699,0.08716578781604767,0.08549827337265015,0.08716578781604767,0.08549827337265015,-0.08716578781604767,0.08549827337265015,0.019042212516069412,0.019042212516069412,0.019042212516069412,0.019042212516069412,-1.162739634513855,0.8502576351165771,-1.162739634513855,0.8502576351165771,-11.103345621704626,8.119362331825702,1.162739634513855,0.8502576351165771,0.014281658455729485,0.014281658455729485,4.0,4.0,0.014281658455729485,0.014281658455729485,-0.014281658455729485,0.014281658455729485,0.30808255076408386,-0.020421363413333893,0.11606279015541077,0.0012566078221425414,0.009619602002203465,0.003936890047043562,0.28605037927627563,0.0007521421648561954,-0.958214282989502,-0.026698770001530647,0.00022773956879973412,-0.008299900218844414
2.12,0.0006781016439905196,-0.019346963614225388,-0.004770010614395141,0.013108503399789332,-0.05208485421952311,-0.016552332788705826,-0.05064660043582864,-0.016552332788705826,0.0,0.0,0.0,0.0,0.0,0.0,-1.0,105.0,2.1,-1.0,1.0,1.0,1.0,-1.0,1.0,-0.004991311275959015,-0.004991311275959015,0.004346817740425468,0.004346817740425468,0.0007849413473950972,0.026698770001530647,0.11888704501981259,0.11888704501981259,-0.07267270707507721,-0.07267270707507721,-0.060736720613929394,-0.060736720613929394,-0.12186920554898681,-0.12186920554898681,-0.13639158821818081,-0.13639158821818081,0.23777409003962519,-0.14534541415015442,-0.12147344122785879,-0.24373841109797362,0.06819579410909041,0.06819579410909041,0.13639158821818081,0.0909277254787872,0.0909277254787872,0.06819579410909041,0.06819579410909041,0.0,0.0909277254787872,0.0909277254787872,0.06819579410909041,0.06819579410909041,0.06819579410909041,0.06819579410909041,0.0,0.0,0.0,0.0,0.0,1.5,0.0,0.0,0.0,0.06819579410909041,0.06819579410909041,0.06819579410909041,0.06819579410909041,0.06819579410909041,0.06819579410909041,0.06819579410909041,0.06819579410909041,0.06819579410909041,0.06819579410909041,-7.31442242909895e-05,-8.35403597564896,0.3080916106700897,-0.02022557519376278,0.11606497317552567,1.8443719186866065,3.1279016366978336,0.09092773497104645,0.09092773497104645,0.09092773497104645,0.09092773497104645,0.09092773497104645,0.09092773497104645,0.09092773497104645,0.09092773497104645,0.06819579750299454,0.06819579750299454,-0.06819579750299454,0.06819579750299454,22.43389129638672,14.954208374023438,1.283529718011227,0.0,0.0,-7.479682922363281,1.8443719186866065,3.1279016366978336,22.43389129638672,14.954208374023438,0.0,0.0,2.12,6.0539960861206055,-6.243470191955566,6.0539960861206055,-6.243470191955566,-6.0539960861206055,-6.243470191955566,0.19314217567443848,0.3275530934333801,0.19314217567443848,0.3275530934333801,-0.19314217567443848,0.3275530934333801,0.09092773497104645,0.09092773497104645,0.09092773497104645,0.09092773497104645,-0.08716578781604767,0.08549827337265015,-0.08716578781604767,0.08549827337265015,-0.8323719599653975,0.8164483699847667,0.08716578781604767,0.08549827337265015,0.06819579750299454,0.06819579750299454,4.0,4.0,0.06819579750299454,0.06819579750299454,-0.06819579750299454,0.06819579750299454,0.3080916106700897,-0.02022557519376278,0.11606497317552567,0.0010038716718554497,0.008649255149066448,0.0041963174007833,0.2860334813594818,0.0006497702561318874,-0.9582194089889526,0.019346963614225388,-0.0032164854928851128,-0.011501063592731953
2.14,0.0007672595327652047,0.009552502073347569,-0.004601817309856415,0.006199792222213,-0.05243950346418758,-0.019237099215388298,-0.05100124968049312,-0.019237099215388298,0.0,0.0,0.0,0.0,0.0,0.0,-1.0,106.0,2.12,-1.0,1.0,1.0,1.0,-1.0,1.0,-0.004770010614395141,-0.004770010614395141,0.013108503399789332,0.013108503399789332,0.0006781016439905196,-0.019346963614225388,0.11361592882215499,0.11361592882215499,-0.2191558249397179,-0.2191558249397179,-0.05246974214771203,-0.05246974214771203,0.0883111501134932,0.0883111501134932,-0.06969848815178174,-0.06969848815178174,0.22723185764430998,-0.4383116498794358,-0.10493948429542406,0.1766223002269864,0.03484924407589087,0.03484924407589087,0.06969848815178174,0.046465658767854495,0.046465658767854495,0.03484924407589087,0.03484924407589087,0.0,0.046465658767854495,0.046465658767854495,0.03484924407589087,0.03484924407589087,0.03484924407589087,0.03484924407589087,0.0,0.0,0.0,0.0,0.0,1.5,0.0,0.0,0.0,0.03484924407589087,0.03484924407589087,0.03484924407589087,0.03484924407589087,0.03484924407589087,0.03484924407589087,0.03484924407589087,0.03484924407589087,0.03484924407589087,0.03484924407589087,-3.902797201167087e-05,-8.354075003620972,0.3081014156341553,-0.020060256123542786,0.11606568098068237,0.44041148702997035,1.9112729101288428,0.046465661376714706,0.046465661376714706,0.046465661376714706,0.046465661376714706,0.046465661376714706,0.046465661376714706,0.046465661376714706,0.046465661376714706,0.034849245101213455,0.034849245101213455,-0.034849245101213455,0.034849245101213455,21.713930130004883,15.490535736083984,1.4708614230988726,0.0,0.0,-6.223394393920898,0.44041148702997035,1.9112729101288428,21.713930130004883,15.490535736083984,0.0,0.0,2.14,6.056146144866943,-6.23893928527832,6.056146144866943,-6.23893928527832,-6.056146144866943,-6.23893928527832,0.04611978307366371,0.20014803111553192,0.04611978307366371,0.20014803111553192,-0.04611978307366371,0.20014803111553192,0.046465661376714706,0.046465661376714706,0.046465661376714706,0.046465661376714706,-0.19314217567443848,0.3275530934333801,-0.19314217567443848,0.3275530934333801,-1.8443719186866065,3.1279016366978336,0.19314217567443848,0.3275530934333801,0.034849245101213455,0.034849245101213455,4.0,4.0,0.034849245101213455,0.034849245101213455,-0.034849245101213455,0.034849245101213455,0.3081014156341553,-0.020060256123542786,0.11606568098068237,0.0011016763746738434,0.007958723232150078,0.004090409260243177,0.2860243618488312,0.0007352051325142384,-0.9582220315933228,-0.009552502073347569,-0.0026296472642570734,-0.02292921394109726
2.16,0.0008149806654923047,-0.006005175411701202,-0.004436793160438537,0.008685768488422035,-0.052826502036725266,-0.02026655711233616,-0.051388248253030795,-0.02026655711233616,0.0,0.0,0.0,0.0,0.0,0.0,-1.0,107.0,2.14,-1.0,1.0,1.0,1.0,-1.0,1.0,-0.004601817309856415,-0.004601817309856415,0.006199792222213,0.006199792222213,0.0007672595327652047,0.009552502073347569,0.10960976614000797,0.10960976614000797,-0.10365184624629024,-0.10365184624629024,-0.059368547770586345,-0.059368547770586345,-0.043603350964002315,-0.043603350964002315,-0.09701397884087093,-0.09701397884087093,0.21921953228001595,-0.2073036924925805,-0.11873709554117269,-0.08720670192800463,0.048506989420435465,0.048506989420435465,0.09701397884087093,0.06467598589391395,0.06467598589391395,0.048506989420435465,0.048506989420435465,0.0,0.06467598589391395,0.06467598589391395,0.048506989420435465,0.048506989420435465,0.048506989420435465,0.048506989420435465,0.0,0.0,0.0,0.0,0.0,1.5,0.0,0.0,0.0,0.048506989420435465,0.048506989420435465,0.048506989420435465,0.048506989420435465,0.048506989420435465,0.048506989420435465,0.048506989420435465,0.048506989420435465,0.048506989420435465,0.048506989420435465,-1.0772552904414747e-05,-8.354085776173877,0.3081110417842865,-0.019905459135770798,0.11606686562299728,0.8531599252955467,2.4414966534155247,0.06467598676681519,0.06467598676681519,0.06467598676681519,0.06467598676681519,0.06467598676681519,0.06467598676681519,0.06467598676681519,0.06467598676681519,0.04850699007511139,0.04850699007511139,-0.04850699007511139,0.04850699007511139,22.67312240600586,14.850680351257324,1.588336728119978,0.0,0.0,-7.822442054748535,0.8531599252955467,2.4414966534155247,22.67312240600586,14.850680351257324,0.0,0.0,2.16,6.058046817779541,-6.2342848777771,6.058046817779541,-6.2342848777771,-6.058046817779541,-6.2342848777771,0.08934269845485687,0.2556729316711426,0.08934269845485687,0.2556729316711426,-0.08934269845485687,0.2556729316711426,0.06467598676681519,0.06467598676681519,0.06467598676681519,0.06467598676681519,-0.04611978307366371,0.20014803111553192,-0.04611978307366371,0.20014803111553192,-0.44041148702997035,1.9112729101288428,0.04611978307366371,0.20014803111553192,0.04850699007511139,0.04850699007511139,4.0,4.0,0.04850699007511139,0.04850699007511139,-0.04850699007511139,0.04850699007511139,0.3081110417842865,-0.019905459135770798,0.11606686562299728,0.0008420834201388061,0.007201122585684061,0.0041654640808701515,0.28601476550102234,0.0007809349335730076,-0.958224892616272,0.006005175411701202,-0.0035231327638030052,-0.019360527396202087
2.18,0.0008792129381566992,0.0014073001220822334,-0.004290519845485687,0.006834224590566009,-0.05321539383268688,-0.02020505629479885,-0.0517771400489924,-0.02020505629479885,0.0,0.0,0.0,0.0,0.0,0.0,-1.0,108.0,2.16,-1.0,1.0,1.0,1.0,-1.0,1.0,-0.004436793160438537,-0.004436793160438537,0.008685768488422035,0.008685768488422035,0.0008149806654923047,-0.006005175411701202,0.10567908892985342,0.10567908892985342,-0.14521388905053262,-0.14521388905053262,-0.06306108494606426,-0.06306108494606426,0.02741122368425131,0.02741122368425131,-0.07518466138249215,-0.07518466138249215,0.21135817785970684,-0.29042777810106524,-0.12612216989212852,0.05482244736850262,0.037592330691246074,0.037592330691246074,0.07518466138249215,0.0501231075883281,0.0501231075883281,0.037592330691246074,0.037592330691246074,0.0,0.0501231075883281,0.0501231075883281,0.037592330691246074,0.037592330691246074,0.037592330691246074,0.037592330691246074,0.0,0.0,0.0,0.0,0.0,1.5,0.0,0.0,0.0,0.037592330691246074,0.037592330691246074,0.037592330691246074,0.037592330691246074,0.037592330691246074,0.037592330691246074,0.037592330691246074,0.037592330691246074,0.037592330691246074,0.037592330691246074,-5.254663335082059e-06,-8.354091030837212,0.30811992287635803,-0.01976633444428444,0.11606744676828384,0.4510685742736982,2.1412665815287206,0.05012310668826103,0.05012310668826103,0.05012310668826103,0.05012310668826103,0.05012310668826103,0.05012310668826103,0.05012310668826103,0.05012310668826103,0.0375923290848732,0.0375923290848732,-0.0375923290848732,0.0375923290848732,22.02081298828125,15.269620895385742,1.6901980072550224,0.0,0.0,-6.751192092895508,0.4510685742736982,2.1412665815287206,22.02081298828125,15.269620895385742,0.0,0.0,2.18,6.059564590454102,-6.229992389678955,6.059564590454102,-6.229992389678955,-6.059564590454102,-6.229992389678955,0.04723579064011574,0.22423291206359863,0.04723579064011574,0.22423291206359863,-0.04723579064011574,0.22423291206359863,0.05012310668826103,0.05012310668826103,0.05012310668826103,0.05012310668826103,-0.08934269845485687,0.2556729316711426,-0.08934269845485687,0.2556729316711426,-0.8531599252955467,2.4414966534155247,0.08934269845485687,0.2556729316711426,0.0375923290848732,0.0375923290848732,4.0,4.0,0.0375923290848732,0.0375923290848732,-0.0375923290848732,0.0375923290848732,0.30811992287635803,-0.01976633444428444,0.11606744676828384,0.001073760213330388,0.00649108923971653,0.004084229003638029,0.28600481152534485,0.0008424865081906319,-0.958227813243866,-0.0014073001220822334,-0.003993293736129999,-0.021509408950805664
2.2,0.0008626628117866361,-0.007419072091579437,-0.004141449511051178,0.007577219747565687,-0.053594923803525346,-0.02019747719168663,-0.052156670019830875,-0.02019747719168663,0.0,0.0,0.0,0.0,0.0,0.0,-1.0,109.0,2.18,-1.0,1.0,1.0,1.0,-1.0,1.0,-0.004290519845485687,-0.004290519845485687,0.006834224590566009,0.006834224590566009,0.0008792129381566992,0.0014073001220822334,0.10219503409565449,0.10219503409565449,-0.11425866723983687,-0.11425866723983687,-0.06803121120092617,-0.06803121120092617,-0.006423762137256563,-0.006423762137256563,-0.08651860648236512,-0.08651860648236512,0.20439006819130898,-0.22851733447967373,-0.13606242240185235,-0.012847524274513127,0.04325930324118256,0.04325930324118256,0.08651860648236512,0.05767907098824341,0.05767907098824341,0.04325930324118256,0.04325930324118256,0.0,0.05767907098824341,0.05767907098824341,0.04325930324118256,0.04325930324118256,0.04325930324118256,0.04325930324118256,0.0,0.0,0.0,0.0,0.0,1.5,0.0,0.0,0.0,0.04325930324118256,0.04325930324118256,0.04325930324118256,0.04325930324118256,0.04325930324118256,0.04325930324118256,0.04325930324118256,0.04325930324118256,0.04325930324118256,0.04325930324118256,-1.891492781208729e-06,-8.354092922329993,0.3081285059452057,-0.019634317606687546,0.1160687729716301,0.6487542058128484,2.2254113815999084,0.05767907202243805,0.05767907202243805,0.05767907202243805,0.05767907202243805,0.05767907202243805,0.05767907202243805,0.05767907202243805,0.05767907202243805,0.04325930401682854,0.04325930401682854,-0.04325930401682854,0.04325930401682854,22.028759002685547,15.297337532043457,1.57665717578706,0.0,0.0,-6.73142147064209,0.6487542058128484,2.2254113815999084,22.028759002685547,15.297337532043457,0.0,0.0,2.2,6.0611042976379395,-6.225610733032227,6.0611042976379395,-6.225610733032227,-6.0611042976379395,-6.225610733032227,0.06793738156557083,0.23304453492164612,0.06793738156557083,0.23304453492164612,-0.06793738156557083,0.23304453492164612,0.05767907202243805,0.05767907202243805,0.05767907202243805,0.05767907202243805,-0.04723579064011574,0.22423291206359863,-0.04723579064011574,0.22423291206359863,-0.4510685742736982,2.1412665815287206,0.04723579064011574,0.22423291206359863,0.04325930401682854,0.04325930401682854,4.0,4.0,0.04325930401682854,0.04325930401682854,-0.04325930401682854,0.04325930401682854,0.3081285059452057,-0.019634317606687546,0.1160687729716301,0.0009678417118266225,0.005762557033449411,0.0040831053629517555,0.2859949469566345,0.000826630275696516,-0.9582307934761047,0.007419072091579437,-0.002637505065649748,-0.018865851685404778
2.22,0.0009497631673320445,0.0040853507816791534,-0.004028944504261017,0.004454942527628737,-0.053993926338591805,-0.021244924515485764,-0.052555672554897334,-0.021244924515485764,0.0,0.0,0.0,0.0,0.0,0.0,-1.0,110.0,2.2,-1.0,1.0,1.0,1.0,-1.0,1.0,-0.004141449511051178,-0.004141449511051178,0.007577219747565687,0.007577219747565687,0.0008626628117866361,-0.007419072091579437,0.0986443576138258,0.0986443576138258,-0.12668050607165168,-0.12668050607165168,-0.06675060545273925,-0.06675060545273925,0.033865096469223505,0.033865096469223505,-0.060921657441341634,-0.060921657441341634,0.1972887152276516,-0.25336101214330337,-0.1335012109054785,0.06773019293844701,0.030460828720670817,0.030460828720670817,0.060921657441341634,0.040614438294227756,0.040614438294227756,0.030460828720670817,0.030460828720670817,0.0,0.040614438294227756,0.040614438294227756,0.030460828720670817,0.030460828720670817,0.030460828720670817,0.030460828720670817,0.0,0.0,0.0,0.0,0.0,1.5,0.0,0.0,0.0,0.030460828720670817,0.030460828720670817,0.030460828720670817,0.030460828720670817,0.030460828720670817,0.030460828720670817,0.030460828720670817,0.030460828720670817,0.030460828720670817,0.030460828720670817,-7.1060303994742166e-06,-8.354100028360392,0.30813518166542053,-0.01952553540468216,0.11606866121292114,0.020649038126279353,1.6691848235517726,0.04061444103717804,0.04061444103717804,0.04061444103717804,0.04061444103717804,0.04061444103717804,0.04061444103717804,0.04061444103717804,0.04061444103717804,0.03046082891523838,0.03046082891523838,-0.03046082891523838,0.03046082891523838,21.184152603149414,15.92758560180664,1.6485357854254932,0.0,0.0,-5.256567001342773,0.020649038126279353,1.6691848235517726,21.184152603149414,15.92758560180664,0.0,0.0,2.22,6.061941623687744,-6.221979141235352,6.061941623687744,-6.221979141235352,-6.061941623687744,-6.221979141235352,0.002162362216040492,0.17479662597179413,0.002162362216040492,0.17479662597179413,-0.002162362216040492,0.17479662597179413,0.04061444103717804,0.04061444103717804,0.04061444103717804,0.04061444103717804,-0.06793738156557083,0.23304453492164612,-0.06793738156557083,0.23304453492164612,-0.6487542058128484,2.2254113815999084,0.06793738156557083,0.23304453492164612,0.03046082891523838,0.03046082891523838,4.0,4.0,0.03046082891523838,0.03046082891523838,-0.03046082891523838,0.03046082891523838,0.30813518166542053,-0.01952553540468216,0.11606866121292114,0.0011678898008540273,0.005056753754615784,0.003986686933785677,0.28598305583000183,0.0009100958704948425,-0.9582342505455017,-0.0040853507816791534,-0.0016366008203476667,-0.0233917273581028
2.24,0.0010609176655457183,-0.0015365858562290668,-0.003932525360584259,0.0048218853600381405,-0.0544659551731441,-0.02426602877676487,-0.05302770138944963,-0.02426602877676487,0.0,0.0,0.0,0.0,0.0,0.0,-1.0,111.0,2.22,-1.0,1.0,1.0,1.0,-1.0,1.0,-0.004028944504261017,-0.004028944504261017,0.004454942527628737,0.004454942527628737,0.0009497631673320445,0.0040853507816791534,0.0959646233580923,0.0959646233580923,-0.07448040214241379,-0.07448040214241379,-0.07349020450391854,-0.07349020450391854,-0.018647992178052665,-0.018647992178052665,-0.07065397546629268,-0.07065397546629268,0.1919292467161846,-0.14896080428482758,-0.14698040900783707,-0.03729598435610533,0.03532698773314634,0.03532698773314634,0.07065397546629268,0.047102650310861784,0.047102650310861784,0.03532698773314634,0.03532698773314634,0.0,0.047102650310861784,0.047102650310861784,0.03532698773314634,0.03532698773314634,0.03532698773314634,0.03532698773314634,0.0,0.0,0.0,0.0,0.0,1.5,0.0,0.0,0.0,0.03532698773314634,0.03532698773314634,0.03532698773314634,0.03532698773314634,0.03532698773314634,0.03532698773314634,0.03532698773314634,0.03532698773314634,0.03532698773314634,0.03532698773314634,-3.382678865877997e-06,-8.354103411039258,0.30814215540885925,-0.019432485103607178,0.1160682663321495,0.000635098647736534,1.8283862878210149,0.04710265249013901,0.04710265249013901,0.04710265249013901,0.04710265249013901,0.04710265249013901,0.04710265249013901,0.04710265249013901,0.04710265249013901,0.035326987504959106,0.035326987504959106,-0.035326987504959106,0.035326987504959106,22.184303283691406,15.041094779968262,1.8277511891732783,0.0,0.0,-7.1432085037231445,0.000635098647736534,1.8283862878210149,22.184303283691406,15.041094779968262,0.0,0.0,2.24,6.0622477531433105,-6.2184553146362305,6.0622477531433105,-6.2184553146362305,-6.0622477531433105,-6.2184553146362305,6.65073748677969e-05,0.19146816432476044,6.65073748677969e-05,0.19146816432476044,-6.65073748677969e-05,0.19146816432476044,0.04710265249013901,0.04710265249013901,0.04710265249013901,0.04710265249013901,-0.002162362216040492,0.17479662597179413,-0.002162362216040492,0.17479662597179413,-0.020649038126279353,1.6691848235517726,0.002162362216040492,0.17479662597179413,0.035326987504959106,0.035326987504959106,4.0,4.0,0.035326987504959106,0.035326987504959106,-0.035326987504959106,0.035326987504959106,0.30814215540885925,-0.019432485103607178,0.1160682663321495,0.0007255473174154758,0.004332203418016434,0.004054897930473089,0.2859754264354706,0.0010166103020310402,-0.9582363963127136,0.0015365858562290668,-0.0034070524852722883,-0.024868672713637352
2.2600000000000002,0.001127509379102154,-0.0019981523510068655,-0.0038417362689971923,0.004461662574665388,-0.054924574383749744,-0.022998930886387825,-0.05348632060005527,-0.022998930886387825,0.0,0.0,0.0,0.0,0.0,0.0,-1.0,112.0,2.24,-1.0,1.0,1.0,1.0,-1.0,1.0,-0.003932525360584259,-0.003932525360584259,0.0048218853600381405,0.0048218853600381405,0.0010609176655457183,-0.0015365858562290668,0.09366803505868435,0.09366803505868435,-0.08061517258033365,-0.08061517258033365,-0.08209105057399727,-0.08209105057399727,0.007013899799343199,0.007013899799343199,-0.062024288296303375,-0.062024288296303375,0.1873360701173687,-0.1612303451606673,-0.16418210114799453,0.014027799598686398,0.031012144148151687,0.031012144148151687,0.062024288296303375,0.041349525530868916,0.041349525530868916,0.031012144148151687,0.031012144148151687,0.0,0.041349525530868916,0.041349525530868916,0.031012144148151687,0.031012144148151687,0.031012144148151687,0.031012144148151687,0.0,0.0,0.0,0.0,0.0,1.5,0.0,0.0,0.0,0.031012144148151687,0.031012144148151687,0.031012144148151687,0.031012144148151687,0.031012144148151687,0.031012144148151687,0.031012144148151687,0.031012144148151687,0.031012144148151687,0.031012144148151687,-2.134893688005216e-06,-8.354105545932946,0.30814895033836365,-0.019349373877048492,0.11606782674789429,-0.014644172374451958,1.707027059761405,0.04134952649474144,0.04134952649474144,0.04134952649474144,0.04134952649474144,0.04134952649474144,0.04134952649474144,0.04134952649474144,0.04134952649474144,0.031012143939733505,0.031012143939733505,-0.031012143939733505,0.031012143939733505,22.399085998535156,15.135141372680664,1.721671232135857,0.0,0.0,-7.263944625854492,-0.014644172374451958,1.707027059761405,22.399085998535156,15.135141372680664,0.0,0.0,2.2600000000000002,6.06245231628418,-6.215053558349609,6.06245231628418,-6.215053558349609,-6.06245231628418,-6.215053558349609,-0.0015335341449826956,0.17875945568084717,-0.0015335341449826956,0.17875945568084717,0.0015335341449826956,0.17875945568084717,0.04134952649474144,0.04134952649474144,0.04134952649474144,0.04134952649474144,-6.65073748677969e-05,0.19146816432476044,-6.65073748677969e-05,0.19146816432476044,-0.000635098647736534,1.8283862878210149,6.65073748677969e-05,0.19146816432476044,0.031012143939733505,0.031012143939733505,4.0,4.0,0.031012143939733505,0.031012143939733505,-0.031012143939733505,0.031012143939733505,0.30814895033836365,-0.019349373877048492,0.11606782674789429,0.0008615886908955872,0.0036276723258197308,0.004076055251061916,0.2859702408313751,0.0010804226621985435,-0.958237886428833,0.0019981523510068655,-0.0027139652520418167,-0.02340801991522312
2.2800000000000002,0.0011409582061803942,-0.005013801623135805,-0.0037545004725456237,0.004366312605846906,-0.05534387038110857,-0.022434663027524948,-0.0539056165974141,-0.022434663027524948,0.0,0.0,0.0,0.0,0.0,0.0,-1.0,113.0,2.2600000000000002,-1.0,1.0,1.0,1.0,-1.0,1.0,-0.0038417362689971923,-0.0038417362689971923,0.004461662574665388,0.004461662574665388,0.001127509379102154,-0.0019981523510068655,0.09150554784399031,0.09150554784399031,-0.07459275192080075,-0.07459275192080075,-0.087243744230539,-0.087243744230539,0.00912076622140594,0.00912076622140594,-0.061210182085943504,-0.061210182085943504,0.18301109568798063,-0.1491855038416015,-0.174487488461078,0.01824153244281188,0.030605091042971752,0.030605091042971752,0.061210182085943504,0.04080678805729567,0.04080678805729567,0.030605091042971752,0.030605091042971752,0.0,0.04080678805729567,0.04080678805729567,0.030605091042971752,0.030605091042971752,0.030605091042971752,0.030605091042971752,0.0,0.0,0.0,0.0,0.0,1.5,0.0,0.0,0.0,0.030605091042971752,0.030605091042971752,0.030605091042971752,0.030605091042971752,0.030605091042971752,0.030605091042971752,0.030605091042971752,0.030605091042971752,0.030605091042971752,0.030605091042971752,-2.4084855597731748e-06,-8.354107954418506,0.308154821395874,-0.01927553117275238,0.11606786400079727,-0.012940169131928263,1.6691552260653693,0.040806788951158524,0.040806788951158524,0.040806788951158524,0.040806788951158524,0.040806788951158524,0.040806788951158524,0.040806788951158524,0.040806788951158524,0.030605090782046318,0.030605090782046318,-0.030605090782046318,0.030605090782046318,22.48102569580078,14.96372127532959,1.6820953951972974,0.0,0.0,-7.517304420471191,-0.012940169131928263,1.6691552260653693,22.48102569580078,14.96372127532959,0.0,0.0,2.2800000000000002,6.062660217285156,-6.211796283721924,6.062660217285156,-6.211796283721924,-6.062660217285156,-6.211796283721924,-0.001355091342702508,0.1747935265302658,-0.001355091342702508,0.1747935265302658,0.001355091342702508,0.1747935265302658,0.040806788951158524,0.040806788951158524,0.040806788951158524,0.040806788951158524,0.0015335341449826956,0.17875945568084717,0.0015335341449826956,0.17875945568084717,0.014644172374451958,1.707027059761405,0.0015335341449826956,0.17875945568084717,0.030605090782046318,0.030605090782046318,4.0,4.0,0.030605090782046318,0.030605090782046318,-0.030605090782046318,0.030605090782046318,0.308154821395874,-0.01927553117275238,0.11606786400079727,0.0007074418244883418,0.0029489200096577406,0.00405339989811182,0.2859635055065155,0.0010933121666312218,-0.9582399129867554,0.005013801623135805,-0.0032007494010031223,-0.021919770166277885
2.3000000000000003,0.0011323164548046694,-0.004685268737375736,-0.0036787768721580506,0.0037365647105558307,-0.055717361875317284,-0.019029229879379272,-0.05427910809162281,-0.019029229879379272,0.0,0.0,0.0,0.0,0.0,0.0,-1.0,114.0,2.2800000000000002,-1.0,1.0,1.0,1.0,-1.0,1.0,-0.0037545004725456237,-0.0037545004725456237,0.004366312605846906,0.004366312605846906,0.0011409582061803942,-0.005013801623135805,0.0894276958554697,0.0894276958554697,-0.07299863393211208,-0.07299863393211208,-0.08828437950290283,-0.08828437950290283,0.022885998888965697,0.022885998888965697,-0.04896931869057951,-0.04896931869057951,0.1788553917109394,-0.14599726786422415,-0.17656875900580565,0.045771997777931395,0.024484659345289754,0.024484659345289754,0.04896931869057951,0.03264621246038634,0.03264621246038634,0.024484659345289754,0.024484659345289754,0.0,0.03264621246038634,0.03264621246038634,0.024484659345289754,0.024484659345289754,0.024484659345289754,0.024484659345289754,0.0,0.0,0.0,0.0,0.0,1.5,0.0,0.0,0.0,0.024484659345289754,0.024484659345289754,0.024484659345289754,0.024484659345289754,0.024484659345289754,0.024484659345289754,0.024484659345289754,0.024484659345289754,0.024484659345289754,0.024484659345289754,-4.520419989783573e-06,-8.354112474838496,0.3081600069999695,-0.019213739782571793,0.11606786400079727,-0.01341353325792188,1.4307547301620673,0.032646212726831436,0.032646212726831436,0.032646212726831436,0.032646212726831436,0.032646212726831436,0.032646212726831436,0.032646212726831436,0.032646212726831436,0.024484658613801003,0.024484658613801003,-0.024484658613801003,0.024484658613801003,21.932926177978516,15.35477352142334,1.4441682634199893,0.0,0.0,-6.578152656555176,-0.01341353325792188,1.4307547301620673,21.932926177978516,15.35477352142334,0.0,0.0,2.3000000000000003,6.062797546386719,-6.208925724029541,6.062797546386719,-6.208925724029541,-6.062797546386719,-6.208925724029541,-0.0014046619180589914,0.14982828497886658,-0.0014046619180589914,0.14982828497886658,0.0014046619180589914,0.14982828497886658,0.032646212726831436,0.032646212726831436,0.032646212726831436,0.032646212726831436,0.001355091342702508,0.1747935265302658,0.001355091342702508,0.1747935265302658,0.012940169131928263,1.6691552260653693,0.001355091342702508,0.1747935265302658,0.024484658613801003,0.024484658613801003,4.0,4.0,0.024484658613801003,0.024484658613801003,-0.024484658613801003,0.024484658613801003,0.3081600069999695,-0.019213739782571793,0.11606786400079727,0.0007147012511268258,0.0022905832156538963,0.004072388168424368,0.285957932472229,0.0010850331746041775,-0.9582415819168091,0.004685268737375736,-0.0030435658991336823,-0.01846376061439514
2.32,0.0011050482377462994,-0.0050656734965741634,-0.003615609848499298,0.0032334422500396613,-0.056023305516319295,-0.01657167263329029,-0.054585051732624824,-0.01657167263329029,0.0,0.0,0.0,0.0,0.0,0.0,-1.0,115.0,2.3000000000000003,-1.0,1.0,1.0,1.0,-1.0,1.0,-0.0036787768721580506,-0.0036787768721580506,0.0037365647105558307,0.0037365647105558307,0.0011323164548046694,-0.004685268737375736,0.08762405056255818,0.08762405056255818,-0.062470130769898706,-0.062470130769898706,-0.08761570325000281,-0.08761570325000281,0.021386377678625286,0.021386377678625286,-0.04107540577871806,-0.04107540577871806,0.17524810112511635,-0.12494026153979741,-0.17523140650000563,0.04277275535725057,0.02053770288935903,0.02053770288935903,0.04107540577871806,0.027383603852478705,0.027383603852478705,0.02053770288935903,0.02053770288935903,0.0,0.027383603852478705,0.027383603852478705,0.02053770288935903,0.02053770288935903,0.02053770288935903,0.02053770288935903,0.0,0.0,0.0,0.0,0.0,1.5,0.0,0.0,0.0,0.02053770288935903,0.02053770288935903,0.02053770288935903,0.02053770288935903,0.02053770288935903,0.02053770288935903,0.02053770288935903,0.02053770288935903,0.02053770288935903,0.02053770288935903,-4.1539848317207065e-06,-8.354116628823329,0.3081642985343933,-0.019164562225341797,0.11606795340776443,-0.017884585760782806,1.2443830579657298,0.027383603155612946,0.027383603155612946,0.027383603155612946,0.027383603155612946,0.027383603155612946,0.027383603155612946,0.027383603155612946,0.027383603155612946,0.02053770236670971,0.02053770236670971,-0.02053770236670971,0.02053770236670971,22.238012313842773,15.205942153930664,1.2622676437265126,0.0,0.0,-7.032070159912109,-0.017884585760782806,1.2443830579657298,22.238012313842773,15.205942153930664,0.0,0.0,2.32,6.062903881072998,-6.2065229415893555,6.062903881072998,-6.2065229415893555,-6.062903881072998,-6.2065229415893555,-0.0018728694412857294,0.1303114891052246,-0.0018728694412857294,0.1303114891052246,0.0018728694412857294,0.1303114891052246,0.027383603155612946,0.027383603155612946,0.027383603155612946,0.027383603155612946,0.0014046619180589914,0.14982828497886658,0.0014046619180589914,0.14982828497886658,0.01341353325792188,1.4307547301620673,0.0014046619180589914,0.14982828497886658,0.02053770236670971,0.02053770236670971,4.0,4.0,0.02053770236670971,0.02053770236670971,-0.02053770236670971,0.02053770236670971,0.3081642985343933,-0.019164562225341797,0.11606795340776443,0.0008761442732065916,0.0016101922374218702,0.004040808416903019,0.28595393896102905,0.0010589049197733402,-0.9582427740097046,0.0050656734965741634,-0.0021765821147710085,-0.015784546732902527
2.34,0.0011439545371855174,0.00029589413315989077,-0.003580413019657135,0.001147865039948374,-0.056346248648348474,-0.01831103302538395,-0.054907994864654,-0.01831103302538395,0.0,0.0,0.0,0.0,0.0,0.0,-1.0,116.0,2.32,-1.0,1.0,1.0,1.0,-1.0,1.0,-0.003615609848499298,-0.003615609848499298,0.0032334422500396613,0.0032334422500396613,0.0011050482377462994,-0.0050656734965741634,0.08611948785943507,0.08611948785943507,-0.05405862760151307,-0.05405862760151307,-0.0855057595113905,-0.0855057595113905,0.023122773242462428,0.023122773242462428,-0.030322126011006072,-0.030322126011006072,0.17223897571887015,-0.10811725520302615,-0.171011519022781,0.046245546484924856,0.015161063005503036,0.015161063005503036,0.030322126011006072,0.020214750674004047,0.020214750674004047,0.015161063005503036,0.015161063005503036,0.0,0.020214750674004047,0.020214750674004047,0.015161063005503036,0.015161063005503036,0.015161063005503036,0.015161063005503036,0.0,0.0,0.0,0.0,0.0,1.5,0.0,0.0,0.0,0.015161063005503036,0.015161063005503036,0.015161063005503036,0.015161063005503036,0.015161063005503036,0.015161063005503036,0.015161063005503036,0.015161063005503036,0.015161063005503036,0.015161063005503036,-4.4408681339638486e-06,-8.354121069691463,0.308167040348053,-0.0191351305693388,0.11606729030609131,-0.48646012437956937,0.9218644424176857,0.020214751362800598,0.020214751362800598,0.020214751362800598,0.020214751362800598,0.020214751362800598,0.020214751362800598,0.020214751362800598,0.020214751362800598,0.015161062590777874,0.015161062590777874,-0.015161062590777874,0.015161062590777874,22.123750686645508,15.2445707321167,1.408324566797255,0.0,0.0,-6.879179954528809,-0.48646012437956937,0.9218644424176857,22.123750686645508,15.2445707321167,0.0,0.0,2.34,6.062464714050293,-6.204685688018799,6.062464714050293,-6.204685688018799,-6.062464714050293,-6.204685688018799,-0.050941985100507736,0.09653741866350174,-0.050941985100507736,0.09653741866350174,0.050941985100507736,0.09653741866350174,0.020214751362800598,0.020214751362800598,0.020214751362800598,0.020214751362800598,0.0018728694412857294,0.1303114891052246,0.0018728694412857294,0.1303114891052246,0.017884585760782806,1.2443830579657298,0.0018728694412857294,0.1303114891052246,0.015161062590777874,0.015161062590777874,4.0,4.0,0.015161062590777874,0.015161062590777874,-0.015161062590777874,0.015161062590777874,0.308167040348053,-0.0191351305693388,0.11606729030609131,0.0005772797740064561,0.0009388523176312447,0.004046670161187649,0.28594833612442017,0.0010961885564029217,-0.9582444429397583,-0.00029589413315989077,-0.003234125440940261,-0.01920093595981598
2.36,0.001258039736951751,0.001424174988642335,-0.0035733784556388854,0.00015456590000540018,-0.05672929854151312,-0.019475005567073822,-0.05529104475781865,-0.019475005567073822,0.0,0.0,0.0,0.0,0.0,0.0,-1.0,117.0,2.34,-1.0,1.0,1.0,1.0,-1.0,1.0,-0.003580413019657135,-0.003580413019657135,0.001147865039948374,0.001147865039948374,0.0011439545371855174,0.00029589413315989077,0.08528114163260937,0.08528114163260937,-0.019190696456880884,-0.019190696456880884,-0.08851622780561864,-0.08851622780561864,-0.0013506383602216376,-0.0013506383602216376,-0.023776420990111798,-0.023776420990111798,0.17056228326521874,-0.03838139291376177,-0.1770324556112373,-0.002701276720443275,0.011888210495055899,0.011888210495055899,0.023776420990111798,0.015850947326741197,0.015850947326741197,0.011888210495055899,0.011888210495055899,0.0,0.015850947326741197,0.015850947326741197,0.011888210495055899,0.011888210495055899,0.011888210495055899,0.011888210495055899,0.0,0.0,0.0,0.0,0.0,1.5,0.0,0.0,0.0,0.011888210495055899,0.011888210495055899,0.011888210495055899,0.011888210495055899,0.011888210495055899,0.011888210495055899,0.011888210495055899,0.011888210495055899,0.011888210495055899,0.011888210495055899,-1.9583551865176917e-06,-8.354123028046649,0.30816882848739624,-0.01912577450275421,0.11606545746326447,-0.7148724291170797,0.7735018480310191,0.01585094816982746,0.01585094816982746,0.01585094816982746,0.01585094816982746,0.01585094816982746,0.01585094816982746,0.01585094816982746,0.01585094816982746,0.011888210661709309,0.011888210661709309,-0.011888210661709309,0.011888210661709309,23.037933349609375,14.67911434173584,1.4883742771480988,0.0,0.0,-8.358819007873535,-0.7148724291170797,0.7735018480310191,23.037933349609375,14.67911434173584,0.0,0.0,2.36,6.0613484382629395,-6.203289985656738,6.0613484382629395,-6.203289985656738,-6.0613484382629395,-6.203289985656738,-0.07486126571893692,0.0810009241104126,-0.07486126571893692,0.0810009241104126,0.07486126571893692,0.0810009241104126,0.01585094816982746,0.01585094816982746,0.01585094816982746,0.01585094816982746,0.050941985100507736,0.09653741866350174,0.050941985100507736,0.09653741866350174,0.48646012437956937,0.9218644424176857,0.050941985100507736,0.09653741866350174,0.011888210661709309,0.011888210661709309,4.0,4.0,0.011888210661709309,0.011888210661709309,-0.011888210661709309,0.011888210661709309,0.30816882848739624,-0.01912577450275421,0.11606545746326447,0.00032615705276839435,0.00025697879027575254,0.004069723654538393,0.28594210743904114,0.001205512322485447,-0.958246111869812,-0.001424174988642335,-0.0041305976919829845,-0.02075376734137535
2.38,0.00136152408005499,-0.0002872987533919513,-0.003577616000175476,-0.00012788580041378736,-0.05712552939842269,-0.020093446597456932,-0.05568727561472822,-0.020093446597456932,0.0,0.0,0.0,0.0,0.0,0.0,-1.0,118.0,2.36,-1.0,1.0,1.0,1.0,-1.0,1.0,-0.0035733784556388854,-0.0035733784556388854,0.00015456590000540018,0.00015456590000540018,0.001258039736951751,0.001424174988642335,0.08511358675917148,0.08511358675917148,-0.0025841254558302833,-0.0025841254558302833,-0.09734384394201041,-0.09734384394201041,-0.006500789153156803,-0.006500789153156803,-0.02131517179182602,-0.02131517179182602,0.17022717351834296,-0.005168250911660567,-0.19468768788402083,-0.013001578306313606,0.01065758589591301,0.01065758589591301,0.02131517179182602,0.014210114527884012,0.014210114527884012,0.01065758589591301,0.01065758589591301,0.0,0.014210114527884012,0.014210114527884012,0.01065758589591301,0.01065758589591301,0.01065758589591301,0.01065758589591301,0.0,0.0,0.0,0.0,0.0,1.5,0.0,0.0,0.0,0.01065758589591301,0.01065758589591301,0.01065758589591301,0.01065758589591301,0.01065758589591301,0.01065758589591301,0.01065758589591301,0.01065758589591301,0.01065758589591301,0.01065758589591301,-2.423943098938278e-06,-8.354125451989749,0.30816978216171265,-0.01912885159254074,0.11606337130069733,-0.7790380009445298,0.7305287879464337,0.014210115186870098,0.014210115186870098,0.014210115186870098,0.014210115186870098,0.014210115186870098,0.014210115186870098,0.014210115186870098,0.014210115186870098,0.01065758615732193,0.01065758615732193,-0.01065758615732193,0.01065758615732193,21.34638214111328,15.794534683227539,1.5095667888909636,0.0,0.0,-5.551847457885742,-0.7790380009445298,0.7305287879464337,21.34638214111328,15.794534683227539,0.0,0.0,2.38,6.059962749481201,-6.202072620391846,6.059962749481201,-6.202072620391846,-6.059962749481201,-6.202072620391846,-0.08158066868782043,0.0765007957816124,-0.08158066868782043,0.0765007957816124,0.08158066868782043,0.0765007957816124,0.014210115186870098,0.014210115186870098,0.014210115186870098,0.014210115186870098,0.07486126571893692,0.0810009241104126,0.07486126571893692,0.0810009241104126,0.7148724291170797,0.7735018480310191,0.07486126571893692,0.0810009241104126,0.01065758615732193,0.01065758615732193,4.0,4.0,0.01065758615732193,0.01065758615732193,-0.01065758615732193,0.01065758615732193,0.30816978216171265,-0.01912885159254074,0.11606337130069733,0.0007449229015037417,-0.0004483386001084,0.003958814311772585,0.2859363853931427,0.0013046781532466412,-0.958247721195221,0.0002872987533919513,-0.002143501304090023,-0.020886138081550598
2.4,0.0014479482477229545,-0.0008714397554285824,-0.0035923093557357786,-0.0006373381774872542,-0.057515333219125046,-0.01982828602194786,-0.056077079435430575,-0.01982828602194786,0.0,0.0,0.0,0.0,0.0,0.0,-1.0,119.0,2.38,-1.0,1.0,1.0,1.0,-1.0,1.0,-0.003577616000175476,-0.003577616000175476,-0.00012788580041378736,-0.00012788580041378736,0.00136152408005499,-0.0002872987533919513,0.08521451998497963,0.08521451998497963,0.002138071542797945,0.002138071542797945,-0.10535119335204697,-0.10535119335204697,0.0013114038897329011,0.0013114038897329011,-0.01668719793453649,-0.01668719793453649,0.17042903996995926,0.00427614308559589,-0.21070238670409394,0.0026228077794658022,0.008343598967268245,0.008343598967268245,0.01668719793453649,0.011124798623024327,0.011124798623024327,0.008343598967268245,0.008343598967268245,0.0,0.011124798623024327,0.011124798623024327,0.008343598967268245,0.008343598967268245,0.008343598967268245,0.008343598967268245,0.0,0.0,0.0,0.0,0.0,1.5,0.0,0.0,0.0,0.008343598967268245,0.008343598967268245,0.008343598967268245,0.008343598967268245,0.008343598967268245,0.008343598967268245,0.008343598967268245,0.008343598967268245,0.008343598967268245,0.008343598967268245,-2.5019686901752224e-06,-8.35412795395844,0.3081694543361664,-0.01914365589618683,0.11606108397245407,-0.8761857025003252,0.6344327220794087,0.011124799028038979,0.011124799028038979,0.011124799028038979,0.011124799028038979,0.011124799028038979,0.011124799028038979,0.011124799028038979,0.011124799028038979,0.008343598805367947,0.008343598805367947,-0.008343598805367947,0.008343598805367947,22.02528953552246,15.341411590576172,1.510618424579734,0.0,0.0,-6.683877944946289,-0.8761857025003252,0.6344327220794087,22.02528953552246,15.341411590576172,0.0,0.0,2.4,6.058365345001221,-6.201058864593506,6.058365345001221,-6.201058864593506,-6.058365345001221,-6.201058864593506,-0.09175395220518112,0.06643763929605484,-0.09175395220518112,0.06643763929605484,0.09175395220518112,0.06643763929605484,0.011124799028038979,0.011124799028038979,0.011124799028038979,0.011124799028038979,0.08158066868782043,0.0765007957816124,0.08158066868782043,0.0765007957816124,0.7790380009445298,0.7305287879464337,0.08158066868782043,0.0765007957816124,0.008343598805367947,0.008343598805367947,4.0,4.0,0.008343598805367947,0.008343598805367947,-0.008343598805367947,0.008343598805367947,0.3081694543361664,-0.01914365589618683,0.11606108397245407,0.0005611622473224998,-0.0011047041043639183,0.004002880770713091,0.2859271466732025,0.0013874978758394718,-0.9582503437995911,0.0008714397554285824,-0.0028303542640060186,-0.020436251536011696
2.42,0.001524100943935682,-0.001438260544091463,-0.00361855092048645,-0.0011643503298982977,-0.057900064614828044,-0.019877515733242035,-0.05646181083113358,-0.019877515733242035,0.0,0.0,0.0,0.0,0.0,0.0,-1.0,120.0,2.4,-1.0,1.0,1.0,1.0,-1.0,1.0,-0.0035923093557357786,-0.0035923093557357786,-0.0006373381774872542,-0.0006373381774872542,0.0014479482477229545,-0.0008714397554285824,0.08556449808239937,0.08556449808239937,0.010655402054138407,0.010655402054138407,-0.11203847074335813,-0.11203847074335813,0.003977773907629308,0.003977773907629308,-0.011840796699191039,-0.011840796699191039,0.17112899616479874,0.021310804108276814,-0.22407694148671625,0.007955547815258616,0.0059203983495955195,0.0059203983495955195,0.011840796699191039,0.00789386446612736,0.00789386446612736,0.0059203983495955195,0.0059203983495955195,0.0,0.00789386446612736,0.00789386446612736,0.0059203983495955195,0.0059203983495955195,0.0059203983495955195,0.0059203983495955195,0.0,0.0,0.0,0.0,0.0,1.5,0.0,0.0,0.0,0.0059203983495955195,0.0059203983495955195,0.0059203983495955195,0.0059203983495955195,0.0059203983495955195,0.0059203983495955195,0.0059203983495955195,0.0059203983495955195,0.0059203983495955195,0.0059203983495955195,-2.8177291781834575e-06,-8.354130771687618,0.3081683814525604,-0.019170671701431274,0.11605890840291977,-0.9682590003896243,0.5266015374446554,0.007893864996731281,0.007893864996731281,0.007893864996731281,0.007893864996731281,0.007893864996731281,0.007893864996731281,0.007893864996731281,0.007893864996731281,0.005920398514717817,0.005920398514717817,-0.005920398514717817,0.005920398514717817,21.627222061157227,15.67550277709961,1.4948605378342799,0.0,0.0,-5.951719284057617,-0.9682590003896243,0.5266015374446554,21.627222061157227,15.67550277709961,0.0,0.0,2.42,6.056556224822998,-6.200292110443115,6.056556224822998,-6.200292110443115,-6.056556224822998,-6.200292110443115,-0.10139584541320801,0.05514558404684067,-0.10139584541320801,0.05514558404684067,0.10139584541320801,0.05514558404684067,0.007893864996731281,0.007893864996731281,0.007893864996731281,0.007893864996731281,0.09175395220518112,0.06643763929605484,0.09175395220518112,0.06643763929605484,0.8761857025003252,0.6344327220794087,0.09175395220518112,0.06643763929605484,0.005920398514717817,0.005920398514717817,4.0,4.0,0.005920398514717817,0.005920398514717817,-0.005920398514717817,0.005920398514717817,0.3081683814525604,-0.019170671701431274,0.11605890840291977,0.0006570619880221784,-0.0017632533563300967,0.003897047135978937,0.28591808676719666,0.001460475381463766,-0.9582529664039612,0.001438260544091463,-0.0021517558488994837,-0.02031763456761837
2.44,0.0016041652802741453,-0.0011692970292642713,-0.0036588856220245362,-0.0019345606252551078,-0.058282370013617205,-0.01956367865204811,-0.056844116229922734,-0.01956367865204811,0.0,0.0,0.0,0.0,0.0,0.0,-1.0,121.0,2.42,-1.0,1.0,1.0,1.0,-1.0,1.0,-0.00361855092048645,-0.00361855092048645,-0.0011643503298982977,-0.0011643503298982977,0.001524100943935682,-0.001438260544091463,0.08618954066488266,0.08618954066488266,0.019466307425437677,0.019466307425437677,-0.11793096837928883,-0.11793096837928883,0.006565084079559893,0.006565084079559893,-0.005710036209408609,-0.005710036209408609,0.17237908132976532,0.038932614850875354,-0.23586193675857767,0.013130168159119786,0.0028550181047043047,0.0028550181047043047,0.005710036209408609,0.003806690806272406,0.003806690806272406,0.0028550181047043047,0.0028550181047043047,0.0,0.003806690806272406,0.003806690806272406,0.0028550181047043047,0.0028550181047043047,0.0028550181047043047,0.0028550181047043047,0.0,0.0,0.0,0.0,0.0,1.5,0.0,0.0,0.0,0.0028550181047043047,0.0028550181047043047,0.0028550181047043047,0.0028550181047043047,0.0028550181047043047,0.0028550181047043047,0.0028550181047043047,0.0028550181047043047,0.0028550181047043047,0.0028550181047043047,-3.1844385647823307e-06,-8.354133956126184,0.30816662311553955,-0.01921093463897705,0.1160564050078392,-1.1009691490761488,0.3671580994945048,0.0038066906854510307,0.0038066906854510307,0.0038066906854510307,0.0038066906854510307,0.0038066906854510307,0.0038066906854510307,0.0038066906854510307,0.0038066906854510307,0.002855018014088273,0.002855018014088273,-0.002855018014088273,0.002855018014088273,22.07200050354004,15.24191665649414,1.4681272485706536,0.0,0.0,-6.830083847045898,-1.1009691490761488,0.3671580994945048,22.07200050354004,15.24191665649414,0.0,0.0,2.44,6.05448055267334,-6.1998186111450195,6.05448055267334,-6.1998186111450195,-6.05448055267334,-6.1998186111450195,-0.1152932196855545,0.03844870626926422,-0.1152932196855545,0.03844870626926422,0.1152932196855545,0.03844870626926422,0.0038066906854510307,0.0038066906854510307,0.0038066906854510307,0.0038066906854510307,0.10139584541320801,0.05514558404684067,0.10139584541320801,0.05514558404684067,0.9682590003896243,0.5266015374446554,0.10139584541320801,0.05514558404684067,0.002855018014088273,0.002855018014088273,4.0,4.0,0.002855018014088273,0.002855018014088273,-0.002855018014088273,0.002855018014088273,0.30816662311553955,-0.01921093463897705,0.1160564050078392,0.00022797159908805043,-0.0023757554590702057,0.003976750187575817,0.2859102189540863,0.0015372009947896004,-0.9582551717758179,0.0011692970292642713,-0.003928556572645903,-0.020073361694812775
2.46,0.0017120057111858268,0.0019240300171077251,-0.003718463337421417,-0.0031983324001659636,-0.05865540983400438,-0.017471706494688988,-0.0572171560503099,-0.017471706494688988,0.0,0.0,0.0,0.0,0.0,0.0,-1.0,122.0,2.44,-1.0,1.0,1.0,1.0,-1.0,1.0,-0.0036588856220245362,-0.0036588856220245362,-0.0019345606252551078,-0.0019345606252551078,0.0016041652802741453,-0.0011692970292642713,0.08715026485387802,0.08715026485387802,0.03234314526939004,0.03234314526939004,-0.12412613855788464,-0.12412613855788464,0.005337373219779693,0.005337373219779693,0.0007046447851631115,0.0007046447851631115,0.17430052970775603,0.06468629053878008,-0.24825227711576928,0.010674746439559386,-0.00035232239258155577,-0.00035232239258155577,-0.0007046447851631115,-0.00046976319010874103,-0.00046976319010874103,-0.00035232239258155577,-0.00035232239258155577,0.0,-0.00046976319010874103,-0.00046976319010874103,-0.00035232239258155577,-0.00035232239258155577,-0.00035232239258155577,-0.00035232239258155577,0.0,0.0,0.0,0.0,0.0,1.5,0.0,0.0,0.0,-0.00035232239258155577,-0.00035232239258155577,-0.00035232239258155577,-0.00035232239258155577,-0.00035232239258155577,-0.00035232239258155577,-0.00035232239258155577,-0.00035232239258155577,-0.00035232239258155577,-0.00035232239258155577,-3.3794440004545464e-06,-8.354137335570185,0.3081636428833008,-0.019266527146100998,0.1160532757639885,-1.2500728901355658,0.036892168457601876,-0.0004697631811723113,-0.0004697631811723113,-0.0004697631811723113,-0.0004697631811723113,-0.0004697631811723113,-0.0004697631811723113,-0.0004697631811723113,-0.0004697631811723113,-0.0003523223858792335,-0.0003523223858792335,0.0003523223858792335,-0.0003523223858792335,20.667280197143555,16.22490119934082,1.2869650585931676,0.0,0.0,-4.442378997802734,-1.2500728901355658,0.036892168457601876,20.667280197143555,16.22490119934082,0.0,0.0,2.46,6.052094459533691,-6.199799060821533,6.052094459533691,-6.199799060821533,-6.052094459533691,-6.199799060821533,-0.1309073269367218,0.0038633388467133045,-0.1309073269367218,0.0038633388467133045,0.1309073269367218,0.0038633388467133045,-0.0004697631811723113,-0.0004697631811723113,-0.0004697631811723113,-0.0004697631811723113,0.1152932196855545,0.03844870626926422,0.1152932196855545,0.03844870626926422,1.1009691490761488,0.3671580994945048,0.1152932196855545,0.03844870626926422,-0.0003523223858792335,-0.0003523223858792335,4.0,4.0,-0.0003523223858792335,-0.0003523223858792335,0.0003523223858792335,-0.0003523223858792335,0.3081636428833008,-0.019266527146100998,0.1160532757639885,0.0006738538504578173,-0.002989174798130989,0.0038054827600717545,0.2859019637107849,0.001640543807297945,-0.9582574367523193,-0.0019240300171077251,-0.0017516057705506682,-0.018809834495186806
2.48,0.001801155170511646,-0.0007446178933605552,-0.0037882207632064816,-0.0032396631600684488,-0.0589898893827551,-0.01651397906243801,-0.05755163559906064,-0.01651397906243801,0.0,0.0,0.0,0.0,0.0,0.0,-1.0,123.0,2.46,-1.0,1.0,1.0,1.0,-1.0,1.0,-0.003718463337421417,-0.003718463337421417,-0.0031983324001659636,-0.0031983324001659636,0.0017120057111858268,0.0019240300171077251,0.08856933454137325,0.08856933454137325,0.053471640065414675,0.053471640065414675,-0.13247055071671018,-0.13247055071671018,-0.008782427416089924,-0.008782427416089924,0.0007879964739878325,0.0007879964739878325,0.1771386690827465,0.10694328013082935,-0.26494110143342037,-0.017564854832179847,-0.00039399823699391625,-0.00039399823699391625,-0.0007879964739878325,-0.000525330982658555,-0.000525330982658555,-0.00039399823699391625,-0.00039399823699391625,0.0,-0.000525330982658555,-0.000525330982658555,-0.00039399823699391625,-0.00039399823699391625,-0.00039399823699391625,-0.00039399823699391625,0.0,0.0,0.0,0.0,0.0,1.5,0.0,0.0,0.0,-0.00039399823699391625,-0.00039399823699391625,-0.00039399823699391625,-0.00039399823699391625,-0.00039399823699391625,-0.00039399823699391625,-0.00039399823699391625,-0.00039399823699391625,-0.00039399823699391625,-0.00039399823699391625,-3.992501185393405e-06,-8.35414132807137,0.30816012620925903,-0.019333144649863243,0.11605031788349152,-1.2495802627416785,0.020722095803993368,-0.0005253310082480311,-0.0005253310082480311,-0.0005253310082480311,-0.0005253310082480311,-0.0005253310082480311,-0.0005253310082480311,-0.0005253310082480311,-0.0005253310082480311,-0.0003939982270821929,-0.0003939982270821929,0.0003939982270821929,-0.0003939982270821929,23.3494815826416,14.386963844299316,1.2703023585456719,0.0,0.0,-8.962517738342285,-1.2495802627416785,0.020722095803993368,23.3494815826416,14.386963844299316,0.0,0.0,2.48,6.049614906311035,-6.200090408325195,6.049614906311035,-6.200090408325195,-6.049614906311035,-6.200090408325195,-0.1308557391166687,0.0021700127981603146,-0.1308557391166687,0.0021700127981603146,0.1308557391166687,0.0021700127981603146,-0.0005253310082480311,-0.0005253310082480311,-0.0005253310082480311,-0.0005253310082480311,0.1309073269367218,0.0038633388467133045,0.1309073269367218,0.0038633388467133045,1.2500728901355658,0.036892168457601876,0.1309073269367218,0.0038633388467133045,-0.0003939982270821929,-0.0003939982270821929,4.0,4.0,-0.0003939982270821929,-0.0003939982270821929,0.0003939982270821929,-0.0003939982270821929,0.30816012620925903,-0.019333144649863243,0.11605031788349152,-7.153517071856186e-05,-0.0035742181353271008,0.004073021933436394,0.2858954668045044,0.0017259754240512848,-0.9582592248916626,0.0007446178933605552,-0.005007561296224594,-0.017020175233483315
2.5,0.0018611625576558726,-0.0019969723653048277,-0.0038637642979621888,-0.0035285143883549606,-0.059337025461423526,-0.01805090345442295,-0.057898771677729055,-0.01805090345442295,0.0,0.0,0.0,0.0,0.0,0.0,-1.0,124.0,2.48,-1.0,1.0,1.0,1.0,-1.0,1.0,-0.0037882207632064816,-0.0037882207632064816,-0.0032396631600684488,-0.0032396631600684488,0.001801155170511646,-0.0007446178933605552,0.09023087271466254,0.09023087271466254,0.05416263250792036,0.05416263250792036,-0.13936870409074784,-0.13936870409074784,0.0033988828360335907,0.0033988828360335907,0.008423683967868656,0.008423683967868656,0.18046174542932508,0.10832526501584072,-0.27873740818149567,0.006797765672067181,-0.004211841983934328,-0.004211841983934328,-0.008423683967868656,-0.005615789311912437,-0.005615789311912437,-0.004211841983934328,-0.004211841983934328,0.0,-0.005615789311912437,-0.005615789311912437,-0.004211841983934328,-0.004211841983934328,-0.004211841983934328,-0.004211841983934328,0.0,0.0,0.0,0.0,0.0,1.5,0.0,0.0,0.0,-0.004211841983934328,-0.004211841983934328,-0.004211841983934328,-0.004211841983934328,-0.004211841983934328,-0.004211841983934328,-0.004211841983934328,-0.004211841983934328,-0.004211841983934328,-0.004211841983934328,-4.017136356511543e-06,-8.354145345207726,0.30815595388412476,-0.01940922811627388,0.11604733765125275,-1.3562678175772778,0.01784357127522967,-0.005615789443254471,-0.005615789443254471,-0.005615789443254471,-0.005615789443254471,-0.005615789443254471,-0.005615789443254471,-0.005615789443254471,-0.005615789443254471,-0.004211842082440853,-0.004211842082440853,0.004211842082440853,-0.004211842082440853,22.859130859375,14.83869457244873,1.3741113888525074,0.0,0.0,-8.02043628692627,-1.3562678175772778,0.01784357127522967,22.859130859375,14.83869457244873,0.0,0.0,2.5,6.046957492828369,-6.200433731079102,6.046957492828369,-6.200433731079102,-6.046957492828369,-6.200433731079102,-0.14202803373336792,0.0018685744144022465,-0.14202803373336792,0.0018685744144022465,0.14202803373336792,0.0018685744144022465,-0.005615789443254471,-0.005615789443254471,-0.005615789443254471,-0.005615789443254471,0.1308557391166687,0.0021700127981603146,0.1308557391166687,0.0021700127981603146,1.2495802627416785,0.020722095803993368,0.1308557391166687,0.0021700127981603146,-0.004211842082440853,-0.004211842082440853,4.0,4.0,-0.004211842082440853,-0.004211842082440853,0.004211842082440853,-0.004211842082440853,0.30815595388412476,-0.01940922811627388,0.11604733765125275,0.0001917462795972824,-0.004225374199450016,0.003987827803939581,0.2858889102935791,0.0017834817990660667,-0.9582611322402954,0.0019969723653048277,-0.003663357114419341,-0.0182481836527586
2.52,0.001910031226739648,-0.003306067083030939,-0.003948335123062134,-0.0038974168823042417,-0.05971343008831642,-0.020597824826836586,-0.05827517630462195,-0.020597824826836586,0.0,0.0,0.0,0.0,0.0,0.0,-1.0,125.0,2.5,-1.0,1.0,1.0,1.0,-1.0,1.0,-0.0038637642979621888,-0.0038637642979621888,-0.0035285143883549606,-0.0035285143883549606,0.0018611625576558726,-0.0019969723653048277,0.09203022906030178,0.09203022906030178,0.05899182065315124,0.05899182065315124,-0.1440119196887615,-0.1440119196887615,0.009115380058670417,0.009115380058670417,0.016125510083361917,0.016125510083361917,0.18406045812060357,0.11798364130630248,-0.288023839377523,0.018230760117340834,-0.008062755041680959,-0.008062755041680959,-0.016125510083361917,-0.010750340055574611,-0.010750340055574611,-0.008062755041680959,-0.008062755041680959,0.0,-0.010750340055574611,-0.010750340055574611,-0.008062755041680959,-0.008062755041680959,-0.008062755041680959,-0.008062755041680959,0.0,0.0,0.0,0.0,0.0,1.5,0.0,0.0,0.0,-0.008062755041680959,-0.008062755041680959,-0.008062755041680959,-0.008062755041680959,-0.008062755041680959,-0.008062755041680959,-0.008062755041680959,-0.008062755041680959,-0.008062755041680959,-0.008062755041680959,-4.609149656309627e-06,-8.354149954357382,0.3081509470939636,-0.019496047869324684,0.11604424566030502,-1.5003048389330147,0.02194973559591721,-0.010750340297818184,-0.010750340297818184,-0.010750340297818184,-0.010750340297818184,-0.010750340297818184,-0.010750340297818184,-0.010750340297818184,-0.010750340297818184,-0.00806275475770235,-0.00806275475770235,0.00806275475770235,-0.00806275475770235,21.063264846801758,15.91833782196045,1.522254574528932,0.0,0.0,-5.144927024841309,-1.5003048389330147,0.02194973559591721,21.063264846801758,15.91833782196045,0.0,0.0,2.52,6.044003963470459,-6.200839519500732,6.044003963470459,-6.200839519500732,-6.044003963470459,-6.200839519500732,-0.15711155533790588,0.0022985709365457296,-0.15711155533790588,0.0022985709365457296,0.15711155533790588,0.0022985709365457296,-0.010750340297818184,-0.010750340297818184,-0.010750340297818184,-0.010750340297818184,0.14202803373336792,0.0018685744144022465,0.14202803373336792,0.0018685744144022465,1.3562678175772778,0.01784357127522967,0.14202803373336792,0.0018685744144022465,-0.00806275475770235,-0.00806275475770235,4.0,4.0,-0.00806275475770235,-0.00806275475770235,0.00806275475770235,-0.00806275475770235,0.3081509470939636,-0.019496047869324684,0.11604424566030502,0.00037696617073379457,-0.004868155345320702,0.0038940012454986572,0.2858792841434479,0.00183031614869833,-0.9582638740539551,0.003306067083030939,-0.002658007200807333,-0.020513717085123062
2.54,0.0019813329912560748,-0.0024638487957417965,-0.004048511636257171,-0.004931063144328072,-0.06013547700316368,-0.022407159209251404,-0.058697223219469206,-0.022407159209251404,0.0,0.0,0.0,0.0,0.0,0.0,-1.0,126.0,2.52,-1.0,1.0,1.0,1.0,-1.0,1.0,-0.003948335123062134,-0.003948335123062134,-0.0038974168823042417,-0.0038974168823042417,0.001910031226739648,-0.003306067083030939,0.09404460462919235,0.09404460462919235,0.06515935388849169,0.06515935388849169,-0.14779325024392442,-0.14779325024392442,0.015090873807203026,0.015090873807203026,0.026501582080962642,0.026501582080962642,0.1880892092583847,0.13031870777698337,-0.29558650048784885,0.030181747614406052,-0.013250791040481321,-0.013250791040481321,-0.026501582080962642,-0.01766772138730843,-0.01766772138730843,-0.013250791040481321,-0.013250791040481321,0.0,-0.01766772138730843,-0.01766772138730843,-0.013250791040481321,-0.013250791040481321,-0.013250791040481321,-0.013250791040481321,0.0,0.0,0.0,0.0,0.0,1.5,0.0,0.0,0.0,-0.013250791040481321,-0.013250791040481321,-0.013250791040481321,-0.013250791040481321,-0.013250791040481321,-0.013250791040481321,-0.013250791040481321,-0.013250791040481321,-0.013250791040481321,-0.013250791040481321,-5.520694755070939e-06,-8.354155475052137,0.3081448972225189,-0.019596416503190994,0.11604035645723343,-1.7067500102131965,-0.16368432730754295,-0.017667721956968307,-0.017667721956968307,-0.017667721956968307,-0.017667721956968307,-0.017667721956968307,-0.017667721956968307,-0.017667721956968307,-0.017667721956968307,-0.01325079146772623,-0.01325079146772623,0.01325079146772623,-0.01325079146772623,22.515628814697266,15.054670333862305,1.5430656829056535,0.0,0.0,-7.460958480834961,-1.7067500102131965,-0.16368432730754295,22.515628814697266,15.054670333862305,0.0,0.0,2.54,6.040600776672363,-6.201415538787842,6.040600776672363,-6.201415538787842,-6.040600776672363,-6.201415538787842,-0.17873044312000275,-0.017140982672572136,-0.17873044312000275,-0.017140982672572136,0.17873044312000275,-0.017140982672572136,-0.017667721956968307,-0.017667721956968307,-0.017667721956968307,-0.017667721956968307,0.15711155533790588,0.0022985709365457296,0.15711155533790588,0.0022985709365457296,1.5003048389330147,0.02194973559591721,0.15711155533790588,0.0022985709365457296,-0.01325079146772623,-0.01325079146772623,4.0,4.0,-0.01325079146772623,-0.01325079146772623,0.01325079146772623,-0.01325079146772623,0.3081448972225189,-0.019596416503190994,0.11604035645723343,0.00015298095240723342,-0.005462112836539745,0.00390609260648489,0.2858688235282898,0.0018986482173204422,-0.9582668542861938,0.0024638487957417965,-0.0033489889465272427,-0.02265462838113308
2.56,0.0021562210823587186,0.0052674151957035065,-0.004182792580127716,-0.006868155051581561,-0.060562245273719506,-0.018528973683714867,-0.059123991490025035,-0.018528973683714867,0.0,0.0,0.0,0.0,0.0,0.0,-1.0,127.0,2.54,-1.0,1.0,1.0,1.0,-1.0,1.0,-0.004048511636257171,-0.004048511636257171,-0.004931063144328072,-0.004931063144328072,0.0019813329912560748,-0.0024638487957417965,0.09643068896168232,0.09643068896168232,0.0824404722847633,0.0824404722847633,-0.1533103953976178,-0.1533103953976178,0.011246484213043006,0.011246484213043006,0.036807250061870835,0.036807250061870835,0.19286137792336464,0.1648809445695266,-0.3066207907952356,0.022492968426086012,-0.018403625030935417,-0.018403625030935417,-0.036807250061870835,-0.02453816670791389,-0.02453816670791389,-0.018403625030935417,-0.018403625030935417,0.0,-0.02453816670791389,-0.02453816670791389,-0.018403625030935417,-0.018403625030935417,-0.018403625030935417,-0.018403625030935417,0.0,0.0,0.0,0.0,0.0,1.5,0.0,0.0,0.0,-0.018403625030935417,-0.018403625030935417,-0.018403625030935417,-0.018403625030935417,-0.018403625030935417,-0.018403625030935417,-0.018403625030935417,-0.018403625030935417,-0.018403625030935417,-0.018403625030935417,-5.352257834513061e-06,-8.354160827309972,0.3081376254558563,-0.019717790186405182,0.11603529006242752,-1.9950757738547067,-0.6101297706476416,-0.02453816682100296,-0.02453816682100296,-0.02453816682100296,-0.02453816682100296,-0.02453816682100296,-0.02453816682100296,-0.02453816682100296,-0.02453816682100296,-0.01840362511575222,-0.01840362511575222,0.01840362511575222,-0.01840362511575222,22.228927612304688,15.182268142700195,1.384946003207065,0.0,0.0,-7.046659469604492,-1.9950757738547067,-0.6101297706476416,22.228927612304688,15.182268142700195,0.0,0.0,2.56,6.036643028259277,-6.202791690826416,6.036643028259277,-6.202791690826416,-6.036643028259277,-6.202791690826416,-0.2089238464832306,-0.06389264017343521,-0.2089238464832306,-0.06389264017343521,0.2089238464832306,-0.06389264017343521,-0.02453816682100296,-0.02453816682100296,-0.02453816682100296,-0.02453816682100296,0.17873044312000275,-0.017140982672572136,0.17873044312000275,-0.017140982672572136,1.7067500102131965,-0.16368432730754295,0.17873044312000275,0.017140982672572136,-0.01840362511575222,-0.01840362511575222,4.0,4.0,-0.01840362511575222,-0.01840362511575222,0.01840362511575222,-0.01840362511575222,0.3081376254558563,-0.019717790186405182,0.11603529006242752,0.00019068275287281722,-0.005992366466671228,0.003909073304384947,0.2858613133430481,0.0020662425085902214,-0.9582687616348267,-0.0052674151957035065,-0.003161884844303131,-0.020914025604724884
2.58,0.002236083357269197,-0.0038745328783988953,-0.004310519134998321,-0.005467524944152683,-0.06091970162789165,-0.01736689917743206,-0.05948144784419717,-0.01736689917743206,0.0,0.0,0.0,0.0,0.0,0.0,-1.0,128.0,2.56,-1.0,1.0,1.0,1.0,-1.0,1.0,-0.004182792580127716,-0.004182792580127716,-0.006868155051581561,-0.006868155051581561,0.0021562210823587186,0.0052674151957035065,0.09962909990754604,0.09962909990754604,0.11482593704537147,0.11482593704537147,-0.1668427811781035,-0.1668427811781035,-0.02404364340230823,-0.02404364340230823,0.023568612372505782,0.023568612372505782,0.19925819981509207,0.22965187409074295,-0.333685562356207,-0.04808728680461646,-0.011784306186252891,-0.011784306186252891,-0.023568612372505782,-0.015712408248337188,-0.015712408248337188,-0.011784306186252891,-0.011784306186252891,0.0,-0.015712408248337188,-0.015712408248337188,-0.011784306186252891,-0.011784306186252891,-0.011784306186252891,-0.011784306186252891,0.0,0.0,0.0,0.0,0.0,1.5,0.0,0.0,0.0,-0.011784306186252891,-0.011784306186252891,-0.011784306186252891,-0.011784306186252891,-0.011784306186252891,-0.011784306186252891,-0.011784306186252891,-0.011784306186252891,-0.011784306186252891,-0.011784306186252891,-8.2986433288196e-06,-8.3541691259533,0.30812981724739075,-0.019842524081468582,0.11603129655122757,-1.6925493354507015,-0.3813738931653189,-0.01571240834891796,-0.01571240834891796,-0.01571240834891796,-0.01571240834891796,-0.01571240834891796,-0.01571240834891796,-0.01571240834891796,-0.01571240834891796,-0.011784305796027184,-0.011784305796027184,0.011784305796027184,-0.011784305796027184,21.651023864746094,15.570870399475098,1.3111754422853825,0.0,0.0,-6.080153465270996,-1.6925493354507015,-0.3813738931653189,21.651023864746094,15.570870399475098,0.0,0.0,2.58,6.03294038772583,-6.20416259765625,6.03294038772583,-6.20416259765625,-6.03294038772583,-6.20416259765625,-0.17724335193634033,-0.03993738070130348,-0.17724335193634033,-0.03993738070130348,0.17724335193634033,-0.03993738070130348,-0.01571240834891796,-0.01571240834891796,-0.01571240834891796,-0.01571240834891796,0.2089238464832306,-0.06389264017343521,0.2089238464832306,-0.06389264017343521,1.9950757738547067,-0.6101297706476416,0.2089238464832306,0.06389264017343521,-0.011784305796027184,-0.011784305796027184,4.0,4.0,-0.011784305796027184,-0.011784305796027184,0.011784305796027184,-0.011784305796027184,0.30812981724739075,-0.019842524081468582,0.11603129655122757,0.0003205270040780306,-0.0065699731931090355,0.003901054849848151,0.28585219383239746,0.002142778132110834,-0.958271324634552,0.0038745328783988953,-0.0025073494762182236,-0.016972988843917847
2.6,0.002329762489476329,0.0010012472048401833,-0.004453647303581238,-0.0070744808174669745,-0.061257761768185044,-0.01639007218182087,-0.05981950798449057,-0.01639007218182087,0.0,0.0,0.0,0.0,0.0,0.0,-1.0,129.0,2.58,-1.0,1.0,1.0,1.0,-1.0,1.0,-0.004310519134998321,-0.004310519134998321,-0.005467524944152683,-0.005467524944152683,0.002236083357269197,-0.0038745328783988953,0.10267139317269801,0.10267139317269801,0.09140936253131103,0.09140936253131103,-0.17302231636876156,-0.17302231636876156,0.0176856927767396,0.0176856927767396,0.03874413211198708,0.03874413211198708,0.20534278634539602,0.18281872506262206,-0.3460446327375231,0.0353713855534792,-0.01937206605599354,-0.01937206605599354,-0.03874413211198708,-0.025829421407991385,-0.025829421407991385,-0.01937206605599354,-0.01937206605599354,0.0,-0.025829421407991385,-0.025829421407991385,-0.01937206605599354,-0.01937206605599354,-0.01937206605599354,-0.01937206605599354,0.0,0.0,0.0,0.0,0.0,1.5,0.0,0.0,0.0,-0.01937206605599354,-0.01937206605599354,-0.01937206605599354,-0.01937206605599354,-0.01937206605599354,-0.01937206605599354,-0.01937206605599354,-0.01937206605599354,-0.01937206605599354,-0.01937206605599354,-7.430298043895021e-06,-8.354176556251344,0.30812111496925354,-0.01997973397374153,0.11602704226970673,-1.961309026145456,-0.7221593160400331,-0.02582942321896553,-0.02582942321896553,-0.02582942321896553,-0.02582942321896553,-0.02582942321896553,-0.02582942321896553,-0.02582942321896553,-0.02582942321896553,-0.019372066482901573,-0.019372066482901573,0.019372066482901573,-0.019372066482901573,22.48542022705078,14.938732147216797,1.2391497101054227,0.0,0.0,-7.546688079833984,-1.961309026145456,-0.7221593160400331,22.48542022705078,14.938732147216797,0.0,0.0,2.6,6.029016017913818,-6.205923557281494,6.029016017913818,-6.205923557281494,-6.029016017913818,-6.205923557281494,-0.20538780093193054,-0.07562434673309326,-0.20538780093193054,-0.07562434673309326,0.20538780093193054,-0.07562434673309326,-0.02582942321896553,-0.02582942321896553,-0.02582942321896553,-0.02582942321896553,0.17724335193634033,-0.03993738070130348,0.17724335193634033,-0.03993738070130348,1.6925493354507015,-0.3813738931653189,0.17724335193634033,0.03993738070130348,-0.019372066482901573,-0.019372066482901573,4.0,4.0,-0.019372066482901573,-0.019372066482901573,0.019372066482901573,-0.019372066482901573,0.30812111496925354,-0.01997973397374153,0.11602704226970673,-0.00019157612405251712,-0.007069738116115332,0.003978181164711714,0.2858438491821289,0.002232553903013468,-0.9582735896110535,-0.0010012472048401833,-0.004619909916073084,-0.017413176596164703
2.62,0.002425484992677879,-0.00056342629250139,-0.004608575773239135,-0.007237659106589854,-0.061581864401525556,-0.01642615720629692,-0.060143610617831085,-0.01642615720629692,0.0,0.0,0.0,0.0,0.0,0.0,-1.0,130.0,2.6,-1.0,1.0,1.0,1.0,-1.0,1.0,-0.004453647303581238,-0.004453647303581238,-0.0070744808174669745,-0.0070744808174669745,0.002329762489476329,0.0010012472048401833,0.10608053439454079,0.10608053439454079,0.11827541499490335,0.11827541499490335,-0.18027096405320567,-0.18027096405320567,-0.004570292991213501,-0.004570292991213501,0.03951469234502497,0.03951469234502497,0.21216106878908159,0.2365508299898067,-0.36054192810641134,-0.009140585982427002,-0.019757346172512485,-0.019757346172512485,-0.03951469234502497,-0.02634312823001665,-0.02634312823001665,-0.019757346172512485,-0.019757346172512485,0.0,-0.02634312823001665,-0.02634312823001665,-0.019757346172512485,-0.019757346172512485,-0.019757346172512485,-0.019757346172512485,0.0,0.0,0.0,0.0,0.0,1.5,0.0,0.0,0.0,-0.019757346172512485,-0.019757346172512485,-0.019757346172512485,-0.019757346172512485,-0.019757346172512485,-0.019757346172512485,-0.019757346172512485,-0.019757346172512485,-0.019757346172512485,-0.019757346172512485,-6.519791569125791e-06,-8.354183076042913,0.30811187624931335,-0.020128201693296432,0.1160225123167038,-1.989249480197078,-0.7561151034641246,-0.026343127712607384,-0.026343127712607384,-0.026343127712607384,-0.026343127712607384,-0.026343127712607384,-0.026343127712607384,-0.026343127712607384,-0.026343127712607384,-0.01975734531879425,-0.01975734531879425,0.01975734531879425,-0.01975734531879425,21.836135864257812,15.404136657714844,1.2331343767329535,0.0,0.0,-6.431999206542969,-1.989249480197078,-0.7561151034641246,21.836135864257812,15.404136657714844,0.0,0.0,2.62,6.0249104499816895,-6.207972049713135,6.0249104499816895,-6.207972049713135,-6.0249104499816895,-6.207972049713135,-0.2083137184381485,-0.07918018847703934,-0.2083137184381485,-0.07918018847703934,0.2083137184381485,-0.07918018847703934,-0.026343127712607384,-0.026343127712607384,-0.026343127712607384,-0.026343127712607384,0.20538780093193054,-0.07562434673309326,0.20538780093193054,-0.07562434673309326,1.961309026145456,-0.7221593160400331,0.20538780093193054,0.07562434673309326,-0.01975734531879425,-0.01975734531879425,4.0,4.0,-0.01975734531879425,-0.01975734531879425,0.01975734531879425,-0.01975734531879425,0.30811187624931335,-0.020128201693296432,0.1160225123167038,0.00014460251259151846,-0.007631725165992975,0.0039006765000522137,0.28583824634552,0.0023242863826453686,-0.9582750797271729,0.00056342629250139,-0.0030155701097100973,-0.01698063313961029
2.64,0.0025211823072316,0.00018869046471081674,-0.004775004434585571,-0.007775882220268249,-0.06190093818073699,-0.01625089719891548,-0.06046268439704252,-0.01625089719891548,0.0,0.0,0.0,0.0,0.0,0.0,-1.0,131.0,2.62,-1.0,1.0,1.0,1.0,-1.0,1.0,-0.004608575773239135,-0.004608575773239135,-0.007237659106589854,-0.007237659106589854,0.002425484992677879,-0.00056342629250139,0.10977074462762831,0.10977074462762831,0.12100352753943312,0.12100352753943312,-0.1876777224724333,-0.1876777224724333,0.002571815654751845,0.002571815654751845,0.045668365349379965,0.045668365349379965,0.21954148925525663,0.24200705507886625,-0.3753554449448666,0.00514363130950369,-0.022834182674689982,-0.022834182674689982,-0.045668365349379965,-0.030445576899586643,-0.030445576899586643,-0.022834182674689982,-0.022834182674689982,0.0,-0.030445576899586643,-0.030445576899586643,-0.022834182674689982,-0.022834182674689982,-0.022834182674689982,-0.022834182674689982,0.0,0.0,0.0,0.0,0.0,1.5,0.0,0.0,0.0,-0.022834182674689982,-0.022834182674689982,-0.022834182674689982,-0.022834182674689982,-0.022834182674689982,-0.022834182674689982,-0.022834182674689982,-0.022834182674689982,-0.022834182674689982,-0.022834182674689982,-6.976670901298132e-06,-8.354190052713815,0.3081011176109314,-0.020287206396460533,0.11601767688989639,-2.0478613256034652,-0.901660244818161,-0.030445575714111328,-0.030445575714111328,-0.030445575714111328,-0.030445575714111328,-0.030445575714111328,-0.030445575714111328,-0.030445575714111328,-0.030445575714111328,-0.022834181785583496,-0.022834181785583496,0.022834181785583496,-0.022834181785583496,22.341148376464844,15.058756828308105,1.1462010807853042,0.0,0.0,-7.282391548156738,-2.0478613256034652,-0.901660244818161,22.341148376464844,15.058756828308105,0.0,0.0,2.64,6.020602226257324,-6.210274696350098,6.020602226257324,-6.210274696350098,-6.020602226257324,-6.210274696350098,-0.21445153653621674,-0.0944216400384903,-0.21445153653621674,-0.0944216400384903,0.21445153653621674,-0.0944216400384903,-0.030445575714111328,-0.030445575714111328,-0.030445575714111328,-0.030445575714111328,0.2083137184381485,-0.07918018847703934,0.2083137184381485,-0.07918018847703934,1.989249480197078,-0.7561151034641246,0.2083137184381485,0.07918018847703934,-0.022834181785583496,-0.022834181785583496,4.0,4.0,-0.022834181785583496,-0.022834181785583496,0.022834181785583496,-0.022834181785583496,0.3081011176109314,-0.020287206396460533,0.11601767688989639,-0.00013931460853200406,-0.00813843123614788,0.003952687606215477,0.2858285903930664,0.0024159979075193405,-0.958277702331543,-0.00018869046471081674,-0.004237893503159285,-0.017025407403707504
2.66,0.002605902196095452,-0.000966750318184495,-0.004949848163127899,-0.007997499122098089,-0.06221021404560596,-0.016100745648145676,-0.06077196026191149,-0.016100745648145676,0.0,0.0,0.0,0.0,0.0,0.0,-1.0,132.0,2.64,-1.0,1.0,1.0,1.0,-1.0,1.0,-0.004775004434585571,-0.004775004434585571,-0.007775882220268249,-0.007775882220268249,0.0025211823072316,0.00018869046471081674,0.11373487562650679,0.11373487562650679,0.13000186448777673,0.13000186448777673,-0.19508253185958238,-0.19508253185958238,-0.0008612964952189942,-0.0008612964952189942,0.04779291175948216,0.04779291175948216,0.22746975125301358,0.26000372897555346,-0.39016506371916476,-0.0017225929904379884,-0.02389645587974108,-0.02389645587974108,-0.04779291175948216,-0.03186194117298811,-0.03186194117298811,-0.02389645587974108,-0.02389645587974108,0.0,-0.03186194117298811,-0.03186194117298811,-0.02389645587974108,-0.02389645587974108,-0.02389645587974108,-0.02389645587974108,0.0,0.0,0.0,0.0,0.0,1.5,0.0,0.0,0.0,-0.02389645587974108,-0.02389645587974108,-0.02389645587974108,-0.02389645587974108,-0.02389645587974108,-0.02389645587974108,-0.02389645587974108,-0.02389645587974108,-0.02389645587974108,-0.02389645587974108,-7.499954002960525e-06,-8.354197552667818,0.30809029936790466,-0.020455684512853622,0.11601300537586212,-2.073386169418626,-0.9601983810997553,-0.03186194226145744,-0.03186194226145744,-0.03186194226145744,-0.03186194226145744,-0.03186194226145744,-0.03186194226145744,-0.03186194226145744,-0.03186194226145744,-0.023896455764770508,-0.023896455764770508,0.023896455764770508,-0.023896455764770508,20.88766098022461,16.0999755859375,1.1131877883188706,0.0,0.0,-4.787685394287109,-2.073386169418626,-0.9601983810997553,20.88766098022461,16.0999755859375,0.0,0.0,2.66,6.016148567199707,-6.212766170501709,6.016148567199707,-6.212766170501709,-6.016148567199707,-6.212766170501709,-0.21712449193000793,-0.10055173933506012,-0.21712449193000793,-0.10055173933506012,0.21712449193000793,-0.10055173933506012,-0.03186194226145744,-0.03186194226145744,-0.03186194226145744,-0.03186194226145744,0.21445153653621674,-0.0944216400384903,0.21445153653621674,-0.0944216400384903,2.0478613256034652,-0.901660244818161,0.21445153653621674,0.0944216400384903,-0.023896455764770508,-0.023896455764770508,4.0,4.0,-0.023896455764770508,-0.023896455764770508,0.023896455764770508,-0.023896455764770508,0.30809029936790466,-0.020455684512853622,0.11601300537586212,0.00011018420627806336,-0.008665777742862701,0.0038624433800578117,0.28582194447517395,0.0024971882812678814,-0.9582794904708862,0.000966750318184495,-0.0029563249554485083,-0.01652107760310173
2.68,0.002698887255529825,0.00024655164452269673,-0.005137080407142639,-0.008752003942988813,-0.06251516991723166,-0.015378833748400211,-0.06107691613353719,-0.015378833748400211,0.0,0.0,0.0,0.0,0.0,0.0,-1.0,133.0,2.66,-1.0,1.0,1.0,1.0,-1.0,1.0,-0.004949848163127899,-0.004949848163127899,-0.007997499122098089,-0.007997499122098089,0.002605902196095452,-0.000966750318184495,0.1178994434279108,0.1178994434279108,0.1337069888227091,0.1337069888227091,-0.20163793658815624,-0.20163793658815624,0.004412828502384946,0.004412828502384946,0.054381324164848616,0.054381324164848616,0.2357988868558216,0.2674139776454182,-0.40327587317631247,0.008825657004769892,-0.027190662082424308,-0.027190662082424308,-0.054381324164848616,-0.036254216109899075,-0.036254216109899075,-0.027190662082424308,-0.027190662082424308,0.0,-0.036254216109899075,-0.036254216109899075,-0.027190662082424308,-0.027190662082424308,-0.027190662082424308,-0.027190662082424308,0.0,0.0,0.0,0.0,0.0,1.5,0.0,0.0,0.0,-0.027190662082424308,-0.027190662082424308,-0.027190662082424308,-0.027190662082424308,-0.027190662082424308,-0.027190662082424308,-0.027190662082424308,-0.027190662082424308,-0.027190662082424308,-0.027190662082424308,-8.109236715287113e-06,-8.354205661904533,0.3080785274505615,-0.020634964108467102,0.116007961332798,-2.2024127117083983,-1.1173680775343302,-0.036254219710826874,-0.036254219710826874,-0.036254219710826874,-0.036254219710826874,-0.036254219710826874,-0.036254219710826874,-0.036254219710826874,-0.036254219710826874,-0.027190662920475006,-0.027190662920475006,0.027190662920475006,-0.027190662920475006,21.98212432861328,15.364419937133789,1.085044634174068,0.0,0.0,-6.617704391479492,-2.2024127117083983,-1.1173680775343302,21.98212432861328,15.364419937133789,0.0,0.0,2.68,6.011478900909424,-6.21553373336792,6.011478900909424,-6.21553373336792,-6.011478900909424,-6.21553373336792,-0.2306361198425293,-0.11701051145792007,-0.2306361198425293,-0.11701051145792007,0.2306361198425293,-0.11701051145792007,-0.036254219710826874,-0.036254219710826874,-0.036254219710826874,-0.036254219710826874,0.21712449193000793,-0.10055173933506012,0.21712449193000793,-0.10055173933506012,2.073386169418626,-0.9601983810997553,0.21712449193000793,0.10055173933506012,-0.027190662920475006,-0.027190662920475006,4.0,4.0,-0.027190662920475006,-0.027190662920475006,0.027190662920475006,-0.027190662920475006,0.3080785274505615,-0.020634964108467102,0.116007961332798,-0.00012172639981145039,-0.009143807925283909,0.003943930845707655,0.285815566778183,0.0025862990878522396,-0.9582811594009399,-0.00024655164452269673,-0.003938933368772268,-0.016132518649101257
2.7,0.0028023004717783575,0.0005153293604962528,-0.005336449074745178,-0.009288168681412936,-0.0628187587268063,-0.014560426585376263,-0.06138050494311183,-0.014560426585376263,0.0,0.0,0.0,0.0,0.0,0.0,-1.0,134.0,2.68,-1.0,1.0,1.0,1.0,-1.0,1.0,-0.005137080407142639,-0.005137080407142639,-0.008752003942988813,-0.008752003942988813,0.002698887255529825,0.00024655164452269673,0.12235909080164908,0.12235909080164908,0.14632125312125277,0.14632125312125277,-0.20883287872603346,-0.20883287872603346,-0.0011254096365883016,-0.0011254096365883016,0.058722055560280095,0.058722055560280095,0.24471818160329817,0.29264250624250554,-0.4176657574520669,-0.002250819273176603,-0.029361027780140048,-0.029361027780140048,-0.058722055560280095,-0.03914803704018673,-0.03914803704018673,-0.029361027780140048,-0.029361027780140048,0.0,-0.03914803704018673,-0.03914803704018673,-0.029361027780140048,-0.029361027780140048,-0.029361027780140048,-0.029361027780140048,0.0,0.0,0.0,0.0,0.0,1.5,0.0,0.0,0.0,-0.029361027780140048,-0.029361027780140048,-0.029361027780140048,-0.029361027780140048,-0.029361027780140048,-0.029361027780140048,-0.029361027780140048,-0.029361027780140048,-0.029361027780140048,-0.029361027780140048,-8.609550944875434e-06,-8.354214271455477,0.3080660104751587,-0.020824920386075974,0.11600271612405777,-2.2803019122735004,-1.2428550877301547,-0.03914804011583328,-0.03914804011583328,-0.03914804011583328,-0.03914804011583328,-0.03914804011583328,-0.03914804011583328,-0.03914804011583328,-0.03914804011583328,-0.029361028224229813,-0.029361028224229813,0.029361028224229813,-0.029361028224229813,22.27577018737793,15.165090560913086,1.0374468245433457,0.0,0.0,-7.110679626464844,-2.2803019122735004,-1.2428550877301547,22.27577018737793,15.165090560913086,0.0,0.0,2.7,6.006590366363525,-6.218564510345459,6.006590366363525,-6.218564510345459,-6.006590366363525,-6.218564510345459,-0.23879265785217285,-0.13015148043632507,-0.23879265785217285,-0.13015148043632507,0.23879265785217285,-0.13015148043632507,-0.03914804011583328,-0.03914804011583328,-0.03914804011583328,-0.03914804011583328,0.2306361198425293,-0.11701051145792007,0.2306361198425293,-0.11701051145792007,2.2024127117083983,-1.1173680775343302,0.2306361198425293,0.11701051145792007,-0.029361028224229813,-0.029361028224229813,4.0,4.0,-0.029361028224229813,-0.029361028224229813,0.029361028224229813,-0.029361028224229813,0.3080660104751587,-0.020824920386075974,0.11600271612405777,-0.0002007772127399221,-0.009616955183446407,0.003915120381861925,0.2858089804649353,0.002685403451323509,-0.9582828283309937,-0.0005153293604962528,-0.0033033285290002823,-0.015357243828475475
2.72,0.0029094609832097927,0.0008315859595313668,-0.0055465376496315,-0.009800082893297077,-0.06311410046845595,-0.013778802007436752,-0.06167584668476148,-0.013778802007436752,0.0,0.0,0.0,0.0,0.0,0.0,-1.0,135.0,2.7,-1.0,1.0,1.0,1.0,-1.0,1.0,-0.005336449074745178,-0.005336449074745178,-0.009288168681412936,-0.009288168681412936,0.0028023004717783575,0.0005153293604962528,0.12710781322154044,0.12710781322154044,0.1552851769170703,0.1552851769170703,-0.21683472452498265,-0.21683472452498265,-0.0023522723989211954,-0.0023522723989211954,0.06320599321470691,0.06320599321470691,0.2542156264430809,0.3105703538341406,-0.4336694490499653,-0.004704544797842391,-0.031602996607353454,-0.031602996607353454,-0.06320599321470691,-0.04213732880980461,-0.04213732880980461,-0.031602996607353454,-0.031602996607353454,0.0,-0.04213732880980461,-0.04213732880980461,-0.031602996607353454,-0.031602996607353454,-0.031602996607353454,-0.031602996607353454,0.0,0.0,0.0,0.0,0.0,1.5,0.0,0.0,0.0,-0.031602996607353454,-0.031602996607353454,-0.031602996607353454,-0.031602996607353454,-0.031602996607353454,-0.031602996607353454,-0.031602996607353454,-0.031602996607353454,-0.031602996607353454,-0.031602996607353454,-9.303328805475586e-06,-8.354223574784283,0.3080529570579529,-0.021024692803621292,0.11599736660718918,-2.360953212879834,-1.3563813694722293,-0.04213733226060867,-0.04213733226060867,-0.04213733226060867,-0.04213733226060867,-0.04213733226060867,-0.04213733226060867,-0.04213733226060867,-0.04213733226060867,-0.031602997332811356,-0.031602997332811356,0.031602997332811356,-0.031602997332811356,22.51034927368164,14.924201011657715,1.0045718434076047,0.0,0.0,-7.586148262023926,-2.360953212879834,-1.3563813694722293,22.51034927368164,14.924201011657715,0.0,0.0,2.72,6.001523971557617,-6.221843242645264,6.001523971557617,-6.221843242645264,-6.001523971557617,-6.221843242645264,-0.24723844230175018,-0.1420399248600006,-0.24723844230175018,-0.1420399248600006,0.24723844230175018,-0.1420399248600006,-0.04213733226060867,-0.04213733226060867,-0.04213733226060867,-0.04213733226060867,0.23879265785217285,-0.13015148043632507,0.23879265785217285,-0.13015148043632507,2.2803019122735004,-1.2428550877301547,0.23879265785217285,0.13015148043632507,-0.031602997332811356,-0.031602997332811356,4.0,4.0,-0.031602997332811356,-0.031602997332811356,0.031602997332811356,-0.031602997332811356,0.3080529570579529,-0.021024692803621292,0.11599736660718918,-0.0003396565734874457,-0.010072275996208191,0.003962001763284206,0.28580328822135925,0.002788098528981209,-0.9582842588424683,-0.0008315859595313668,-0.004733260255306959,-0.014640404842793941
2.74,0.0030139220044578825,0.0006764226127415895,-0.005766349768638611,-0.010189644008874893,-0.06339597000089861,-0.013658282347023487,-0.06195771621720414,-0.013658282347023487,0.0,0.0,0.0,0.0,0.0,0.0,-1.0,136.0,2.72,-1.0,1.0,1.0,1.0,-1.0,1.0,-0.0055465376496315,-0.0055465376496315,-0.009800082893297077,-0.009800082893297077,0.0029094609832097927,0.0008315859595313668,0.13211187096904278,0.13211187096904278,0.1638436658598765,0.1638436658598765,-0.22512652628221738,-0.22512652628221738,-0.0037958572708768775,-0.0037958572708768775,0.06703315327582503,0.06703315327582503,0.26422374193808557,0.327687331719753,-0.45025305256443476,-0.007591714541753755,-0.033516576637912514,-0.033516576637912514,-0.06703315327582503,-0.044688768850550016,-0.044688768850550016,-0.033516576637912514,-0.033516576637912514,0.0,-0.044688768850550016,-0.044688768850550016,-0.033516576637912514,-0.033516576637912514,-0.033516576637912514,-0.033516576637912514,0.0,0.0,0.0,0.0,0.0,1.5,0.0,0.0,0.0,-0.033516576637912514,-0.033516576637912514,-0.033516576637912514,-0.033516576637912514,-0.033516576637912514,-0.033516576637912514,-0.033516576637912514,-0.033516576637912514,-0.033516576637912514,-0.033516576637912514,-1.007232072856805e-05,-8.354233647105012,0.3080388903617859,-0.021233564242720604,0.11599192768335342,-2.407025827039332,-1.4580757714333337,-0.04468877241015434,-0.04468877241015434,-0.04468877241015434,-0.04468877241015434,-0.04468877241015434,-0.04468877241015434,-0.04468877241015434,-0.04468877241015434,-0.03351657837629318,-0.03351657837629318,0.03351657837629318,-0.03351657837629318,21.412107467651367,15.741947174072266,0.9489500556059984,0.0,0.0,-5.670160293579102,-2.407025827039332,-1.4580757714333337,21.412107467651367,15.741947174072266,0.0,0.0,2.74,5.996312618255615,-6.225363254547119,5.996312618255615,-6.225363254547119,-5.996312618255615,-6.225363254547119,-0.25206315517425537,-0.15268933773040771,-0.25206315517425537,-0.15268933773040771,0.25206315517425537,-0.15268933773040771,-0.04468877241015434,-0.04468877241015434,-0.04468877241015434,-0.04468877241015434,0.24723844230175018,-0.1420399248600006,0.24723844230175018,-0.1420399248600006,2.360953212879834,-1.3563813694722293,0.24723844230175018,0.1420399248600006,-0.03351657837629318,-0.03351657837629318,4.0,4.0,-0.03351657837629318,-0.03351657837629318,0.03351657837629318,-0.03351657837629318,0.3080388903617859,-0.021233564242720604,0.11599192768335342,-0.0002417029463686049,-0.010530180297791958,0.0038850069977343082,0.28579673171043396,0.0028882077895104885,-0.958285927772522,-0.0006764226127415895,-0.0040915533900260925,-0.014466891996562481
2.7600000000000002,0.0031216577303644303,0.001193472184240818,-0.005996065497398376,-0.010737404786422848,-0.06366768393037706,-0.013220713473856449,-0.062229430146682585,-0.013220713473856449,0.0,0.0,0.0,0.0,0.0,0.0,-1.0,137.0,2.74,-1.0,1.0,1.0,1.0,-1.0,1.0,-0.005766349768638611,-0.005766349768638611,-0.010189644008874893,-0.010189644008874893,0.0030139220044578825,0.0006764226127415895,0.13734753186924933,0.13734753186924933,0.17035658232677578,0.17035658232677578,-0.23320944850773934,-0.23320944850773934,-0.00308759865812026,-0.00308759865812026,0.07140706703016551,0.07140706703016551,0.27469506373849867,0.34071316465355156,-0.4664188970154787,-0.00617519731624052,-0.03570353351508276,-0.03570353351508276,-0.07140706703016551,-0.04760471135344368,-0.04760471135344368,-0.03570353351508276,-0.03570353351508276,0.0,-0.04760471135344368,-0.04760471135344368,-0.03570353351508276,-0.03570353351508276,-0.03570353351508276,-0.03570353351508276,0.0,0.0,0.0,0.0,0.0,1.5,0.0,0.0,0.0,-0.03570353351508276,-0.03570353351508276,-0.03570353351508276,-0.03570353351508276,-0.03570353351508276,-0.03570353351508276,-0.03570353351508276,-0.03570353351508276,-0.03570353351508276,-0.03570353351508276,-1.0792020086772165e-05,-8.354244439125099,0.3080248236656189,-0.021451842039823532,0.11598622053861618,-2.5091215026141747,-1.563754877297102,-0.04760470986366272,-0.04760470986366272,-0.04760470986366272,-0.04760470986366272,-0.04760470986366272,-0.04760470986366272,-0.04760470986366272,-0.04760470986366272,-0.03570353239774704,-0.03570353239774704,0.03570353239774704,-0.03570353239774704,21.41893196105957,15.739851951599121,0.9453666253170727,0.0,0.0,-5.679080009460449,-2.5091215026141747,-1.563754877297102,21.41893196105957,15.739851951599121,0.0,0.0,2.7600000000000002,5.990935802459717,-6.229111194610596,5.990935802459717,-6.229111194610596,-5.990935802459717,-6.229111194610596,-0.2627545893192291,-0.16375602781772614,-0.2627545893192291,-0.16375602781772614,0.2627545893192291,-0.16375602781772614,-0.04760470986366272,-0.04760470986366272,-0.04760470986366272,-0.04760470986366272,0.25206315517425537,-0.15268933773040771,0.25206315517425537,-0.15268933773040771,2.407025827039332,-1.4580757714333337,0.25206315517425537,0.15268933773040771,-0.03570353239774704,-0.03570353239774704,4.0,4.0,-0.03570353239774704,-0.03570353239774704,0.03570353239774704,-0.03570353239774704,0.3080248236656189,-0.021451842039823532,0.11598622053861618,-0.00010661205305950716,-0.010973705910146236,0.0038761652540415525,0.2857959270477295,0.0029914500191807747,-0.9582858085632324,-0.001193472184240818,-0.0034533163998275995,-0.014162927865982056
2.7800000000000002,0.0032297741625004605,0.0011068873573094606,-0.006235912919044495,-0.011112606418132782,-0.06393111465073939,-0.012982742860913277,-0.06249286086704492,-0.012982742860913277,0.0,0.0,0.0,0.0,0.0,0.0,-1.0,138.0,2.7600000000000002,-1.0,1.0,1.0,1.0,-1.0,1.0,-0.005996065497398376,-0.005996065497398376,-0.010737404786422848,-0.010737404786422848,0.0031216577303644303,0.001193472184240818,0.14281908486943243,0.14281908486943243,0.179514375662289,0.179514375662289,-0.24154575886550064,-0.24154575886550064,-0.005447723132185638,-0.005447723132185638,0.07533997853403512,0.07533997853403512,0.28563816973886486,0.359028751324578,-0.4830915177310013,-0.010895446264371276,-0.03766998926701756,-0.03766998926701756,-0.07533997853403512,-0.050226652356023416,-0.050226652356023416,-0.03766998926701756,-0.03766998926701756,0.0,-0.050226652356023416,-0.050226652356023416,-0.03766998926701756,-0.03766998926701756,-0.03766998926701756,-0.03766998926701756,0.0,0.0,0.0,0.0,0.0,1.5,0.0,0.0,0.0,-0.03766998926701756,-0.03766998926701756,-0.03766998926701756,-0.03766998926701756,-0.03766998926701756,-0.03766998926701756,-0.03766998926701756,-0.03766998926701756,-0.03766998926701756,-0.03766998926701756,-1.1684824643454222e-05,-8.354256123949742,0.3080097436904907,-0.021678892895579338,0.11598048359155655,-2.5829803223865384,-1.632216282373471,-0.05022665485739708,-0.05022665485739708,-0.05022665485739708,-0.05022665485739708,-0.05022665485739708,-0.05022665485739708,-0.05022665485739708,-0.05022665485739708,-0.037669990211725235,-0.037669990211725235,0.037669990211725235,-0.037669990211725235,22.75411605834961,15.131692886352539,0.9507640400130675,0.0,0.0,-7.62242317199707,-2.5829803223865384,-1.632216282373471,22.75411605834961,15.131692886352539,0.0,0.0,2.7800000000000002,5.9853973388671875,-6.233099937438965,5.9853973388671875,-6.233099937438965,-5.9853973388671875,-6.233099937438965,-0.27048906683921814,-0.1709252893924713,-0.27048906683921814,-0.1709252893924713,0.27048906683921814,-0.1709252893924713,-0.05022665485739708,-0.05022665485739708,-0.05022665485739708,-0.05022665485739708,0.2627545893192291,-0.16375602781772614,0.2627545893192291,-0.16375602781772614,2.5091215026141747,-1.563754877297102,0.2627545893192291,0.16375602781772614,-0.037669990211725235,-0.037669990211725235,4.0,4.0,-0.037669990211725235,-0.037669990211725235,0.037669990211725235,-0.037669990211725235,0.3080097436904907,-0.021678892895579338,0.11598048359155655,-0.0005122219445183873,-0.011368666775524616,0.0039801225066185,0.2857917845249176,0.0030950605869293213,-0.9582867622375488,-0.0011068873573094606,-0.00495178671553731,-0.013893971219658852
2.8000000000000003,0.0033406021784863167,0.0009716139174997807,-0.00648473961353302,-0.011483520612120627,-0.06418552250240024,-0.012746550142765045,-0.06274726871870577,-0.012746550142765045,0.0,0.0,0.0,0.0,0.0,0.0,-1.0,139.0,2.7800000000000002,-1.0,1.0,1.0,1.0,-1.0,1.0,-0.006235912919044495,-0.006235912919044495,-0.011112606418132782,-0.011112606418132782,0.0032297741625004605,0.0011068873573094606,0.14853196263613702,0.14853196263613702,0.18578722166219472,0.18578722166219472,-0.24991152728146313,-0.24991152728146313,-0.005052498031174765,-0.005052498031174765,0.07935515898569385,0.07935515898569385,0.29706392527227404,0.37157444332438944,-0.49982305456292625,-0.01010499606234953,-0.03967757949284693,-0.03967757949284693,-0.07935515898569385,-0.0529034393237959,-0.0529034393237959,-0.03967757949284693,-0.03967757949284693,0.0,-0.0529034393237959,-0.0529034393237959,-0.03967757949284693,-0.03967757949284693,-0.03967757949284693,-0.03967757949284693,0.0,0.0,0.0,0.0,0.0,1.5,0.0,0.0,0.0,-0.03967757949284693,-0.03967757949284693,-0.03967757949284693,-0.03967757949284693,-0.03967757949284693,-0.03967757949284693,-0.03967757949284693,-0.03967757949284693,-0.03967757949284693,-0.03967757949284693,-1.2498291599628005e-05,-8.354268622241342,0.30799421668052673,-0.021914653480052948,0.11597476899623871,-2.6900506524068737,-1.6658398807013666,-0.0529034398496151,-0.0529034398496151,-0.0529034398496151,-0.0529034398496151,-0.0529034398496151,-0.0529034398496151,-0.0529034398496151,-0.0529034398496151,-0.03967757895588875,-0.03967757895588875,0.03967757895588875,-0.03967757895588875,21.839569091796875,15.376565933227539,1.0242107717055071,0.0,0.0,-6.463003158569336,-2.6900506524068737,-1.6658398807013666,21.839569091796875,15.376565933227539,0.0,0.0,2.8000000000000003,5.9797043800354,-6.237290859222412,5.9797043800354,-6.237290859222412,-5.9797043800354,-6.237290859222412,-0.2817014455795288,-0.17444634437561035,-0.2817014455795288,-0.17444634437561035,0.2817014455795288,-0.17444634437561035,-0.0529034398496151,-0.0529034398496151,-0.0529034398496151,-0.0529034398496151,0.27048906683921814,-0.1709252893924713,0.27048906683921814,-0.1709252893924713,2.5829803223865384,-1.632216282373471,0.27048906683921814,0.1709252893924713,-0.03967757895588875,-0.03967757895588875,4.0,4.0,-0.03967757895588875,-0.03967757895588875,0.03967757895588875,-0.03967757895588875,0.30799421668052673,-0.021914653480052948,0.11597476899623871,-0.0003863227611873299,-0.011769996955990791,0.0039052669890224934,0.2857891321182251,0.003201268147677183,-0.9582871794700623,-0.0009716139174997807,-0.002710953587666154,-0.013600208796560764
2.82,0.003458387360593412,0.0018996965372934937,-0.006743529939651489,-0.012146997942030429,-0.06443875088242094,-0.01233021542429924,-0.06300049709872647,-0.01233021542429924,0.0,0.0,0.0,0.0,0.0,0.0,-1.0,140.0,2.8000000000000003,-1.0,1.0,1.0,1.0,-1.0,1.0,-0.00648473961353302,-0.00648473961353302,-0.011483520612120627,-0.011483520612120627,0.0033406021784863167,0.0009716139174997807,0.1544587159068203,0.1544587159068203,0.1919883877057999,0.1919883877057999,-0.2584871110056071,-0.2584871110056071,-0.004435028887819499,-0.004435028887819499,0.0835249637191936,0.0835249637191936,0.3089174318136406,0.3839767754115998,-0.5169742220112142,-0.008870057775638998,-0.0417624818595968,-0.0417624818595968,-0.0835249637191936,-0.05568330914612907,-0.05568330914612907,-0.0417624818595968,-0.0417624818595968,0.0,-0.05568330914612907,-0.05568330914612907,-0.0417624818595968,-0.0417624818595968,-0.0417624818595968,-0.0417624818595968,0.0,0.0,0.0,0.0,0.0,1.5,0.0,0.0,0.0,-0.0417624818595968,-0.0417624818595968,-0.0417624818595968,-0.0417624818595968,-0.0417624818595968,-0.0417624818595968,-0.0417624818595968,-0.0417624818595968,-0.0417624818595968,-0.0417624818595968,-1.335661866814167e-05,-8.35428197886001,0.3079782724380493,-0.022158995270729065,0.11596859991550446,-2.718224898141961,-1.8893336310367235,-0.05568331107497215,-0.05568331107497215,-0.05568331107497215,-0.05568331107497215,-0.05568331107497215,-0.05568331107497215,-0.05568331107497215,-0.05568331107497215,-0.04176248237490654,-0.04176248237490654,0.04176248237490654,-0.04176248237490654,21.9965763092041,15.319380760192871,0.8288912671052375,0.0,0.0,-6.6771955490112305,-2.718224898141961,-1.8893336310367235,21.9965763092041,15.319380760192871,0.0,0.0,2.82,5.973842144012451,-6.241708278656006,5.973842144012451,-6.241708278656006,-5.973842144012451,-6.241708278656006,-0.28465184569358826,-0.1978505551815033,-0.28465184569358826,-0.1978505551815033,0.28465184569358826,-0.1978505551815033,-0.05568331107497215,-0.05568331107497215,-0.05568331107497215,-0.05568331107497215,0.2817014455795288,-0.17444634437561035,0.2817014455795288,-0.17444634437561035,2.6900506524068737,-1.6658398807013666,0.2817014455795288,0.17444634437561035,-0.04176248237490654,-0.04176248237490654,4.0,4.0,-0.04176248237490654,-0.04176248237490654,0.04176248237490654,-0.04176248237490654,0.3079782724380493,-0.022158995270729065,0.11596859991550446,-0.000623221741989255,-0.012153713963925838,0.003961196169257164,0.28579089045524597,0.003314138390123844,-0.9582862854003906,-0.0018996965372934937,-0.004673768766224384,-0.0134496558457613
2.84,0.00358248715835073,0.0021919352002441883,-0.007011743700504303,-0.012548551803827286,-0.06468511813526048,-0.012196192517876625,-0.063246864351566,-0.012196192517876625,0.0,0.0,0.0,0.0,0.0,0.0,-1.0,141.0,2.82,-1.0,1.0,1.0,1.0,-1.0,1.0,-0.006743529939651489,-0.006743529939651489,-0.012146997942030429,-0.012146997942030429,0.003458387360593412,0.0018996965372934937,0.1606227909265709,0.1606227909265709,0.20308079979362992,0.20308079979362992,-0.2676010221555807,-0.2676010221555807,-0.008671354814129882,-0.008671354814129882,0.08743121375049025,0.08743121375049025,0.3212455818531418,0.40616159958725984,-0.5352020443111614,-0.017342709628259765,-0.043715606875245124,-0.043715606875245124,-0.08743121375049025,-0.05828747583366017,-0.05828747583366017,-0.043715606875245124,-0.043715606875245124,0.0,-0.05828747583366017,-0.05828747583366017,-0.043715606875245124,-0.043715606875245124,-0.043715606875245124,-0.043715606875245124,0.0,0.0,0.0,0.0,0.0,1.5,0.0,0.0,0.0,-0.043715606875245124,-0.043715606875245124,-0.043715606875245124,-0.043715606875245124,-0.043715606875245124,-0.043715606875245124,-0.043715606875245124,-0.043715606875245124,-0.043715606875245124,-0.043715606875245124,-1.4595087631641559e-05,-8.354296573947641,0.307963103055954,-0.022411677986383438,0.1159626841545105,-2.8193148283615193,-1.9405597652206037,-0.05828747898340225,-0.05828747898340225,-0.05828747898340225,-0.05828747898340225,-0.05828747898340225,-0.05828747898340225,-0.05828747898340225,-0.05828747898340225,-0.04371560737490654,-0.04371560737490654,0.04371560737490654,-0.04371560737490654,21.896970748901367,15.451730728149414,0.8787550631409156,0.0,0.0,-6.445240020751953,-2.8193148283615193,-1.9405597652206037,21.896970748901367,15.451730728149414,0.0,0.0,2.84,5.967799663543701,-6.246319770812988,5.967799663543701,-6.246319770812988,-5.967799663543701,-6.246319770812988,-0.2952379584312439,-0.20321494340896606,-0.2952379584312439,-0.20321494340896606,0.2952379584312439,-0.20321494340896606,-0.05828747898340225,-0.05828747898340225,-0.05828747898340225,-0.05828747898340225,0.28465184569358826,-0.1978505551815033,0.28465184569358826,-0.1978505551815033,2.718224898141961,-1.8893336310367235,0.28465184569358826,0.1978505551815033,-0.04371560737490654,-0.04371560737490654,4.0,4.0,-0.04371560737490654,-0.04371560737490654,0.04371560737490654,-0.04371560737490654,0.307963103055954,-0.022411677986383438,0.1159626841545105,0.00029804298537783325,-0.012572047300636768,0.0038541085086762905,0.2858128547668457,0.0034330380149185658,-0.9582793116569519,-0.0021919352002441883,-0.0025242811534553766,-0.013389981351792812
2.86,0.003713386995082329,0.002260460751131177,-0.007287388169765472,-0.013012857788056135,-0.06493485987042935,-0.012387588620185852,-0.06349660608673488,-0.012387588620185852,0.0,0.0,0.0,0.0,0.0,0.0,-1.0,142.0,2.84,-1.0,1.0,1.0,1.0,-1.0,1.0,-0.007011743700504303,-0.007011743700504303,-0.012548551803827286,-0.012548551803827286,0.00358248715835073,0.0021919352002441883,0.1670113208535719,0.1670113208535719,0.20979421818746685,0.20979421818746685,-0.27720354184656776,-0.27720354184656776,-0.010005307415034623,-0.010005307415034623,0.08959668977943637,0.08959668977943637,0.3340226417071438,0.4195884363749337,-0.5544070836931355,-0.020010614830069245,-0.044798344889718185,-0.044798344889718185,-0.08959668977943637,-0.05973112651962425,-0.05973112651962425,-0.044798344889718185,-0.044798344889718185,0.0,-0.05973112651962425,-0.05973112651962425,-0.044798344889718185,-0.044798344889718185,-0.044798344889718185,-0.044798344889718185,0.0,0.0,0.0,0.0,0.0,1.5,0.0,0.0,0.0,-0.044798344889718185,-0.044798344889718185,-0.044798344889718185,-0.044798344889718185,-0.044798344889718185,-0.044798344889718185,-0.044798344889718185,-0.044798344889718185,-0.044798344889718185,-0.044798344889718185,-1.5772899718032933e-05,-8.35431234684736,0.3079479932785034,-0.022672196850180626,0.11595771461725235,-2.83287303845521,-2.1031205441966305,-0.059731125831604004,-0.059731125831604004,-0.059731125831604004,-0.059731125831604004,-0.059731125831604004,-0.059731125831604004,-0.059731125831604004,-0.059731125831604004,-0.044798344373703,-0.044798344373703,0.044798344373703,-0.044798344373703,21.281648635864258,15.706674575805664,0.7297524942585794,0.0,0.0,-5.574974060058594,-2.83287303845521,-2.1031205441966305,21.281648635864258,15.706674575805664,0.0,0.0,2.86,5.961609840393066,-6.251079082489014,5.961609840393066,-6.251079082489014,-5.961609840393066,-6.251079082489014,-0.2966577708721161,-0.22023826837539673,-0.2966577708721161,-0.22023826837539673,0.2966577708721161,-0.22023826837539673,-0.059731125831604004,-0.059731125831604004,-0.059731125831604004,-0.059731125831604004,0.2952379584312439,-0.20321494340896606,0.2952379584312439,-0.20321494340896606,2.8193148283615193,-1.9405597652206037,0.2952379584312439,0.20321494340896606,-0.044798344373703,-0.044798344373703,4.0,4.0,-0.044798344373703,-0.044798344373703,0.044798344373703,-0.044798344373703,0.3079479932785034,-0.022672196850180626,0.11595771461725235,-0.00028542205109260976,-0.012913774698972702,0.003887408645823598,0.28583604097366333,0.0035584508441388607,-0.9582719206809998,-0.002260460751131177,-0.010800137184560299,-0.01364136952906847
2.88,0.003842495112252053,0.002288286807015538,-0.007571531736850739,-0.01332016679868102,-0.06518377302378,-0.01196899265050888,-0.06374551924008554,-0.01196899265050888,0.0,0.0,0.0,0.0,0.0,0.0,-1.0,143.0,2.86,-1.0,1.0,1.0,1.0,-1.0,1.0,-0.007287388169765472,-0.007287388169765472,-0.013012857788056135,-0.013012857788056135,0.003713386995082329,0.002260460751131177,0.17357684133800982,0.17357684133800982,0.21755676421539527,0.21755676421539527,-0.28733223087328336,-0.28733223087328336,-0.01031809914461337,-0.01031809914461337,0.09348327553550836,0.09348327553550836,0.34715368267601965,0.43511352843079054,-0.5746644617465667,-0.02063619828922674,-0.04674163776775418,-0.04674163776775418,-0.09348327553550836,-0.06232218369033891,-0.06232218369033891,-0.04674163776775418,-0.04674163776775418,0.0,-0.06232218369033891,-0.06232218369033891,-0.04674163776775418,-0.04674163776775418,-0.04674163776775418,-0.04674163776775418,0.0,0.0,0.0,0.0,0.0,1.5,0.0,0.0,0.0,-0.04674163776775418,-0.04674163776775418,-0.04674163776775418,-0.04674163776775418,-0.04674163776775418,-0.04674163776775418,-0.04674163776775418,-0.04674163776775418,-0.04674163776775418,-0.04674163776775418,-1.695551257282891e-05,-8.354329302359933,0.3079318106174469,-0.02293938212096691,0.11595109105110168,-2.9656271564845165,-2.0869338496373464,-0.062322184443473816,-0.062322184443473816,-0.062322184443473816,-0.062322184443473816,-0.062322184443473816,-0.062322184443473816,-0.062322184443473816,-0.062322184443473816,-0.04674163833260536,-0.04674163833260536,0.04674163833260536,-0.04674163833260536,22.35218620300293,15.20152473449707,0.8786933068471701,0.0,0.0,-7.150661468505859,-2.9656271564845165,-2.0869338496373464,22.35218620300293,15.20152473449707,0.0,0.0,2.88,5.955265522003174,-6.256021499633789,5.955265522003174,-6.256021499633789,-5.955265522003174,-6.256021499633789,-0.3105597496032715,-0.21854320168495178,-0.3105597496032715,-0.21854320168495178,0.3105597496032715,-0.21854320168495178,-0.062322184443473816,-0.062322184443473816,-0.062322184443473816,-0.062322184443473816,0.2966577708721161,-0.22023826837539673,0.2966577708721161,-0.22023826837539673,2.83287303845521,-2.1031205441966305,0.2966577708721161,0.22023826837539673,-0.04674163833260536,-0.04674163833260536,4.0,4.0,-0.04674163833260536,-0.04674163833260536,0.04674163833260536,-0.04674163833260536,0.3079318106174469,-0.02293938212096691,0.11595109105110168,-0.0002328207337995991,-0.013220594264566898,0.00393034890294075,0.28584834933280945,0.00368215749040246,-0.9582678079605103,-0.002288286807015538,-0.0034514337312430143,-0.013186088763177395
2.9,0.003977938859524812,0.001825258950702846,-0.007861617469787597,-0.01326431944295764,-0.06543540049483255,-0.012666990980505943,-0.06399714671113808,-0.012666990980505943,0.0,0.0,0.0,0.0,0.0,0.0,-1.0,144.0,2.88,-1.0,1.0,1.0,1.0,-1.0,1.0,-0.007571531736850739,-0.007571531736850739,-0.01332016679868102,-0.01332016679868102,0.003842495112252053,0.002288286807015538,0.18034480013370038,0.18034480013370038,0.22269454064042848,0.22269454064042848,-0.297322281298772,-0.297322281298772,-0.010445113959303127,-0.010445113959303127,0.09527194551605374,0.09527194551605374,0.36068960026740077,0.44538908128085697,-0.594644562597544,-0.020890227918606254,-0.04763597275802687,-0.04763597275802687,-0.09527194551605374,-0.06351463034403583,-0.06351463034403583,-0.04763597275802687,-0.04763597275802687,0.0,-0.06351463034403583,-0.06351463034403583,-0.04763597275802687,-0.04763597275802687,-0.04763597275802687,-0.04763597275802687,0.0,0.0,0.0,0.0,0.0,1.5,0.0,0.0,0.0,-0.04763597275802687,-0.04763597275802687,-0.04763597275802687,-0.04763597275802687,-0.04763597275802687,-0.04763597275802687,-0.04763597275802687,-0.04763597275802687,-0.04763597275802687,-0.04763597275802687,-1.8154798980903956e-05,-8.354347457158914,0.30791783332824707,-0.02321368083357811,0.11594604700803757,-2.9727291302652525,-2.0586480441458157,-0.06351463496685028,-0.06351463496685028,-0.06351463496685028,-0.06351463496685028,-0.06351463496685028,-0.06351463496685028,-0.06351463496685028,-0.06351463496685028,-0.04763597249984741,-0.04763597249984741,0.04763597249984741,-0.04763597249984741,21.034624099731445,15.299260139465332,0.9140810861194368,0.0,0.0,-5.735363960266113,-2.9727291302652525,-2.0586480441458157,21.034624099731445,15.299260139465332,0.0,0.0,2.9,5.9487738609313965,-6.26105260848999,5.9487738609313965,-6.26105260848999,-5.9487738609313965,-6.26105260848999,-0.3113034665584564,-0.21558111906051636,-0.3113034665584564,-0.21558111906051636,0.3113034665584564,-0.21558111906051636,-0.06351463496685028,-0.06351463496685028,-0.06351463496685028,-0.06351463496685028,0.3105597496032715,-0.21854320168495178,0.3105597496032715,-0.21854320168495178,2.9656271564845165,-2.0869338496373464,0.3105597496032715,0.21854320168495178,-0.04763597249984741,-0.04763597249984741,4.0,4.0,-0.04763597249984741,-0.04763597249984741,0.04763597249984741,-0.04763597249984741,0.30791783332824707,-0.02321368083357811,0.11594604700803757,-0.00018339569214731455,-0.013553484342992306,0.0038389116525650024,0.2859038710594177,0.003811882808804512,-0.9582507014274597,-0.001825258950702846,-0.005024931859225035,-0.013783442787826061
2.92,0.004071308247103033,-9.358995157526806e-05,-0.008150166642665864,-0.013432334932684899,-0.06568102726083089,-0.012372915633022785,-0.06424277347713642,-0.012372915633022785,0.0,0.0,0.0,0.0,0.0,0.0,-1.0,145.0,2.9,-1.0,1.0,1.0,1.0,-1.0,1.0,-0.007861617469787597,-0.007861617469787597,-0.01326431944295764,-0.01326431944295764,0.003977938859524812,0.001825258950702846,0.1872542941893768,0.1872542941893768,0.22176085103903156,0.22176085103903156,-0.30780256630899516,-0.30780256630899516,-0.008331577006378212,-0.008331577006378212,0.092881001913035,0.092881001913035,0.3745085883787536,0.44352170207806313,-0.6156051326179903,-0.016663154012756424,-0.0464405009565175,-0.0464405009565175,-0.092881001913035,-0.06192066794202333,-0.06192066794202333,-0.0464405009565175,-0.0464405009565175,0.0,-0.06192066794202333,-0.06192066794202333,-0.0464405009565175,-0.0464405009565175,-0.0464405009565175,-0.0464405009565175,0.0,0.0,0.0,0.0,0.0,1.5,0.0,0.0,0.0,-0.0464405009565175,-0.0464405009565175,-0.0464405009565175,-0.0464405009565175,-0.0464405009565175,-0.0464405009565175,-0.0464405009565175,-0.0464405009565175,-0.0464405009565175,-0.0464405009565175,-1.9247406055893124e-05,-8.35436670456497,0.3079001307487488,-0.023489966988563538,0.11593936383724213,-2.863493630278023,-2.231614616322357,-0.06192066892981529,-0.06192066892981529,-0.06192066892981529,-0.06192066892981529,-0.06192066892981529,-0.06192066892981529,-0.06192066892981529,-0.06192066892981529,-0.046440500766038895,-0.046440500766038895,0.046440500766038895,-0.046440500766038895,21.580102920532227,16.006473541259766,0.631879013955666,0.0,0.0,-5.573629379272461,-2.863493630278023,-2.231614616322357,21.580102920532227,16.006473541259766,0.0,0.0,2.92,5.942315101623535,-6.266055583953857,5.942315101623535,-6.266055583953857,-5.942315101623535,-6.266055583953857,-0.29986435174942017,-0.2336941361427307,-0.29986435174942017,-0.2336941361427307,0.29986435174942017,-0.2336941361427307,-0.06192066892981529,-0.06192066892981529,-0.06192066892981529,-0.06192066892981529,0.3113034665584564,-0.21558111906051636,0.3113034665584564,-0.21558111906051636,2.9727291302652525,-2.0586480441458157,0.3113034665584564,0.21558111906051636,-0.046440500766038895,-0.046440500766038895,4.0,4.0,-0.046440500766038895,-0.046440500766038895,0.046440500766038895,-0.046440500766038895,0.3079001307487488,-0.023489966988563538,0.11593936383724213,-6.612498850699922e-07,-0.01389438845217228,0.003807962406426668,0.2859143316745758,0.003901341464370489,-0.9582472443580627,9.358995157526806e-05,-0.010790936648845673,-0.012928036972880363
2.94,0.00421823515702156,0.003808829700574279,-0.008455221831798553,-0.014596813371777534,-0.06594338946066358,-0.011911441572010517,-0.06450513567696911,-0.011911441572010517,0.0,0.0,0.0,0.0,0.0,0.0,-1.0,146.0,2.92,-1.0,1.0,1.0,1.0,-1.0,1.0,-0.008150166642665864,-0.008150166642665864,-0.013432334932684899,-0.013432334932684899,0.004071308247103033,-9.358995157526806e-05,0.19412718922832967,0.19412718922832967,0.22456983480558573,0.22456983480558573,-0.31502724675939026,-0.31502724675939026,0.0004272006929604686,0.0004272006929604686,0.10409697796748561,0.10409697796748561,0.38825437845665933,0.44913966961117147,-0.6300544935187805,0.0008544013859209372,-0.052048488983742806,-0.052048488983742806,-0.10409697796748561,-0.06939798531165707,-0.06939798531165707,-0.052048488983742806,-0.052048488983742806,0.0,-0.06939798531165707,-0.06939798531165707,-0.052048488983742806,-0.052048488983742806,-0.052048488983742806,-0.052048488983742806,0.0,0.0,0.0,0.0,0.0,1.5,0.0,0.0,0.0,-0.052048488983742806,-0.052048488983742806,-0.052048488983742806,-0.052048488983742806,-0.052048488983742806,-0.052048488983742806,-0.052048488983742806,-0.052048488983742806,-0.052048488983742806,-0.052048488983742806,-1.989768756599393e-05,-8.354386602252536,0.30788344144821167,-0.023776665329933167,0.11593349277973175,-3.199691478334114,-2.3371228251612672,-0.06939798593521118,-0.06939798593521118,-0.06939798593521118,-0.06939798593521118,-0.06939798593521118,-0.06939798593521118,-0.06939798593521118,-0.06939798593521118,-0.052048489451408386,-0.052048489451408386,0.052048489451408386,-0.052048489451408386,22.36770248413086,15.113029479980469,0.8625686531728469,0.0,0.0,-7.254673004150391,-3.199691478334114,-2.3371228251612672,22.36770248413086,15.113029479980469,0.0,0.0,2.94,5.935533046722412,-6.271390914916992,5.935533046722412,-6.271390914916992,-5.935533046722412,-6.271390914916992,-0.3350709080696106,-0.24474292993545532,-0.3350709080696106,-0.24474292993545532,0.3350709080696106,-0.24474292993545532,-0.06939798593521118,-0.06939798593521118,-0.06939798593521118,-0.06939798593521118,0.29986435174942017,-0.2336941361427307,0.29986435174942017,-0.2336941361427307,2.863493630278023,-2.231614616322357,0.29986435174942017,0.2336941361427307,-0.052048489451408386,-0.052048489451408386,4.0,4.0,-0.052048489451408386,-0.052048489451408386,0.052048489451408386,-0.052048489451408386,0.30788344144821167,-0.023776665329933167,0.11593349277973175,-0.0003206329420208931,-0.01410594116896391,0.003933644853532314,0.28594183921813965,0.004042099229991436,-0.9582384824752808,-0.003808829700574279,-0.003510673763230443,-0.013581939041614532
2.96,0.00435710602252119,0.0018580846954137087,-0.008764514565467835,-0.014397968770191073,-0.06619727303056633,-0.012311614118516445,-0.06475901924687186,-0.012311614118516445,0.0,0.0,0.0,0.0,0.0,0.0,-1.0,147.0,2.94,-1.0,1.0,1.0,1.0,-1.0,1.0,-0.008455221831798553,-0.008455221831798553,-0.014596813371777534,-0.014596813371777534,0.00421823515702156,0.003808829700574279,0.20139323776724335,0.20139323776724335,0.24403828403739986,0.24403828403739986,-0.32639606903892,-0.32639606903892,-0.017385784051241356,-0.017385784051241356,0.10164966871448183,0.10164966871448183,0.4027864755344867,0.4880765680747997,-0.65279213807784,-0.03477156810248271,-0.05082483435724092,-0.05082483435724092,-0.10164966871448183,-0.06776644580965456,-0.06776644580965456,-0.05082483435724092,-0.05082483435724092,0.0,-0.06776644580965456,-0.06776644580965456,-0.05082483435724092,-0.05082483435724092,-0.05082483435724092,-0.05082483435724092,0.0,0.0,0.0,0.0,0.0,1.5,0.0,0.0,0.0,-0.05082483435724092,-0.05082483435724092,-0.05082483435724092,-0.05082483435724092,-0.05082483435724092,-0.05082483435724092,-0.05082483435724092,-0.05082483435724092,-0.05082483435724092,-0.05082483435724092,-2.2818765019976523e-05,-8.354409421017555,0.3078653812408447,-0.02406826615333557,0.11592725664377213,-3.177736404429539,-2.28365283153943,-0.0677664503455162,-0.0677664503455162,-0.0677664503455162,-0.0677664503455162,-0.0677664503455162,-0.0677664503455162,-0.0677664503455162,-0.0677664503455162,-0.050824835896492004,-0.050824835896492004,0.050824835896492004,-0.050824835896492004,21.604507446289062,15.624482154846191,0.8940835728901089,0.0,0.0,-5.980025291442871,-3.177736404429539,-2.28365283153943,21.604507446289062,15.624482154846191,0.0,0.0,2.96,5.928671836853027,-6.276815414428711,5.928671836853027,-6.276815414428711,-5.928671836853027,-6.276815414428711,-0.33277177810668945,-0.23914356529712677,-0.33277177810668945,-0.23914356529712677,0.33277177810668945,-0.23914356529712677,-0.0677664503455162,-0.0677664503455162,-0.0677664503455162,-0.0677664503455162,0.3350709080696106,-0.24474292993545532,0.3350709080696106,-0.24474292993545532,3.199691478334114,-2.3371228251612672,0.3350709080696106,0.24474292993545532,-0.050824835896492004,-0.050824835896492004,4.0,4.0,-0.050824835896492004,-0.050824835896492004,0.050824835896492004,-0.050824835896492004,0.3078653812408447,-0.02406826615333557,0.11592725664377213,-0.0001243298756889999,-0.014394770376384258,0.003823793726041913,0.28596386313438416,0.004175141919404268,-0.9582313299179077,-0.0018580846954137087,-0.00402427464723587,-0.013420309871435165
2.98,0.0044860390519618236,0.0019703730940818787,-0.009076748371124268,-0.014695164469629526,-0.06645126061076037,-0.012391663156449795,-0.0650130068270659,-0.012391663156449795,0.0,0.0,0.0,0.0,0.0,0.0,-1.0,148.0,2.96,-1.0,1.0,1.0,1.0,-1.0,1.0,-0.008764514565467835,-0.008764514565467835,-0.014397968770191073,-0.014397968770191073,0.00435710602252119,0.0018580846954137087,0.20876021953196527,0.20876021953196527,0.24071388068131644,0.24071388068131644,-0.33714153554703113,-0.33714153554703113,-0.008481413400685416,-0.008481413400685416,0.10385115126556516,0.10385115126556516,0.41752043906393055,0.4814277613626329,-0.6742830710940623,-0.01696282680137083,-0.05192557563278258,-0.05192557563278258,-0.10385115126556516,-0.06923410084371011,-0.06923410084371011,-0.05192557563278258,-0.05192557563278258,0.0,-0.06923410084371011,-0.06923410084371011,-0.05192557563278258,-0.05192557563278258,-0.05192557563278258,-0.05192557563278258,0.0,0.0,0.0,0.0,0.0,1.5,0.0,0.0,0.0,-0.05192557563278258,-0.05192557563278258,-0.05192557563278258,-0.05192557563278258,-0.05192557563278258,-0.05192557563278258,-0.05192557563278258,-0.05192557563278258,-0.05192557563278258,-0.05192557563278258,-2.317045654343838e-05,-8.3544325914741,0.3078482449054718,-0.02436397224664688,0.11592105031013489,-3.2198906244395653,-2.3542298877112104,-0.06923410296440125,-0.06923410296440125,-0.06923410296440125,-0.06923410296440125,-0.06923410296440125,-0.06923410296440125,-0.06923410296440125,-0.06923410296440125,-0.051925577223300934,-0.051925577223300934,0.051925577223300934,-0.051925577223300934,22.392898559570312,15.2074556350708,0.8656607367283549,0.0,0.0,-7.185442924499512,-3.2198906244395653,-2.3542298877112104,22.392898559570312,15.2074556350708,0.0,0.0,2.98,5.9217448234558105,-6.282290935516357,5.9217448234558105,-6.282290935516357,-5.9217448234558105,-6.282290935516357,-0.33718615770339966,-0.24653437733650208,-0.33718615770339966,-0.24653437733650208,0.33718615770339966,-0.24653437733650208,-0.06923410296440125,-0.06923410296440125,-0.06923410296440125,-0.06923410296440125,0.33277177810668945,-0.23914356529712677,0.33277177810668945,-0.23914356529712677,3.177736404429539,-2.28365283153943,0.33277177810668945,0.23914356529712677,-0.051925577223300934,-0.051925577223300934,4.0,4.0,-0.051925577223300934,-0.051925577223300934,0.051925577223300934,-0.051925577223300934,0.3078482449054718,-0.02436397224664688,0.11592105031013489,-0.0006281437817960978,-0.014598294161260128,0.003941167611628771,0.2859976589679718,0.0042986441403627396,-0.9582206606864929,-0.0019703730940818787,-0.00446956604719162,-0.013540093787014484
3.0,0.004616401558879099,0.002422685967758298,0.30696465311050414,-0.014645441596210002,-0.06670584930187966,-0.012227216735482216,-0.06526759551818519,-0.012227216735482216,0.0,0.0,0.0,0.0,0.0,0.0,-1.0,149.0,2.98,-1.0,1.0,1.0,1.0,-1.0,1.0,-0.009076748371124268,-0.009076748371124268,-0.014695164469629526,-0.014695164469629526,0.0044860390519618236,0.0019703730940818787,0.2161972541021347,0.2161972541021347,0.24568257670194818,0.24568257670194818,-0.3471180381392708,-0.3471180381392708,-0.008993965025246145,-0.008993965025246145,0.10576782763956598,0.10576782763956598,0.4323945082042694,0.49136515340389636,-0.6942360762785416,-0.01798793005049229,-0.05288391381978299,-0.05288391381978299,-0.10576782763956598,-0.07051188509304399,-0.07051188509304399,-0.05288391381978299,-0.05288391381978299,0.0,-0.07051188509304399,-0.07051188509304399,-0.05288391381978299,-0.05288391381978299,-0.05288391381978299,-0.05288391381978299,0.0,0.0,0.0,0.0,0.0,1.5,0.0,0.0,0.0,-0.05288391381978299,-0.05288391381978299,-0.05288391381978299,-0.05288391381978299,-0.05288391381978299,-0.05288391381978299,-0.05288391381978299,-0.05288391381978299,-0.05288391381978299,-0.05288391381978299,-2.4632151438350067e-05,-8.354457223625538,0.30783024430274963,-0.024664249271154404,0.1159144937992096,-3.2592086083967438,-2.2960511901346883,-0.07051189243793488,-0.07051189243793488,-0.07051189243793488,-0.07051189243793488,-0.07051189243793488,-0.07051189243793488,-0.07051189243793488,-0.07051189243793488,-0.05288391560316086,-0.05288391560316086,0.05288391560316086,-0.05288391560316086,22.40448760986328,14.978425979614258,0.9631574182620555,0.0,0.0,-7.426061630249023,-3.2592086083967438,-2.2960511901346883,22.40448760986328,14.978425979614258,0.0,0.0,3.0,5.914709091186523,6.278524398803711,5.914709091186523,6.278524398803711,-5.914709091186523,6.278524398803711,-0.3413035273551941,-0.2404419183731079,-0.3413035273551941,-0.2404419183731079,0.3413035273551941,-0.2404419183731079,-0.07051189243793488,-0.07051189243793488,-0.07051189243793488,-0.07051189243793488,0.33718615770339966,-0.24653437733650208,0.33718615770339966,-0.24653437733650208,3.2198906244395653,-2.3542298877112104,0.33718615770339966,0.24653437733650208,-0.05288391560316086,-0.05288391560316086,4.0,4.0,-0.05288391560316086,-0.05288391560316086,0.05288391560316086,-0.05288391560316086,0.30783024430274963,-0.024664249271154404,0.1159144937992096,-0.00018188048852607608,-0.01485296618193388,0.0039233057759702206,0.2860281467437744,0.0044235181994736195,-0.9582110047340393,-0.002422685967758298,-0.0038803538773208857,-0.013501554727554321
3.02,-0.015501479134502134,-1.1837037801742554,0.005673928081989289,0.6585033289432526,-0.06186491742239032,-0.09910519421100616,-0.06042666363869585,-0.09910519421100616,0.0,0.0,0.0,0.0,0.0,0.0,-1.0,150.0,3.0,-1.0,1.0,1.0,1.0,-1.0,1.0,0.30696465311050414,0.30696465311050414,-0.014645441596210002,-0.014645441596210002,0.004616401558879099,0.002422685967758298,-7.311529679508475,-7.311529679508475,0.2448512798703965,0.2448512798703965,-0.3572051499820116,-0.3572051499820116,-0.011058592368429527,-0.011058592368429527,-7.434942141988519,-7.434942141988519,-14.62305935901695,0.489702559740793,-0.7144102999640232,-0.022117184736859054,3.7174710709942596,3.7174710709942596,7.434942141988519,4.956628094659012,4.956628094659012,3.7174710709942596,3.7174710709942596,0.0,4.956628094659012,4.956628094659012,3.7174710709942596,3.7174710709942596,3.7174710709942596,3.7174710709942596,0.0,0.0,0.0,0.0,0.0,1.5,0.0,0.0,0.0,3.7174710709942596,3.7174710709942596,3.7174710709942596,3.7174710709942596,3.7174710709942596,3.7174710709942596,3.7174710709942596,3.7174710709942596,3.7174710709942596,3.7174710709942596,-0.004733263017045266,-8.359190486642582,0.30805814266204834,-0.023347772657871246,0.11630964279174805,118.67057531925295,131.11069938292064,4.956628322601318,4.956628322601318,4.956628322601318,4.956628322601318,4.956628322601318,4.956628322601318,4.956628322601318,4.956628322601318,3.717471122741699,3.717471122741699,-3.717471122741699,3.717471122741699,22.600345611572266,14.169678688049316,12.440124063667696,0.0,0.0,-8.43066692352295,118.67057531925295,131.11069938292064,22.600345611572266,14.169678688049316,0.0,0.0,3.02,6.204945087432861,-5.979565620422363,6.204945087432861,-5.979565620422363,-6.204945087432861,-5.979565620422363,12.427153587341309,13.729880332946777,12.427153587341309,13.729880332946777,-12.427153587341309,13.729880332946777,4.956628322601318,4.956628322601318,4.956628322601318,4.956628322601318,0.3413035273551941,-0.2404419183731079,0.3413035273551941,-0.2404419183731079,3.2592086083967438,-2.2960511901346883,0.3413035273551941,0.2404419183731079,3.717471122741699,3.717471122741699,4.0,4.0,3.717471122741699,3.717471122741699,-3.717471122741699,3.717471122741699,0.30805814266204834,-0.023347772657871246,0.11630964279174805,0.0010821352479979396,0.01102517545223236,0.015053153969347477,0.28535541892051697,-0.014856359921395779,-0.958306610584259,1.1837037801742554,-0.06931311637163162,0.2501295804977417
3.04,-0.03973262113308391,-1.231647253036499,-0.3008143553972244,0.3620244857907295,-0.05815217284762846,-0.19051048159599304,-0.05671391906393399,-0.19051048159599304,0.0,0.0,0.0,0.0,0.0,0.0,-1.0,151.0,3.02,-1.0,1.0,1.0,1.0,-1.0,1.0,0.005673928081989289,0.005673928081989289,0.6585033289432526,0.6585033289432526,-0.015501479134502134,-1.1837037801742554,-0.13514615819928646,-0.13514615819928646,-11.009253755270661,-11.009253755270661,1.1994641515820252,1.1994641515820252,5.403134274983406,5.403134274983406,-4.541801486904516,-4.541801486904516,-0.27029231639857293,-22.018507510541323,2.3989283031640505,10.806268549966813,2.270900743452258,2.270900743452258,4.541801486904516,3.027867657936344,3.027867657936344,2.270900743452258,2.270900743452258,0.0,3.027867657936344,3.027867657936344,2.270900743452258,2.270900743452258,2.270900743452258,2.270900743452258,0.0,0.0,0.0,0.0,0.0,1.5,0.0,0.0,0.0,2.270900743452258,2.270900743452258,2.270900743452258,2.270900743452258,2.270900743452258,2.270900743452258,2.270900743452258,2.270900743452258,2.270900743452258,2.270900743452258,-0.14035736944823357,-8.499547856090816,0.30831897258758545,-0.020121566951274872,0.1166025698184967,62.857352113954136,74.46456192909547,3.0278677940368652,3.0278677940368652,3.0278677940368652,3.0278677940368652,3.0278677940368652,3.0278677940368652,3.0278677940368652,3.0278677940368652,2.2709007263183594,2.2709007263183594,-2.2709007263183594,2.2709007263183594,22.48243522644043,14.422730445861816,11.607209815141331,0.0,0.0,-8.059704780578613,62.857352113954136,74.46456192909547,22.48243522644043,14.422730445861816,0.0,0.0,3.04,-6.175872802734375,-5.773058891296387,-6.175872802734375,-5.773058891296387,6.175872802734375,-5.773058891296387,6.582406520843506,7.797910690307617,6.582406520843506,7.797910690307617,-6.582406520843506,7.797910690307617,3.0278677940368652,3.0278677940368652,3.0278677940368652,3.0278677940368652,-12.427153587341309,13.729880332946777,-12.427153587341309,13.729880332946777,-118.67057531925295,131.11069938292064,12.427153587341309,13.729880332946777,2.2709007263183594,2.2709007263183594,4.0,4.0,2.2709007263183594,2.2709007263183594,-2.2709007263183594,2.2709007263183594,0.30831897258758545,-0.020121566951274872,0.1166025698184967,0.002693919697776437,0.09566100686788559,0.003672499442473054,0.2848072350025177,-0.03807706758379936,-0.9578282833099365,1.231647253036499,-0.03157836198806763,0.16858349740505219
3.06,-0.039629838037850036,0.6199100613594055,-0.0006462555527687073,-0.7074499454259873,-0.06109998407331471,-0.13174328207969666,-0.05966173028962025,-0.13174328207969666,0.0,0.0,0.0,0.0,0.0,0.0,-1.0,152.0,3.04,-1.0,1.0,1.0,1.0,-1.0,1.0,-0.3008143553972244,-0.3008143553972244,0.3620244857907295,0.3620244857907295,-0.03973262113308391,-1.231647253036499,7.165036968335408,7.165036968335408,-6.05254256814089,-6.05254256814089,3.0744069184630867,3.0744069184630867,5.621977051210404,5.621977051210404,9.808878369868008,9.808878369868008,14.330073936670816,-12.10508513628178,6.148813836926173,11.243954102420808,-4.904439184934004,-4.904439184934004,-9.808878369868008,-6.539252246578672,-6.539252246578672,-4.904439184934004,-4.904439184934004,0.0,-6.539252246578672,-6.539252246578672,-4.904439184934004,-4.904439184934004,-4.904439184934004,-4.904439184934004,0.0,0.0,0.0,0.0,0.0,1.5,0.0,0.0,0.0,-4.904439184934004,-4.904439184934004,-4.904439184934004,-4.904439184934004,-4.904439184934004,-4.904439184934004,-4.904439184934004,-4.904439184934004,-4.904439184934004,-4.904439184934004,-0.15779864059399298,-8.65734649668481,0.3086974322795868,-0.017530446872115135,0.11621089279651642,-131.24386985789812,-137.10367128522992,-5.333333492279053,-5.333333492279053,-5.333333492279053,-5.333333492279053,-5.333333492279053,-5.333333492279053,-5.333333492279053,-5.333333492279053,-4.0,-4.0,4.0,-4.0,25.320600509643555,15.852176666259766,-5.859801427331803,0.0,0.0,-9.468423843383789,-131.24386985789812,-137.10367128522992,25.320600509643555,15.852176666259766,0.0,0.0,3.06,6.065930366516113,-6.0916008949279785,6.065930366516113,-6.0916008949279785,-6.065930366516113,-6.0916008949279785,-13.743825912475586,-14.357462882995605,-13.743825912475586,-14.357462882995605,13.743825912475586,-14.357462882995605,-5.333333492279053,-5.333333492279053,-5.333333492279053,-5.333333492279053,-6.582406520843506,7.797910690307617,-6.582406520843506,7.797910690307617,-62.857352113954136,74.46456192909547,6.582406520843506,7.797910690307617,-4.0,-4.0,4.0,4.0,-4.0,-4.0,4.0,-4.0,0.3086974322795868,-0.017530446872115135,0.11621089279651642,0.0354352742433548,0.11808911710977554,-0.006255040410906076,0.28548380732536316,-0.0379706434905529,-0.9576310515403748,-0.6199100613594055,0.11545966565608978,-0.32695433497428894
3.08,-0.016977386493750996,1.1580966711044312,0.29754426748752594,-0.7074481447696686,-0.06800172489587017,0.10324342548847198,-0.0665634711121757,0.10324342548847198,0.0,0.0,0.0,0.0,0.0,0.0,-1.0,153.0,3.06,-1.0,1.0,1.0,1.0,-1.0,1.0,-0.0006462555527687073,-0.0006462555527687073,-0.7074499454259873,-0.7074499454259873,-0.039629838037850036,0.6199100613594055,0.015393031760287286,0.015393031760287286,11.82757265759891,11.82757265759891,3.0664538297899373,3.0664538297899373,-2.8296414660811426,-2.8296414660811426,12.079778053067994,12.079778053067994,0.030786063520574572,23.65514531519782,6.132907659579875,-5.659282932162285,-6.039889026533997,-6.039889026533997,-12.079778053067994,-8.053185368711995,-8.053185368711995,-6.039889026533997,-6.039889026533997,0.0,-8.053185368711995,-8.053185368711995,-6.039889026533997,-6.039889026533997,-6.039889026533997,-6.039889026533997,0.0,0.0,0.0,0.0,0.0,1.5,0.0,0.0,0.0,-6.039889026533997,-6.039889026533997,-6.039889026533997,-6.039889026533997,-6.039889026533997,-6.039889026533997,-6.039889026533997,-6.039889026533997,-6.039889026533997,-6.039889026533997,-0.039999393362680394,-8.69734589004749,0.3087305426597595,-0.017428873106837273,0.11588309705257416,-132.27052014550216,-136.07633797870884,-5.333333492279053,-5.333333492279053,-5.333333492279053,-5.333333492279053,-5.333333492279053,-5.333333492279053,-5.333333492279053,-5.333333492279053,-4.0,-4.0,4.0,-4.0,20.808761596679688,16.417097091674805,-3.8058178332066745,0.0,0.0,-4.391664505004883,-132.27052014550216,-136.07633797870884,20.808761596679688,16.417097091674805,0.0,0.0,3.08,5.7121710777282715,6.106866359710693,5.7121710777282715,6.106866359710693,-5.7121710777282715,6.106866359710693,-13.851336479187012,-14.24988079071045,-13.851336479187012,-14.24988079071045,13.851336479187012,-14.24988079071045,-5.333333492279053,-5.333333492279053,-5.333333492279053,-5.333333492279053,13.743825912475586,-14.357462882995605,13.743825912475586,-14.357462882995605,131.24386985789812,-137.10367128522992,13.743825912475586,14.357462882995605,-4.0,-4.0,4.0,4.0,-4.0,-4.0,4.0,-4.0,0.3087305426597595,-0.017428873106837273,0.11588309705257416,0.009215224534273148,0.06377208977937698,-0.001879338058643043,0.2873178720474243,-0.01626075804233551,-0.9576972126960754,-1.1580966711044312,0.0847664475440979,-0.24107499420642853
3.1,-0.0002605224551163723,0.622938334941864,0.294313818025589,-0.09991087137162685,-0.07110015194566266,0.029794439673423767,-0.06966189816196819,0.029794439673423767,0.0,0.0,0.0,0.0,0.0,0.0,-1.0,154.0,3.08,-1.0,1.0,1.0,1.0,-1.0,1.0,0.29754426748752594,0.29754426748752594,-0.7074481447696686,-0.7074481447696686,-0.016977386493750996,1.1580966711044312,-7.087147398431883,-7.087147398431883,11.827542553146179,11.827542553146179,1.3136660256815682,1.3136660256815682,-5.286248064923287,-5.286248064923287,0.7678131154725776,0.7678131154725776,-14.174294796863766,23.655085106292358,2.6273320513631364,-10.572496129846574,-0.3839065577362888,-0.3839065577362888,-0.7678131154725776,-0.5118754103150517,-0.5118754103150517,-0.3839065577362888,-0.3839065577362888,0.0,-0.5118754103150517,-0.5118754103150517,-0.3839065577362888,-0.3839065577362888,-0.3839065577362888,-0.3839065577362888,0.0,0.0,0.0,0.0,0.0,1.5,0.0,0.0,0.0,-0.3839065577362888,-0.3839065577362888,-0.3839065577362888,-0.3839065577362888,-0.3839065577362888,-0.3839065577362888,-0.3839065577362888,-0.3839065577362888,-0.3839065577362888,-0.3839065577362888,-0.1388336511702091,-8.8361795412177,0.3086688220500946,-0.018200282007455826,0.11577810347080231,-18.013914734599812,-19.883941982173848,-0.5118753910064697,-0.5118753910064697,-0.5118753910064697,-0.5118753910064697,-0.5118753910064697,-0.5118753910064697,-0.5118753910064697,-0.5118753910064697,-0.3839065432548523,-0.3839065432548523,0.3839065432548523,-0.3839065432548523,22.234058380126953,14.822709083557129,-1.8700272475740363,0.0,0.0,-7.411349296569824,-18.013914734599812,-19.883941982173848,22.234058380126953,14.822709083557129,0.0,0.0,3.1,5.6527862548828125,6.037931442260742,5.6527862548828125,6.037931442260742,-5.6527862548828125,6.037931442260742,-1.8864127397537231,-2.0822415351867676,-1.8864127397537231,-2.0822415351867676,1.8864127397537231,-2.0822415351867676,-0.5118753910064697,-0.5118753910064697,-0.5118753910064697,-0.5118753910064697,13.851336479187012,-14.24988079071045,13.851336479187012,-14.24988079071045,132.27052014550216,-136.07633797870884,13.851336479187012,14.24988079071045,-0.3839065432548523,-0.3839065432548523,4.0,4.0,-0.3839065432548523,-0.3839065432548523,0.3839065432548523,-0.3839065432548523,0.3086688220500946,-0.018200282007455826,0.11577810347080231,0.0019177990034222603,0.03230482339859009,0.003675329964607954,0.2874961495399475,-0.00024952366948127747,-0.9577817916870117,-0.622938334941864,-0.00597513560205698,-0.15587729215621948
3.12,-0.012604303489016788,-1.083557367324829,-0.005774248647689819,0.7181596489906311,-0.06675925235249541,0.041917212307453156,-0.06532099856880094,0.041917212307453156,0.0,0.0,0.0,0.0,0.0,0.0,-1.0,155.0,3.1,-1.0,1.0,1.0,1.0,-1.0,1.0,0.294313818025589,0.294313818025589,-0.09991087137162685,-0.09991087137162685,-0.0002605224551163723,0.622938334941864,-7.010201968787898,-7.010201968787898,1.6703698941136806,1.6703698941136806,0.020158550218521584,0.020158550218521584,-2.843464323675633,-2.843464323675633,-8.163137848131328,-8.163137848131328,-14.020403937575797,3.3407397882273613,0.04031710043704317,-5.686928647351266,4.081568924065664,4.081568924065664,8.163137848131328,5.442091898754218,5.442091898754218,4.081568924065664,4.081568924065664,0.0,5.442091898754218,5.442091898754218,4.081568924065664,4.081568924065664,4.081568924065664,4.081568924065664,0.0,0.0,0.0,0.0,0.0,1.5,0.0,0.0,0.0,4.081568924065664,4.081568924065664,4.081568924065664,4.081568924065664,4.081568924065664,4.081568924065664,4.081568924065664,4.081568924065664,4.081568924065664,4.081568924065664,-0.0431363159600038,-8.879315857177703,0.3088475167751312,-0.016920868307352066,0.11608428508043289,130.47122975206736,141.9386802364119,5.333333492279053,5.333333492279053,5.333333492279053,5.333333492279053,5.333333492279053,5.333333492279053,5.333333492279053,5.333333492279053,4.0,4.0,-4.0,4.0,22.377927780151367,14.598691940307617,11.467450484344539,0.0,0.0,-7.77923583984375,130.47122975206736,141.9386802364119,22.377927780151367,14.598691940307617,0.0,0.0,3.12,5.966893196105957,-6.196257591247559,5.966893196105957,-6.196257591247559,-5.966893196105957,-6.196257591247559,13.662915229797363,14.863783836364746,13.662915229797363,14.863783836364746,-13.662915229797363,14.863783836364746,5.333333492279053,5.333333492279053,5.333333492279053,5.333333492279053,1.8864127397537231,-2.0822415351867676,1.8864127397537231,-2.0822415351867676,18.013914734599812,-19.883941982173848,1.8864127397537231,2.0822415351867676,4.0,4.0,4.0,4.0,4.0,4.0,-4.0,4.0,0.3088475167751312,-0.016920868307352066,0.11608428508043289,-0.002076658420264721,0.028493307530879974,0.014724018052220345,0.2862308621406555,-0.012076628394424915,-0.9580845832824707,1.083557367324829,-0.09525357931852341,0.36866798996925354
3.14,-0.037086434014629514,-1.2219117879867554,0.007440395939350128,0.5055936591148377,-0.06171181074344917,-0.16429884731769562,-0.0602735569597547,-0.16429884731769562,0.0,0.0,0.0,0.0,0.0,0.0,-1.0,156.0,3.12,-1.0,1.0,1.0,1.0,-1.0,1.0,-0.005774248647689819,-0.005774248647689819,0.7181596489906311,0.7181596489906311,-0.012604303489016788,-1.083557367324829,0.13753567368959427,0.13753567368959427,-12.006623907614765,-12.006623907614765,0.9752882327910475,0.9752882327910475,4.9460059588909155,4.9460059588909155,-5.947794042243207,-5.947794042243207,0.27507134737918854,-24.01324781522953,1.950576465582095,9.892011917781831,2.9738970211216036,2.9738970211216036,5.947794042243207,3.965196028162138,3.965196028162138,2.9738970211216036,2.9738970211216036,0.0,3.965196028162138,3.965196028162138,2.9738970211216036,2.9738970211216036,2.9738970211216036,2.9738970211216036,0.0,0.0,0.0,0.0,0.0,1.5,0.0,0.0,0.0,2.9738970211216036,2.9738970211216036,2.9738970211216036,2.9738970211216036,2.9738970211216036,2.9738970211216036,2.9738970211216036,2.9738970211216036,2.9738970211216036,2.9738970211216036,-0.11757019239220698,-8.99688604956991,0.30913251638412476,-0.01342570036649704,0.11642231047153473,89.8900797167057,101.89001174874443,3.965196132659912,3.965196132659912,3.965196132659912,3.965196132659912,3.965196132659912,3.965196132659912,3.965196132659912,3.965196132659912,2.9738969802856445,2.9738969802856445,-2.9738969802856445,2.9738969802856445,22.597118377685547,14.308859825134277,11.999932032038728,0.0,0.0,-8.28825855255127,89.8900797167057,101.89001174874443,22.597118377685547,14.308859825134277,0.0,0.0,3.14,6.219064235687256,-5.923517227172852,6.219064235687256,-5.923517227172852,-6.219064235687256,-5.923517227172852,9.413267135620117,10.669897079467773,9.413267135620117,10.669897079467773,-9.413267135620117,10.669897079467773,3.965196132659912,3.965196132659912,3.965196132659912,3.965196132659912,-13.662915229797363,14.863783836364746,-13.662915229797363,14.863783836364746,-130.47122975206736,141.9386802364119,13.662915229797363,14.863783836364746,2.9738969802856445,2.9738969802856445,4.0,4.0,2.9738969802856445,2.9738969802856445,-2.9738969802856445,2.9738969802856445,0.30913251638412476,-0.01342570036649704,0.11642231047153473,0.003525722771883011,0.11020496487617493,0.007132467348128557,0.2852907180786133,-0.03553701192140579,-0.957781970500946,1.2219117879867554,-0.054105788469314575,0.19443252682685852
3.16,-0.04325229733800428,0.23562254011631012,0.010288025867938996,0.06697564885914326,-0.06350047597765188,-0.1061037927865982,-0.0620622221939574,-0.1061037927865982,0.0,0.0,0.0,0.0,0.0,0.0,-1.0,157.0,3.14,-1.0,1.0,1.0,1.0,-1.0,1.0,0.007440395939350128,0.007440395939350128,0.5055936591148377,0.5055936591148377,-0.037086434014629514,-1.2219117879867554,-0.17722130280019283,-0.17722130280019283,-8.452818149277324,-8.452818149277324,2.8696518393235935,2.8696518393235935,5.577538547444344,5.577538547444344,-0.18284906530958,-0.18284906530958,-0.35444260560038565,-16.905636298554647,5.739303678647187,11.155077094888687,0.09142453265479,0.09142453265479,0.18284906530958,0.12189937687305334,0.12189937687305334,0.09142453265479,0.09142453265479,0.0,0.12189937687305334,0.12189937687305334,0.09142453265479,0.09142453265479,0.09142453265479,0.09142453265479,0.0,0.0,0.0,0.0,0.0,1.5,0.0,0.0,0.0,0.09142453265479,0.09142453265479,0.09142453265479,0.09142453265479,0.09142453265479,0.09142453265479,0.09142453265479,0.09142453265479,0.09142453265479,0.09142453265479,-0.1506850133246071,-9.147571062894517,0.3093097507953644,-0.010364837944507599,0.1164655014872551,9.189174861524798,16.2158036871617,0.12189938127994537,0.12189938127994537,0.12189938127994537,0.12189938127994537,0.12189938127994537,0.12189938127994537,0.12189938127994537,0.12189938127994537,0.09142453223466873,0.09142453223466873,-0.09142453223466873,0.09142453223466873,21.84233856201172,16.092140197753906,7.026628825636902,0.0,0.0,-5.7501983642578125,9.189174861524798,16.2158036871617,21.84233856201172,16.092140197753906,0.0,0.0,3.16,6.273777484893799,-5.865117073059082,6.273777484893799,-5.865117073059082,-6.273777484893799,-5.865117073059082,0.9622881412506104,1.6981149911880493,0.9622881412506104,1.6981149911880493,-0.9622881412506104,1.6981149911880493,0.12189938127994537,0.12189938127994537,0.12189938127994537,0.12189938127994537,-9.413267135620117,10.669897079467773,-9.413267135620117,10.669897079467773,-89.8900797167057,101.89001174874443,9.413267135620117,10.669897079467773,0.09142453223466873,0.09142453223466873,4.0,4.0,0.09142453223466873,0.09142453223466873,-0.09142453223466873,0.09142453223466873,0.3093097507953644,-0.010364837944507599,0.1164655014872551,0.009077209047973156,0.12042459845542908,0.0067048585042357445,0.28490790724754333,-0.04144677519798279,-0.9576584100723267,-0.23562254011631012,-0.005146203096956015,-0.18067112565040588
3.18,-0.026932200510769697,0.908868134021759,0.009317232024669646,-0.08320926182568072,-0.06929446552896536,0.003918303642421961,-0.06785621174527089,0.003918303642421961,0.0,0.0,0.0,0.0,0.0,0.0,-1.0,158.0,3.16,-1.0,1.0,1.0,1.0,-1.0,1.0,0.010288025867938996,0.010288025867938996,0.06697564885914326,0.06697564885914326,-0.04325229733800428,0.23562254011631012,-0.24504843054326536,-0.24504843054326536,-1.1197390830164724,-1.1197390830164724,3.346750312041692,3.346750312041692,-1.0755226466149093,-1.0755226466149093,0.9064401518670451,0.9064401518670451,-0.4900968610865307,-2.239478166032945,6.693500624083384,-2.1510452932298185,-0.45322007593352254,-0.45322007593352254,-0.9064401518670451,-0.6042934345780301,-0.6042934345780301,-0.45322007593352254,-0.45322007593352254,0.0,-0.6042934345780301,-0.6042934345780301,-0.45322007593352254,-0.45322007593352254,-0.45322007593352254,-0.45322007593352254,0.0,0.0,0.0,0.0,0.0,1.5,0.0,0.0,0.0,-0.45322007593352254,-0.45322007593352254,-0.45322007593352254,-0.45322007593352254,-0.45322007593352254,-0.45322007593352254,-0.45322007593352254,-0.45322007593352254,-0.45322007593352254,-0.45322007593352254,-0.007427851539914318,-9.154998914434431,0.3093869090080261,-0.009405241347849369,0.11638791114091873,-15.02825691000937,-16.53440127609153,-0.6042934656143188,-0.6042934656143188,-0.6042934656143188,-0.6042934656143188,-0.6042934656143188,-0.6042934656143188,-0.6042934656143188,-0.6042934656143188,-0.45322006940841675,-0.45322006940841675,0.45322006940841675,-0.45322006940841675,22.160266876220703,14.882326126098633,-1.5061443660821592,0.0,0.0,-7.27794075012207,-15.02825691000937,-16.53440127609153,22.160266876220703,14.882326126098633,0.0,0.0,3.18,6.252831935882568,-5.882733345031738,6.252831935882568,-5.882733345031738,-6.252831935882568,-5.882733345031738,-1.5737553834915161,-1.7314784526824951,-1.5737553834915161,-1.7314784526824951,1.5737553834915161,-1.7314784526824951,-0.6042934656143188,-0.6042934656143188,-0.6042934656143188,-0.6042934656143188,-0.9622881412506104,1.6981149911880493,-0.9622881412506104,1.6981149911880493,-9.189174861524798,16.2158036871617,0.9622881412506104,1.6981149911880493,-0.45322006940841675,-0.45322006940841675,4.0,4.0,-0.45322006940841675,-0.45322006940841675,0.45322006940841675,-0.45322006940841675,0.3093869090080261,-0.009405241347849369,0.11638791114091873,0.008525765500962734,0.10964997857809067,0.008377143181860447,0.2850174009799957,-0.025811994448304176,-0.9581747055053711,-0.908868134021759,-0.00607261760160327,-0.2660977840423584
3.2,-0.02050223012465817,0.04689917713403702,0.010272564232349396,0.09240513861775398,-0.07124893561793218,-0.010055124759674072,-0.0698106818342377,-0.010055124759674072,0.0,0.0,0.0,0.0,0.0,0.0,-1.0,159.0,3.18,-1.0,1.0,1.0,1.0,-1.0,1.0,0.009317232024669646,0.009317232024669646,-0.08320926182568072,-0.08320926182568072,-0.026932200510769697,0.908868134021759,-0.22192528614920137,-0.22192528614920137,1.3911423647588257,1.3911423647588257,2.083943651802031,2.083943651802031,-4.148619484555722,-4.148619484555722,-0.8954587541440664,-0.8954587541440664,-0.44385057229840275,2.7822847295176514,4.167887303604062,-8.297238969111444,0.4477293770720332,0.4477293770720332,0.8954587541440664,0.596972502762711,0.596972502762711,0.4477293770720332,0.4477293770720332,0.0,0.596972502762711,0.596972502762711,0.4477293770720332,0.4477293770720332,0.4477293770720332,0.4477293770720332,0.0,0.0,0.0,0.0,0.0,1.5,0.0,0.0,0.0,0.4477293770720332,0.4477293770720332,0.4477293770720332,0.4477293770720332,0.4477293770720332,0.4477293770720332,0.4477293770720332,0.4477293770720332,0.4477293770720332,0.4477293770720332,-0.0833338124690018,-9.238332726903433,0.30951517820358276,-0.00786297582089901,0.116390660405159,16.642777026016983,18.408030310087888,0.5969725251197815,0.5969725251197815,0.5969725251197815,0.5969725251197815,0.5969725251197815,0.5969725251197815,0.5969725251197815,0.5969725251197815,0.4477293789386749,0.4477293789386749,-0.4477293789386749,0.4477293789386749,22.960351943969727,14.777170181274414,1.765253284070905,0.0,0.0,-8.183181762695312,16.642777026016983,18.408030310087888,22.960351943969727,14.777170181274414,0.0,0.0,3.2,6.270012378692627,-5.861966133117676,6.270012378692627,-5.861966133117676,-6.270012378692627,-5.861966133117676,1.7428275346755981,1.9276844263076782,1.7428275346755981,1.9276844263076782,-1.7428275346755981,1.9276844263076782,0.5969725251197815,0.5969725251197815,0.5969725251197815,0.5969725251197815,1.5737553834915161,-1.7314784526824951,1.5737553834915161,-1.7314784526824951,15.02825691000937,-16.53440127609153,1.5737553834915161,1.7314784526824951,0.4477293789386749,0.4477293789386749,4.0,4.0,0.4477293789386749,0.4477293789386749,-0.4477293789386749,0.4477293789386749,0.30951517820358276,-0.00786297582089901,0.116390660405159,0.007997950538992882,0.10307039320468903,0.005849872715771198,0.2851307988166809,-0.019649777561426163,-0.9582871794700623,-0.04689917713403702,-0.005129361525177956,-0.024342110380530357
3.22,-0.016894990627044422,0.22437435388565063,-0.30475379527807234,0.05272325302362442,-0.07229885075130972,-0.000871310185175389,-0.07086059696761525,-0.000871310185175389,0.0,0.0,0.0,0.0,0.0,0.0,-1.0,160.0,3.2,-1.0,1.0,1.0,1.0,-1.0,1.0,0.010272564232349396,0.010272564232349396,0.09240513861775398,0.09240513861775398,-0.02050223012465817,0.04689917713403702,-0.2446801529374838,-0.2446801529374838,-1.5448845504947817,-1.5448845504947817,1.586409261247725,1.586409261247725,-0.2140759839460254,-0.2140759839460254,-0.4172314261305659,-0.4172314261305659,-0.4893603058749676,-3.0897691009895634,3.17281852249545,-0.4281519678920508,0.20861571306528295,0.20861571306528295,0.4172314261305659,0.27815428408704396,0.27815428408704396,0.20861571306528295,0.20861571306528295,0.0,0.27815428408704396,0.27815428408704396,0.20861571306528295,0.20861571306528295,0.20861571306528295,0.20861571306528295,0.0,0.0,0.0,0.0,0.0,1.5,0.0,0.0,0.0,0.20861571306528295,0.20861571306528295,0.20861571306528295,0.20861571306528295,0.20861571306528295,0.20861571306528295,0.20861571306528295,0.20861571306528295,0.20861571306528295,0.20861571306528295,-0.0006455710004648062,-9.238978297903898,0.3096437454223633,-0.006147364154458046,0.11639789491891861,9.708104175540825,10.29070337463485,0.27815431356430054,0.27815431356430054,0.27815431356430054,0.27815431356430054,0.27815431356430054,0.27815431356430054,0.27815431356430054,0.27815431356430054,0.2086157202720642,0.2086157202720642,-0.2086157202720642,0.2086157202720642,21.377986907958984,15.80322265625,0.5825991990940249,0.0,0.0,-5.574764251708984,9.708104175540825,10.29070337463485,21.377986907958984,15.80322265625,0.0,0.0,3.22,-6.270595550537109,-5.834818363189697,-6.270595550537109,-5.834818363189697,6.270595550537109,-5.834818363189697,1.0166302919387817,1.0776399374008179,1.0166302919387817,1.0776399374008179,-1.0166302919387817,1.0776399374008179,0.27815431356430054,0.27815431356430054,0.27815431356430054,0.27815431356430054,-1.7428275346755981,1.9276844263076782,-1.7428275346755981,1.9276844263076782,-16.642777026016983,18.408030310087888,1.7428275346755981,1.9276844263076782,0.2086157202720642,0.2086157202720642,4.0,4.0,0.2086157202720642,0.2086157202720642,-0.2086157202720642,0.2086157202720642,0.3096437454223633,-0.006147364154458046,0.11639789491891861,0.008397238329052925,0.10018360614776611,0.0059092119336128235,0.2851239740848541,-0.01619292050600052,-0.9583538770675659,-0.22437435388565063,-0.0031789164058864117,-0.06761003285646439
3.24,0.0038428610649317587,1.1877154111862183,-0.0019492944955825805,-0.5713905533313751,-0.07726852708064587,0.13682310283184052,-0.07583027329695141,0.13682310283184052,0.0,0.0,0.0,0.0,0.0,0.0,-1.0,161.0,3.22,-1.0,1.0,1.0,1.0,-1.0,1.0,-0.30475379527807234,-0.30475379527807234,0.05272325302362442,0.05272325302362442,-0.016894990627044422,0.22437435388565063,7.258869698969349,7.258869698969349,-0.8814589780007671,-0.8814589780007671,1.3072904477450669,1.3072904477450669,-1.024179175746441,-1.024179175746441,6.660521992967208,6.660521992967208,14.517739397938698,-1.7629179560015342,2.6145808954901337,-2.048358351492882,-3.330260996483604,-3.330260996483604,-6.660521992967208,-4.440347995311472,-4.440347995311472,-3.330260996483604,-3.330260996483604,0.0,-4.440347995311472,-4.440347995311472,-3.330260996483604,-3.330260996483604,-3.330260996483604,-3.330260996483604,0.0,0.0,0.0,0.0,0.0,1.5,0.0,0.0,0.0,-3.330260996483604,-3.330260996483604,-3.330260996483604,-3.330260996483604,-3.330260996483604,-3.330260996483604,-3.330260996483604,-3.330260996483604,-3.330260996483604,-3.330260996483604,-0.009963569563267698,-9.248941867467167,0.3095708191394806,-0.0058610159903764725,0.11600764840841293,-106.0698598478199,-110.66808890777477,-4.440348148345947,-4.440348148345947,-4.440348148345947,-4.440348148345947,-4.440348148345947,-4.440348148345947,-4.440348148345947,-4.440348148345947,-3.330260992050171,-3.330260992050171,3.330260992050171,-3.330260992050171,21.081296920776367,16.172754287719727,-4.598229059954875,0.0,0.0,-4.908542633056641,-106.0698598478199,-110.66808890777477,21.081296920776367,16.172754287719727,0.0,0.0,3.24,6.030886650085449,-6.108316421508789,6.030886650085449,-6.108316421508789,-6.030886650085449,-6.108316421508789,-11.107609748840332,-11.58913516998291,-11.107609748840332,-11.58913516998291,11.107609748840332,-11.58913516998291,-4.440348148345947,-4.440348148345947,-4.440348148345947,-4.440348148345947,-1.0166302919387817,1.0776399374008179,-1.0166302919387817,1.0776399374008179,-9.708104175540825,10.29070337463485,1.0166302919387817,1.0776399374008179,-3.330260992050171,-3.330260992050171,4.0,4.0,-3.330260992050171,-3.330260992050171,3.330260992050171,-3.330260992050171,0.3095708191394806,-0.0058610159903764725,0.11600764840841293,0.005850826855748892,0.07123050093650818,-0.007671259343624115,0.2858337461948395,0.003682524897158146,-0.9582721590995789,-1.1877154111862183,0.05938134714961052,-0.21126292645931244
3.2600000000000002,0.02789949578866159,1.2286367416381836,-0.010154561221599578,-0.293859068274498,-0.0802551218236795,0.22407466173171997,-0.07881686803998504,0.22407466173171997,0.0,0.0,0.0,0.0,0.0,0.0,-1.0,162.0,3.24,-1.0,1.0,1.0,1.0,-1.0,1.0,-0.0019492944955825805,-0.0019492944955825805,-0.5713905533313751,-0.5713905533313751,0.0038428610649317587,1.1877154111862183,0.04642985573138236,0.04642985573138236,9.552850104925927,9.552850104925927,-0.29735059776565065,-0.29735059776565065,-5.421445765900613,-5.421445765900613,3.8804835969910467,3.8804835969910467,0.09285971146276473,19.105700209851854,-0.5947011955313013,-10.842891531801225,-1.9402417984955234,-1.9402417984955234,-3.8804835969910467,-2.5869890646606977,-2.5869890646606977,-1.9402417984955234,-1.9402417984955234,0.0,-2.5869890646606977,-2.5869890646606977,-1.9402417984955234,-1.9402417984955234,-1.9402417984955234,-1.9402417984955234,0.0,0.0,0.0,0.0,0.0,1.5,0.0,0.0,0.0,-1.9402417984955234,-1.9402417984955234,-1.9402417984955234,-1.9402417984955234,-1.9402417984955234,-1.9402417984955234,-1.9402417984955234,-1.9402417984955234,-1.9402417984955234,-1.9402417984955234,-0.14108174736554063,-9.390023614832707,0.309375137090683,-0.007517305202782154,0.11571774631738663,-52.866374515572375,-58.59926192120645,-2.586989164352417,-2.586989164352417,-2.586989164352417,-2.586989164352417,-2.586989164352417,-2.586989164352417,-2.586989164352417,-2.586989164352417,-1.940241813659668,-1.940241813659668,1.940241813659668,-1.940241813659668,21.374324798583984,15.273354530334473,-5.732887405634074,0.0,0.0,-6.100970268249512,-52.866374515572375,-58.59926192120645,21.374324798583984,15.273354530334473,0.0,0.0,3.2600000000000002,5.8741960525512695,-6.277554988861084,5.8741960525512695,-6.277554988861084,-5.8741960525512695,-6.277554988861084,-5.536153793334961,-6.136500358581543,-5.536153793334961,-6.136500358581543,5.536153793334961,-6.136500358581543,-2.586989164352417,-2.586989164352417,-2.586989164352417,-2.586989164352417,11.107609748840332,-11.58913516998291,11.107609748840332,-11.58913516998291,106.0698598478199,-110.66808890777477,11.107609748840332,11.58913516998291,-1.940241813659668,-1.940241813659668,4.0,4.0,-1.940241813659668,-1.940241813659668,1.940241813659668,-1.940241813659668,0.309375137090683,-0.007517305202782154,0.11571774631738663,-0.0011333923321217299,-0.01822861284017563,-0.004244145937263966,0.2862233519554138,0.0267287939786911,-0.9577900171279907,-1.2286367416381836,0.019655056297779083,-0.1326642781496048
3.2800000000000002,0.02960679462418113,-0.5136088728904724,-0.006568470132350922,0.1773434596657753,-0.07525724699865688,0.27983373403549194,-0.07381899321496241,0.27983373403549194,0.0,0.0,0.0,0.0,0.0,0.0,-1.0,163.0,3.2600000000000002,-1.0,1.0,1.0,1.0,-1.0,1.0,-0.010154561221599578,-0.010154561221599578,-0.293859068274498,-0.293859068274498,0.02789949578866159,1.2286367416381836,0.24186946282503605,0.24186946282503605,4.9129122188540215,4.9129122188540215,-2.158790445437583,-2.158790445437583,-5.608235270881654,-5.608235270881654,-2.6122440346401787,-2.6122440346401787,0.4837389256500721,9.825824437708043,-4.317580890875166,-11.216470541763307,1.3061220173200894,1.3061220173200894,2.6122440346401787,1.7414960230934524,1.7414960230934524,1.3061220173200894,1.3061220173200894,0.0,1.7414960230934524,1.7414960230934524,1.3061220173200894,1.3061220173200894,1.3061220173200894,1.3061220173200894,0.0,0.0,0.0,0.0,0.0,1.5,0.0,0.0,0.0,1.3061220173200894,1.3061220173200894,1.3061220173200894,1.3061220173200894,1.3061220173200894,1.3061220173200894,1.3061220173200894,1.3061220173200894,1.3061220173200894,1.3061220173200894,-0.151738361911271,-9.541761976743977,0.309185653924942,-0.008411706425249577,0.11576677113771439,31.66308359583246,35.60624287286976,1.7414960861206055,1.7414960861206055,1.7414960861206055,1.7414960861206055,1.7414960861206055,1.7414960861206055,1.7414960861206055,1.7414960861206055,1.306122064590454,1.306122064590454,-1.306122064590454,1.306122064590454,20.635183334350586,17.01344108581543,3.943159277037296,0.0,0.0,-3.6217422485351562,31.66308359583246,35.60624287286976,20.635183334350586,17.01344108581543,0.0,0.0,3.2800000000000002,5.939013957977295,-6.199926376342773,5.939013957977295,-6.199926376342773,-5.939013957977295,-6.199926376342773,3.3157503604888916,3.7286770343780518,3.3157503604888916,3.7286770343780518,-3.3157503604888916,3.7286770343780518,1.7414960861206055,1.7414960861206055,1.7414960861206055,1.7414960861206055,5.536153793334961,-6.136500358581543,5.536153793334961,-6.136500358581543,52.866374515572375,-58.59926192120645,5.536153793334961,6.136500358581543,1.306122064590454,1.306122064590454,4.0,4.0,1.306122064590454,1.306122064590454,-1.306122064590454,1.306122064590454,0.309185653924942,-0.008411706425249577,0.11576677113771439,-0.005820154212415218,-0.027959968894720078,0.00982250552624464,0.2861160635948181,0.028364937752485275,-0.9577750563621521,0.5136088728904724,-0.046522654592990875,0.44422316551208496
3.3000000000000003,0.008471867892200603,-1.1032459735870361,-0.0016105790376663208,0.2436896861076355,-0.0670972701252943,-0.08750329911708832,-0.06565901634159982,-0.08750329911708832,0.0,0.0,0.0,0.0,0.0,0.0,-1.0,164.0,3.2800000000000002,-1.0,1.0,1.0,1.0,-1.0,1.0,-0.006568470132350922,-0.006568470132350922,0.1773434596657753,0.1773434596657753,0.02960679462418113,-0.5136088728904724,0.15645307638844014,0.15645307638844014,-2.9649343647682307,-2.9649343647682307,-2.2908967903531128,-2.2908967903531128,2.3444190611958504,2.3444190611958504,-2.754959017537053,-2.754959017537053,0.3129061527768803,-5.929868729536461,-4.5817935807062256,4.688838122391701,1.3774795087685265,1.3774795087685265,2.754959017537053,1.836639345024702,1.836639345024702,1.3774795087685265,1.3774795087685265,0.0,1.836639345024702,1.836639345024702,1.3774795087685265,1.3774795087685265,1.3774795087685265,1.3774795087685265,0.0,0.0,0.0,0.0,0.0,1.5,0.0,0.0,0.0,1.3774795087685265,1.3774795087685265,1.3774795087685265,1.3774795087685265,1.3774795087685265,1.3774795087685265,1.3774795087685265,1.3774795087685265,1.3774795087685265,1.3774795087685265,-0.027258126959094565,-9.569020103703071,0.30930888652801514,-0.00683405390009284,0.11600825935602188,43.65463498575958,48.78091963082648,1.836639404296875,1.836639404296875,1.836639404296875,1.836639404296875,1.836639404296875,1.836639404296875,1.836639404296875,1.836639404296875,1.3774795532226562,1.3774795532226562,-1.3774795532226562,1.3774795532226562,20.37734603881836,15.95021915435791,5.126284645066903,0.0,0.0,-4.427126884460449,43.65463498575958,48.78091963082648,20.37734603881836,15.95021915435791,0.0,0.0,3.3000000000000003,6.033490180969238,-6.097465515136719,6.033490180969238,-6.097465515136719,-6.033490180969238,-6.097465515136719,4.571502685546875,5.108325958251953,4.571502685546875,5.108325958251953,-4.571502685546875,5.108325958251953,1.836639404296875,1.836639404296875,1.836639404296875,1.836639404296875,-3.3157503604888916,3.7286770343780518,-3.3157503604888916,3.7286770343780518,-31.66308359583246,35.60624287286976,3.3157503604888916,3.7286770343780518,1.3774795532226562,1.3774795532226562,4.0,4.0,1.3774795532226562,1.3774795532226562,-1.3774795532226562,1.3774795532226562,0.30930888652801514,-0.00683405390009284,0.11600825935602188,0.003404330462217331,0.01784379594027996,0.008227274753153324,0.2859882116317749,0.008117927238345146,-0.9581987261772156,1.1032459735870361,0.0018433812074363232,0.2379745990037918
3.3200000000000003,0.0039061744939431994,0.19145148992538452,-0.0006560271143913269,-0.016998685951903462,-0.06784530839001264,-0.056846581399440765,-0.06640705460631817,-0.056846581399440765,0.0,0.0,0.0,0.0,0.0,0.0,-1.0,165.0,3.3000000000000003,-1.0,1.0,1.0,1.0,-1.0,1.0,-0.0016105790376663208,-0.0016105790376663208,0.2436896861076355,0.2436896861076355,0.008471867892200603,-1.1032459735870361,0.03836205998236656,0.03836205998236656,-4.074150386159115,-4.074150386159115,-0.6555311106419629,-0.6555311106419629,5.035876571035385,5.035876571035385,0.3445571342166742,0.3445571342166742,0.07672411996473312,-8.14830077231823,-1.3110622212839258,10.07175314207077,-0.1722785671083371,-0.1722785671083371,-0.3445571342166742,-0.2297047561444495,-0.2297047561444495,-0.1722785671083371,-0.1722785671083371,0.0,-0.2297047561444495,-0.2297047561444495,-0.1722785671083371,-0.1722785671083371,-0.1722785671083371,-0.1722785671083371,0.0,0.0,0.0,0.0,0.0,1.5,0.0,0.0,0.0,-0.1722785671083371,-0.1722785671083371,-0.1722785671083371,-0.1722785671083371,-0.1722785671083371,-0.1722785671083371,-0.1722785671083371,-0.1722785671083371,-0.1722785671083371,-0.1722785671083371,-0.12178707006742545,-9.690807173770496,0.3093671500682831,-0.005927613005042076,0.1160421147942543,-4.957910236742334,-1.4899743201089781,-0.22970476746559143,-0.22970476746559143,-0.22970476746559143,-0.22970476746559143,-0.22970476746559143,-0.22970476746559143,-0.22970476746559143,-0.22970476746559143,-0.17227856814861298,-0.17227856814861298,0.17227856814861298,-0.17227856814861298,23.1922664642334,14.5037841796875,3.467935916633356,0.0,0.0,-8.688482284545898,-4.957910236742334,-1.4899743201089781,23.1922664642334,14.5037841796875,0.0,0.0,3.3200000000000003,6.0525946617126465,-6.078653335571289,6.0525946617126465,-6.078653335571289,-6.0525946617126465,-6.078653335571289,-0.5191911458969116,-0.15602974593639374,-0.5191911458969116,-0.15602974593639374,0.5191911458969116,-0.15602974593639374,-0.22970476746559143,-0.22970476746559143,-0.22970476746559143,-0.22970476746559143,-4.571502685546875,5.108325958251953,-4.571502685546875,5.108325958251953,-43.65463498575958,48.78091963082648,4.571502685546875,5.108325958251953,-0.17227856814861298,-0.17227856814861298,4.0,4.0,-0.17227856814861298,-0.17227856814861298,0.17227856814861298,-0.17227856814861298,0.3093671500682831,-0.005927613005042076,0.1160421147942543,0.0013806894421577454,0.02392180822789669,0.0034869627561420202,0.2857705354690552,0.003743269946426153,-0.9582907557487488,-0.19145148992538452,-0.00585034117102623,-0.11643613129854202
