Syntax version=4
Wed Jun 11 09:51:11 2025
Starting process (10000000 clocks per sec)

LogRawData=false
VarHeader=1
D:		pitch_kalman	roll_kalman	MOTangle10	MOTangle100	MOTangle11	MOTangle9	KalmanX.angle	KalmanX.velocity	offset	velocity_k	angle_robot	dt	velocity_robot	KalmanX.bias	KalmanY.bias	DDSangle01	DDSangle30	DDScurrent01	DDScurrent30	DDSrpm01	DDSrpm30	anglex01_offset	anglex30_offset	distnacex01	revolutionx01	DDSangle01m_old	zerocrossx01down	zerocrossx01up	delatx01	distnacex30	DDSvelocity01	DDSvelocity30	iq	Xerror	SSref	Xref	error_lateral	lateral_out	integral_lateral
D:	time(ms)	(0x20000498,7)	(0x20000490,7)	(0x2000066c,6)	(0x20000658,6)	(0x20000694,6)	(0x20000680,6)	(0x200000a8,7)	(0x200000b8,7)	(0x20000000,7)	(0x20000330,7)	(0x20000350,7)	(0x20000478,7)	(0x20000360,7)	(0x200000b0,7)	(0x20000100,7)	(0x20000404,6)	(0x20000420,6)	(0x2000040c,6)	(0x20000428,6)	(0x20000408,6)	(0x20000424,6)	(0x20000448,6)	(0x2000045c,6)	(0x20000444,6)	(0x2000044c,5)	(0x2000041c,6)	(0x20000454,5)	(0x20000450,5)	(0x2000043c,6)	(0x20000458,6)	(0x20000414,6)	(0x20000430,6)	(0x20000328,7)	(0x20000378,7)	(0x200003a8,7)	(0x20000370,7)	(0x20000394,6)	(0x20000390,6)	(0x20000398,6)
D:	0.15	-10.216842	67.996473	-0.000192	0.000192	0.000192	-0.000192	67.998033	0.044565	-1.500000	0.007159	69.498033	0.018000	0.007159	-3.785023	0.704602	0.000000	0.000000	0.000000	0.000000	0.000000	0.000000	0.000000	0.000000	0.000000	0	0.000000	0	0	0.000000	-0.000000	0.000000	0.000000	0.000000	0.000000	0.000000	0.000000	6.892774	0.379103	0.000000
D:	9.16	-9.782774	67.998033	-0.000192	0.000192	0.000192	-0.000192	67.998033	0.044565	-1.500000	0.007159	69.498033	0.019000	0.007159	-3.785023	0.704602	0.000000	0.000000	0.000000	0.000000	0.000000	0.000000	0.000000	0.000000	0.000000	0	0.000000	0	0	0.000000	-0.000000	0.000000	0.000000	0.000000	0.000000	0.000000	0.000000	6.892774	0.379103	0.000000
D:	18.04	-9.782774	67.998033	-0.000192	0.000192	0.000192	-0.000192	67.998033	0.044565	-1.500000	0.007159	69.498033	0.019000	0.007159	-3.785023	0.638405	0.000000	0.000000	0.000000	0.000000	0.000000	0.000000	0.000000	0.000000	0.000000	0	0.000000	0	0	0.000000	-0.000000	0.000000	0.000000	0.000000	0.000000	0.000000	0.000000	6.826448	0.375455	0.000000
D:	26.55	-9.716449	67.989869	-0.000192	0.000192	0.000192	-0.000192	67.989869	0.200828	-1.500000	0.042465	69.489869	0.018000	0.042465	-3.780980	0.638405	0.000000	0.000000	0.000000	0.000000	0.000000	0.000000	0.000000	0.000000	0.000000	0	0.000000	0	0	0.000000	-0.000000	0.000000	0.000000	0.000000	0.000000	0.000000	0.000000	6.826448	0.375455	0.000000
D:	34.95	-9.716449	67.989869	-0.000192	0.000192	0.000192	-0.000192	67.989869	0.200828	-1.500000	0.042465	69.489869	0.018000	0.042465	-3.780980	0.638405	0.000000	0.000000	0.000000	0.000000	0.000000	0.000000	0.000000	0.000000	0.000000	0	0.000000	0	0	0.000000	-0.000000	0.000000	0.000000	0.000000	0.000000	0.000000	0.000000	6.826448	0.375455	0.000000
D:	43.45	-10.234171	68.040144	-0.000192	0.000192	0.000192	-0.000192	68.040144	0.042247	-1.500000	0.191938	69.540144	0.018000	0.191938	-3.797973	1.107090	0.000000	0.000000	0.000000	0.000000	0.000000	0.000000	0.000000	0.000000	0.000000	0	0.000000	0	0	0.000000	-0.000000	0.000000	0.000000	0.000000	0.000000	0.000000	0.000000	7.344172	0.403929	0.000000
D:	52.14	-10.234171	68.040144	-0.000192	0.000192	0.000192	-0.000192	68.040144	0.042247	-1.500000	0.191938	69.540144	0.018000	0.191938	-3.797973	1.107090	0.000000	0.000000	0.000000	0.000000	0.000000	0.000000	0.000000	0.000000	0.000000	0	0.000000	0	0	0.000000	-0.000000	0.000000	0.000000	0.000000	0.000000	0.000000	0.000000	7.344172	0.403929	0.000000
D:	60.82	-10.234171	68.040144	-0.000192	0.000192	0.000192	-0.000192	68.028221	0.037921	-1.500000	0.050650	69.528221	0.018000	0.050650	-3.793647	0.644435	0.000000	0.000000	0.000000	0.000000	0.000000	0.000000	0.000000	0.000000	0.000000	0	0.000000	0	0	0.000000	-0.000000	0.000000	0.000000	0.000000	0.000000	0.000000	0.000000	6.854016	0.376971	0.000000
D:	69.62	-9.744016	68.028221	-0.000192	0.000192	0.000192	-0.000192	68.028221	0.037921	-1.500000	0.050650	69.528221	0.018000	0.050650	-3.793647	0.644435	0.000000	0.000000	0.000000	0.000000	0.000000	0.000000	0.000000	0.000000	0.000000	0	0.000000	0	0	0.000000	-0.000000	0.000000	0.000000	0.000000	0.000000	0.000000	0.000000	6.854016	0.376971	0.000000
D:	78.36	-9.744016	68.028221	-0.000192	0.000192	0.000192	-0.000192	68.028221	0.037921	-1.500000	0.050650	69.528221	0.018000	0.050650	-3.793647	0.769731	0.000000	0.000000	0.000000	0.000000	0.000000	0.000000	0.000000	0.000000	0.000000	0	0.000000	0	0	0.000000	-0.000000	0.000000	0.000000	0.000000	0.000000	0.000000	0.000000	6.854016	0.376971	0.000000
D:	87.05	-9.889872	68.012515	-0.000192	0.000192	0.000192	-0.000192	68.012515	-0.035938	-1.500000	0.038530	69.512515	0.019000	0.038530	-3.788489	0.769731	0.000000	0.000000	0.000000	0.000000	0.000000	0.000000	0.000000	0.000000	0.000000	0	0.000000	0	0	0.000000	-0.000000	0.000000	0.000000	0.000000	0.000000	0.000000	0.000000	6.999872	0.384993	0.000000
D:	95.57	-9.889872	68.012515	-0.000192	0.000192	0.000192	-0.000192	68.012515	-0.035938	-1.500000	0.038530	69.512515	0.019000	0.038530	-3.788489	0.769731	0.000000	0.000000	0.000000	0.000000	0.000000	0.000000	0.000000	0.000000	0.000000	0	0.000000	0	0	0.000000	-0.000000	0.000000	0.000000	0.000000	0.000000	0.000000	0.000000	6.999872	0.384993	0.000000
D:	103.86	-10.183119	68.029586	-0.000192	0.000192	0.000192	-0.000192	68.029586	0.030799	-1.500000	-0.031758	69.529586	0.018000	-0.031758	-3.794157	1.030032	0.000000	0.000000	0.000000	0.000000	0.000000	0.000000	0.000000	0.000000	0.000000	0	0.000000	0	0	0.000000	-0.000000	0.000000	0.000000	0.000000	0.000000	0.000000	0.000000	7.293119	0.401122	0.000000
D:	113.45	-10.183119	68.029586	-0.000192	0.000192	0.000192	-0.000192	68.029586	0.030799	-1.500000	-0.031758	69.529586	0.018000	-0.031758	-3.794157	1.030032	0.000000	0.000000	0.000000	0.000000	0.000000	0.000000	0.000000	0.000000	0.000000	0	0.000000	0	0	0.000000	-0.000000	0.000000	0.000000	0.000000	0.000000	0.000000	0.000000	7.293119	0.401122	0.000000
D:	122.45	-10.183119	68.029586	-0.000192	0.000192	0.000192	-0.000192	68.021005	0.133897	-1.500000	0.027287	69.521005	0.018000	0.027287	-3.790385	1.025519	0.000000	0.000000	0.000000	0.000000	0.000000	0.000000	0.000000	0.000000	0.000000	0	0.000000	0	0	0.000000	-0.000000	0.000000	0.000000	0.000000	0.000000	0.000000	0.000000	7.303023	0.401666	0.000000
D:	131.47	-10.193023	68.021005	-0.000192	0.000192	0.000192	-0.000192	68.021005	0.133897	-1.500000	0.027287	69.521005	0.018000	0.027287	-3.790385	1.025519	0.000000	0.000000	0.000000	0.000000	0.000000	0.000000	0.000000	0.000000	0.000000	0	0.000000	0	0	0.000000	-0.000000	0.000000	0.000000	0.000000	0.000000	0.000000	0.000000	7.303023	0.401666	0.000000
D:	140.52	-10.193023	68.021005	-0.000192	0.000192	0.000192	-0.000192	68.008994	-0.136557	-1.500000	0.127912	69.508994	0.018000	0.127912	-3.787107	1.201726	0.000000	0.000000	0.000000	0.000000	0.000000	0.000000	0.000000	0.000000	0.000000	0	0.000000	0	0	0.000000	-0.000000	0.000000	0.000000	0.000000	0.000000	0.000000	0.000000	7.511795	0.413149	0.000000
D:	149.41	-10.401795	68.008994	-0.000192	0.000192	0.000192	-0.000192	68.008994	-0.136557	-1.500000	0.127912	69.508994	0.018000	0.127912	-3.787107	1.201726	0.000000	0.000000	0.000000	0.000000	0.000000	0.000000	0.000000	0.000000	0.000000	0	0.000000	0	0	0.000000	-0.000000	0.000000	0.000000	0.000000	0.000000	0.000000	0.000000	7.511795	0.413149	0.000000
D:	158.46	-10.401795	68.008994	-0.000192	0.000192	0.000192	-0.000192	68.008994	-0.136557	-1.500000	0.127912	69.508994	0.018000	0.127912	-3.787107	1.370166	0.000000	0.000000	0.000000	0.000000	0.000000	0.000000	0.000000	0.000000	0.000000	0	0.000000	0	0	0.000000	-0.000000	0.000000	0.000000	0.000000	0.000000	0.000000	0.000000	7.511795	0.413149	0.000000
D:	167.17	-10.601412	67.987637	-0.000192	0.000192	0.000192	-0.000192	67.987637	0.031478	-1.500000	-0.123906	69.487637	0.019000	-0.123906	-3.779570	1.370166	0.000000	0.000000	0.000000	0.000000	0.000000	0.000000	0.000000	0.000000	0.000000	0	0.000000	0	0	0.000000	-0.000000	0.000000	0.000000	0.000000	0.000000	0.000000	0.000000	7.711412	0.424128	0.000000
D:	176.11	-10.601412	67.987637	-0.000192	0.000192	0.000192	-0.000192	67.987637	0.031478	-1.500000	-0.123906	69.487637	0.019000	-0.123906	-3.779570	1.370166	0.000000	0.000000	0.000000	0.000000	0.000000	0.000000	0.000000	0.000000	0.000000	0	0.000000	0	0	0.000000	-0.000000	0.000000	0.000000	0.000000	0.000000	0.000000	0.000000	7.711412	0.424128	0.000000
D:	184.77	-10.364068	68.060276	-0.000192	0.000192	0.000192	-0.000192	68.060276	0.154643	-1.500000	0.024046	69.560276	0.019000	0.024046	-3.803498	1.135166	0.000000	0.000000	0.000000	0.000000	0.000000	0.000000	0.000000	0.000000	0.000000	0	0.000000	0	0	0.000000	-0.000000	0.000000	0.000000	0.000000	0.000000	0.000000	0.000000	7.474068	0.411074	0.000000
D:	193.27	-10.364068	68.060276	-0.000192	0.000192	0.000192	-0.000192	68.060276	0.154643	-1.500000	0.024046	69.560276	0.019000	0.024046	-3.803498	1.135166	0.000000	0.000000	0.000000	0.000000	0.000000	0.000000	0.000000	0.000000	0.000000	0	0.000000	0	0	0.000000	-0.000000	0.000000	0.000000	0.000000	0.000000	0.000000	0.000000	7.474068	0.411074	0.000000
D:	201.87	-10.364068	68.060276	-0.000192	0.000192	0.000192	-0.000192	68.059799	-0.020964	-1.500000	0.147312	69.559799	0.019000	0.147312	-3.803464	1.353805	0.000000	0.000000	0.000000	0.000000	0.000000	0.000000	0.000000	0.000000	0.000000	0	0.000000	0	0	0.000000	-0.000000	0.000000	0.000000	0.000000	0.000000	0.000000	0.000000	7.730176	0.425160	0.000000
D:	210.77	-10.620176	68.059799	-0.000192	0.000192	0.000192	-0.000192	68.059799	-0.020964	-1.500000	0.147312	69.559799	0.018000	0.147312	-3.803464	1.353805	0.000000	0.000000	0.000000	0.000000	0.000000	0.000000	0.000000	0.000000	0.000000	0	0.000000	0	0	0.000000	-0.000000	0.000000	0.000000	0.000000	0.000000	0.000000	0.000000	7.730176	0.425160	0.000000
D:	219.44	-10.620176	68.059799	-0.000192	0.000192	0.000192	-0.000192	68.059799	-0.020964	-1.500000	0.147312	69.559799	0.018000	0.147312	-3.803464	1.353585	0.000000	0.000000	0.000000	0.000000	0.000000	0.000000	0.000000	0.000000	0.000000	0	0.000000	0	0	0.000000	-0.000000	0.000000	0.000000	0.000000	0.000000	0.000000	0.000000	7.750319	0.426268	0.000000
D:	228.68	-10.640320	68.059876	-0.000192	0.000192	0.000192	-0.000192	68.059876	0.047472	-1.500000	-0.011518	69.559876	0.018000	-0.011518	-3.803197	1.353585	0.000000	0.000000	0.000000	0.000000	0.000000	0.000000	0.000000	0.000000	0.000000	0	0.000000	0	0	0.000000	-0.000000	0.000000	0.000000	0.000000	0.000000	0.000000	0.000000	7.750319	0.426268	0.000000
D:	238.51	-10.640320	68.059876	-0.000192	0.000192	0.000192	-0.000192	68.059876	0.047472	-1.500000	-0.011518	69.559876	0.018000	-0.011518	-3.803197	1.353585	0.000000	0.000000	0.000000	0.000000	0.000000	0.000000	0.000000	0.000000	0.000000	0	0.000000	0	0	0.000000	-0.000000	0.000000	0.000000	0.000000	0.000000	0.000000	0.000000	7.750319	0.426268	0.000000
D:	247.49	-10.563942	68.055966	-0.000192	0.000192	0.000192	-0.000192	68.055966	-0.022427	-1.500000	0.044650	69.555966	0.019000	0.044650	-3.802001	1.262326	0.000000	0.000000	0.000000	0.000000	0.000000	0.000000	0.000000	0.000000	0.000000	0	0.000000	0	0	0.000000	-0.000000	0.000000	0.000000	0.000000	0.000000	0.000000	0.000000	7.673943	0.422067	0.000000
D:	256.37	-10.563942	68.055966	-0.000192	0.000192	0.000192	-0.000192	68.055966	-0.022427	-1.500000	0.044650	69.555966	0.019000	0.044650	-3.802001	1.262326	0.000000	0.000000	0.000000	0.000000	0.000000	0.000000	0.000000	0.000000	0.000000	0	0.000000	0	0	0.000000	-0.000000	0.000000	0.000000	0.000000	0.000000	0.000000	0.000000	7.673943	0.422067	0.000000
D:	264.99	-10.825022	68.097475	-0.000192	0.000192	0.000192	-0.000192	68.097475	0.075302	-1.500000	-0.019218	69.597475	0.019000	-0.019218	-3.815760	1.481887	0.000000	0.000000	0.000000	0.000000	0.000000	0.000000	0.000000	0.000000	0.000000	0	0.000000	0	0	0.000000	-0.000000	0.000000	0.000000	0.000000	0.000000	0.000000	0.000000	7.935022	0.436426	0.000000
D:	273.58	-10.825022	68.097475	-0.000192	0.000192	0.000192	-0.000192	68.097475	0.075302	-1.500000	-0.019218	69.597475	0.019000	-0.019218	-3.815760	1.481887	0.000000	0.000000	0.000000	0.000000	0.000000	0.000000	0.000000	0.000000	0.000000	0	0.000000	0	0	0.000000	-0.000000	0.000000	0.000000	0.000000	0.000000	0.000000	0.000000	7.935022	0.436426	0.000000
D:	282.18	-10.825022	68.097475	-0.000192	0.000192	0.000192	-0.000192	68.123414	0.068513	-1.500000	0.069996	69.623414	0.019000	0.069996	-3.824238	1.468131	0.000000	0.000000	0.000000	0.000000	0.000000	0.000000	0.000000	0.000000	0.000000	0	0.000000	0	0	0.000000	-0.000000	0.000000	0.000000	0.000000	0.000000	0.000000	0.000000	7.944618	0.436954	0.000000
D:	291.18	-10.834618	68.123414	-0.000192	0.000192	0.000192	-0.000192	68.123414	0.068513	-1.500000	0.069996	69.623414	0.018000	0.069996	-3.824238	1.468131	0.000000	0.000000	0.000000	0.000000	0.000000	0.000000	0.000000	0.000000	0.000000	0	0.000000	0	0	0.000000	-0.000000	0.000000	0.000000	0.000000	0.000000	0.000000	0.000000	7.944618	0.436954	0.000000
D:	300.80	-10.834618	68.123414	-0.000192	0.000192	0.000192	-0.000192	68.123414	0.068513	-1.500000	0.069996	69.623414	0.018000	0.069996	-3.824238	1.592459	0.000000	0.000000	0.000000	0.000000	0.000000	0.000000	0.000000	0.000000	0.000000	0	0.000000	0	0	0.000000	-0.000000	0.000000	0.000000	0.000000	0.000000	0.000000	0.000000	8.097160	0.445344	0.000000
D:	309.25	-10.987160	68.135876	-0.000192	0.000192	0.000192	-0.000192	68.135876	0.163383	-1.500000	0.068596	69.635876	0.018000	0.068596	-3.827505	1.592459	0.000000	0.000000	0.000000	0.000000	0.000000	0.000000	0.000000	0.000000	0.000000	0	0.000000	0	0	0.000000	-0.000000	0.000000	0.000000	0.000000	0.000000	0.000000	0.000000	8.097160	0.445344	0.000000
D:	318.14	-10.987160	68.135876	-0.000192	0.000192	0.000192	-0.000192	68.135876	0.163383	-1.500000	0.068596	69.635876	0.018000	0.068596	-3.827505	1.592459	0.000000	0.000000	0.000000	0.000000	0.000000	0.000000	0.000000	0.000000	0.000000	0	0.000000	0	0	0.000000	-0.000000	0.000000	0.000000	0.000000	0.000000	0.000000	0.000000	8.097160	0.445344	0.000000
D:	326.54	-11.002834	68.115550	-0.000192	0.000192	0.000192	-0.000192	68.115550	-0.034211	-1.500000	0.158849	69.615550	0.019000	0.158849	-3.820751	1.584947	0.000000	0.000000	0.000000	0.000000	0.000000	0.000000	0.000000	0.000000	0.000000	0	0.000000	0	0	0.000000	-0.000000	0.000000	0.000000	0.000000	0.000000	0.000000	0.000000	8.112834	0.446206	0.000000
D:	334.51	-11.002834	68.115550	-0.000192	0.000192	0.000192	-0.000192	68.115550	-0.034211	-1.500000	0.158849	69.615550	0.019000	0.158849	-3.820751	1.584947	0.000000	0.000000	0.000000	0.000000	0.000000	0.000000	0.000000	0.000000	0.000000	0	0.000000	0	0	0.000000	-0.000000	0.000000	0.000000	0.000000	0.000000	0.000000	0.000000	8.112834	0.446206	0.000000
D:	342.96	-11.002834	68.115550	-0.000192	0.000192	0.000192	-0.000192	68.093807	0.079941	-1.500000	-0.024976	69.593807	0.019000	-0.024976	-3.812765	1.509977	0.000000	0.000000	0.000000	0.000000	0.000000	0.000000	0.000000	0.000000	0.000000	0	0.000000	0	0	0.000000	-0.000000	0.000000	0.000000	0.000000	0.000000	0.000000	0.000000	8.054859	0.443017	0.000000
D:	352.40	-10.944859	68.093807	-0.000192	0.000192	0.000192	-0.000192	68.093807	0.079941	-1.500000	-0.024976	69.593807	0.019000	-0.024976	-3.812765	1.509977	0.000000	0.000000	0.000000	0.000000	0.000000	0.000000	0.000000	0.000000	0.000000	0	0.000000	0	0	0.000000	-0.000000	0.000000	0.000000	0.000000	0.000000	0.000000	0.000000	8.054859	0.443017	0.000000
D:	361.02	-10.944859	68.093807	-0.000192	0.000192	0.000192	-0.000192	68.093807	0.079941	-1.500000	-0.024976	69.593807	0.019000	-0.024976	-3.812765	1.094415	0.000000	0.000000	0.000000	0.000000	0.000000	0.000000	0.000000	0.000000	0.000000	0	0.000000	0	0	0.000000	-0.000000	0.000000	0.000000	0.000000	0.000000	0.000000	0.000000	8.054859	0.443017	0.000000
D:	369.35	-10.513232	68.131290	-0.000192	0.000192	0.000192	-0.000192	68.131290	0.168101	-1.500000	0.074051	69.631290	0.018000	0.074051	-3.824590	1.094415	0.000000	0.000000	0.000000	0.000000	0.000000	0.000000	0.000000	0.000000	0.000000	0	0.000000	0	0	0.000000	-0.000000	0.000000	0.000000	0.000000	0.000000	0.000000	0.000000	7.623232	0.419278	0.000000
D:	377.54	-10.513232	68.131290	-0.000192	0.000192	0.000192	-0.000192	68.131290	0.168101	-1.500000	0.074051	69.631290	0.018000	0.074051	-3.824590	1.094415	0.000000	0.000000	0.000000	0.000000	0.000000	0.000000	0.000000	0.000000	0.000000	0	0.000000	0	0	0.000000	-0.000000	0.000000	0.000000	0.000000	0.000000	0.000000	0.000000	7.623232	0.419278	0.000000
D:	385.64	-10.513232	68.131290	-0.000192	0.000192	0.000192	-0.000192	68.164972	0.049583	-1.500000	0.162822	69.664972	0.018000	0.162822	-3.835842	1.240927	0.000000	0.000000	0.000000	0.000000	0.000000	0.000000	0.000000	0.000000	0.000000	0	0.000000	0	0	0.000000	-0.000000	0.000000	0.000000	0.000000	0.000000	0.000000	0.000000	7.801248	0.429069	0.000000
D:	393.73	-10.691248	68.164972	-0.000192	0.000192	0.000192	-0.000192	68.164972	0.049583	-1.500000	0.162822	69.664972	0.018000	0.162822	-3.835842	1.240927	0.000000	0.000000	0.000000	0.000000	0.000000	0.000000	0.000000	0.000000	0.000000	0	0.000000	0	0	0.000000	-0.000000	0.000000	0.000000	0.000000	0.000000	0.000000	0.000000	7.801248	0.429069	0.000000
D:	402.46	-10.691248	68.164972	-0.000192	0.000192	0.000192	-0.000192	68.164972	0.049583	-1.500000	0.054999	69.701584	0.018000	0.054999	-3.835842	1.030484	0.000000	0.000000	0.000000	0.000000	0.000000	0.000000	0.000000	0.000000	0.000000	0	0.000000	0	0	0.000000	-0.000000	0.000000	0.000000	0.000000	0.000000	0.000000	0.000000	7.593169	0.417624	0.000000
D:	411.35	-10.483169	68.201584	-0.000192	0.000192	0.000192	-0.000192	68.201584	0.061748	-1.500000	0.054999	69.701584	0.019000	0.054999	-3.848008	1.030484	0.000000	0.000000	0.000000	0.000000	0.000000	0.000000	0.000000	0.000000	0.000000	0	0.000000	0	0	0.000000	-0.000000	0.000000	0.000000	0.000000	0.000000	0.000000	0.000000	7.593169	0.417624	0.000000
D:	420.56	-10.483169	68.201584	-0.000192	0.000192	0.000192	-0.000192	68.201584	0.061748	-1.500000	0.054999	69.701584	0.019000	0.054999	-3.848008	1.257652	0.000000	0.000000	0.000000	0.000000	0.000000	0.000000	0.000000	0.000000	0.000000	0	0.000000	0	0	0.000000	-0.000000	0.000000	0.000000	0.000000	0.000000	0.000000	0.000000	7.593169	0.417624	0.000000
D:	429.73	-10.745136	68.207146	-0.000192	0.000192	0.000192	-0.000192	68.207146	0.207344	-1.500000	0.061426	69.707146	0.019000	0.061426	-3.848565	1.257652	0.000000	0.000000	0.000000	0.000000	0.000000	0.000000	0.000000	0.000000	0.000000	0	0.000000	0	0	0.000000	-0.000000	0.000000	0.000000	0.000000	0.000000	0.000000	0.000000	7.855135	0.432032	0.000000
D:	438.72	-10.745136	68.207146	-0.000192	0.000192	0.000192	-0.000192	68.207146	0.207344	-1.500000	0.061426	69.707146	0.019000	0.061426	-3.848565	1.257652	0.000000	0.000000	0.000000	0.000000	0.000000	0.000000	0.000000	0.000000	0.000000	0	0.000000	0	0	0.000000	-0.000000	0.000000	0.000000	0.000000	0.000000	0.000000	0.000000	7.855135	0.432032	0.000000
D:	447.77	-10.481184	68.195016	-0.000192	0.000192	0.000192	-0.000192	68.195016	0.080546	-1.500000	0.199152	69.695016	0.018000	0.199152	-3.843905	0.999214	0.000000	0.000000	0.000000	0.000000	0.000000	0.000000	0.000000	0.000000	0.000000	0	0.000000	0	0	0.000000	-0.000000	0.000000	0.000000	0.000000	0.000000	0.000000	0.000000	7.591184	0.417515	0.000000
D:	457.58	-10.481184	68.195016	-0.000192	0.000192	0.000192	-0.000192	68.195016	0.080546	-1.500000	0.199152	69.695016	0.018000	0.199152	-3.843905	0.999214	0.000000	0.000000	0.000000	0.000000	0.000000	0.000000	0.000000	0.000000	0.000000	0	0.000000	0	0	0.000000	-0.000000	0.000000	0.000000	0.000000	0.000000	0.000000	0.000000	7.591184	0.417515	0.000000
D:	466.61	-10.481184	68.195016	-0.000192	0.000192	0.000192	-0.000192	68.196117	0.065253	-1.500000	0.087204	69.696117	0.018000	0.087204	-3.843879	1.493094	0.000000	0.000000	0.000000	0.000000	0.000000	0.000000	0.000000	0.000000	0.000000	0	0.000000	0	0	0.000000	-0.000000	0.000000	0.000000	0.000000	0.000000	0.000000	0.000000	8.144047	0.447923	0.000000
D:	475.82	-11.034047	68.196117	-0.000192	0.000192	0.000192	-0.000192	68.196117	0.065253	-1.500000	0.087204	69.696117	0.018000	0.087204	-3.843879	1.493094	0.000000	0.000000	0.000000	0.000000	0.000000	0.000000	0.000000	0.000000	0.000000	0	0.000000	0	0	0.000000	-0.000000	0.000000	0.000000	0.000000	0.000000	0.000000	0.000000	8.144047	0.447923	0.000000
D:	484.92	-11.034047	68.196117	-0.000192	0.000192	0.000192	-0.000192	68.192571	0.093990	-1.500000	0.066486	69.692571	0.018000	0.066486	-3.842082	0.814474	0.000000	0.000000	0.000000	0.000000	0.000000	0.000000	0.000000	0.000000	0.000000	0	0.000000	0	0	0.000000	-0.000000	0.000000	0.000000	0.000000	0.000000	0.000000	0.000000	7.424720	0.408360	0.000000
D:	494.58	-10.314720	68.192571	-0.000192	0.000192	0.000192	-0.000192	68.192571	0.093990	-1.500000	0.066486	69.692571	0.018000	0.066486	-3.842082	0.814474	0.000000	0.000000	0.000000	0.000000	0.000000	0.000000	0.000000	0.000000	0.000000	0	0.000000	0	0	0.000000	-0.000000	0.000000	0.000000	0.000000	0.000000	0.000000	0.000000	7.424720	0.408360	0.000000
D:	503.01	-10.314720	68.192571	-0.000192	0.000192	0.000192	-0.000192	68.192571	0.093990	-1.500000	0.066486	69.707567	0.018000	0.092675	-3.842082	0.731540	0.000000	0.000000	0.000000	0.000000	0.000000	0.000000	0.000000	0.000000	0.000000	0	0.000000	0	0	0.000000	-0.000000	0.000000	0.000000	0.000000	0.000000	0.000000	0.000000	7.346593	0.404063	0.000000
D:	511.45	-10.236593	68.207567	-0.000192	0.000192	0.000192	-0.000192	68.207567	0.128832	-1.500000	0.092675	69.707567	0.019000	0.092675	-3.846390	0.731540	0.000000	0.000000	0.000000	0.000000	0.000000	0.000000	0.000000	0.000000	0.000000	0	0.000000	0	0	0.000000	-0.000000	0.000000	0.000000	0.000000	0.000000	0.000000	0.000000	7.346593	0.404063	0.000000
D:	520.83	-10.236593	68.207567	-0.000192	0.000192	0.000192	-0.000192	68.207567	0.128832	-1.500000	0.092675	69.707567	0.019000	0.092675	-3.846390	0.241686	0.000000	0.000000	0.000000	0.000000	0.000000	0.000000	0.000000	0.000000	0.000000	0	0.000000	0	0	0.000000	-0.000000	0.000000	0.000000	0.000000	0.000000	0.000000	0.000000	7.346593	0.404063	0.000000
D:	530.62	-9.708985	68.228150	-0.000192	0.000192	0.000192	-0.000192	68.228150	0.097128	-1.500000	0.126803	69.728150	0.018000	0.126803	-3.852853	0.241686	0.000000	0.000000	0.000000	0.000000	0.000000	0.000000	0.000000	0.000000	0.000000	0	0.000000	0	0	0.000000	-0.000000	0.000000	0.000000	0.000000	0.000000	0.000000	0.000000	6.818985	0.375044	0.000000
D:	540.27	-9.708985	68.228150	-0.000192	0.000192	0.000192	-0.000192	68.228150	0.097128	-1.500000	0.126803	69.728150	0.018000	0.126803	-3.852853	0.241686	0.000000	0.000000	0.000000	0.000000	0.000000	0.000000	0.000000	0.000000	0.000000	0	0.000000	0	0	0.000000	-0.000000	0.000000	0.000000	0.000000	0.000000	0.000000	0.000000	6.818985	0.375044	0.000000
D:	550.65	-9.707842	68.238588	-0.000192	0.000192	0.000192	-0.000192	68.238588	0.054571	-1.500000	0.098794	69.738588	0.018000	0.098794	-3.856098	0.240808	0.000000	0.000000	0.000000	0.000000	0.000000	0.000000	0.000000	0.000000	0.000000	0	0.000000	0	0	0.000000	-0.000000	0.000000	0.000000	0.000000	0.000000	0.000000	0.000000	6.817842	0.374981	0.000000
D:	560.39	-9.707842	68.238588	-0.000192	0.000192	0.000192	-0.000192	68.238588	0.054571	-1.500000	0.098794	69.738588	0.018000	0.098794	-3.856098	0.240808	0.000000	0.000000	0.000000	0.000000	0.000000	0.000000	0.000000	0.000000	0.000000	0	0.000000	0	0	0.000000	-0.000000	0.000000	0.000000	0.000000	0.000000	0.000000	0.000000	6.817842	0.374981	0.000000
D:	569.68	-10.430257	68.219261	-0.000192	0.000192	0.000192	-0.000192	68.219261	0.153859	-1.500000	0.057054	69.719261	0.018000	0.057054	-3.848515	0.901145	0.000000	0.000000	0.000000	0.000000	0.000000	0.000000	0.000000	0.000000	0.000000	0	0.000000	0	0	0.000000	-0.000000	0.000000	0.000000	0.000000	0.000000	0.000000	0.000000	7.540257	0.414714	0.000000
D:	578.60	-10.430257	68.219261	-0.000192	0.000192	0.000192	-0.000192	68.219261	0.153859	-1.500000	0.057054	69.719261	0.018000	0.057054	-3.848515	0.901145	0.000000	0.000000	0.000000	0.000000	0.000000	0.000000	0.000000	0.000000	0.000000	0	0.000000	0	0	0.000000	-0.000000	0.000000	0.000000	0.000000	0.000000	0.000000	0.000000	7.540257	0.414714	0.000000
D:	586.91	-10.430257	68.219261	-0.000192	0.000192	0.000192	-0.000192	68.258051	0.219180	-1.500000	0.149228	69.758051	0.018000	0.149228	-3.860401	0.605400	0.000000	0.000000	0.000000	0.000000	0.000000	0.000000	0.000000	0.000000	0.000000	0	0.000000	0	0	0.000000	-0.000000	0.000000	0.000000	0.000000	0.000000	0.000000	0.000000	7.226363	0.397450	0.000000
D:	594.98	-10.116363	68.258051	-0.000192	0.000192	0.000192	-0.000192	68.258051	0.219180	-1.500000	0.149228	69.758051	0.019000	0.149228	-3.860401	0.605400	0.000000	0.000000	0.000000	0.000000	0.000000	0.000000	0.000000	0.000000	0.000000	0	0.000000	0	0	0.000000	-0.000000	0.000000	0.000000	0.000000	0.000000	0.000000	0.000000	7.226363	0.397450	0.000000
D:	604.02	-10.116363	68.258051	-0.000192	0.000192	0.000192	-0.000192	68.258051	0.219180	-1.500000	0.215253	69.770390	0.019000	0.215253	-3.860401	0.502785	0.000000	0.000000	0.000000	0.000000	0.000000	0.000000	0.000000	0.000000	0.000000	0	0.000000	0	0	0.000000	-0.000000	0.000000	0.000000	0.000000	0.000000	0.000000	0.000000	7.119183	0.391555	0.000000
D:	612.73	-10.009183	68.270390	-0.000192	0.000192	0.000192	-0.000192	68.270390	0.138589	-1.500000	0.215253	69.770390	0.018000	0.215253	-3.863780	0.502785	0.000000	0.000000	0.000000	0.000000	0.000000	0.000000	0.000000	0.000000	0.000000	0	0.000000	0	0	0.000000	-0.000000	0.000000	0.000000	0.000000	0.000000	0.000000	0.000000	7.119183	0.391555	0.000000
D:	620.44	-10.009183	68.270390	-0.000192	0.000192	0.000192	-0.000192	68.270390	0.138589	-1.500000	0.215253	69.770390	0.018000	0.215253	-3.863780	0.502785	0.000000	0.000000	0.000000	0.000000	0.000000	0.000000	0.000000	0.000000	0.000000	0	0.000000	0	0	0.000000	-0.000000	0.000000	0.000000	0.000000	0.000000	0.000000	0.000000	7.119183	0.391555	0.000000
D:	628.21	-10.026389	68.244385	-0.000192	0.000192	0.000192	-0.000192	68.244385	0.098522	-1.500000	0.142892	69.744385	0.018000	0.142892	-3.854247	0.511640	0.000000	0.000000	0.000000	0.000000	0.000000	0.000000	0.000000	0.000000	0.000000	0	0.000000	0	0	0.000000	-0.000000	0.000000	0.000000	0.000000	0.000000	0.000000	0.000000	7.136389	0.392501	0.000000
D:	636.82	-10.026389	68.244385	-0.000192	0.000192	0.000192	-0.000192	68.244385	0.098522	-1.500000	0.142892	69.744385	0.018000	0.142892	-3.854247	0.511640	0.000000	0.000000	0.000000	0.000000	0.000000	0.000000	0.000000	0.000000	0.000000	0	0.000000	0	0	0.000000	-0.000000	0.000000	0.000000	0.000000	0.000000	0.000000	0.000000	7.136389	0.392501	0.000000
D:	645.34	-10.026389	68.244385	-0.000192	0.000192	0.000192	-0.000192	68.308682	0.051566	-1.500000	0.101013	69.808682	0.018000	0.101013	-3.875994	-0.211774	0.000000	0.000000	0.000000	0.000000	0.000000	0.000000	0.000000	0.000000	0.000000	0	0.000000	0	0	0.000000	-0.000000	0.000000	0.000000	0.000000	0.000000	0.000000	0.000000	6.350793	0.349294	0.000000
D:	653.96	-9.240794	68.308682	-0.000192	0.000192	0.000192	-0.000192	68.308682	0.051566	-1.500000	0.101013	69.808682	0.018000	0.101013	-3.875994	-0.211774	0.000000	0.000000	0.000000	0.000000	0.000000	0.000000	0.000000	0.000000	0.000000	0	0.000000	0	0	0.000000	-0.000000	0.000000	0.000000	0.000000	0.000000	0.000000	0.000000	6.350793	0.349294	0.000000
D:	662.82	-9.240794	68.308682	-0.000192	0.000192	0.000192	-0.000192	68.308682	0.051566	-1.500000	0.101013	69.808682	0.018000	0.101013	-3.875994	-0.211774	0.000000	0.000000	0.000000	0.000000	0.000000	0.000000	0.000000	0.000000	0.000000	0	0.000000	0	0	0.000000	-0.000000	0.000000	0.000000	0.000000	0.000000	0.000000	0.000000	6.350793	0.349294	0.000000
D:	670.70	-9.483978	68.278791	-0.000192	0.000192	0.000192	-0.000192	68.278791	0.086542	-1.500000	0.053931	69.778791	0.019000	0.053931	-3.865168	0.018006	0.000000	0.000000	0.000000	0.000000	0.000000	0.000000	0.000000	0.000000	0.000000	0	0.000000	0	0	0.000000	-0.000000	0.000000	0.000000	0.000000	0.000000	0.000000	0.000000	6.593978	0.362669	0.000000
D:	678.66	-9.483978	68.278791	-0.000192	0.000192	0.000192	-0.000192	68.278791	0.086542	-1.500000	0.053931	69.778791	0.019000	0.053931	-3.865168	0.018006	0.000000	0.000000	0.000000	0.000000	0.000000	0.000000	0.000000	0.000000	0.000000	0	0.000000	0	0	0.000000	-0.000000	0.000000	0.000000	0.000000	0.000000	0.000000	0.000000	6.593978	0.362669	0.000000
D:	688.61	-9.256328	68.287256	-0.000192	0.000192	0.000192	-0.000192	68.287256	0.255719	-1.500000	0.084982	69.787256	0.019000	0.084982	-3.866406	-0.187129	0.000000	0.000000	0.000000	0.000000	0.000000	0.000000	0.000000	0.000000	0.000000	0	0.000000	0	0	0.000000	-0.000000	0.000000	0.000000	0.000000	0.000000	0.000000	0.000000	6.366328	0.350148	0.000000
D:	698.95	-9.256328	68.287256	-0.000192	0.000192	0.000192	-0.000192	68.287256	0.255719	-1.500000	0.084982	69.787256	0.019000	0.084982	-3.866406	-0.187129	0.000000	0.000000	0.000000	0.000000	0.000000	0.000000	0.000000	0.000000	0.000000	0	0.000000	0	0	0.000000	-0.000000	0.000000	0.000000	0.000000	0.000000	0.000000	0.000000	6.366328	0.350148	0.000000
D:	709.13	-9.582811	68.264592	-0.000192	0.000192	0.000192	-0.000192	68.264592	0.033991	-1.500000	0.246134	69.764592	0.018000	0.246134	-3.858418	0.120202	0.000000	0.000000	0.000000	0.000000	0.000000	0.000000	0.000000	0.000000	0.000000	0	0.000000	0	0	0.000000	-0.000000	0.000000	0.000000	0.000000	0.000000	0.000000	0.000000	6.692811	0.368105	0.000000
D:	719.21	-9.582811	68.264592	-0.000192	0.000192	0.000192	-0.000192	68.264592	0.033991	-1.500000	0.246134	69.764592	0.018000	0.246134	-3.858418	0.120202	0.000000	0.000000	0.000000	0.000000	0.000000	0.000000	0.000000	0.000000	0.000000	0	0.000000	0	0	0.000000	-0.000000	0.000000	0.000000	0.000000	0.000000	0.000000	0.000000	6.692811	0.368105	0.000000
D:	729.78	-9.156900	68.285325	-0.000192	0.000192	0.000192	-0.000192	68.285325	0.109134	-1.500000	0.045899	69.785325	0.018000	0.045899	-3.864859	-0.267304	0.000000	0.000000	0.000000	0.000000	0.000000	0.000000	0.000000	0.000000	0.000000	0	0.000000	0	0	0.000000	-0.000000	0.000000	0.000000	0.000000	0.000000	0.000000	0.000000	6.266900	0.344680	0.000000
D:	739.67	-9.156900	68.285325	-0.000192	0.000192	0.000192	-0.000192	68.285325	0.109134	-1.500000	0.045899	69.785325	0.018000	0.045899	-3.864859	-0.267304	0.000000	0.000000	0.000000	0.000000	0.000000	0.000000	0.000000	0.000000	0.000000	0	0.000000	0	0	0.000000	-0.000000	0.000000	0.000000	0.000000	0.000000	0.000000	0.000000	6.266900	0.344680	0.000000
D:	749.49	-9.335595	68.261031	-0.000192	0.000192	0.000192	-0.000192	68.261031	0.016715	-1.500000	0.106109	69.761031	0.019000	0.106109	-3.856410	-0.093632	0.000000	0.000000	0.000000	0.000000	0.000000	0.000000	0.000000	0.000000	0.000000	0	0.000000	0	0	0.000000	-0.000000	0.000000	0.000000	0.000000	0.000000	0.000000	0.000000	6.445595	0.354508	0.000000
D:	758.64	-9.335595	68.261031	-0.000192	0.000192	0.000192	-0.000192	68.261031	0.016715	-1.500000	0.106109	69.761031	0.019000	0.106109	-3.856410	-0.093632	0.000000	0.000000	0.000000	0.000000	0.000000	0.000000	0.000000	0.000000	0.000000	0	0.000000	0	0	0.000000	-0.000000	0.000000	0.000000	0.000000	0.000000	0.000000	0.000000	6.445595	0.354508	0.000000
D:	767.93	-9.335595	68.261031	-0.000192	0.000192	0.000192	-0.000192	68.231697	0.006602	-1.500000	0.020991	69.731697	0.019000	0.020991	-3.846297	-0.121460	0.000000	0.000000	0.000000	0.000000	0.000000	0.000000	0.000000	0.000000	0.000000	0	0.000000	0	0	0.000000	-0.000000	0.000000	0.000000	0.000000	0.000000	0.000000	0.000000	6.412859	0.352707	0.000000
D:	776.92	-9.302859	68.231697	-0.000192	0.000192	0.000192	-0.000192	68.231697	0.006602	-1.500000	0.020991	69.731697	0.019000	0.020991	-3.846297	-0.121460	0.000000	0.000000	0.000000	0.000000	0.000000	0.000000	0.000000	0.000000	0.000000	0	0.000000	0	0	0.000000	-0.000000	0.000000	0.000000	0.000000	0.000000	0.000000	0.000000	6.412859	0.352707	0.000000
D:	785.83	-9.302859	68.231697	-0.000192	0.000192	0.000192	-0.000192	68.231697	0.006602	-1.500000	0.007410	69.775179	0.019000	0.007410	-3.846297	-0.188116	0.000000	0.000000	0.000000	0.000000	0.000000	0.000000	0.000000	0.000000	0.000000	0	0.000000	0	0	0.000000	-0.000000	0.000000	0.000000	0.000000	0.000000	0.000000	0.000000	6.331040	0.348207	0.000000
D:	794.86	-9.221041	68.275179	-0.000192	0.000192	0.000192	-0.000192	68.275179	0.271754	-1.500000	0.007410	69.775179	0.018000	0.007410	-3.859540	-0.188116	0.000000	0.000000	0.000000	0.000000	0.000000	0.000000	0.000000	0.000000	0.000000	0	0.000000	0	0	0.000000	-0.000000	0.000000	0.000000	0.000000	0.000000	0.000000	0.000000	6.331040	0.348207	0.000000
D:	804.27	-9.221041	68.275179	-0.000192	0.000192	0.000192	-0.000192	68.275179	0.271754	-1.500000	0.007410	69.775179	0.018000	0.007410	-3.859540	-0.049131	0.000000	0.000000	0.000000	0.000000	0.000000	0.000000	0.000000	0.000000	0.000000	0	0.000000	0	0	0.000000	-0.000000	0.000000	0.000000	0.000000	0.000000	0.000000	0.000000	6.331040	0.348207	0.000000
D:	813.44	-9.363734	68.278566	-0.000192	0.000192	0.000192	-0.000192	68.278566	0.134680	-1.500000	0.256915	69.778566	0.018000	0.256915	-3.859871	-0.049131	0.000000	0.000000	0.000000	0.000000	0.000000	0.000000	0.000000	0.000000	0.000000	0	0.000000	0	0	0.000000	-0.000000	0.000000	0.000000	0.000000	0.000000	0.000000	0.000000	6.473734	0.356055	0.000000
D:	821.17	-9.363734	68.278566	-0.000192	0.000192	0.000192	-0.000192	68.278566	0.134680	-1.500000	0.256915	69.778566	0.018000	0.256915	-3.859871	-0.049131	0.000000	0.000000	0.000000	0.000000	0.000000	0.000000	0.000000	0.000000	0.000000	0	0.000000	0	0	0.000000	-0.000000	0.000000	0.000000	0.000000	0.000000	0.000000	0.000000	6.473734	0.356055	0.000000
D:	829.18	-9.363734	68.278566	-0.000192	0.000192	0.000192	-0.000192	68.287968	0.144598	-1.500000	0.140527	69.787968	0.018000	0.140527	-3.862155	-0.371469	0.000000	0.000000	0.000000	0.000000	0.000000	0.000000	0.000000	0.000000	0.000000	0	0.000000	0	0	0.000000	-0.000000	0.000000	0.000000	0.000000	0.000000	0.000000	0.000000	6.114703	0.336309	0.000000
D:	837.44	-9.004703	68.287968	-0.000192	0.000192	0.000192	-0.000192	68.287968	0.144598	-1.500000	0.140527	69.787968	0.019000	0.140527	-3.862155	-0.371469	0.000000	0.000000	0.000000	0.000000	0.000000	0.000000	0.000000	0.000000	0.000000	0	0.000000	0	0	0.000000	-0.000000	0.000000	0.000000	0.000000	0.000000	0.000000	0.000000	6.114703	0.336309	0.000000
D:	846.50	-9.004703	68.287968	-0.000192	0.000192	0.000192	-0.000192	68.287968	0.144598	-1.500000	0.144403	69.782325	0.019000	0.144403	-3.862155	-0.305496	0.000000	0.000000	0.000000	0.000000	0.000000	0.000000	0.000000	0.000000	0.000000	0	0.000000	0	0	0.000000	-0.000000	0.000000	0.000000	0.000000	0.000000	0.000000	0.000000	6.174441	0.339594	0.000000
D:	855.46	-9.064442	68.282325	-0.000192	0.000192	0.000192	-0.000192	68.282325	0.156904	-1.500000	0.144403	69.782325	0.019000	0.144403	-3.859195	-0.305496	0.000000	0.000000	0.000000	0.000000	0.000000	0.000000	0.000000	0.000000	0.000000	0	0.000000	0	0	0.000000	-0.000000	0.000000	0.000000	0.000000	0.000000	0.000000	0.000000	6.174441	0.339594	0.000000
D:	864.03	-9.064442	68.282325	-0.000192	0.000192	0.000192	-0.000192	68.282325	0.156904	-1.500000	0.144403	69.782325	0.019000	0.144403	-3.859195	-0.305496	0.000000	0.000000	0.000000	0.000000	0.000000	0.000000	0.000000	0.000000	0.000000	0	0.000000	0	0	0.000000	-0.000000	0.000000	0.000000	0.000000	0.000000	0.000000	0.000000	6.174441	0.339594	0.000000
D:	872.06	-9.059381	68.283515	-0.000192	0.000192	0.000192	-0.000192	68.283515	0.118413	-1.500000	0.156203	69.783515	0.018000	0.156203	-3.858871	-0.298675	0.000000	0.000000	0.000000	0.000000	0.000000	0.000000	0.000000	0.000000	0.000000	0	0.000000	0	0	0.000000	-0.000000	0.000000	0.000000	0.000000	0.000000	0.000000	0.000000	6.169381	0.339316	0.000000
D:	880.35	-9.059381	68.283515	-0.000192	0.000192	0.000192	-0.000192	68.283515	0.118413	-1.500000	0.156203	69.783515	0.018000	0.156203	-3.858871	-0.298675	0.000000	0.000000	0.000000	0.000000	0.000000	0.000000	0.000000	0.000000	0.000000	0	0.000000	0	0	0.000000	-0.000000	0.000000	0.000000	0.000000	0.000000	0.000000	0.000000	6.169381	0.339316	0.000000
D:	889.65	-9.059381	68.283515	-0.000192	0.000192	0.000192	-0.000192	68.266190	0.066257	-1.500000	0.120535	69.766190	0.018000	0.120535	-3.852517	-0.439762	0.000000	0.000000	0.000000	0.000000	0.000000	0.000000	0.000000	0.000000	0.000000	0	0.000000	0	0	0.000000	-0.000000	0.000000	0.000000	0.000000	0.000000	0.000000	0.000000	6.005730	0.330315	0.000000
D:	900.02	-8.895730	68.266190	-0.000192	0.000192	0.000192	-0.000192	68.266190	0.066257	-1.500000	0.120535	69.766190	0.018000	0.120535	-3.852517	-0.439762	0.000000	0.000000	0.000000	0.000000	0.000000	0.000000	0.000000	0.000000	0.000000	0	0.000000	0	0	0.000000	-0.000000	0.000000	0.000000	0.000000	0.000000	0.000000	0.000000	6.005730	0.330315	0.000000
D:	910.37	-8.895730	68.266190	-0.000192	0.000192	0.000192	-0.000192	68.266213	0.043083	-1.500000	0.068854	69.766213	0.018000	0.068854	-3.852244	-0.473805	0.000000	0.000000	0.000000	0.000000	0.000000	0.000000	0.000000	0.000000	0.000000	0	0.000000	0	0	0.000000	-0.000000	0.000000	0.000000	0.000000	0.000000	0.000000	0.000000	5.957020	0.327636	0.000000
D:	919.18	-8.847020	68.266213	-0.000192	0.000192	0.000192	-0.000192	68.266213	0.043083	-1.500000	0.068854	69.766213	0.019000	0.068854	-3.852244	-0.473805	0.000000	0.000000	0.000000	0.000000	0.000000	0.000000	0.000000	0.000000	0.000000	0	0.000000	0	0	0.000000	-0.000000	0.000000	0.000000	0.000000	0.000000	0.000000	0.000000	5.957020	0.327636	0.000000
D:	927.78	-8.847020	68.266213	-0.000192	0.000192	0.000192	-0.000192	68.266213	0.043083	-1.500000	0.044316	69.755918	0.019000	0.044316	-3.852244	-0.832687	0.000000	0.000000	0.000000	0.000000	0.000000	0.000000	0.000000	0.000000	0.000000	0	0.000000	0	0	0.000000	-0.000000	0.000000	0.000000	0.000000	0.000000	0.000000	0.000000	5.549406	0.305217	0.000000
D:	936.00	-8.439406	68.255918	-0.000192	0.000192	0.000192	-0.000192	68.255918	0.092382	-1.500000	0.044316	69.755918	0.019000	0.044316	-3.848107	-0.832687	0.000000	0.000000	0.000000	0.000000	0.000000	0.000000	0.000000	0.000000	0.000000	0	0.000000	0	0	0.000000	-0.000000	0.000000	0.000000	0.000000	0.000000	0.000000	0.000000	5.549406	0.305217	0.000000
D:	944.25	-8.439406	68.255918	-0.000192	0.000192	0.000192	-0.000192	68.255918	0.092382	-1.500000	0.044316	69.755918	0.019000	0.044316	-3.848107	-0.832687	0.000000	0.000000	0.000000	0.000000	0.000000	0.000000	0.000000	0.000000	0.000000	0	0.000000	0	0	0.000000	-0.000000	0.000000	0.000000	0.000000	0.000000	0.000000	0.000000	5.549406	0.305217	0.000000
D:	952.53	-8.797922	68.263646	-0.000192	0.000192	0.000192	-0.000192	68.263646	0.139970	-1.500000	0.089683	69.763646	0.018000	0.089683	-3.849894	-0.487923	0.000000	0.000000	0.000000	0.000000	0.000000	0.000000	0.000000	0.000000	0.000000	0	0.000000	0	0	0.000000	-0.000000	0.000000	0.000000	0.000000	0.000000	0.000000	0.000000	5.907922	0.324936	0.000000
D:	960.85	-8.797922	68.263646	-0.000192	0.000192	0.000192	-0.000192	68.263646	0.139970	-1.500000	0.089683	69.763646	0.018000	0.089683	-3.849894	-0.487923	0.000000	0.000000	0.000000	0.000000	0.000000	0.000000	0.000000	0.000000	0.000000	0	0.000000	0	0	0.000000	-0.000000	0.000000	0.000000	0.000000	0.000000	0.000000	0.000000	5.907922	0.324936	0.000000
D:	969.74	-8.797922	68.263646	-0.000192	0.000192	0.000192	-0.000192	68.264704	0.078778	-1.500000	0.137147	69.764704	0.018000	0.137147	-3.849771	-0.579286	0.000000	0.000000	0.000000	0.000000	0.000000	0.000000	0.000000	0.000000	0.000000	0	0.000000	0	0	0.000000	-0.000000	0.000000	0.000000	0.000000	0.000000	0.000000	0.000000	5.795685	0.318763	0.000000
D:	978.40	-8.685685	68.264704	-0.000192	0.000192	0.000192	-0.000192	68.264704	0.078778	-1.500000	0.137147	69.764704	0.018000	0.137147	-3.849771	-0.579286	0.000000	0.000000	0.000000	0.000000	0.000000	0.000000	0.000000	0.000000	0.000000	0	0.000000	0	0	0.000000	-0.000000	0.000000	0.000000	0.000000	0.000000	0.000000	0.000000	5.795685	0.318763	0.000000
D:	986.94	-8.685685	68.264704	-0.000192	0.000192	0.000192	-0.000192	68.264704	0.078778	-1.500000	0.137147	69.764704	0.018000	0.082055	-3.849771	-0.171148	0.000000	0.000000	0.000000	0.000000	0.000000	0.000000	0.000000	0.000000	0.000000	0	0.000000	0	0	0.000000	-0.000000	0.000000	0.000000	0.000000	0.000000	0.000000	0.000000	6.226157	0.342439	0.000000
D:	995.92	-9.116157	68.222645	-0.000192	0.000192	0.000192	-0.000192	68.222645	0.048776	-1.500000	0.082055	69.722645	0.018000	0.082055	-3.835036	-0.171148	0.000000	0.000000	0.000000	0.000000	0.000000	0.000000	0.000000	0.000000	0.000000	0	0.000000	0	0	0.000000	-0.000000	0.000000	0.000000	0.000000	0.000000	0.000000	0.000000	6.226157	0.342439	0.000000
D:	1004.68	-9.116157	68.222645	-0.000192	0.000192	0.000192	-0.000192	68.222645	0.048776	-1.500000	0.082055	69.722645	0.018000	0.082055	-3.835036	-0.639865	0.000000	0.000000	0.000000	0.000000	0.000000	0.000000	0.000000	0.000000	0.000000	0	0.000000	0	0	0.000000	-0.000000	0.000000	0.000000	0.000000	0.000000	0.000000	0.000000	6.226157	0.342439	0.000000
D:	1015.24	-8.598293	68.230656	-0.000192	0.000192	0.000192	-0.000192	68.230656	0.111865	-1.500000	0.050368	69.730656	0.019000	0.050368	-3.837056	-0.639865	0.000000	0.000000	0.000000	0.000000	0.000000	0.000000	0.000000	0.000000	0.000000	0	0.000000	0	0	0.000000	-0.000000	0.000000	0.000000	0.000000	0.000000	0.000000	0.000000	5.708293	0.313956	0.000000
D:	1026.93	-8.598293	68.230656	-0.000192	0.000192	0.000192	-0.000192	68.220945	0.062346	-1.500000	0.108413	69.720945	0.019000	0.108413	-3.833339	-0.404509	0.000000	0.000000	0.000000	0.000000	0.000000	0.000000	0.000000	0.000000	0.000000	0	0.000000	0	0	0.000000	-0.000000	0.000000	0.000000	0.000000	0.000000	0.000000	0.000000	5.948359	0.327160	0.000000
D:	1039.28	-8.838359	68.220945	-0.000192	0.000192	0.000192	-0.000192	68.220945	0.062346	-1.500000	0.108413	69.720945	0.018000	0.108413	-3.833339	-0.404509	0.000000	0.000000	0.000000	0.000000	0.000000	0.000000	0.000000	0.000000	0.000000	0	0.000000	0	0	0.000000	-0.000000	0.000000	0.000000	0.000000	0.000000	0.000000	0.000000	5.948359	0.327160	0.000000
D:	1051.23	-8.428299	68.220945	-0.000192	0.000192	0.000192	-0.000192	68.223703	0.002211	-1.500000	0.064932	69.723703	0.018000	0.064932	-3.834272	-0.771696	0.000000	0.000000	0.000000	0.000000	0.000000	0.000000	0.000000	0.000000	0.000000	0	0.000000	0	0	0.000000	-0.000000	0.000000	0.000000	0.000000	0.000000	0.000000	0.000000	5.538299	0.304606	0.000000
D:	1063.87	-8.428299	68.223703	-0.000192	0.000192	0.000192	-0.000192	68.223703	0.002211	-1.500000	0.064932	69.723703	0.018000	0.064932	-3.834272	-0.771696	0.000000	0.000000	0.000000	0.000000	0.000000	0.000000	0.000000	0.000000	0.000000	0	0.000000	0	0	0.000000	-0.000000	0.000000	0.000000	0.000000	0.000000	0.000000	0.000000	5.538299	0.304606	0.000000
D:	1073.94	-8.342091	68.201989	-0.000192	0.000192	0.000192	-0.000192	68.201989	-0.012796	-1.500000	0.005731	69.701989	0.018000	0.005731	-3.826899	-0.833411	0.000000	0.000000	0.000000	0.000000	0.000000	0.000000	0.000000	0.000000	0.000000	0	0.000000	0	0	0.000000	-0.000000	0.000000	0.000000	0.000000	0.000000	0.000000	0.000000	5.452091	0.299865	0.000000
D:	1083.16	-8.342091	68.201989	-0.000192	0.000192	0.000192	-0.000192	68.201989	-0.012796	-1.500000	0.005731	69.701989	0.018000	0.005731	-3.826899	-0.833411	0.000000	0.000000	0.000000	0.000000	0.000000	0.000000	0.000000	0.000000	0.000000	0	0.000000	0	0	0.000000	-0.000000	0.000000	0.000000	0.000000	0.000000	0.000000	0.000000	5.452091	0.299865	0.000000
D:	1091.97	-8.342091	68.201989	-0.000192	0.000192	0.000192	-0.000192	68.200742	0.199217	-1.500000	-0.011909	69.700742	0.018000	-0.011909	-3.825172	-0.695004	0.000000	0.000000	0.000000	0.000000	0.000000	0.000000	0.000000	0.000000	0.000000	0	0.000000	0	0	0.000000	-0.000000	0.000000	0.000000	0.000000	0.000000	0.000000	0.000000	5.585751	0.307216	0.000000
D:	1101.10	-8.475751	68.200742	-0.000192	0.000192	0.000192	-0.000192	68.200742	0.199217	-1.500000	-0.011909	69.700742	0.019000	-0.011909	-3.825172	-0.695004	0.000000	0.000000	0.000000	0.000000	0.000000	0.000000	0.000000	0.000000	0.000000	0	0.000000	0	0	0.000000	-0.000000	0.000000	0.000000	0.000000	0.000000	0.000000	0.000000	5.585751	0.307216	0.000000
D:	1110.40	-8.475751	68.200742	-0.000192	0.000192	0.000192	-0.000192	68.189525	0.065194	-1.500000	0.187366	69.689525	0.019000	0.187366	-3.820920	-0.580036	0.000000	0.000000	0.000000	0.000000	0.000000	0.000000	0.000000	0.000000	0.000000	0	0.000000	0	0	0.000000	-0.000000	0.000000	0.000000	0.000000	0.000000	0.000000	0.000000	5.695031	0.313227	0.000000
D:	1119.49	-8.585031	68.189525	-0.000192	0.000192	0.000192	-0.000192	68.189525	0.065194	-1.500000	0.187366	69.689525	0.018000	0.187366	-3.820920	-0.580036	0.000000	0.000000	0.000000	0.000000	0.000000	0.000000	0.000000	0.000000	0.000000	0	0.000000	0	0	0.000000	-0.000000	0.000000	0.000000	0.000000	0.000000	0.000000	0.000000	5.695031	0.313227	0.000000
D:	1128.18	-8.585031	68.189525	-0.000192	0.000192	0.000192	-0.000192	68.189525	0.065194	-1.500000	0.187366	69.687939	0.018000	0.072053	-3.820920	-0.939037	0.000000	0.000000	0.000000	0.000000	0.000000	0.000000	0.000000	0.000000	0.000000	0	0.000000	0	0	0.000000	-0.000000	0.000000	0.000000	0.000000	0.000000	0.000000	0.000000	5.286259	0.290744	0.000000
D:	1137.33	-8.176259	68.187938	-0.000192	0.000192	0.000192	-0.000192	68.187938	0.223574	-1.500000	0.072053	69.687938	0.018000	0.072053	-3.818994	-0.939037	0.000000	0.000000	0.000000	0.000000	0.000000	0.000000	0.000000	0.000000	0.000000	0	0.000000	0	0	0.000000	-0.000000	0.000000	0.000000	0.000000	0.000000	0.000000	0.000000	5.286259	0.290744	0.000000
D:	1146.71	-8.176259	68.187938	-0.000192	0.000192	0.000192	-0.000192	68.187938	0.223574	-1.500000	0.072053	69.687938	0.018000	0.072053	-3.818994	-0.939037	0.000000	0.000000	0.000000	0.000000	0.000000	0.000000	0.000000	0.000000	0.000000	0	0.000000	0	0	0.000000	-0.000000	0.000000	0.000000	0.000000	0.000000	0.000000	0.000000	5.286259	0.290744	0.000000
D:	1155.39	-7.498934	68.186507	-0.000192	0.000192	0.000192	-0.000192	68.186507	0.054806	-1.500000	0.215068	69.686507	0.018000	0.215068	-3.818164	-1.540818	0.000000	0.000000	0.000000	0.000000	0.000000	0.000000	0.000000	0.000000	0.000000	0	0.000000	0	0	0.000000	-0.000000	0.000000	0.000000	0.000000	0.000000	0.000000	0.000000	4.608934	0.253491	0.000000
D:	1165.03	-7.498934	68.186507	-0.000192	0.000192	0.000192	-0.000192	68.186507	0.054806	-1.500000	0.215068	69.686507	0.018000	0.215068	-3.818164	-1.540818	0.000000	0.000000	0.000000	0.000000	0.000000	0.000000	0.000000	0.000000	0.000000	0	0.000000	0	0	0.000000	-0.000000	0.000000	0.000000	0.000000	0.000000	0.000000	0.000000	4.608934	0.253491	0.000000
D:	1174.82	-7.840477	68.173429	-0.000192	0.000192	0.000192	-0.000192	68.173429	0.125831	-1.500000	0.062472	69.673429	0.019000	0.062472	-3.812854	-1.194968	0.000000	0.000000	0.000000	0.000000	0.000000	0.000000	0.000000	0.000000	0.000000	0	0.000000	0	0	0.000000	-0.000000	0.000000	0.000000	0.000000	0.000000	0.000000	0.000000	4.950477	0.272276	0.000000
D:	1184.58	-7.840477	68.173429	-0.000192	0.000192	0.000192	-0.000192	68.173429	0.125831	-1.500000	0.062472	69.673429	0.019000	0.062472	-3.812854	-1.194968	0.000000	0.000000	0.000000	0.000000	0.000000	0.000000	0.000000	0.000000	0.000000	0	0.000000	0	0	0.000000	-0.000000	0.000000	0.000000	0.000000	0.000000	0.000000	0.000000	4.950477	0.272276	0.000000
D:	1194.62	-7.692618	68.205803	-0.000192	0.000192	0.000192	-0.000192	68.205803	0.136057	-1.500000	0.122800	69.705803	0.019000	0.122800	-3.823080	-1.306709	0.000000	0.000000	0.000000	0.000000	0.000000	0.000000	0.000000	0.000000	0.000000	0	0.000000	0	0	0.000000	-0.000000	0.000000	0.000000	0.000000	0.000000	0.000000	0.000000	4.802618	0.264144	0.000000
D:	1204.72	-7.692618	68.205803	-0.000192	0.000192	0.000192	-0.000192	68.205803	0.136057	-1.500000	0.122800	69.705803	0.019000	0.122800	-3.823080	-1.306709	0.000000	0.000000	0.000000	0.000000	0.000000	0.000000	0.000000	0.000000	0.000000	0	0.000000	0	0	0.000000	-0.000000	0.000000	0.000000	0.000000	0.000000	0.000000	0.000000	4.802618	0.264144	0.000000
D:	1212.87	-7.692618	68.205803	-0.000192	0.000192	0.000192	-0.000192	68.151759	-0.065292	-1.500000	0.135313	69.651759	0.019000	0.135313	-3.804937	-1.154587	0.000000	0.000000	0.000000	0.000000	0.000000	0.000000	0.000000	0.000000	0.000000	0	0.000000	0	0	0.000000	-0.000000	0.000000	0.000000	0.000000	0.000000	0.000000	0.000000	4.940875	0.271748	0.000000
D:	1222.47	-7.830875	68.151759	-0.000192	0.000192	0.000192	-0.000192	68.151759	-0.065292	-1.500000	0.135313	69.651759	0.018000	0.135313	-3.804937	-1.154587	0.000000	0.000000	0.000000	0.000000	0.000000	0.000000	0.000000	0.000000	0.000000	0	0.000000	0	0	0.000000	-0.000000	0.000000	0.000000	0.000000	0.000000	0.000000	0.000000	4.940875	0.271748	0.000000
D:	1233.62	-8.319979	68.141032	-0.000192	0.000192	0.000192	-0.000192	68.141032	0.037664	-1.500000	-0.054031	69.641032	0.018000	-0.054031	-3.801023	-0.684021	0.000000	0.000000	0.000000	0.000000	0.000000	0.000000	0.000000	0.000000	0.000000	0	0.000000	0	0	0.000000	-0.000000	0.000000	0.000000	0.000000	0.000000	0.000000	0.000000	5.429979	0.298649	0.000000
D:	1243.28	-8.319979	68.141032	-0.000192	0.000192	0.000192	-0.000192	68.141032	0.037664	-1.500000	-0.054031	69.641032	0.018000	-0.054031	-3.801023	-0.684021	0.000000	0.000000	0.000000	0.000000	0.000000	0.000000	0.000000	0.000000	0.000000	0	0.000000	0	0	0.000000	-0.000000	0.000000	0.000000	0.000000	0.000000	0.000000	0.000000	5.429979	0.298649	0.000000
D:	1253.81	-8.186148	68.190793	-0.000192	0.000192	0.000192	-0.000192	68.190793	0.145402	-1.500000	0.033278	69.690793	0.019000	0.033278	-3.817157	-0.790877	0.000000	0.000000	0.000000	0.000000	0.000000	0.000000	0.000000	0.000000	0.000000	0	0.000000	0	0	0.000000	-0.000000	0.000000	0.000000	0.000000	0.000000	0.000000	0.000000	5.296148	0.291288	0.000000
D:	1264.38	-8.186148	68.190793	-0.000192	0.000192	0.000192	-0.000192	68.190793	0.145402	-1.500000	0.033278	69.690793	0.019000	0.033278	-3.817157	-0.790877	0.000000	0.000000	0.000000	0.000000	0.000000	0.000000	0.000000	0.000000	0.000000	0	0.000000	0	0	0.000000	-0.000000	0.000000	0.000000	0.000000	0.000000	0.000000	0.000000	5.296148	0.291288	0.000000
D:	1274.99	-8.569644	68.183072	-0.000192	0.000192	0.000192	-0.000192	68.183072	0.035648	-1.500000	0.140038	69.683072	0.019000	0.140038	-3.814274	-0.421502	0.000000	0.000000	0.000000	0.000000	0.000000	0.000000	0.000000	0.000000	0.000000	0	0.000000	0	0	0.000000	-0.000000	0.000000	0.000000	0.000000	0.000000	0.000000	0.000000	5.679644	0.312380	0.000000
D:	1286.75	-8.569644	68.183072	-0.000192	0.000192	0.000192	-0.000192	68.183072	0.035648	-1.500000	0.140038	69.683072	0.019000	0.140038	-3.814274	-0.453675	0.000000	0.000000	0.000000	0.000000	0.000000	0.000000	0.000000	0.000000	0.000000	0	0.000000	0	0	0.000000	-0.000000	0.000000	0.000000	0.000000	0.000000	0.000000	0.000000	5.679644	0.312380	0.000000
D:	1298.74	-8.522681	68.163537	-0.000192	0.000192	0.000192	-0.000192	68.163537	0.081874	-1.500000	0.041508	69.663537	0.018000	0.041508	-3.807065	-0.453675	0.000000	0.000000	0.000000	0.000000	0.000000	0.000000	0.000000	0.000000	0.000000	0	0.000000	0	0	0.000000	-0.000000	0.000000	0.000000	0.000000	0.000000	0.000000	0.000000	5.632681	0.309797	0.000000
D:	1309.16	-8.522681	68.163537	-0.000192	0.000192	0.000192	-0.000192	68.163537	0.081874	-1.500000	0.041508	69.663537	0.018000	0.079608	-3.807065	-0.755465	0.000000	0.000000	0.000000	0.000000	0.000000	0.000000	0.000000	0.000000	0.000000	0	0.000000	0	0	0.000000	-0.000000	0.000000	0.000000	0.000000	0.000000	0.000000	0.000000	5.292647	0.291096	0.000000
D:	1319.01	-8.182648	68.164257	-0.000192	0.000192	0.000192	-0.000192	68.164257	0.043683	-1.500000	0.079608	69.664257	0.018000	0.079608	-3.807042	-0.755465	0.000000	0.000000	0.000000	0.000000	0.000000	0.000000	0.000000	0.000000	0.000000	0	0.000000	0	0	0.000000	-0.000000	0.000000	0.000000	0.000000	0.000000	0.000000	0.000000	5.292647	0.291096	0.000000
D:	1328.45	-8.182648	68.164257	-0.000192	0.000192	0.000192	-0.000192	68.164257	0.043683	-1.500000	0.079608	69.664257	0.018000	0.079608	-3.807042	-0.755465	0.000000	0.000000	0.000000	0.000000	0.000000	0.000000	0.000000	0.000000	0.000000	0	0.000000	0	0	0.000000	-0.000000	0.000000	0.000000	0.000000	0.000000	0.000000	0.000000	5.292647	0.291096	0.000000
D:	1336.89	-8.513466	68.154663	-0.000192	0.000192	0.000192	-0.000192	68.154663	0.047712	-1.500000	0.045401	69.654663	0.019000	0.045401	-3.803437	-0.434175	0.000000	0.000000	0.000000	0.000000	0.000000	0.000000	0.000000	0.000000	0.000000	0	0.000000	0	0	0.000000	-0.000000	0.000000	0.000000	0.000000	0.000000	0.000000	0.000000	5.623466	0.309291	0.000000
D:	1345.81	-8.513466	68.154663	-0.000192	0.000192	0.000192	-0.000192	68.154663	0.047712	-1.500000	0.045401	69.654663	0.019000	0.045401	-3.803437	-0.434175	0.000000	0.000000	0.000000	0.000000	0.000000	0.000000	0.000000	0.000000	0.000000	0	0.000000	0	0	0.000000	-0.000000	0.000000	0.000000	0.000000	0.000000	0.000000	0.000000	5.623466	0.309291	0.000000
D:	1355.19	-8.027001	68.099692	-0.000192	0.000192	0.000192	-0.000192	68.099692	0.028653	-1.500000	0.047601	69.599692	0.019000	0.047601	-3.784379	-0.868038	0.000000	0.000000	0.000000	0.000000	0.000000	0.000000	0.000000	0.000000	0.000000	0	0.000000	0	0	0.000000	-0.000000	0.000000	0.000000	0.000000	0.000000	0.000000	0.000000	5.137001	0.282535	0.000000
D:	1364.48	-8.027001	68.099692	-0.000192	0.000192	0.000192	-0.000192	68.099692	0.028653	-1.500000	0.047601	69.599692	0.019000	0.047601	-3.784379	-0.868038	0.000000	0.000000	0.000000	0.000000	0.000000	0.000000	0.000000	0.000000	0.000000	0	0.000000	0	0	0.000000	-0.000000	0.000000	0.000000	0.000000	0.000000	0.000000	0.000000	5.137001	0.282535	0.000000
D:	1374.10	-8.027001	68.099692	-0.000192	0.000192	0.000192	-0.000192	68.086207	-0.067163	-1.500000	0.029717	69.586207	0.019000	0.029717	-3.780166	-0.252228	0.000000	0.000000	0.000000	0.000000	0.000000	0.000000	0.000000	0.000000	0.000000	0	0.000000	0	0	0.000000	-0.000000	0.000000	0.000000	0.000000	0.000000	0.000000	0.000000	5.792326	0.318578	0.000000
D:	1384.01	-8.682327	68.086207	-0.000192	0.000192	0.000192	-0.000192	68.086207	-0.067163	-1.500000	0.029717	69.586207	0.018000	0.029717	-3.780166	-0.252228	0.000000	0.000000	0.000000	0.000000	0.000000	0.000000	0.000000	0.000000	0.000000	0	0.000000	0	0	0.000000	-0.000000	0.000000	0.000000	0.000000	0.000000	0.000000	0.000000	5.792326	0.318578	0.000000
D:	1393.21	-8.682327	68.086207	-0.000192	0.000192	0.000192	-0.000192	68.135035	0.116811	-1.500000	-0.061724	69.635035	0.018000	-0.061724	-3.796201	-0.812731	0.000000	0.000000	0.000000	0.000000	0.000000	0.000000	0.000000	0.000000	0.000000	0	0.000000	0	0	0.000000	-0.000000	0.000000	0.000000	0.000000	0.000000	0.000000	0.000000	5.169650	0.284331	0.000000
D:	1403.27	-8.059650	68.135035	-0.000192	0.000192	0.000192	-0.000192	68.135035	0.116811	-1.500000	-0.061724	69.635035	0.018000	-0.061724	-3.796201	-0.812731	0.000000	0.000000	0.000000	0.000000	0.000000	0.000000	0.000000	0.000000	0.000000	0	0.000000	0	0	0.000000	-0.000000	0.000000	0.000000	0.000000	0.000000	0.000000	0.000000	5.169650	0.284331	0.000000
D:	1412.48	-8.059650	68.135035	-0.000192	0.000192	0.000192	-0.000192	68.119999	0.019917	-1.500000	0.108271	69.619999	0.018000	0.108271	-3.790909	-0.280803	0.000000	0.000000	0.000000	0.000000	0.000000	0.000000	0.000000	0.000000	0.000000	0	0.000000	0	0	0.000000	-0.000000	0.000000	0.000000	0.000000	0.000000	0.000000	0.000000	5.730351	0.315169	0.000000
D:	1422.04	-8.620352	68.119999	-0.000192	0.000192	0.000192	-0.000192	68.119999	0.019917	-1.500000	0.108271	69.619999	0.019000	0.108271	-3.790909	-0.280803	0.000000	0.000000	0.000000	0.000000	0.000000	0.000000	0.000000	0.000000	0.000000	0	0.000000	0	0	0.000000	-0.000000	0.000000	0.000000	0.000000	0.000000	0.000000	0.000000	5.730351	0.315169	0.000000
D:	1431.21	-8.620352	68.119999	-0.000192	0.000192	0.000192	-0.000192	68.119999	0.019917	-1.500000	0.024143	69.646956	0.019000	0.024143	-3.790909	-0.719804	0.000000	0.000000	0.000000	0.000000	0.000000	0.000000	0.000000	0.000000	0.000000	0	0.000000	0	0	0.000000	-0.000000	0.000000	0.000000	0.000000	0.000000	0.000000	0.000000	5.240714	0.288239	0.000000
D:	1440.45	-8.130714	68.146956	-0.000192	0.000192	0.000192	-0.000192	68.146956	-0.016523	-1.500000	0.024143	69.646956	0.019000	0.024143	-3.800271	-0.719804	0.000000	0.000000	0.000000	0.000000	0.000000	0.000000	0.000000	0.000000	0.000000	0	0.000000	0	0	0.000000	-0.000000	0.000000	0.000000	0.000000	0.000000	0.000000	0.000000	5.240714	0.288239	0.000000
D:	1449.03	-8.130714	68.146956	-0.000192	0.000192	0.000192	-0.000192	68.146956	-0.016523	-1.500000	0.024143	69.646956	0.019000	0.024143	-3.800271	-0.719804	0.000000	0.000000	0.000000	0.000000	0.000000	0.000000	0.000000	0.000000	0.000000	0	0.000000	0	0	0.000000	-0.000000	0.000000	0.000000	0.000000	0.000000	0.000000	0.000000	5.240714	0.288239	0.000000
D:	1457.43	-8.684278	68.144962	-0.000192	0.000192	0.000192	-0.000192	68.144962	0.013246	-1.500000	-0.014240	69.644962	0.018000	-0.014240	-3.799505	-0.194681	0.000000	0.000000	0.000000	0.000000	0.000000	0.000000	0.000000	0.000000	0.000000	0	0.000000	0	0	0.000000	-0.000000	0.000000	0.000000	0.000000	0.000000	0.000000	0.000000	5.794278	0.318685	0.000000
D:	1466.58	-8.684278	68.144962	-0.000192	0.000192	0.000192	-0.000192	68.144962	0.013246	-1.500000	-0.014240	69.644962	0.018000	-0.014240	-3.799505	-0.194681	0.000000	0.000000	0.000000	0.000000	0.000000	0.000000	0.000000	0.000000	0.000000	0	0.000000	0	0	0.000000	-0.000000	0.000000	0.000000	0.000000	0.000000	0.000000	0.000000	5.794278	0.318685	0.000000
D:	1476.54	-8.161052	68.120957	-0.000192	0.000192	0.000192	-0.000192	68.120957	0.065671	-1.500000	0.011703	69.620957	0.018000	0.011703	-3.790861	-0.667995	0.000000	0.000000	0.000000	0.000000	0.000000	0.000000	0.000000	0.000000	0.000000	0	0.000000	0	0	0.000000	-0.000000	0.000000	0.000000	0.000000	0.000000	0.000000	0.000000	5.271051	0.289908	0.000000
D:	1485.58	-8.161052	68.120957	-0.000192	0.000192	0.000192	-0.000192	68.120957	0.065671	-1.500000	0.011703	69.620957	0.018000	0.011703	-3.790861	-0.667995	0.000000	0.000000	0.000000	0.000000	0.000000	0.000000	0.000000	0.000000	0.000000	0	0.000000	0	0	0.000000	-0.000000	0.000000	0.000000	0.000000	0.000000	0.000000	0.000000	5.271051	0.289908	0.000000
D:	1494.11	-8.161052	68.120957	-0.000192	0.000192	0.000192	-0.000192	68.109442	-0.052461	-1.500000	0.062641	69.609442	0.018000	0.062641	-3.787234	-0.454885	0.000000	0.000000	0.000000	0.000000	0.000000	0.000000	0.000000	0.000000	0.000000	0	0.000000	0	0	0.000000	-0.000000	0.000000	0.000000	0.000000	0.000000	0.000000	0.000000	5.487134	0.301792	0.000000
D:	1503.75	-8.377135	68.109442	-0.000192	0.000192	0.000192	-0.000192	68.109442	-0.052461	-1.500000	0.062641	69.609442	0.018000	0.062641	-3.787234	-0.454885	0.000000	0.000000	0.000000	0.000000	0.000000	0.000000	0.000000	0.000000	0.000000	0	0.000000	0	0	0.000000	-0.000000	0.000000	0.000000	0.000000	0.000000	0.000000	0.000000	5.487134	0.301792	0.000000
D:	1513.03	-8.377135	68.109442	-0.000192	0.000192	0.000192	-0.000192	68.112834	-0.005459	-1.500000	-0.046955	69.612834	0.018000	-0.046955	-3.788434	-0.446397	0.000000	0.000000	0.000000	0.000000	0.000000	0.000000	0.000000	0.000000	0.000000	0	0.000000	0	0	0.000000	-0.000000	0.000000	0.000000	0.000000	0.000000	0.000000	0.000000	5.482827	0.301555	0.000000
D:	1522.14	-8.372827	68.112834	-0.000192	0.000192	0.000192	-0.000192	68.112834	-0.005459	-1.500000	-0.046955	69.612834	0.019000	-0.046955	-3.788434	-0.446397	0.000000	0.000000	0.000000	0.000000	0.000000	0.000000	0.000000	0.000000	0.000000	0	0.000000	0	0	0.000000	-0.000000	0.000000	0.000000	0.000000	0.000000	0.000000	0.000000	5.482827	0.301555	0.000000
D:	1531.52	-8.372827	68.112834	-0.000192	0.000192	0.000192	-0.000192	68.112834	-0.005459	-1.500000	-0.046955	69.612834	0.019000	-0.007789	-3.788434	-0.406195	0.000000	0.000000	0.000000	0.000000	0.000000	0.000000	0.000000	0.000000	0.000000	0	0.000000	0	0	0.000000	-0.000000	0.000000	0.000000	0.000000	0.000000	0.000000	0.000000	5.514419	0.303293	0.000000
D:	1540.78	-8.404419	68.110439	-0.000192	0.000192	0.000192	-0.000192	68.110439	-0.044176	-1.500000	-0.007789	69.610439	0.018000	-0.007789	-3.787885	-0.406195	0.000000	0.000000	0.000000	0.000000	0.000000	0.000000	0.000000	0.000000	0.000000	0	0.000000	0	0	0.000000	-0.000000	0.000000	0.000000	0.000000	0.000000	0.000000	0.000000	5.514419	0.303293	0.000000
D:	1549.85	-8.404419	68.110439	-0.000192	0.000192	0.000192	-0.000192	68.110439	-0.044176	-1.500000	-0.007789	69.610439	0.018000	-0.007789	-3.787885	-0.406195	0.000000	0.000000	0.000000	0.000000	0.000000	0.000000	0.000000	0.000000	0.000000	0	0.000000	0	0	0.000000	-0.000000	0.000000	0.000000	0.000000	0.000000	0.000000	0.000000	5.514419	0.303293	0.000000
D:	1559.32	-8.427521	68.139863	-0.000192	0.000192	0.000192	-0.000192	68.139863	0.057172	-1.500000	-0.042133	69.639863	0.018000	-0.042133	-3.797630	-0.373300	0.000000	0.000000	0.000000	0.000000	0.000000	0.000000	0.000000	0.000000	0.000000	0	0.000000	0	0	0.000000	-0.000000	0.000000	0.000000	0.000000	0.000000	0.000000	0.000000	5.537521	0.304564	0.000000
D:	1570.08	-8.427521	68.139863	-0.000192	0.000192	0.000192	-0.000192	68.139863	0.057172	-1.500000	-0.042133	69.639863	0.018000	-0.042133	-3.797630	-0.373300	0.000000	0.000000	0.000000	0.000000	0.000000	0.000000	0.000000	0.000000	0.000000	0	0.000000	0	0	0.000000	-0.000000	0.000000	0.000000	0.000000	0.000000	0.000000	0.000000	5.537521	0.304564	0.000000
D:	1579.74	-8.887976	68.100438	-0.000192	0.000192	0.000192	-0.000192	68.100438	-0.085601	-1.500000	0.051597	69.600438	0.018000	0.051597	-3.784628	0.057821	0.000000	0.000000	0.000000	0.000000	0.000000	0.000000	0.000000	0.000000	0.000000	0	0.000000	0	0	0.000000	-0.000000	0.000000	0.000000	0.000000	0.000000	0.000000	0.000000	5.997976	0.329889	0.000000
D:	1589.71	-8.887976	68.100438	-0.000192	0.000192	0.000192	-0.000192	68.100438	-0.085601	-1.500000	0.051597	69.600438	0.018000	0.051597	-3.784628	0.057821	0.000000	0.000000	0.000000	0.000000	0.000000	0.000000	0.000000	0.000000	0.000000	0	0.000000	0	0	0.000000	-0.000000	0.000000	0.000000	0.000000	0.000000	0.000000	0.000000	5.997976	0.329889	0.000000
D:	1599.69	-9.204302	68.133879	-0.000192	0.000192	0.000192	-0.000192	68.133879	0.032537	-1.500000	-0.079038	69.633879	0.019000	-0.079038	-3.795896	0.351117	0.000000	0.000000	0.000000	0.000000	0.000000	0.000000	0.000000	0.000000	0.000000	0	0.000000	0	0	0.000000	-0.000000	0.000000	0.000000	0.000000	0.000000	0.000000	0.000000	6.314302	0.347287	0.000000
D:	1608.71	-9.204302	68.133879	-0.000192	0.000192	0.000192	-0.000192	68.133879	0.032537	-1.500000	-0.079038	69.633879	0.019000	-0.079038	-3.795896	0.351117	0.000000	0.000000	0.000000	0.000000	0.000000	0.000000	0.000000	0.000000	0.000000	0	0.000000	0	0	0.000000	-0.000000	0.000000	0.000000	0.000000	0.000000	0.000000	0.000000	6.314302	0.347287	0.000000
D:	1617.11	-9.366653	68.133879	-0.000192	0.000192	0.000192	-0.000192	68.142570	-0.048152	-1.500000	0.026274	69.642570	0.019000	0.026274	-3.799176	0.498213	0.000000	0.000000	0.000000	0.000000	0.000000	0.000000	0.000000	0.000000	0.000000	0	0.000000	0	0	0.000000	-0.000000	0.000000	0.000000	0.000000	0.000000	0.000000	0.000000	6.476653	0.356216	0.000000
D:	1625.72	-9.366653	68.142570	-0.000192	0.000192	0.000192	-0.000192	68.142570	-0.048152	-1.500000	0.026274	69.642570	0.018000	0.026274	-3.799176	0.498213	0.000000	0.000000	0.000000	0.000000	0.000000	0.000000	0.000000	0.000000	0.000000	0	0.000000	0	0	0.000000	-0.000000	0.000000	0.000000	0.000000	0.000000	0.000000	0.000000	6.476653	0.356216	0.000000
D:	1633.75	-9.366653	68.142570	-0.000192	0.000192	0.000192	-0.000192	68.142570	-0.048152	-1.500000	-0.043974	69.659344	0.018000	-0.043974	-3.799176	0.075629	0.000000	0.000000	0.000000	0.000000	0.000000	0.000000	0.000000	0.000000	0.000000	0	0.000000	0	0	0.000000	-0.000000	0.000000	0.000000	0.000000	0.000000	0.000000	0.000000	6.020239	0.331113	0.000000
D:	1642.71	-8.910239	68.159344	-0.000192	0.000192	0.000192	-0.000192	68.159344	0.079253	-1.500000	-0.043974	69.659344	0.018000	-0.043974	-3.804443	0.075629	0.000000	0.000000	0.000000	0.000000	0.000000	0.000000	0.000000	0.000000	0.000000	0	0.000000	0	0	0.000000	-0.000000	0.000000	0.000000	0.000000	0.000000	0.000000	0.000000	6.020239	0.331113	0.000000
D:	1652.64	-8.910239	68.159344	-0.000192	0.000192	0.000192	-0.000192	68.159344	0.079253	-1.500000	-0.043974	69.659344	0.018000	-0.043974	-3.804443	-0.265409	0.000000	0.000000	0.000000	0.000000	0.000000	0.000000	0.000000	0.000000	0.000000	0	0.000000	0	0	0.000000	-0.000000	0.000000	0.000000	0.000000	0.000000	0.000000	0.000000	5.643192	0.310376	0.000000
D:	1661.91	-8.533192	68.160247	-0.000192	0.000192	0.000192	-0.000192	68.160247	0.101799	-1.500000	0.073358	69.660247	0.019000	0.073358	-3.804089	-0.265409	0.000000	0.000000	0.000000	0.000000	0.000000	0.000000	0.000000	0.000000	0.000000	0	0.000000	0	0	0.000000	-0.000000	0.000000	0.000000	0.000000	0.000000	0.000000	0.000000	5.643192	0.310376	0.000000
D:	1670.67	-8.533192	68.160247	-0.000192	0.000192	0.000192	-0.000192	68.160247	0.101799	-1.500000	0.073358	69.660247	0.019000	0.073358	-3.804089	-0.265409	0.000000	0.000000	0.000000	0.000000	0.000000	0.000000	0.000000	0.000000	0.000000	0	0.000000	0	0	0.000000	-0.000000	0.000000	0.000000	0.000000	0.000000	0.000000	0.000000	5.643192	0.310376	0.000000
D:	1679.07	-8.521666	68.148014	-0.000192	0.000192	0.000192	-0.000192	68.148014	-0.115388	-1.500000	0.100439	69.648014	0.019000	0.100439	-3.800642	-0.266299	0.000000	0.000000	0.000000	0.000000	0.000000	0.000000	0.000000	0.000000	0.000000	0	0.000000	0	0	0.000000	-0.000000	0.000000	0.000000	0.000000	0.000000	0.000000	0.000000	5.631666	0.309742	0.000000
D:	1687.41	-8.521666	68.148014	-0.000192	0.000192	0.000192	-0.000192	68.148014	-0.115388	-1.500000	0.100439	69.648014	0.019000	0.100439	-3.800642	-0.266299	0.000000	0.000000	0.000000	0.000000	0.000000	0.000000	0.000000	0.000000	0.000000	0	0.000000	0	0	0.000000	-0.000000	0.000000	0.000000	0.000000	0.000000	0.000000	0.000000	5.631666	0.309742	0.000000
D:	1696.04	-8.521666	68.148014	-0.000192	0.000192	0.000192	-0.000192	68.144032	0.103941	-1.500000	-0.105064	69.644032	0.019000	-0.105064	-3.798597	-0.502608	0.000000	0.000000	0.000000	0.000000	0.000000	0.000000	0.000000	0.000000	0.000000	0	0.000000	0	0	0.000000	-0.000000	0.000000	0.000000	0.000000	0.000000	0.000000	0.000000	5.365176	0.295085	0.000000
D:	1705.26	-8.255176	68.144032	-0.000192	0.000192	0.000192	-0.000192	68.144032	0.103941	-1.500000	-0.105064	69.644032	0.019000	-0.105064	-3.798597	-0.502608	0.000000	0.000000	0.000000	0.000000	0.000000	0.000000	0.000000	0.000000	0.000000	0	0.000000	0	0	0.000000	-0.000000	0.000000	0.000000	0.000000	0.000000	0.000000	0.000000	5.365176	0.295085	0.000000
D:	1714.93	-8.255176	68.144032	-0.000192	0.000192	0.000192	-0.000192	68.152692	0.037976	-1.500000	0.092208	69.652692	0.019000	0.092208	-3.801335	-0.415062	0.000000	0.000000	0.000000	0.000000	0.000000	0.000000	0.000000	0.000000	0.000000	0	0.000000	0	0	0.000000	-0.000000	0.000000	0.000000	0.000000	0.000000	0.000000	0.000000	5.445236	0.299488	0.000000
D:	1724.12	-8.335236	68.152692	-0.000192	0.000192	0.000192	-0.000192	68.152692	0.037976	-1.500000	0.092208	69.652692	0.018000	0.092208	-3.801335	-0.415062	0.000000	0.000000	0.000000	0.000000	0.000000	0.000000	0.000000	0.000000	0.000000	0	0.000000	0	0	0.000000	-0.000000	0.000000	0.000000	0.000000	0.000000	0.000000	0.000000	5.445236	0.299488	0.000000
D:	1734.23	-8.335236	68.152692	-0.000192	0.000192	0.000192	-0.000192	68.152692	0.037976	-1.500000	0.041020	69.637838	0.018000	0.041020	-3.801335	-0.151489	0.000000	0.000000	0.000000	0.000000	0.000000	0.000000	0.000000	0.000000	0.000000	0	0.000000	0	0	0.000000	-0.000000	0.000000	0.000000	0.000000	0.000000	0.000000	0.000000	5.720945	0.314652	0.000000
D:	1743.43	-8.610946	68.137838	-0.000192	0.000192	0.000192	-0.000192	68.137838	-0.020431	-1.500000	0.041020	69.637838	0.018000	0.041020	-3.796363	-0.151489	0.000000	0.000000	0.000000	0.000000	0.000000	0.000000	0.000000	0.000000	0.000000	0	0.000000	0	0	0.000000	-0.000000	0.000000	0.000000	0.000000	0.000000	0.000000	0.000000	5.720945	0.314652	0.000000
D:	1752.55	-8.610946	68.137838	-0.000192	0.000192	0.000192	-0.000192	68.137838	-0.020431	-1.500000	0.041020	69.637838	0.018000	0.041020	-3.796363	-0.042775	0.000000	0.000000	0.000000	0.000000	0.000000	0.000000	0.000000	0.000000	0.000000	0	0.000000	0	0	0.000000	-0.000000	0.000000	0.000000	0.000000	0.000000	0.000000	0.000000	5.720945	0.314652	0.000000
D:	1761.76	-8.727033	68.047889	-0.000192	0.000192	0.000192	-0.000192	68.047889	0.047616	-1.500000	-0.017491	69.547889	0.019000	-0.017491	-3.765173	-0.042775	0.000000	0.000000	0.000000	0.000000	0.000000	0.000000	0.000000	0.000000	0.000000	0	0.000000	0	0	0.000000	-0.000000	0.000000	0.000000	0.000000	0.000000	0.000000	0.000000	5.837032	0.321037	0.000000
D:	1770.85	-8.727033	68.047889	-0.000192	0.000192	0.000192	-0.000192	68.047889	0.047616	-1.500000	-0.017491	69.547889	0.019000	-0.017491	-3.765173	-0.042775	0.000000	0.000000	0.000000	0.000000	0.000000	0.000000	0.000000	0.000000	0.000000	0	0.000000	0	0	0.000000	-0.000000	0.000000	0.000000	0.000000	0.000000	0.000000	0.000000	5.837032	0.321037	0.000000
D:	1780.17	-8.129186	68.097671	-0.000192	0.000192	0.000192	-0.000192	68.097671	0.079455	-1.500000	0.044501	69.597671	0.019000	0.044501	-3.781745	-0.583028	0.000000	0.000000	0.000000	0.000000	0.000000	0.000000	0.000000	0.000000	0.000000	0	0.000000	0	0	0.000000	-0.000000	0.000000	0.000000	0.000000	0.000000	0.000000	0.000000	5.239186	0.288155	0.000000
D:	1789.59	-8.129186	68.097671	-0.000192	0.000192	0.000192	-0.000192	68.097671	0.079455	-1.500000	0.044501	69.597671	0.019000	0.044501	-3.781745	-0.583028	0.000000	0.000000	0.000000	0.000000	0.000000	0.000000	0.000000	0.000000	0.000000	0	0.000000	0	0	0.000000	-0.000000	0.000000	0.000000	0.000000	0.000000	0.000000	0.000000	5.239186	0.288155	0.000000
D:	1798.69	-8.223073	68.097671	-0.000192	0.000192	0.000192	-0.000192	68.075572	0.124537	-1.500000	0.077493	69.575572	0.019000	0.077493	-3.773392	-0.483135	0.000000	0.000000	0.000000	0.000000	0.000000	0.000000	0.000000	0.000000	0.000000	0	0.000000	0	0	0.000000	-0.000000	0.000000	0.000000	0.000000	0.000000	0.000000	0.000000	5.333073	0.293319	0.000000
D:	1807.63	-8.223073	68.075572	-0.000192	0.000192	0.000192	-0.000192	68.075572	0.124537	-1.500000	0.077493	69.575572	0.018000	0.077493	-3.773392	-0.483135	0.000000	0.000000	0.000000	0.000000	0.000000	0.000000	0.000000	0.000000	0.000000	0	0.000000	0	0	0.000000	-0.000000	0.000000	0.000000	0.000000	0.000000	0.000000	0.000000	5.333073	0.293319	0.000000
D:	1816.28	-8.223073	68.075572	-0.000192	0.000192	0.000192	-0.000192	68.122725	0.033641	-1.500000	0.121896	69.622725	0.018000	0.121896	-3.789366	-0.470167	0.000000	0.000000	0.000000	0.000000	0.000000	0.000000	0.000000	0.000000	0.000000	0	0.000000	0	0	0.000000	-0.000000	0.000000	0.000000	0.000000	0.000000	0.000000	0.000000	5.334549	0.293400	0.000000
D:	1825.18	-8.224550	68.122725	-0.000192	0.000192	0.000192	-0.000192	68.122725	0.033641	-1.500000	0.121896	69.622725	0.018000	0.121896	-3.789366	-0.470167	0.000000	0.000000	0.000000	0.000000	0.000000	0.000000	0.000000	0.000000	0.000000	0	0.000000	0	0	0.000000	-0.000000	0.000000	0.000000	0.000000	0.000000	0.000000	0.000000	5.334549	0.293400	0.000000
D:	1833.76	-8.224550	68.122725	-0.000192	0.000192	0.000192	-0.000192	68.122725	0.033641	-1.500000	0.121896	69.622725	0.018000	0.121896	-3.789366	-0.115132	0.000000	0.000000	0.000000	0.000000	0.000000	0.000000	0.000000	0.000000	0.000000	0	0.000000	0	0	0.000000	-0.000000	0.000000	0.000000	0.000000	0.000000	0.000000	0.000000	5.334549	0.293400	0.000000
D:	1843.19	-8.597131	68.134105	-0.000192	0.000192	0.000192	-0.000192	68.134105	0.113145	-1.500000	0.037862	69.634105	0.019000	0.037862	-3.792535	-0.115132	0.000000	0.000000	0.000000	0.000000	0.000000	0.000000	0.000000	0.000000	0.000000	0	0.000000	0	0	0.000000	-0.000000	0.000000	0.000000	0.000000	0.000000	0.000000	0.000000	5.707131	0.313892	0.000000
D:	1852.72	-8.597131	68.134105	-0.000192	0.000192	0.000192	-0.000192	68.134105	0.113145	-1.500000	0.037862	69.634105	0.019000	0.037862	-3.792535	-0.115132	0.000000	0.000000	0.000000	0.000000	0.000000	0.000000	0.000000	0.000000	0.000000	0	0.000000	0	0	0.000000	-0.000000	0.000000	0.000000	0.000000	0.000000	0.000000	0.000000	5.707131	0.313892	0.000000
D:	1862.14	-8.013736	68.167729	-0.000192	0.000192	0.000192	-0.000192	68.167729	0.032871	-1.500000	0.109544	69.667729	0.019000	0.109544	-3.803863	-0.642026	0.000000	0.000000	0.000000	0.000000	0.000000	0.000000	0.000000	0.000000	0.000000	0	0.000000	0	0	0.000000	-0.000000	0.000000	0.000000	0.000000	0.000000	0.000000	0.000000	5.123735	0.281805	0.000000
D:	1870.83	-8.013736	68.167729	-0.000192	0.000192	0.000192	-0.000192	68.167729	0.032871	-1.500000	0.109544	69.667729	0.019000	0.109544	-3.803863	-0.642026	0.000000	0.000000	0.000000	0.000000	0.000000	0.000000	0.000000	0.000000	0.000000	0	0.000000	0	0	0.000000	-0.000000	0.000000	0.000000	0.000000	0.000000	0.000000	0.000000	5.123735	0.281805	0.000000
D:	1881.39	-8.720250	68.123418	-0.000192	0.000192	0.000192	-0.000192	68.123418	-0.081072	-1.500000	0.037175	69.623418	0.018000	0.037175	-3.789157	0.015275	0.000000	0.000000	0.000000	0.000000	0.000000	0.000000	0.000000	0.000000	0.000000	0	0.000000	0	0	0.000000	-0.000000	0.000000	0.000000	0.000000	0.000000	0.000000	0.000000	5.830250	0.320664	0.000000
D:	1892.48	-8.720250	68.123418	-0.000192	0.000192	0.000192	-0.000192	68.123418	-0.081072	-1.500000	0.037175	69.623418	0.018000	0.037175	-3.789157	0.233775	0.000000	0.000000	0.000000	0.000000	0.000000	0.000000	0.000000	0.000000	0.000000	0	0.000000	0	0	0.000000	-0.000000	0.000000	0.000000	0.000000	0.000000	0.000000	0.000000	5.830250	0.320664	0.000000
D:	1903.34	-8.953594	68.150362	-0.000192	0.000192	0.000192	-0.000192	68.150362	0.125871	-1.500000	-0.074434	69.650362	0.018000	-0.074434	-3.797627	0.233775	0.000000	0.000000	0.000000	0.000000	0.000000	0.000000	0.000000	0.000000	0.000000	0	0.000000	0	0	0.000000	-0.000000	0.000000	0.000000	0.000000	0.000000	0.000000	0.000000	6.063594	0.333498	0.000000
D:	1913.04	-8.953594	68.150362	-0.000192	0.000192	0.000192	-0.000192	68.150362	0.125871	-1.500000	-0.074434	69.650362	0.018000	-0.074434	-3.797627	0.233775	0.000000	0.000000	0.000000	0.000000	0.000000	0.000000	0.000000	0.000000	0.000000	0	0.000000	0	0	0.000000	-0.000000	0.000000	0.000000	0.000000	0.000000	0.000000	0.000000	6.063594	0.333498	0.000000
D:	1922.79	-8.286214	68.192893	-0.000192	0.000192	0.000192	-0.000192	68.192893	0.025799	-1.500000	0.116289	69.692893	0.019000	0.116289	-3.812059	-0.378864	0.000000	0.000000	0.000000	0.000000	0.000000	0.000000	0.000000	0.000000	0.000000	0	0.000000	0	0	0.000000	-0.000000	0.000000	0.000000	0.000000	0.000000	0.000000	0.000000	5.396214	0.296792	0.000000
D:	1933.07	-8.286214	68.192893	-0.000192	0.000192	0.000192	-0.000192	68.192893	0.025799	-1.500000	0.116289	69.692893	0.019000	0.116289	-3.812059	-0.378864	0.000000	0.000000	0.000000	0.000000	0.000000	0.000000	0.000000	0.000000	0.000000	0	0.000000	0	0	0.000000	-0.000000	0.000000	0.000000	0.000000	0.000000	0.000000	0.000000	5.396214	0.296792	0.000000
D:	1942.02	-8.535489	68.158210	-0.000192	0.000192	0.000192	-0.000192	68.158210	0.044140	-1.500000	0.030128	69.658210	0.019000	0.030128	-3.799865	-0.139732	0.000000	0.000000	0.000000	0.000000	0.000000	0.000000	0.000000	0.000000	0.000000	0	0.000000	0	0	0.000000	-0.000000	0.000000	0.000000	0.000000	0.000000	0.000000	0.000000	5.645489	0.310502	0.000000
D:	1950.79	-8.535489	68.158210	-0.000192	0.000192	0.000192	-0.000192	68.158210	0.044140	-1.500000	0.030128	69.658210	0.019000	0.030128	-3.799865	-0.139732	0.000000	0.000000	0.000000	0.000000	0.000000	0.000000	0.000000	0.000000	0.000000	0	0.000000	0	0	0.000000	-0.000000	0.000000	0.000000	0.000000	0.000000	0.000000	0.000000	5.645489	0.310502	0.000000
D:	1959.97	-8.535489	68.158210	-0.000192	0.000192	0.000192	-0.000192	68.160622	0.143319	-1.500000	0.043353	69.660622	0.019000	0.043353	-3.799807	-0.859292	0.000000	0.000000	0.000000	0.000000	0.000000	0.000000	0.000000	0.000000	0.000000	0	0.000000	0	0	0.000000	-0.000000	0.000000	0.000000	0.000000	0.000000	0.000000	0.000000	4.850515	0.266778	0.000000
D:	1968.54	-7.740515	68.160622	-0.000192	0.000192	0.000192	-0.000192	68.160622	0.143319	-1.500000	0.043353	69.660622	0.018000	0.043353	-3.799807	-0.859292	0.000000	0.000000	0.000000	0.000000	0.000000	0.000000	0.000000	0.000000	0.000000	0	0.000000	0	0	0.000000	-0.000000	0.000000	0.000000	0.000000	0.000000	0.000000	0.000000	4.850515	0.266778	0.000000
D:	1978.03	-7.740515	68.160622	-0.000192	0.000192	0.000192	-0.000192	68.211262	0.121776	-1.500000	0.137707	69.711262	0.018000	0.137707	-3.816433	-0.858194	0.000000	0.000000	0.000000	0.000000	0.000000	0.000000	0.000000	0.000000	0.000000	0	0.000000	0	0	0.000000	-0.000000	0.000000	0.000000	0.000000	0.000000	0.000000	0.000000	4.829925	0.265646	0.000000
D:	1987.02	-7.719925	68.211262	-0.000192	0.000192	0.000192	-0.000192	68.211262	0.121776	-1.500000	0.137707	69.711262	0.018000	0.137707	-3.816433	-0.858194	0.000000	0.000000	0.000000	0.000000	0.000000	0.000000	0.000000	0.000000	0.000000	0	0.000000	0	0	0.000000	-0.000000	0.000000	0.000000	0.000000	0.000000	0.000000	0.000000	4.829925	0.265646	0.000000
D:	1996.52	-7.719925	68.211262	-0.000192	0.000192	0.000192	-0.000192	68.211262	0.121776	-1.500000	0.137707	69.711262	0.018000	0.122671	-3.816433	-1.039487	0.000000	0.000000	0.000000	0.000000	0.000000	0.000000	0.000000	0.000000	0.000000	0	0.000000	0	0	0.000000	-0.000000	0.000000	0.000000	0.000000	0.000000	0.000000	0.000000	4.612119	0.253667	0.000000
D:	2004.77	-7.502119	68.170851	-0.000192	0.000192	0.000192	-0.000192	68.170851	0.038966	-1.500000	0.122671	69.670851	0.018000	0.122671	-3.802325	-1.039487	0.000000	0.000000	0.000000	0.000000	0.000000	0.000000	0.000000	0.000000	0.000000	0	0.000000	0	0	0.000000	-0.000000	0.000000	0.000000	0.000000	0.000000	0.000000	0.000000	4.612119	0.253667	0.000000
D:	2013.09	-7.502119	68.170851	-0.000192	0.000192	0.000192	-0.000192	68.170851	0.038966	-1.500000	0.122671	69.670851	0.018000	0.122671	-3.802325	-1.039487	0.000000	0.000000	0.000000	0.000000	0.000000	0.000000	0.000000	0.000000	0.000000	0	0.000000	0	0	0.000000	-0.000000	0.000000	0.000000	0.000000	0.000000	0.000000	0.000000	4.612119	0.253667	0.000000
D:	2022.19	-7.818658	68.190218	-0.000192	0.000192	0.000192	-0.000192	68.190218	-0.045691	-1.500000	0.042970	69.690218	0.019000	0.042970	-3.809271	-0.727800	0.000000	0.000000	0.000000	0.000000	0.000000	0.000000	0.000000	0.000000	0.000000	0	0.000000	0	0	0.000000	-0.000000	0.000000	0.000000	0.000000	0.000000	0.000000	0.000000	4.928658	0.271076	0.000000
D:	2031.57	-7.818658	68.190218	-0.000192	0.000192	0.000192	-0.000192	68.190218	-0.045691	-1.500000	0.042970	69.690218	0.019000	0.042970	-3.809271	-0.727800	0.000000	0.000000	0.000000	0.000000	0.000000	0.000000	0.000000	0.000000	0.000000	0	0.000000	0	0	0.000000	-0.000000	0.000000	0.000000	0.000000	0.000000	0.000000	0.000000	4.928658	0.271076	0.000000
D:	2040.41	-7.818658	68.190218	-0.000192	0.000192	0.000192	-0.000192	68.194793	0.054777	-1.500000	-0.040714	69.694793	0.019000	-0.040714	-3.810502	-0.672605	0.000000	0.000000	0.000000	0.000000	0.000000	0.000000	0.000000	0.000000	0.000000	0	0.000000	0	0	0.000000	-0.000000	0.000000	0.000000	0.000000	0.000000	0.000000	0.000000	4.972392	0.273482	0.000000
D:	2049.16	-7.862392	68.194793	-0.000192	0.000192	0.000192	-0.000192	68.194793	0.054777	-1.500000	-0.040714	69.694793	0.018000	-0.040714	-3.810502	-0.672605	0.000000	0.000000	0.000000	0.000000	0.000000	0.000000	0.000000	0.000000	0.000000	0	0.000000	0	0	0.000000	-0.000000	0.000000	0.000000	0.000000	0.000000	0.000000	0.000000	4.972392	0.273482	0.000000
D:	2058.27	-7.862392	68.194793	-0.000192	0.000192	0.000192	-0.000192	68.212206	0.067967	-1.500000	0.049417	69.712206	0.018000	0.049417	-3.816058	-0.521690	0.000000	0.000000	0.000000	0.000000	0.000000	0.000000	0.000000	0.000000	0.000000	0	0.000000	0	0	0.000000	-0.000000	0.000000	0.000000	0.000000	0.000000	0.000000	0.000000	5.121639	0.281690	0.000000
D:	2067.50	-8.011639	68.212206	-0.000192	0.000192	0.000192	-0.000192	68.212206	0.067967	-1.500000	0.049417	69.712206	0.018000	0.049417	-3.816058	-0.521690	0.000000	0.000000	0.000000	0.000000	0.000000	0.000000	0.000000	0.000000	0.000000	0	0.000000	0	0	0.000000	-0.000000	0.000000	0.000000	0.000000	0.000000	0.000000	0.000000	5.121639	0.281690	0.000000
D:	2075.49	-8.011639	68.212206	-0.000192	0.000192	0.000192	-0.000192	68.212206	0.067967	-1.500000	0.049417	69.712206	0.018000	0.049417	-3.816058	-0.521690	0.000000	0.000000	0.000000	0.000000	0.000000	0.000000	0.000000	0.000000	0.000000	0	0.000000	0	0	0.000000	-0.000000	0.000000	0.000000	0.000000	0.000000	0.000000	0.000000	5.121639	0.281690	0.000000
D:	2083.69	-7.874631	68.236521	-0.000192	0.000192	0.000192	-0.000192	68.236521	0.159296	-1.500000	0.066925	69.736521	0.018000	0.066925	-3.823419	-0.634667	0.000000	0.000000	0.000000	0.000000	0.000000	0.000000	0.000000	0.000000	0.000000	0	0.000000	0	0	0.000000	-0.000000	0.000000	0.000000	0.000000	0.000000	0.000000	0.000000	4.984631	0.274155	0.000000
D:	2091.76	-7.874631	68.236521	-0.000192	0.000192	0.000192	-0.000192	68.236521	0.159296	-1.500000	0.066925	69.736521	0.018000	0.066925	-3.823419	-0.634667	0.000000	0.000000	0.000000	0.000000	0.000000	0.000000	0.000000	0.000000	0.000000	0	0.000000	0	0	0.000000	-0.000000	0.000000	0.000000	0.000000	0.000000	0.000000	0.000000	4.984631	0.274155	0.000000
D:	2100.08	-7.874631	68.236521	-0.000192	0.000192	0.000192	-0.000192	68.214046	0.143015	-1.500000	0.154878	69.714046	0.018000	0.154878	-3.814770	-0.147149	0.000000	0.000000	0.000000	0.000000	0.000000	0.000000	0.000000	0.000000	0.000000	0	0.000000	0	0	0.000000	-0.000000	0.000000	0.000000	0.000000	0.000000	0.000000	0.000000	5.499369	0.302465	0.000000
D:	2108.81	-8.389369	68.214046	-0.000192	0.000192	0.000192	-0.000192	68.214046	0.143015	-1.500000	0.154878	69.714046	0.019000	0.154878	-3.814770	-0.147149	0.000000	0.000000	0.000000	0.000000	0.000000	0.000000	0.000000	0.000000	0.000000	0	0.000000	0	0	0.000000	-0.000000	0.000000	0.000000	0.000000	0.000000	0.000000	0.000000	5.499369	0.302465	0.000000
D:	2118.68	-8.389369	68.214046	-0.000192	0.000192	0.000192	-0.000192	68.232695	0.004349	-1.500000	0.143681	69.732695	0.019000	0.143681	-3.821143	-0.318848	0.000000	0.000000	0.000000	0.000000	0.000000	0.000000	0.000000	0.000000	0.000000	0	0.000000	0	0	0.000000	-0.000000	0.000000	0.000000	0.000000	0.000000	0.000000	0.000000	5.306092	0.291835	0.000000
D:	2129.24	-8.196092	68.232695	-0.000192	0.000192	0.000192	-0.000192	68.232695	0.004349	-1.500000	0.143681	69.732695	0.018000	0.143681	-3.821143	-0.318848	0.000000	0.000000	0.000000	0.000000	0.000000	0.000000	0.000000	0.000000	0.000000	0	0.000000	0	0	0.000000	-0.000000	0.000000	0.000000	0.000000	0.000000	0.000000	0.000000	5.306092	0.291835	0.000000
D:	2139.73	-8.196092	68.232695	-0.000192	0.000192	0.000192	-0.000192	68.252018	0.048847	-1.500000	0.012171	69.752018	0.018000	0.012171	-3.827473	-0.013903	0.000000	0.000000	0.000000	0.000000	0.000000	0.000000	0.000000	0.000000	0.000000	0	0.000000	0	0	0.000000	-0.000000	0.000000	0.000000	0.000000	0.000000	0.000000	0.000000	5.630679	0.309687	0.000000
D:	2150.60	-8.520679	68.252018	-0.000192	0.000192	0.000192	-0.000192	68.252018	0.048847	-1.500000	0.012171	69.752018	0.018000	0.012171	-3.827473	-0.013903	0.000000	0.000000	0.000000	0.000000	0.000000	0.000000	0.000000	0.000000	0.000000	0	0.000000	0	0	0.000000	-0.000000	0.000000	0.000000	0.000000	0.000000	0.000000	0.000000	5.630679	0.309687	0.000000
D:	2162.03	-8.947070	68.224550	-0.000192	0.000192	0.000192	-0.000192	68.224550	0.039178	-1.500000	0.046788	69.724550	0.018000	0.046788	-3.817804	0.379028	0.000000	0.000000	0.000000	0.000000	0.000000	0.000000	0.000000	0.000000	0.000000	0	0.000000	0	0	0.000000	-0.000000	0.000000	0.000000	0.000000	0.000000	0.000000	0.000000	6.057070	0.333139	0.000000
D:	2173.71	-8.947070	68.224550	-0.000192	0.000192	0.000192	-0.000192	68.224550	0.039178	-1.500000	0.046788	69.724550	0.018000	0.046788	-3.817804	0.379028	0.000000	0.000000	0.000000	0.000000	0.000000	0.000000	0.000000	0.000000	0.000000	0	0.000000	0	0	0.000000	-0.000000	0.000000	0.000000	0.000000	0.000000	0.000000	0.000000	6.057070	0.333139	0.000000
D:	2183.19	-8.541088	68.240276	-0.000192	0.000192	0.000192	-0.000192	68.240276	-0.001217	-1.500000	0.039542	69.740276	0.019000	0.039542	-3.823211	0.006133	0.000000	0.000000	0.000000	0.000000	0.000000	0.000000	0.000000	0.000000	0.000000	0	0.000000	0	0	0.000000	-0.000000	0.000000	0.000000	0.000000	0.000000	0.000000	0.000000	5.651088	0.310810	0.000000
D:	2192.03	-8.541088	68.240276	-0.000192	0.000192	0.000192	-0.000192	68.240276	-0.001217	-1.500000	0.039542	69.740276	0.019000	0.039542	-3.823211	0.006133	0.000000	0.000000	0.000000	0.000000	0.000000	0.000000	0.000000	0.000000	0.000000	0	0.000000	0	0	0.000000	-0.000000	0.000000	0.000000	0.000000	0.000000	0.000000	0.000000	5.651088	0.310810	0.000000
D:	2200.77	-8.541088	68.240276	-0.000192	0.000192	0.000192	-0.000192	68.217111	0.112236	-1.500000	0.000733	69.717111	0.019000	0.000733	-3.814527	0.172144	0.000000	0.000000	0.000000	0.000000	0.000000	0.000000	0.000000	0.000000	0.000000	0	0.000000	0	0	0.000000	-0.000000	0.000000	0.000000	0.000000	0.000000	0.000000	0.000000	5.825479	0.320401	0.000000
D:	2209.40	-8.715479	68.217111	-0.000192	0.000192	0.000192	-0.000192	68.217111	0.112236	-1.500000	0.000733	69.717111	0.019000	0.000733	-3.814527	0.172144	0.000000	0.000000	0.000000	0.000000	0.000000	0.000000	0.000000	0.000000	0.000000	0	0.000000	0	0	0.000000	-0.000000	0.000000	0.000000	0.000000	0.000000	0.000000	0.000000	5.825479	0.320401	0.000000
D:	2217.92	-8.715479	68.217111	-0.000192	0.000192	0.000192	-0.000192	68.217111	0.112236	-1.500000	0.000733	69.717111	0.019000	0.000733	-3.814527	-0.032767	0.000000	0.000000	0.000000	0.000000	0.000000	0.000000	0.000000	0.000000	0.000000	0	0.000000	0	0	0.000000	-0.000000	0.000000	0.000000	0.000000	0.000000	0.000000	0.000000	5.601030	0.308057	0.000000
D:	2226.61	-8.491031	68.207515	-0.000192	0.000192	0.000192	-0.000192	68.207515	0.017234	-1.500000	0.105977	69.707515	0.018000	0.105977	-3.811127	-0.032767	0.000000	0.000000	0.000000	0.000000	0.000000	0.000000	0.000000	0.000000	0.000000	0	0.000000	0	0	0.000000	-0.000000	0.000000	0.000000	0.000000	0.000000	0.000000	0.000000	5.601030	0.308057	0.000000
D:	2235.45	-8.491031	68.207515	-0.000192	0.000192	0.000192	-0.000192	68.207515	0.017234	-1.500000	0.105977	69.707515	0.018000	0.105977	-3.811127	-0.032767	0.000000	0.000000	0.000000	0.000000	0.000000	0.000000	0.000000	0.000000	0.000000	0	0.000000	0	0	0.000000	-0.000000	0.000000	0.000000	0.000000	0.000000	0.000000	0.000000	5.601030	0.308057	0.000000
D:	2243.97	-8.134082	68.192767	-0.000192	0.000192	0.000192	-0.000192	68.192767	-0.162397	-1.500000	0.022215	69.692767	0.018000	0.022215	-3.807069	-0.357067	0.000000	0.000000	0.000000	0.000000	0.000000	0.000000	0.000000	0.000000	0.000000	0	0.000000	0	0	0.000000	-0.000000	0.000000	0.000000	0.000000	0.000000	0.000000	0.000000	5.244081	0.288424	0.000000
D:	2252.61	-8.134082	68.192767	-0.000192	0.000192	0.000192	-0.000192	68.192767	-0.162397	-1.500000	0.022215	69.692767	0.018000	0.022215	-3.807069	-0.357067	0.000000	0.000000	0.000000	0.000000	0.000000	0.000000	0.000000	0.000000	0.000000	0	0.000000	0	0	0.000000	-0.000000	0.000000	0.000000	0.000000	0.000000	0.000000	0.000000	5.244081	0.288424	0.000000
D:	2261.80	-8.134082	68.192767	-0.000192	0.000192	0.000192	-0.000192	68.181904	0.016969	-1.500000	-0.153566	69.681904	0.018000	-0.153566	-3.803229	-0.374010	0.000000	0.000000	0.000000	0.000000	0.000000	0.000000	0.000000	0.000000	0.000000	0	0.000000	0	0	0.000000	-0.000000	0.000000	0.000000	0.000000	0.000000	0.000000	0.000000	5.212855	0.286707	0.000000
D:	2271.93	-8.102855	68.181904	-0.000192	0.000192	0.000192	-0.000192	68.181904	0.016969	-1.500000	-0.153566	69.681904	0.019000	-0.153566	-3.803229	-0.374010	0.000000	0.000000	0.000000	0.000000	0.000000	0.000000	0.000000	0.000000	0.000000	0	0.000000	0	0	0.000000	-0.000000	0.000000	0.000000	0.000000	0.000000	0.000000	0.000000	5.212855	0.286707	0.000000
D:	2280.97	-8.102855	68.181904	-0.000192	0.000192	0.000192	-0.000192	68.144040	0.019113	-1.500000	0.008812	69.644040	0.019000	0.008812	-3.790106	-0.255762	0.000000	0.000000	0.000000	0.000000	0.000000	0.000000	0.000000	0.000000	0.000000	0	0.000000	0	0	0.000000	-0.000000	0.000000	0.000000	0.000000	0.000000	0.000000	0.000000	5.330630	0.293185	0.000000
D:	2289.28	-8.220630	68.144040	-0.000192	0.000192	0.000192	-0.000192	68.144040	0.019113	-1.500000	0.008812	69.644040	0.019000	0.008812	-3.790106	-0.255762	0.000000	0.000000	0.000000	0.000000	0.000000	0.000000	0.000000	0.000000	0.000000	0	0.000000	0	0	0.000000	-0.000000	0.000000	0.000000	0.000000	0.000000	0.000000	0.000000	5.330630	0.293185	0.000000
D:	2297.67	-8.220630	68.144040	-0.000192	0.000192	0.000192	-0.000192	68.144040	0.019113	-1.500000	0.008812	69.644040	0.019000	0.008812	-3.790106	-0.607506	0.000000	0.000000	0.000000	0.000000	0.000000	0.000000	0.000000	0.000000	0.000000	0	0.000000	0	0	0.000000	-0.000000	0.000000	0.000000	0.000000	0.000000	0.000000	0.000000	5.330630	0.293185	0.000000
D:	2306.65	-7.826542	68.168024	-0.000192	0.000192	0.000192	-0.000192	68.168024	0.095457	-1.500000	0.018535	69.668024	0.018000	0.018535	-3.797747	-0.607506	0.000000	0.000000	0.000000	0.000000	0.000000	0.000000	0.000000	0.000000	0.000000	0	0.000000	0	0	0.000000	-0.000000	0.000000	0.000000	0.000000	0.000000	0.000000	0.000000	4.936542	0.271510	0.000000
D:	2316.20	-7.826542	68.168024	-0.000192	0.000192	0.000192	-0.000192	68.168024	0.095457	-1.500000	0.018535	69.668024	0.018000	0.018535	-3.797747	-0.607506	0.000000	0.000000	0.000000	0.000000	0.000000	0.000000	0.000000	0.000000	0.000000	0	0.000000	0	0	0.000000	-0.000000	0.000000	0.000000	0.000000	0.000000	0.000000	0.000000	4.936542	0.271510	0.000000
D:	2325.14	-7.405223	68.203620	-0.000192	0.000192	0.000192	-0.000192	68.203620	-0.006789	-1.500000	0.091139	69.703620	0.018000	0.091139	-3.810005	-0.979658	0.000000	0.000000	0.000000	0.000000	0.000000	0.000000	0.000000	0.000000	0.000000	0	0.000000	0	0	0.000000	-0.000000	0.000000	0.000000	0.000000	0.000000	0.000000	0.000000	4.515223	0.248337	0.000000
D:	2334.97	-7.405223	68.203620	-0.000192	0.000192	0.000192	-0.000192	68.203620	-0.006789	-1.500000	0.091139	69.703620	0.018000	0.091139	-3.810005	-0.979658	0.000000	0.000000	0.000000	0.000000	0.000000	0.000000	0.000000	0.000000	0.000000	0	0.000000	0	0	0.000000	-0.000000	0.000000	0.000000	0.000000	0.000000	0.000000	0.000000	4.515223	0.248337	0.000000
D:	2344.21	-7.472515	68.170643	-0.000192	0.000192	0.000192	-0.000192	68.170643	0.065406	-1.500000	-0.002798	69.670643	0.020000	-0.002798	-3.798231	-0.893500	0.000000	0.000000	0.000000	0.000000	0.000000	0.000000	0.000000	0.000000	0.000000	0	0.000000	0	0	0.000000	-0.000000	0.000000	0.000000	0.000000	0.000000	0.000000	0.000000	4.582515	0.252038	0.000000
D:	2354.53	-7.472515	68.170643	-0.000192	0.000192	0.000192	-0.000192	68.170643	0.065406	-1.500000	-0.002798	69.670643	0.020000	-0.002798	-3.798231	-0.893500	0.000000	0.000000	0.000000	0.000000	0.000000	0.000000	0.000000	0.000000	0.000000	0	0.000000	0	0	0.000000	-0.000000	0.000000	0.000000	0.000000	0.000000	0.000000	0.000000	4.582515	0.252038	0.000000
D:	2364.34	-7.605737	68.182965	-0.000192	0.000192	0.000192	-0.000192	68.182965	-0.014240	-1.500000	0.062144	69.682965	0.019000	0.062144	-3.802554	-0.753670	0.000000	0.000000	0.000000	0.000000	0.000000	0.000000	0.000000	0.000000	0.000000	0	0.000000	0	0	0.000000	-0.000000	0.000000	0.000000	0.000000	0.000000	0.000000	0.000000	4.715737	0.259366	0.000000
D:	2373.50	-7.605737	68.182965	-0.000192	0.000192	0.000192	-0.000192	68.182965	-0.014240	-1.500000	0.062144	69.682965	0.019000	0.062144	-3.802554	-0.753670	0.000000	0.000000	0.000000	0.000000	0.000000	0.000000	0.000000	0.000000	0.000000	0	0.000000	0	0	0.000000	-0.000000	0.000000	0.000000	0.000000	0.000000	0.000000	0.000000	4.715737	0.259366	0.000000
D:	2382.48	-7.605737	68.182965	-0.000192	0.000192	0.000192	-0.000192	68.144052	0.078790	-1.500000	-0.009953	69.644052	0.019000	-0.009953	-3.788713	-0.510878	0.000000	0.000000	0.000000	0.000000	0.000000	0.000000	0.000000	0.000000	0.000000	0	0.000000	0	0	0.000000	-0.000000	0.000000	0.000000	0.000000	0.000000	0.000000	0.000000	4.961904	0.272905	0.000000
D:	2391.58	-7.851904	68.144052	-0.000192	0.000192	0.000192	-0.000192	68.144052	0.078790	-1.500000	-0.009953	69.644052	0.018000	-0.009953	-3.788713	-0.510878	0.000000	0.000000	0.000000	0.000000	0.000000	0.000000	0.000000	0.000000	0.000000	0	0.000000	0	0	0.000000	-0.000000	0.000000	0.000000	0.000000	0.000000	0.000000	0.000000	4.961904	0.272905	0.000000
D:	2401.44	-7.851904	68.144052	-0.000192	0.000192	0.000192	-0.000192	68.172682	0.042550	-1.500000	0.073808	69.672682	0.018000	0.073808	-3.798275	-0.544127	0.000000	0.000000	0.000000	0.000000	0.000000	0.000000	0.000000	0.000000	0.000000	0	0.000000	0	0	0.000000	-0.000000	0.000000	0.000000	0.000000	0.000000	0.000000	0.000000	4.911182	0.270115	0.000000
D:	2411.42	-7.801183	68.172682	-0.000192	0.000192	0.000192	-0.000192	68.172682	0.042550	-1.500000	0.073808	69.672682	0.018000	0.073808	-3.798275	-0.544127	0.000000	0.000000	0.000000	0.000000	0.000000	0.000000	0.000000	0.000000	0.000000	0	0.000000	0	0	0.000000	-0.000000	0.000000	0.000000	0.000000	0.000000	0.000000	0.000000	4.911182	0.270115	0.000000
D:	2420.73	-7.801183	68.172682	-0.000192	0.000192	0.000192	-0.000192	68.172682	0.042550	-1.500000	0.044045	69.630615	0.018000	0.044045	-3.798275	-0.534921	0.000000	0.000000	0.000000	0.000000	0.000000	0.000000	0.000000	0.000000	0.000000	0	0.000000	0	0	0.000000	-0.000000	0.000000	0.000000	0.000000	0.000000	0.000000	0.000000	4.908721	0.269980	0.000000
D:	2429.70	-7.798721	68.130615	-0.000192	0.000192	0.000192	-0.000192	68.130615	-0.055498	-1.500000	0.044045	69.630615	0.019000	0.044045	-3.784196	-0.534921	0.000000	0.000000	0.000000	0.000000	0.000000	0.000000	0.000000	0.000000	0.000000	0	0.000000	0	0	0.000000	-0.000000	0.000000	0.000000	0.000000	0.000000	0.000000	0.000000	4.908721	0.269980	0.000000
D:	2439.18	-7.798721	68.130615	-0.000192	0.000192	0.000192	-0.000192	68.130615	-0.055498	-1.500000	0.044045	69.630615	0.019000	0.044045	-3.784196	-0.946426	0.000000	0.000000	0.000000	0.000000	0.000000	0.000000	0.000000	0.000000	0.000000	0	0.000000	0	0	0.000000	-0.000000	0.000000	0.000000	0.000000	0.000000	0.000000	0.000000	4.908721	0.269980	0.000000
D:	2448.25	-7.331368	68.140085	-0.000192	0.000192	0.000192	-0.000192	68.140085	0.069437	-1.500000	-0.050737	69.640085	0.019000	-0.050737	-3.786994	-0.946426	0.000000	0.000000	0.000000	0.000000	0.000000	0.000000	0.000000	0.000000	0.000000	0	0.000000	0	0	0.000000	-0.000000	0.000000	0.000000	0.000000	0.000000	0.000000	0.000000	4.441368	0.244275	0.000000
D:	2458.03	-7.331368	68.140085	-0.000192	0.000192	0.000192	-0.000192	68.140085	0.069437	-1.500000	-0.050737	69.640085	0.019000	-0.050737	-3.786994	-0.655526	0.000000	0.000000	0.000000	0.000000	0.000000	0.000000	0.000000	0.000000	0.000000	0	0.000000	0	0	0.000000	-0.000000	0.000000	0.000000	0.000000	0.000000	0.000000	0.000000	4.441368	0.244275	0.000000
D:	2467.88	-7.629529	68.098467	-0.000192	0.000192	0.000192	-0.000192	68.098467	0.047230	-1.500000	0.062691	69.598467	0.018000	0.062691	-3.772421	-0.655526	0.000000	0.000000	0.000000	0.000000	0.000000	0.000000	0.000000	0.000000	0.000000	0	0.000000	0	0	0.000000	-0.000000	0.000000	0.000000	0.000000	0.000000	0.000000	0.000000	4.739529	0.260674	0.000000
D:	2478.30	-7.629529	68.098467	-0.000192	0.000192	0.000192	-0.000192	68.098467	0.047230	-1.500000	0.062691	69.598467	0.018000	0.062691	-3.772421	-0.486869	0.000000	0.000000	0.000000	0.000000	0.000000	0.000000	0.000000	0.000000	0.000000	0	0.000000	0	0	0.000000	-0.000000	0.000000	0.000000	0.000000	0.000000	0.000000	0.000000	4.739529	0.260674	0.000000
D:	2489.33	-7.800400	68.098328	-0.000192	0.000192	0.000192	-0.000192	68.098328	-0.044148	-1.500000	0.048098	69.598328	0.018000	0.048098	-3.772646	-0.486869	0.000000	0.000000	0.000000	0.000000	0.000000	0.000000	0.000000	0.000000	0.000000	0	0.000000	0	0	0.000000	-0.000000	0.000000	0.000000	0.000000	0.000000	0.000000	0.000000	4.910399	0.270072	0.000000
D:	2501.30	-7.800400	68.098328	-0.000192	0.000192	0.000192	-0.000192	68.096021	-0.029490	-1.500000	-0.038970	69.596021	0.018000	-0.038970	-3.772036	-0.431549	0.000000	0.000000	0.000000	0.000000	0.000000	0.000000	0.000000	0.000000	0.000000	0	0.000000	0	0	0.000000	-0.000000	0.000000	0.000000	0.000000	0.000000	0.000000	0.000000	4.956552	0.272610	0.000000
D:	2512.96	-7.846551	68.096021	-0.000192	0.000192	0.000192	-0.000192	68.096021	-0.029490	-1.500000	-0.038970	69.596021	0.018000	-0.038970	-3.772036	-0.431549	0.000000	0.000000	0.000000	0.000000	0.000000	0.000000	0.000000	0.000000	0.000000	0	0.000000	0	0	0.000000	-0.000000	0.000000	0.000000	0.000000	0.000000	0.000000	0.000000	4.956552	0.272610	0.000000
D:	2524.54	-8.213736	68.096021	-0.000192	0.000192	0.000192	-0.000192	68.089186	0.082132	-1.500000	-0.029944	69.589186	0.018000	-0.029944	-3.769154	-0.084092	0.000000	0.000000	0.000000	0.000000	0.000000	0.000000	0.000000	0.000000	0.000000	0	0.000000	0	0	0.000000	-0.000000	0.000000	0.000000	0.000000	0.000000	0.000000	0.000000	5.323736	0.292805	0.000000
D:	2535.36	-8.213736	68.089186	-0.000192	0.000192	0.000192	-0.000192	68.089186	0.082132	-1.500000	-0.029944	69.589186	0.019000	-0.029944	-3.769154	-0.084092	0.000000	0.000000	0.000000	0.000000	0.000000	0.000000	0.000000	0.000000	0.000000	0	0.000000	0	0	0.000000	-0.000000	0.000000	0.000000	0.000000	0.000000	0.000000	0.000000	5.323736	0.292805	0.000000
D:	2544.76	-8.213736	68.089186	-0.000192	0.000192	0.000192	-0.000192	68.074811	-0.014316	-1.500000	0.075840	69.574811	0.019000	0.075840	-3.764310	-0.473030	0.000000	0.000000	0.000000	0.000000	0.000000	0.000000	0.000000	0.000000	0.000000	0	0.000000	0	0	0.000000	-0.000000	0.000000	0.000000	0.000000	0.000000	0.000000	0.000000	4.893081	0.269119	0.000000
D:	2553.62	-7.783081	68.074811	-0.000192	0.000192	0.000192	-0.000192	68.074811	-0.014316	-1.500000	0.075840	69.574811	0.018000	0.075840	-3.764310	-0.473030	0.000000	0.000000	0.000000	0.000000	0.000000	0.000000	0.000000	0.000000	0.000000	0	0.000000	0	0	0.000000	-0.000000	0.000000	0.000000	0.000000	0.000000	0.000000	0.000000	4.893081	0.269119	0.000000
D:	2562.69	-7.783081	68.074811	-0.000192	0.000192	0.000192	-0.000192	68.062464	0.057428	-1.500000	-0.009255	69.562464	0.018000	-0.009255	-3.759718	-0.952191	0.000000	0.000000	0.000000	0.000000	0.000000	0.000000	0.000000	0.000000	0.000000	0	0.000000	0	0	0.000000	-0.000000	0.000000	0.000000	0.000000	0.000000	0.000000	0.000000	4.358554	0.239720	0.000000
D:	2571.75	-7.248554	68.062464	-0.000192	0.000192	0.000192	-0.000192	68.062464	0.057428	-1.500000	-0.009255	69.562464	0.018000	-0.009255	-3.759718	-0.952191	0.000000	0.000000	0.000000	0.000000	0.000000	0.000000	0.000000	0.000000	0.000000	0	0.000000	0	0	0.000000	-0.000000	0.000000	0.000000	0.000000	0.000000	0.000000	0.000000	4.358554	0.239720	0.000000
D:	2580.94	-7.248554	68.062464	-0.000192	0.000192	0.000192	-0.000192	68.062464	0.057428	-1.500000	-0.009255	69.562464	0.018000	-0.009255	-3.759718	-1.042242	0.000000	0.000000	0.000000	0.000000	0.000000	0.000000	0.000000	0.000000	0.000000	0	0.000000	0	0	0.000000	-0.000000	0.000000	0.000000	0.000000	0.000000	0.000000	0.000000	4.238957	0.233143	0.000000
D:	2589.81	-7.128957	68.064774	-0.000192	0.000192	0.000192	-0.000192	68.064774	-0.086284	-1.500000	0.053685	69.564774	0.018000	0.053685	-3.761044	-1.042242	0.000000	0.000000	0.000000	0.000000	0.000000	0.000000	0.000000	0.000000	0.000000	0	0.000000	0	0	0.000000	-0.000000	0.000000	0.000000	0.000000	0.000000	0.000000	0.000000	4.238957	0.233143	0.000000
D:	2598.24	-7.128957	68.064774	-0.000192	0.000192	0.000192	-0.000192	68.064774	-0.086284	-1.500000	0.053685	69.564774	0.018000	0.053685	-3.761044	-1.042242	0.000000	0.000000	0.000000	0.000000	0.000000	0.000000	0.000000	0.000000	0.000000	0	0.000000	0	0	0.000000	-0.000000	0.000000	0.000000	0.000000	0.000000	0.000000	0.000000	4.238957	0.233143	0.000000
D:	2606.51	-7.112235	68.051517	-0.000192	0.000192	0.000192	-0.000192	68.051517	-0.029573	-1.500000	-0.079589	69.551517	0.019000	-0.079589	-3.756686	-1.031850	0.000000	0.000000	0.000000	0.000000	0.000000	0.000000	0.000000	0.000000	0.000000	0	0.000000	0	0	0.000000	-0.000000	0.000000	0.000000	0.000000	0.000000	0.000000	0.000000	4.222235	0.232223	0.000000
D:	2614.54	-7.112235	68.051517	-0.000192	0.000192	0.000192	-0.000192	68.051517	-0.029573	-1.500000	-0.079589	69.551517	0.019000	-0.079589	-3.756686	-1.031850	0.000000	0.000000	0.000000	0.000000	0.000000	0.000000	0.000000	0.000000	0.000000	0	0.000000	0	0	0.000000	-0.000000	0.000000	0.000000	0.000000	0.000000	0.000000	0.000000	4.222235	0.232223	0.000000
D:	2622.64	-7.112235	68.051517	-0.000192	0.000192	0.000192	-0.000192	68.051517	-0.029573	-1.500000	-0.032381	69.519220	0.019000	-0.032381	-3.756686	-0.736195	0.000000	0.000000	0.000000	0.000000	0.000000	0.000000	0.000000	0.000000	0.000000	0	0.000000	0	0	0.000000	-0.000000	0.000000	0.000000	0.000000	0.000000	0.000000	0.000000	4.522797	0.248754	0.000000
D:	2630.94	-7.412797	68.019220	-0.000192	0.000192	0.000192	-0.000192	68.019220	-0.070753	-1.500000	-0.032381	69.519220	0.018000	-0.032381	-3.746041	-0.736195	0.000000	0.000000	0.000000	0.000000	0.000000	0.000000	0.000000	0.000000	0.000000	0	0.000000	0	0	0.000000	-0.000000	0.000000	0.000000	0.000000	0.000000	0.000000	0.000000	4.522797	0.248754	0.000000
D:	2639.53	-7.412797	68.019220	-0.000192	0.000192	0.000192	-0.000192	68.019220	-0.070753	-1.500000	-0.032381	69.519220	0.018000	-0.032381	-3.746041	-0.736195	0.000000	0.000000	0.000000	0.000000	0.000000	0.000000	0.000000	0.000000	0.000000	0	0.000000	0	0	0.000000	-0.000000	0.000000	0.000000	0.000000	0.000000	0.000000	0.000000	4.522797	0.248754	0.000000
D:	2648.28	-7.706383	68.049624	-0.000192	0.000192	0.000192	-0.000192	68.049624	-0.113057	-1.500000	-0.068599	69.549624	0.018000	-0.068599	-3.757172	-0.453804	0.000000	0.000000	0.000000	0.000000	0.000000	0.000000	0.000000	0.000000	0.000000	0	0.000000	0	0	0.000000	-0.000000	0.000000	0.000000	0.000000	0.000000	0.000000	0.000000	4.816382	0.264901	0.000000
D:	2656.88	-7.706383	68.049624	-0.000192	0.000192	0.000192	-0.000192	68.049624	-0.113057	-1.500000	-0.068599	69.549624	0.018000	-0.068599	-3.757172	-0.453804	0.000000	0.000000	0.000000	0.000000	0.000000	0.000000	0.000000	0.000000	0.000000	0	0.000000	0	0	0.000000	-0.000000	0.000000	0.000000	0.000000	0.000000	0.000000	0.000000	4.816382	0.264901	0.000000
D:	2666.07	-7.706383	68.049624	-0.000192	0.000192	0.000192	-0.000192	68.074640	0.085837	-1.500000	-0.110561	69.574640	0.018000	-0.110561	-3.765226	-0.511121	0.000000	0.000000	0.000000	0.000000	0.000000	0.000000	0.000000	0.000000	0.000000	0	0.000000	0	0	0.000000	-0.000000	0.000000	0.000000	0.000000	0.000000	0.000000	0.000000	4.744533	0.260949	0.000000
D:	2675.63	-7.634533	68.074640	-0.000192	0.000192	0.000192	-0.000192	68.074640	0.085837	-1.500000	-0.110561	69.574640	0.018000	-0.110561	-3.765226	-0.511121	0.000000	0.000000	0.000000	0.000000	0.000000	0.000000	0.000000	0.000000	0.000000	0	0.000000	0	0	0.000000	-0.000000	0.000000	0.000000	0.000000	0.000000	0.000000	0.000000	4.744533	0.260949	0.000000
D:	2683.67	-7.634533	68.074640	-0.000192	0.000192	0.000192	-0.000192	68.074640	0.085837	-1.500000	0.076442	69.499491	0.018000	0.076442	-3.765226	-0.572263	0.000000	0.000000	0.000000	0.000000	0.000000	0.000000	0.000000	0.000000	0.000000	0	0.000000	0	0	0.000000	-0.000000	0.000000	0.000000	0.000000	0.000000	0.000000	0.000000	4.663713	0.256504	0.000000
D:	2691.56	-7.553713	67.999491	-0.000192	0.000192	0.000192	-0.000192	67.999491	-0.213377	-1.500000	0.076442	69.499491	0.019000	0.076442	-3.740821	-0.572263	0.000000	0.000000	0.000000	0.000000	0.000000	0.000000	0.000000	0.000000	0.000000	0	0.000000	0	0	0.000000	-0.000000	0.000000	0.000000	0.000000	0.000000	0.000000	0.000000	4.663713	0.256504	0.000000
D:	2700.11	-7.553713	67.999491	-0.000192	0.000192	0.000192	-0.000192	67.999491	-0.213377	-1.500000	0.076442	69.499491	0.019000	0.076442	-3.740821	-0.572263	0.000000	0.000000	0.000000	0.000000	0.000000	0.000000	0.000000	0.000000	0.000000	0	0.000000	0	0	0.000000	-0.000000	0.000000	0.000000	0.000000	0.000000	0.000000	0.000000	4.663713	0.256504	0.000000
D:	2709.87	-7.360283	68.037883	-0.000192	0.000192	0.000192	-0.000192	68.037883	0.112048	-1.500000	-0.199514	69.537883	0.019000	-0.199514	-3.753269	-0.734816	0.000000	0.000000	0.000000	0.000000	0.000000	0.000000	0.000000	0.000000	0.000000	0	0.000000	0	0	0.000000	-0.000000	0.000000	0.000000	0.000000	0.000000	0.000000	0.000000	4.470283	0.245866	0.000000
D:	2719.27	-7.360283	68.037883	-0.000192	0.000192	0.000192	-0.000192	68.037883	0.112048	-1.500000	-0.199514	69.537883	0.019000	-0.199514	-3.753269	-0.734816	0.000000	0.000000	0.000000	0.000000	0.000000	0.000000	0.000000	0.000000	0.000000	0	0.000000	0	0	0.000000	-0.000000	0.000000	0.000000	0.000000	0.000000	0.000000	0.000000	4.470283	0.245866	0.000000
D:	2728.43	-7.903997	68.030234	-0.000192	0.000192	0.000192	-0.000192	68.030234	-0.073330	-1.500000	0.094559	69.530234	0.018000	0.094559	-3.751097	-0.219676	0.000000	0.000000	0.000000	0.000000	0.000000	0.000000	0.000000	0.000000	0.000000	0	0.000000	0	0	0.000000	-0.000000	0.000000	0.000000	0.000000	0.000000	0.000000	0.000000	5.013998	0.275770	0.000000
D:	2737.88	-7.903997	68.030234	-0.000192	0.000192	0.000192	-0.000192	68.030234	-0.073330	-1.500000	0.094559	69.530234	0.018000	0.094559	-3.751097	-0.219676	0.000000	0.000000	0.000000	0.000000	0.000000	0.000000	0.000000	0.000000	0.000000	0	0.000000	0	0	0.000000	-0.000000	0.000000	0.000000	0.000000	0.000000	0.000000	0.000000	5.013998	0.275770	0.000000
D:	2747.43	-7.883081	68.021304	-0.000192	0.000192	0.000192	-0.000192	68.021304	-0.091099	-1.500000	-0.063906	69.521304	0.018000	-0.063906	-3.748596	-0.233701	0.000000	0.000000	0.000000	0.000000	0.000000	0.000000	0.000000	0.000000	0.000000	0	0.000000	0	0	0.000000	-0.000000	0.000000	0.000000	0.000000	0.000000	0.000000	0.000000	4.993082	0.274619	0.000000
D:	2756.65	-7.883081	68.021304	-0.000192	0.000192	0.000192	-0.000192	68.021304	-0.091099	-1.500000	-0.063906	69.521304	0.018000	-0.063906	-3.748596	-0.233701	0.000000	0.000000	0.000000	0.000000	0.000000	0.000000	0.000000	0.000000	0.000000	0	0.000000	0	0	0.000000	-0.000000	0.000000	0.000000	0.000000	0.000000	0.000000	0.000000	4.993082	0.274619	0.000000
D:	2766.56	-7.883081	68.021304	-0.000192	0.000192	0.000192	-0.000192	68.026624	0.002315	-1.500000	-0.089798	69.526624	0.018000	-0.089798	-3.750407	0.179516	0.000000	0.000000	0.000000	0.000000	0.000000	0.000000	0.000000	0.000000	0.000000	0	0.000000	0	0	0.000000	-0.000000	0.000000	0.000000	0.000000	0.000000	0.000000	0.000000	5.432093	0.298765	0.000000
D:	2776.18	-8.322093	68.026624	-0.000192	0.000192	0.000192	-0.000192	68.026624	0.002315	-1.500000	-0.089798	69.526624	0.019000	-0.089798	-3.750407	0.179516	0.000000	0.000000	0.000000	0.000000	0.000000	0.000000	0.000000	0.000000	0.000000	0	0.000000	0	0	0.000000	-0.000000	0.000000	0.000000	0.000000	0.000000	0.000000	0.000000	5.432093	0.298765	0.000000
D:	2784.78	-8.322093	68.026624	-0.000192	0.000192	0.000192	-0.000192	68.027966	0.071190	-1.500000	-0.002091	69.528478	0.019000	-0.002091	-3.750579	0.061985	0.000000	0.000000	0.000000	0.000000	0.000000	0.000000	0.000000	0.000000	0.000000	0	0.000000	0	0	0.000000	-0.000000	0.000000	0.000000	0.000000	0.000000	0.000000	0.000000	5.302108	0.291616	0.000000
D:	2792.87	-8.192108	68.028478	-0.000192	0.000192	0.000192	-0.000192	68.028478	0.071190	-1.500000	-0.002091	69.528478	0.019000	-0.002091	-3.750579	0.061985	0.000000	0.000000	0.000000	0.000000	0.000000	0.000000	0.000000	0.000000	0.000000	0	0.000000	0	0	0.000000	-0.000000	0.000000	0.000000	0.000000	0.000000	0.000000	0.000000	5.302108	0.291616	0.000000
D:	2800.84	-8.192108	68.028478	-0.000192	0.000192	0.000192	-0.000192	68.028478	0.071190	-1.500000	-0.002091	69.528478	0.019000	-0.002091	-3.750579	0.061985	0.000000	0.000000	0.000000	0.000000	0.000000	0.000000	0.000000	0.000000	0.000000	0	0.000000	0	0	0.000000	-0.000000	0.000000	0.000000	0.000000	0.000000	0.000000	0.000000	5.302108	0.291616	0.000000
D:	2809.73	-8.676397	67.984849	-0.000192	0.000192	0.000192	-0.000192	67.984849	-0.095861	-1.500000	0.067076	69.484849	0.018000	0.067076	-3.736200	0.505795	0.000000	0.000000	0.000000	0.000000	0.000000	0.000000	0.000000	0.000000	0.000000	0	0.000000	0	0	0.000000	-0.000000	0.000000	0.000000	0.000000	0.000000	0.000000	0.000000	5.786397	0.318252	0.000000
D:	2820.30	-8.676397	67.984849	-0.000192	0.000192	0.000192	-0.000192	67.984849	-0.095861	-1.500000	0.067076	69.484849	0.018000	0.067076	-3.736200	0.915801	0.000000	0.000000	0.000000	0.000000	0.000000	0.000000	0.000000	0.000000	0.000000	0	0.000000	0	0	0.000000	-0.000000	0.000000	0.000000	0.000000	0.000000	0.000000	0.000000	5.786397	0.318252	0.000000
D:	2831.43	-9.129287	67.993328	-0.000192	0.000192	0.000192	-0.000192	67.993328	-0.084794	-1.500000	-0.086715	69.493328	0.018000	-0.086715	-3.739633	0.915801	0.000000	0.000000	0.000000	0.000000	0.000000	0.000000	0.000000	0.000000	0.000000	0	0.000000	0	0	0.000000	-0.000000	0.000000	0.000000	0.000000	0.000000	0.000000	0.000000	6.239287	0.343161	0.000000
D:	2842.81	-9.129287	67.993328	-0.000192	0.000192	0.000192	-0.000192	67.993328	-0.084794	-1.500000	-0.084886	69.477288	0.018000	-0.084886	-3.739633	0.687288	0.000000	0.000000	0.000000	0.000000	0.000000	0.000000	0.000000	0.000000	0.000000	0	0.000000	0	0	0.000000	-0.000000	0.000000	0.000000	0.000000	0.000000	0.000000	0.000000	6.005026	0.330276	0.000000
D:	2854.33	-8.895026	67.977288	-0.000192	0.000192	0.000192	-0.000192	67.977288	0.008879	-1.500000	-0.084886	69.477288	0.019000	-0.084886	-3.734069	0.687288	0.000000	0.000000	0.000000	0.000000	0.000000	0.000000	0.000000	0.000000	0.000000	0	0.000000	0	0	0.000000	-0.000000	0.000000	0.000000	0.000000	0.000000	0.000000	0.000000	6.005026	0.330276	0.000000
D:	2866.98	-8.895026	67.977288	-0.000192	0.000192	0.000192	-0.000192	67.964162	-0.063913	-1.500000	0.004393	69.464162	0.019000	0.004393	-3.729980	0.801728	0.000000	0.000000	0.000000	0.000000	0.000000	0.000000	0.000000	0.000000	0.000000	0	0.000000	0	0	0.000000	-0.000000	0.000000	0.000000	0.000000	0.000000	0.000000	0.000000	6.136649	0.337516	0.000000
D:	2878.96	-9.026649	67.964162	-0.000192	0.000192	0.000192	-0.000192	67.964162	-0.063913	-1.500000	0.004393	69.464162	0.019000	0.004393	-3.729980	0.801728	0.000000	0.000000	0.000000	0.000000	0.000000	0.000000	0.000000	0.000000	0.000000	0	0.000000	0	0	0.000000	-0.000000	0.000000	0.000000	0.000000	0.000000	0.000000	0.000000	6.136649	0.337516	0.000000
D:	2890.79	-9.080082	67.977896	-0.000192	0.000192	0.000192	-0.000192	67.977896	-0.028490	-1.500000	-0.060078	69.477896	0.018000	-0.060078	-3.734869	0.844245	0.000000	0.000000	0.000000	0.000000	0.000000	0.000000	0.000000	0.000000	0.000000	0	0.000000	0	0	0.000000	-0.000000	0.000000	0.000000	0.000000	0.000000	0.000000	0.000000	6.190082	0.340454	0.000000
D:	2901.23	-9.080082	67.977896	-0.000192	0.000192	0.000192	-0.000192	67.977896	-0.028490	-1.500000	-0.060078	69.477896	0.018000	-0.060078	-3.734869	0.844245	0.000000	0.000000	0.000000	0.000000	0.000000	0.000000	0.000000	0.000000	0.000000	0	0.000000	0	0	0.000000	-0.000000	0.000000	0.000000	0.000000	0.000000	0.000000	0.000000	6.190082	0.340454	0.000000
D:	2910.75	-9.172797	67.948957	-0.000192	0.000192	0.000192	-0.000192	67.948957	-0.038184	-1.500000	-0.030263	69.448957	0.018000	-0.030263	-3.725175	0.917007	0.000000	0.000000	0.000000	0.000000	0.000000	0.000000	0.000000	0.000000	0.000000	0	0.000000	0	0	0.000000	-0.000000	0.000000	0.000000	0.000000	0.000000	0.000000	0.000000	6.282797	0.345554	0.000000
D:	2919.79	-9.172797	67.948957	-0.000192	0.000192	0.000192	-0.000192	67.948957	-0.038184	-1.500000	-0.030263	69.448957	0.018000	-0.030263	-3.725175	0.917007	0.000000	0.000000	0.000000	0.000000	0.000000	0.000000	0.000000	0.000000	0.000000	0	0.000000	0	0	0.000000	-0.000000	0.000000	0.000000	0.000000	0.000000	0.000000	0.000000	6.282797	0.345554	0.000000
D:	2929.54	-8.941338	67.926813	-0.000192	0.000192	0.000192	-0.000192	67.926813	-0.015152	-1.500000	-0.037805	69.426813	0.019000	-0.037805	-3.717672	0.692512	0.000000	0.000000	0.000000	0.000000	0.000000	0.000000	0.000000	0.000000	0.000000	0	0.000000	0	0	0.000000	-0.000000	0.000000	0.000000	0.000000	0.000000	0.000000	0.000000	6.051338	0.332824	0.000000
D:	2940.14	-8.941338	67.926813	-0.000192	0.000192	0.000192	-0.000192	67.926813	-0.015152	-1.500000	-0.037805	69.426813	0.019000	-0.037805	-3.717672	0.692512	0.000000	0.000000	0.000000	0.000000	0.000000	0.000000	0.000000	0.000000	0.000000	0	0.000000	0	0	0.000000	-0.000000	0.000000	0.000000	0.000000	0.000000	0.000000	0.000000	6.051338	0.332824	0.000000
D:	2951.80	-8.809644	67.912999	-0.000192	0.000192	0.000192	-0.000192	67.912999	-0.027349	-1.500000	-0.016236	69.412999	0.019000	-0.016236	-3.713109	0.564498	0.000000	0.000000	0.000000	0.000000	0.000000	0.000000	0.000000	0.000000	0.000000	0	0.000000	0	0	0.000000	-0.000000	0.000000	0.000000	0.000000	0.000000	0.000000	0.000000	5.919644	0.325580	0.000000
D:	2961.56	-8.809644	67.912999	-0.000192	0.000192	0.000192	-0.000192	67.912999	-0.027349	-1.500000	-0.016236	69.412999	0.019000	-0.016236	-3.713109	0.564498	0.000000	0.000000	0.000000	0.000000	0.000000	0.000000	0.000000	0.000000	0.000000	0	0.000000	0	0	0.000000	-0.000000	0.000000	0.000000	0.000000	0.000000	0.000000	0.000000	5.919644	0.325580	0.000000
D:	2972.39	-8.806471	67.908760	-0.000192	0.000192	0.000192	-0.000192	67.908760	0.138281	-1.500000	-0.026725	69.408760	0.018000	-0.026725	-3.710800	0.555935	0.000000	0.000000	0.000000	0.000000	0.000000	0.000000	0.000000	0.000000	0.000000	0	0.000000	0	0	0.000000	-0.000000	0.000000	0.000000	0.000000	0.000000	0.000000	0.000000	5.916471	0.325406	0.000000
D:	2981.49	-8.806471	67.908760	-0.000192	0.000192	0.000192	-0.000192	67.908760	0.138281	-1.500000	-0.026725	69.408760	0.018000	-0.026725	-3.710800	0.555935	0.000000	0.000000	0.000000	0.000000	0.000000	0.000000	0.000000	0.000000	0.000000	0	0.000000	0	0	0.000000	-0.000000	0.000000	0.000000	0.000000	0.000000	0.000000	0.000000	5.916471	0.325406	0.000000
D:	2990.38	-8.117478	67.940619	-0.000192	0.000192	0.000192	-0.000192	67.940619	0.026909	-1.500000	0.129018	69.440619	0.018000	0.129018	-3.721566	-0.078703	0.000000	0.000000	0.000000	0.000000	0.000000	0.000000	0.000000	0.000000	0.000000	0	0.000000	0	0	0.000000	-0.000000	0.000000	0.000000	0.000000	0.000000	0.000000	0.000000	5.227478	0.287511	0.000000
D:	2999.29	-8.117478	67.940619	-0.000192	0.000192	0.000192	-0.000192	67.940619	0.026909	-1.500000	0.129018	69.440619	0.018000	0.129018	-3.721566	-0.078703	0.000000	0.000000	0.000000	0.000000	0.000000	0.000000	0.000000	0.000000	0.000000	0	0.000000	0	0	0.000000	-0.000000	0.000000	0.000000	0.000000	0.000000	0.000000	0.000000	5.227478	0.287511	0.000000
D:	3009.08	-8.117478	67.940619	-0.000192	0.000192	0.000192	-0.000192	67.898245	-0.063557	-1.500000	0.031794	69.398245	0.018000	0.031794	-3.707435	0.134500	0.000000	0.000000	0.000000	0.000000	0.000000	0.000000	0.000000	0.000000	0.000000	0	0.000000	0	0	0.000000	-0.000000	0.000000	0.000000	0.000000	0.000000	0.000000	0.000000	5.456316	0.300097	0.000000
D:	3018.16	-8.346316	67.898245	-0.000192	0.000192	0.000192	-0.000192	67.898245	-0.063557	-1.500000	0.031794	69.398245	0.019000	0.031794	-3.707435	0.134500	0.000000	0.000000	0.000000	0.000000	0.000000	0.000000	0.000000	0.000000	0.000000	0	0.000000	0	0	0.000000	-0.000000	0.000000	0.000000	0.000000	0.000000	0.000000	0.000000	5.456316	0.300097	0.000000
D:	3027.11	-8.346316	67.898245	-0.000192	0.000192	0.000192	-0.000192	67.929461	0.000589	-1.500000	-0.058996	69.429461	0.019000	-0.058996	-3.718146	-0.224202	0.000000	0.000000	0.000000	0.000000	0.000000	0.000000	0.000000	0.000000	0.000000	0	0.000000	0	0	0.000000	-0.000000	0.000000	0.000000	0.000000	0.000000	0.000000	0.000000	5.060658	0.278336	0.000000
D:	3036.23	-7.950657	67.929461	-0.000192	0.000192	0.000192	-0.000192	67.929461	0.000589	-1.500000	-0.058996	69.429461	0.019000	-0.058996	-3.718146	-0.224202	0.000000	0.000000	0.000000	0.000000	0.000000	0.000000	0.000000	0.000000	0.000000	0	0.000000	0	0	0.000000	-0.000000	0.000000	0.000000	0.000000	0.000000	0.000000	0.000000	5.060658	0.278336	0.000000
D:	3045.31	-7.950657	67.929461	-0.000192	0.000192	0.000192	-0.000192	67.929461	0.000589	-1.500000	-0.002756	69.419280	0.019000	-0.002756	-3.718146	0.020976	0.000000	0.000000	0.000000	0.000000	0.000000	0.000000	0.000000	0.000000	0.000000	0	0.000000	0	0	0.000000	-0.000000	0.000000	0.000000	0.000000	0.000000	0.000000	0.000000	5.320366	0.292620	0.000000
D:	3055.74	-8.210366	67.919280	-0.000192	0.000192	0.000192	-0.000192	67.919280	-0.071167	-1.500000	-0.002756	69.419280	0.018000	-0.002756	-3.715093	0.020976	0.000000	0.000000	0.000000	0.000000	0.000000	0.000000	0.000000	0.000000	0.000000	0	0.000000	0	0	0.000000	-0.000000	0.000000	0.000000	0.000000	0.000000	0.000000	0.000000	5.320366	0.292620	0.000000
D:	3066.56	-8.210366	67.919280	-0.000192	0.000192	0.000192	-0.000192	67.874978	-0.063078	-1.500000	-0.067327	69.374978	0.018000	-0.067327	-3.700280	-0.467638	0.000000	0.000000	0.000000	0.000000	0.000000	0.000000	0.000000	0.000000	0.000000	0	0.000000	0	0	0.000000	-0.000000	0.000000	0.000000	0.000000	0.000000	0.000000	0.000000	4.783616	0.263099	0.000000
D:	3076.37	-7.673616	67.874978	-0.000192	0.000192	0.000192	-0.000192	67.874978	-0.063078	-1.500000	-0.067327	69.374978	0.018000	-0.067327	-3.700280	-0.467638	0.000000	0.000000	0.000000	0.000000	0.000000	0.000000	0.000000	0.000000	0.000000	0	0.000000	0	0	0.000000	-0.000000	0.000000	0.000000	0.000000	0.000000	0.000000	0.000000	4.783616	0.263099	0.000000
D:	3085.41	-7.673616	67.874978	-0.000192	0.000192	0.000192	-0.000192	67.874978	-0.063078	-1.500000	-0.067327	69.374978	0.018000	-0.067327	-3.700280	-0.298198	0.000000	0.000000	0.000000	0.000000	0.000000	0.000000	0.000000	0.000000	0.000000	0	0.000000	0	0	0.000000	-0.000000	0.000000	0.000000	0.000000	0.000000	0.000000	0.000000	4.954449	0.272495	0.000000
D:	3094.48	-7.844449	67.901614	-0.000192	0.000192	0.000192	-0.000192	67.901614	-0.091541	-1.500000	-0.063317	69.401614	0.018000	-0.063317	-3.709986	-0.298198	0.000000	0.000000	0.000000	0.000000	0.000000	0.000000	0.000000	0.000000	0.000000	0	0.000000	0	0	0.000000	-0.000000	0.000000	0.000000	0.000000	0.000000	0.000000	0.000000	4.954449	0.272495	0.000000
D:	3103.18	-7.844449	67.901614	-0.000192	0.000192	0.000192	-0.000192	67.901614	-0.091541	-1.500000	-0.063317	69.401614	0.018000	-0.063317	-3.709986	-0.298198	0.000000	0.000000	0.000000	0.000000	0.000000	0.000000	0.000000	0.000000	0.000000	0	0.000000	0	0	0.000000	-0.000000	0.000000	0.000000	0.000000	0.000000	0.000000	0.000000	4.954449	0.272495	0.000000
D:	3112.17	-7.276390	67.890854	-0.000192	0.000192	0.000192	-0.000192	67.890854	-0.064281	-1.500000	-0.090191	69.390854	0.019000	-0.090191	-3.706711	-0.806850	0.000000	0.000000	0.000000	0.000000	0.000000	0.000000	0.000000	0.000000	0.000000	0	0.000000	0	0	0.000000	-0.000000	0.000000	0.000000	0.000000	0.000000	0.000000	0.000000	4.386390	0.241251	0.000000
D:	3121.19	-7.276390	67.890854	-0.000192	0.000192	0.000192	-0.000192	67.890854	-0.064281	-1.500000	-0.090191	69.390854	0.019000	-0.090191	-3.706711	-0.806850	0.000000	0.000000	0.000000	0.000000	0.000000	0.000000	0.000000	0.000000	0.000000	0	0.000000	0	0	0.000000	-0.000000	0.000000	0.000000	0.000000	0.000000	0.000000	0.000000	4.386390	0.241251	0.000000
D:	3130.58	-7.497417	67.866485	-0.000192	0.000192	0.000192	-0.000192	67.866485	-0.117717	-1.500000	-0.065735	69.366485	0.018000	-0.065735	-3.699076	-0.586102	0.000000	0.000000	0.000000	0.000000	0.000000	0.000000	0.000000	0.000000	0.000000	0	0.000000	0	0	0.000000	-0.000000	0.000000	0.000000	0.000000	0.000000	0.000000	0.000000	4.607417	0.253408	0.000000
D:	3141.19	-7.497417	67.866485	-0.000192	0.000192	0.000192	-0.000192	67.866485	-0.117717	-1.500000	-0.065735	69.366485	0.018000	-0.065735	-3.699076	-0.586102	0.000000	0.000000	0.000000	0.000000	0.000000	0.000000	0.000000	0.000000	0.000000	0	0.000000	0	0	0.000000	-0.000000	0.000000	0.000000	0.000000	0.000000	0.000000	0.000000	4.607417	0.253408	0.000000
D:	3150.70	-7.497417	67.866485	-0.000192	0.000192	0.000192	-0.000192	67.857207	-0.112572	-1.500000	-0.114799	69.357207	0.018000	-0.114799	-3.696588	-0.450582	0.000000	0.000000	0.000000	0.000000	0.000000	0.000000	0.000000	0.000000	0.000000	0	0.000000	0	0	0.000000	-0.000000	0.000000	0.000000	0.000000	0.000000	0.000000	0.000000	4.740860	0.260747	0.000000
D:	3159.68	-7.630860	67.857207	-0.000192	0.000192	0.000192	-0.000192	67.857207	-0.112572	-1.500000	-0.114799	69.357207	0.018000	-0.114799	-3.696588	-0.450582	0.000000	0.000000	0.000000	0.000000	0.000000	0.000000	0.000000	0.000000	0.000000	0	0.000000	0	0	0.000000	-0.000000	0.000000	0.000000	0.000000	0.000000	0.000000	0.000000	4.740860	0.260747	0.000000
D:	3170.40	-7.591595	67.862428	-0.000192	0.000192	0.000192	-0.000192	67.862428	-0.117687	-1.500000	-0.112697	69.362428	0.018000	-0.112697	-3.699107	-0.474710	0.000000	0.000000	0.000000	0.000000	0.000000	0.000000	0.000000	0.000000	0.000000	0	0.000000	0	0	0.000000	-0.000000	0.000000	0.000000	0.000000	0.000000	0.000000	0.000000	4.701595	0.258588	0.000000
D:	3182.58	-7.591595	67.862428	-0.000192	0.000192	0.000192	-0.000192	67.862428	-0.117687	-1.500000	-0.112697	69.362428	0.018000	-0.112697	-3.699107	-0.474710	0.000000	0.000000	0.000000	0.000000	0.000000	0.000000	0.000000	0.000000	0.000000	0	0.000000	0	0	0.000000	-0.000000	0.000000	0.000000	0.000000	0.000000	0.000000	0.000000	4.701595	0.258588	0.000000
D:	3194.09	-7.689862	67.846788	-0.000192	0.000192	0.000192	-0.000192	67.846788	0.082513	-1.500000	-0.117448	69.346788	0.019000	-0.117448	-3.693200	-0.373660	0.000000	0.000000	0.000000	0.000000	0.000000	0.000000	0.000000	0.000000	0.000000	0	0.000000	0	0	0.000000	-0.000000	0.000000	0.000000	0.000000	0.000000	0.000000	0.000000	4.799861	0.263992	0.000000
D:	3206.38	-7.689862	67.846788	-0.000192	0.000192	0.000192	-0.000192	67.846605	-0.003645	-1.500000	0.072948	69.362582	0.019000	0.072948	-3.698645	-0.407782	0.000000	0.000000	0.000000	0.000000	0.000000	0.000000	0.000000	0.000000	0.000000	0	0.000000	0	0	0.000000	-0.000000	0.000000	0.000000	0.000000	0.000000	0.000000	0.000000	4.752025	0.261361	0.000000
D:	3218.87	-7.642025	67.862582	-0.000192	0.000192	0.000192	-0.000192	67.862582	-0.003645	-1.500000	0.072948	69.362582	0.019000	0.072948	-3.698645	-0.407782	0.000000	0.000000	0.000000	0.000000	0.000000	0.000000	0.000000	0.000000	0.000000	0	0.000000	0	0	0.000000	-0.000000	0.000000	0.000000	0.000000	0.000000	0.000000	0.000000	4.752025	0.261361	0.000000
D:	3229.39	-7.642025	67.862582	-0.000192	0.000192	0.000192	-0.000192	67.862974	-0.193157	-1.500000	0.000655	69.362974	0.019000	0.000655	-3.699973	-0.064214	0.000000	0.000000	0.000000	0.000000	0.000000	0.000000	0.000000	0.000000	0.000000	0	0.000000	0	0	0.000000	-0.000000	0.000000	0.000000	0.000000	0.000000	0.000000	0.000000	5.117200	0.281446	0.000000
D:	3238.18	-8.007200	67.862974	-0.000192	0.000192	0.000192	-0.000192	67.862974	-0.193157	-1.500000	0.000655	69.362974	0.018000	0.000655	-3.699973	-0.064214	0.000000	0.000000	0.000000	0.000000	0.000000	0.000000	0.000000	0.000000	0.000000	0	0.000000	0	0	0.000000	-0.000000	0.000000	0.000000	0.000000	0.000000	0.000000	0.000000	5.117200	0.281446	0.000000
D:	3246.95	-8.007200	67.862974	-0.000192	0.000192	0.000192	-0.000192	67.862974	-0.193157	-1.500000	0.000655	69.362974	0.018000	0.000655	-3.699973	0.069546	0.000000	0.000000	0.000000	0.000000	0.000000	0.000000	0.000000	0.000000	0.000000	0	0.000000	0	0	0.000000	-0.000000	0.000000	0.000000	0.000000	0.000000	0.000000	0.000000	5.117200	0.281446	0.000000
D:	3255.25	-8.151675	67.815383	-0.000192	0.000192	0.000192	-0.000192	67.815383	-0.041293	-1.500000	-0.182277	69.315383	0.018000	-0.182277	-3.683898	0.069546	0.000000	0.000000	0.000000	0.000000	0.000000	0.000000	0.000000	0.000000	0.000000	0	0.000000	0	0	0.000000	-0.000000	0.000000	0.000000	0.000000	0.000000	0.000000	0.000000	5.261674	0.289392	0.000000
D:	3263.85	-8.151675	67.815383	-0.000192	0.000192	0.000192	-0.000192	67.815383	-0.041293	-1.500000	-0.182277	69.315383	0.018000	-0.182277	-3.683898	0.069546	0.000000	0.000000	0.000000	0.000000	0.000000	0.000000	0.000000	0.000000	0.000000	0	0.000000	0	0	0.000000	-0.000000	0.000000	0.000000	0.000000	0.000000	0.000000	0.000000	5.261674	0.289392	0.000000
D:	3272.98	-7.556640	67.827166	-0.000192	0.000192	0.000192	-0.000192	67.827166	0.023666	-1.500000	-0.048037	69.327166	0.019000	-0.048037	-3.687788	-0.472005	0.000000	0.000000	0.000000	0.000000	0.000000	0.000000	0.000000	0.000000	0.000000	0	0.000000	0	0	0.000000	-0.000000	0.000000	0.000000	0.000000	0.000000	0.000000	0.000000	4.666639	0.256665	0.000000
D:	3282.06	-7.556640	67.827166	-0.000192	0.000192	0.000192	-0.000192	67.827166	0.023666	-1.500000	-0.048037	69.327166	0.019000	-0.048037	-3.687788	-0.472005	0.000000	0.000000	0.000000	0.000000	0.000000	0.000000	0.000000	0.000000	0.000000	0	0.000000	0	0	0.000000	-0.000000	0.000000	0.000000	0.000000	0.000000	0.000000	0.000000	4.666639	0.256665	0.000000
D:	3291.49	-7.556640	67.827166	-0.000192	0.000192	0.000192	-0.000192	67.793143	-0.056348	-1.500000	0.020236	69.293143	0.019000	0.020236	-3.676477	0.038635	0.000000	0.000000	0.000000	0.000000	0.000000	0.000000	0.000000	0.000000	0.000000	0	0.000000	0	0	0.000000	-0.000000	0.000000	0.000000	0.000000	0.000000	0.000000	0.000000	5.213621	0.286749	0.000000
D:	3300.58	-8.103621	67.793143	-0.000192	0.000192	0.000192	-0.000192	67.793143	-0.056348	-1.500000	0.020236	69.293143	0.019000	0.020236	-3.676477	0.038635	0.000000	0.000000	0.000000	0.000000	0.000000	0.000000	0.000000	0.000000	0.000000	0	0.000000	0	0	0.000000	-0.000000	0.000000	0.000000	0.000000	0.000000	0.000000	0.000000	5.213621	0.286749	0.000000
D:	3309.29	-8.103621	67.793143	-0.000192	0.000192	0.000192	-0.000192	67.766538	-0.042315	-1.500000	-0.052049	69.266538	0.019000	-0.052049	-3.667609	-0.051068	0.000000	0.000000	0.000000	0.000000	0.000000	0.000000	0.000000	0.000000	0.000000	0	0.000000	0	0	0.000000	-0.000000	0.000000	0.000000	0.000000	0.000000	0.000000	0.000000	5.114174	0.281280	0.000000
D:	3319.19	-8.004174	67.766538	-0.000192	0.000192	0.000192	-0.000192	67.766538	-0.042315	-1.500000	-0.052049	69.266538	0.018000	-0.052049	-3.667609	-0.051068	0.000000	0.000000	0.000000	0.000000	0.000000	0.000000	0.000000	0.000000	0.000000	0	0.000000	0	0	0.000000	-0.000000	0.000000	0.000000	0.000000	0.000000	0.000000	0.000000	5.114174	0.281280	0.000000
D:	3329.69	-8.004174	67.766538	-0.000192	0.000192	0.000192	-0.000192	67.795477	-0.062533	-1.500000	-0.042861	69.295477	0.018000	-0.042861	-3.677925	-0.064130	0.000000	0.000000	0.000000	0.000000	0.000000	0.000000	0.000000	0.000000	0.000000	0	0.000000	0	0	0.000000	-0.000000	0.000000	0.000000	0.000000	0.000000	0.000000	0.000000	5.095421	0.280248	0.000000
D:	3340.11	-7.985421	67.795477	-0.000192	0.000192	0.000192	-0.000192	67.795477	-0.062533	-1.500000	-0.042861	69.295477	0.018000	-0.042861	-3.677925	-0.064130	0.000000	0.000000	0.000000	0.000000	0.000000	0.000000	0.000000	0.000000	0.000000	0	0.000000	0	0	0.000000	-0.000000	0.000000	0.000000	0.000000	0.000000	0.000000	0.000000	5.095421	0.280248	0.000000
D:	3351.02	-7.985421	67.795477	-0.000192	0.000192	0.000192	-0.000192	67.764718	-0.110538	-1.500000	-0.061592	69.264718	0.018000	-0.061592	-3.668088	-0.123392	0.000000	0.000000	0.000000	0.000000	0.000000	0.000000	0.000000	0.000000	0.000000	0	0.000000	0	0	0.000000	-0.000000	0.000000	0.000000	0.000000	0.000000	0.000000	0.000000	5.025001	0.276375	0.000000
D:	3361.33	-7.915001	67.764718	-0.000192	0.000192	0.000192	-0.000192	67.764718	-0.110538	-1.500000	-0.061592	69.264718	0.019000	-0.061592	-3.668088	-0.123392	0.000000	0.000000	0.000000	0.000000	0.000000	0.000000	0.000000	0.000000	0.000000	0	0.000000	0	0	0.000000	-0.000000	0.000000	0.000000	0.000000	0.000000	0.000000	0.000000	5.025001	0.276375	0.000000
D:	3372.06	-7.915001	67.764718	-0.000192	0.000192	0.000192	-0.000192	67.758336	-0.066493	-1.500000	-0.108196	69.258336	0.019000	-0.108196	-3.666331	0.262435	0.000000	0.000000	0.000000	0.000000	0.000000	0.000000	0.000000	0.000000	0.000000	0	0.000000	0	0	0.000000	-0.000000	0.000000	0.000000	0.000000	0.000000	0.000000	0.000000	5.437265	0.299050	0.000000
D:	3381.88	-8.327265	67.758336	-0.000192	0.000192	0.000192	-0.000192	67.758336	-0.066493	-1.500000	-0.108196	69.258336	0.019000	-0.108196	-3.666331	0.262435	0.000000	0.000000	0.000000	0.000000	0.000000	0.000000	0.000000	0.000000	0.000000	0	0.000000	0	0	0.000000	-0.000000	0.000000	0.000000	0.000000	0.000000	0.000000	0.000000	5.437265	0.299050	0.000000
D:	3391.34	-8.327265	67.758336	-0.000192	0.000192	0.000192	-0.000192	67.774694	0.030534	-1.500000	-0.068834	69.274694	0.019000	-0.068834	-3.671756	0.353025	0.000000	0.000000	0.000000	0.000000	0.000000	0.000000	0.000000	0.000000	0.000000	0	0.000000	0	0	0.000000	-0.000000	0.000000	0.000000	0.000000	0.000000	0.000000	0.000000	5.536782	0.304523	0.000000
D:	3401.44	-8.426783	67.774694	-0.000192	0.000192	0.000192	-0.000192	67.774694	0.030534	-1.500000	-0.068834	69.274694	0.018000	-0.068834	-3.671756	0.353025	0.000000	0.000000	0.000000	0.000000	0.000000	0.000000	0.000000	0.000000	0.000000	0	0.000000	0	0	0.000000	-0.000000	0.000000	0.000000	0.000000	0.000000	0.000000	0.000000	5.536782	0.304523	0.000000
D:	3411.47	-8.426783	67.774694	-0.000192	0.000192	0.000192	-0.000192	67.762456	-0.011761	-1.500000	0.024956	69.262456	0.018000	0.024956	-3.667629	0.164830	0.000000	0.000000	0.000000	0.000000	0.000000	0.000000	0.000000	0.000000	0.000000	0	0.000000	0	0	0.000000	-0.000000	0.000000	0.000000	0.000000	0.000000	0.000000	0.000000	5.333663	0.293351	0.000000
D:	3422.22	-8.223663	67.762456	-0.000192	0.000192	0.000192	-0.000192	67.762456	-0.011761	-1.500000	0.024956	69.262456	0.018000	0.024956	-3.667629	0.164830	0.000000	0.000000	0.000000	0.000000	0.000000	0.000000	0.000000	0.000000	0.000000	0	0.000000	0	0	0.000000	-0.000000	0.000000	0.000000	0.000000	0.000000	0.000000	0.000000	5.333663	0.293351	0.000000
D:	3431.92	-8.223663	67.762456	-0.000192	0.000192	0.000192	-0.000192	67.729353	-0.068478	-1.500000	-0.010004	69.229353	0.018000	-0.010004	-3.656713	0.372587	0.000000	0.000000	0.000000	0.000000	0.000000	0.000000	0.000000	0.000000	0.000000	0	0.000000	0	0	0.000000	-0.000000	0.000000	0.000000	0.000000	0.000000	0.000000	0.000000	5.558861	0.305737	0.000000
D:	3441.18	-8.448861	67.729353	-0.000192	0.000192	0.000192	-0.000192	67.729353	-0.068478	-1.500000	-0.010004	69.229353	0.019000	-0.010004	-3.656713	0.372587	0.000000	0.000000	0.000000	0.000000	0.000000	0.000000	0.000000	0.000000	0.000000	0	0.000000	0	0	0.000000	-0.000000	0.000000	0.000000	0.000000	0.000000	0.000000	0.000000	5.558861	0.305737	0.000000
D:	3450.74	-8.448861	67.729353	-0.000192	0.000192	0.000192	-0.000192	67.773917	-0.098342	-1.500000	-0.065681	69.273917	0.019000	-0.065681	-3.672651	0.618763	0.000000	0.000000	0.000000	0.000000	0.000000	0.000000	0.000000	0.000000	0.000000	0	0.000000	0	0	0.000000	-0.000000	0.000000	0.000000	0.000000	0.000000	0.000000	0.000000	5.830693	0.320688	0.000000
D:	3460.80	-8.720694	67.773917	-0.000192	0.000192	0.000192	-0.000192	67.773917	-0.098342	-1.500000	-0.065681	69.273917	0.019000	-0.065681	-3.672651	0.618763	0.000000	0.000000	0.000000	0.000000	0.000000	0.000000	0.000000	0.000000	0.000000	0	0.000000	0	0	0.000000	-0.000000	0.000000	0.000000	0.000000	0.000000	0.000000	0.000000	5.830693	0.320688	0.000000
D:	3471.12	-8.720694	67.773917	-0.000192	0.000192	0.000192	-0.000192	67.812595	-0.092135	-1.500000	-0.096508	69.312595	0.019000	-0.096508	-3.686491	0.961723	0.000000	0.000000	0.000000	0.000000	0.000000	0.000000	0.000000	0.000000	0.000000	0	0.000000	0	0	0.000000	-0.000000	0.000000	0.000000	0.000000	0.000000	0.000000	0.000000	6.211112	0.341611	0.000000
D:	3480.73	-9.101113	67.812595	-0.000192	0.000192	0.000192	-0.000192	67.812595	-0.092135	-1.500000	-0.096508	69.312595	0.018000	-0.096508	-3.686491	0.961723	0.000000	0.000000	0.000000	0.000000	0.000000	0.000000	0.000000	0.000000	0.000000	0	0.000000	0	0	0.000000	-0.000000	0.000000	0.000000	0.000000	0.000000	0.000000	0.000000	6.211112	0.341611	0.000000
D:	3490.67	-9.101113	67.812595	-0.000192	0.000192	0.000192	-0.000192	67.777357	-0.103586	-1.500000	-0.092381	69.277357	0.018000	-0.092381	-3.675040	0.974245	0.000000	0.000000	0.000000	0.000000	0.000000	0.000000	0.000000	0.000000	0.000000	0	0.000000	0	0	0.000000	-0.000000	0.000000	0.000000	0.000000	0.000000	0.000000	0.000000	6.236601	0.343013	0.000000
D:	3500.57	-9.126602	67.777357	-0.000192	0.000192	0.000192	-0.000192	67.777357	-0.103586	-1.500000	-0.092381	69.277357	0.018000	-0.092381	-3.675040	0.974245	0.000000	0.000000	0.000000	0.000000	0.000000	0.000000	0.000000	0.000000	0.000000	0	0.000000	0	0	0.000000	-0.000000	0.000000	0.000000	0.000000	0.000000	0.000000	0.000000	6.236601	0.343013	0.000000
D:	3509.84	-9.126602	67.777357	-0.000192	0.000192	0.000192	-0.000192	67.777357	-0.103586	-1.500000	-0.103050	69.249807	0.018000	-0.103050	-3.675040	0.884433	0.000000	0.000000	0.000000	0.000000	0.000000	0.000000	0.000000	0.000000	0.000000	0	0.000000	0	0	0.000000	-0.000000	0.000000	0.000000	0.000000	0.000000	0.000000	0.000000	6.153702	0.338454	0.000000
D:	3519.81	-9.043702	67.749807	-0.000192	0.000192	0.000192	-0.000192	67.749807	-0.104726	-1.500000	-0.103050	69.249807	0.019000	-0.103050	-3.666267	0.884433	0.000000	0.000000	0.000000	0.000000	0.000000	0.000000	0.000000	0.000000	0.000000	0	0.000000	0	0	0.000000	-0.000000	0.000000	0.000000	0.000000	0.000000	0.000000	0.000000	6.153702	0.338454	0.000000
D:	3529.56	-9.043702	67.749807	-0.000192	0.000192	0.000192	-0.000192	67.749807	-0.104726	-1.500000	-0.103050	69.269453	0.019000	-0.104646	-3.666267	0.968208	0.000000	0.000000	0.000000	0.000000	0.000000	0.000000	0.000000	0.000000	0.000000	0	0.000000	0	0	0.000000	-0.000000	0.000000	0.000000	0.000000	0.000000	0.000000	0.000000	6.255900	0.344075	0.000000
D:	3539.23	-9.145900	67.769453	-0.000192	0.000192	0.000192	-0.000192	67.769453	-0.150437	-1.500000	-0.104646	69.269453	0.019000	-0.104646	-3.673991	0.968208	0.000000	0.000000	0.000000	0.000000	0.000000	0.000000	0.000000	0.000000	0.000000	0	0.000000	0	0	0.000000	-0.000000	0.000000	0.000000	0.000000	0.000000	0.000000	0.000000	6.255900	0.344075	0.000000
D:	3548.70	-9.145900	67.769453	-0.000192	0.000192	0.000192	-0.000192	67.769453	-0.150437	-1.500000	-0.104646	69.269453	0.019000	-0.104646	-3.673991	0.917761	0.000000	0.000000	0.000000	0.000000	0.000000	0.000000	0.000000	0.000000	0.000000	0	0.000000	0	0	0.000000	-0.000000	0.000000	0.000000	0.000000	0.000000	0.000000	0.000000	6.255900	0.344075	0.000000
D:	3558.07	-9.103153	67.769598	-0.000192	0.000192	0.000192	-0.000192	67.769598	-0.028076	-1.500000	-0.147866	69.269598	0.018000	-0.147866	-3.674214	0.917761	0.000000	0.000000	0.000000	0.000000	0.000000	0.000000	0.000000	0.000000	0.000000	0	0.000000	0	0	0.000000	-0.000000	0.000000	0.000000	0.000000	0.000000	0.000000	0.000000	6.213152	0.341723	0.000000
D:	3568.51	-9.103153	67.769598	-0.000192	0.000192	0.000192	-0.000192	67.769598	-0.028076	-1.500000	-0.147866	69.269598	0.018000	-0.147866	-3.674214	0.505040	0.000000	0.000000	0.000000	0.000000	0.000000	0.000000	0.000000	0.000000	0.000000	0	0.000000	0	0	0.000000	-0.000000	0.000000	0.000000	0.000000	0.000000	0.000000	0.000000	6.213152	0.341723	0.000000
D:	3578.94	-8.665660	67.738244	-0.000192	0.000192	0.000192	-0.000192	67.738244	-0.038596	-1.500000	-0.034800	69.238244	0.018000	-0.034800	-3.663694	0.505040	0.000000	0.000000	0.000000	0.000000	0.000000	0.000000	0.000000	0.000000	0.000000	0	0.000000	0	0	0.000000	-0.000000	0.000000	0.000000	0.000000	0.000000	0.000000	0.000000	5.775661	0.317661	0.000000
D:	3589.58	-8.665660	67.738244	-0.000192	0.000192	0.000192	-0.000192	67.738244	-0.038596	-1.500000	-0.034800	69.238244	0.018000	-0.034800	-3.663694	0.469885	0.000000	0.000000	0.000000	0.000000	0.000000	0.000000	0.000000	0.000000	0.000000	0	0.000000	0	0	0.000000	-0.000000	0.000000	0.000000	0.000000	0.000000	0.000000	0.000000	5.739903	0.315695	0.000000
D:	3599.24	-8.629903	67.742227	-0.000192	0.000192	0.000192	-0.000192	67.742227	-0.165975	-1.500000	-0.038383	69.242227	0.018000	-0.038383	-3.666086	0.469885	0.000000	0.000000	0.000000	0.000000	0.000000	0.000000	0.000000	0.000000	0.000000	0	0.000000	0	0	0.000000	-0.000000	0.000000	0.000000	0.000000	0.000000	0.000000	0.000000	5.739903	0.315695	0.000000
D:	3609.24	-8.629903	67.742227	-0.000192	0.000192	0.000192	-0.000192	67.742227	-0.165975	-1.500000	-0.038383	69.242227	0.018000	-0.038383	-3.666086	0.189077	0.000000	0.000000	0.000000	0.000000	0.000000	0.000000	0.000000	0.000000	0.000000	0	0.000000	0	0	0.000000	-0.000000	0.000000	0.000000	0.000000	0.000000	0.000000	0.000000	5.739903	0.315695	0.000000
D:	3618.76	-8.324345	67.763491	-0.000192	0.000192	0.000192	-0.000192	67.763491	-0.066639	-1.500000	-0.159872	69.263491	0.019000	-0.159872	-3.673819	0.189077	0.000000	0.000000	0.000000	0.000000	0.000000	0.000000	0.000000	0.000000	0.000000	0	0.000000	0	0	0.000000	-0.000000	0.000000	0.000000	0.000000	0.000000	0.000000	0.000000	5.434345	0.298889	0.000000
D:	3628.16	-8.324345	67.763491	-0.000192	0.000192	0.000192	-0.000192	67.763491	-0.066639	-1.500000	-0.159872	69.263491	0.019000	-0.159872	-3.673819	0.189077	0.000000	0.000000	0.000000	0.000000	0.000000	0.000000	0.000000	0.000000	0.000000	0	0.000000	0	0	0.000000	-0.000000	0.000000	0.000000	0.000000	0.000000	0.000000	0.000000	5.434345	0.298889	0.000000
D:	3638.48	-8.313170	67.711244	-0.000192	0.000192	0.000192	-0.000192	67.711244	-0.250955	-1.500000	-0.071873	69.211244	0.018000	-0.071873	-3.657442	0.178873	0.000000	0.000000	0.000000	0.000000	0.000000	0.000000	0.000000	0.000000	0.000000	0	0.000000	0	0	0.000000	-0.000000	0.000000	0.000000	0.000000	0.000000	0.000000	0.000000	5.423170	0.298274	0.000000
D:	3648.31	-8.313170	67.711244	-0.000192	0.000192	0.000192	-0.000192	67.711244	-0.250955	-1.500000	-0.071873	69.211244	0.018000	-0.071873	-3.657442	0.178873	0.000000	0.000000	0.000000	0.000000	0.000000	0.000000	0.000000	0.000000	0.000000	0	0.000000	0	0	0.000000	-0.000000	0.000000	0.000000	0.000000	0.000000	0.000000	0.000000	5.423170	0.298274	0.000000
D:	3657.15	-8.044057	67.707485	-0.000192	0.000192	0.000192	-0.000192	67.707485	-0.159655	-1.500000	-0.240902	69.207485	0.018000	-0.240902	-3.657139	-0.069636	0.000000	0.000000	0.000000	0.000000	0.000000	0.000000	0.000000	0.000000	0.000000	0	0.000000	0	0	0.000000	-0.000000	0.000000	0.000000	0.000000	0.000000	0.000000	0.000000	5.154057	0.283473	0.000000
D:	3666.87	-8.044057	67.707485	-0.000192	0.000192	0.000192	-0.000192	67.707485	-0.159655	-1.500000	-0.240902	69.207485	0.018000	-0.240902	-3.657139	-0.069636	0.000000	0.000000	0.000000	0.000000	0.000000	0.000000	0.000000	0.000000	0.000000	0	0.000000	0	0	0.000000	-0.000000	0.000000	0.000000	0.000000	0.000000	0.000000	0.000000	5.154057	0.283473	0.000000
D:	3676.56	-8.272661	67.690278	-0.000192	0.000192	0.000192	-0.000192	67.690278	-0.058329	-1.500000	-0.164216	69.190278	0.018000	-0.164216	-3.651595	0.145774	0.000000	0.000000	0.000000	0.000000	0.000000	0.000000	0.000000	0.000000	0.000000	0	0.000000	0	0	0.000000	-0.000000	0.000000	0.000000	0.000000	0.000000	0.000000	0.000000	5.382660	0.296046	0.000000
D:	3685.25	-8.272661	67.690278	-0.000192	0.000192	0.000192	-0.000192	67.690278	-0.058329	-1.500000	-0.164216	69.190278	0.018000	-0.164216	-3.651595	0.145774	0.000000	0.000000	0.000000	0.000000	0.000000	0.000000	0.000000	0.000000	0.000000	0	0.000000	0	0	0.000000	-0.000000	0.000000	0.000000	0.000000	0.000000	0.000000	0.000000	5.382660	0.296046	0.000000
D:	3694.01	-8.272661	67.690278	-0.000192	0.000192	0.000192	-0.000192	67.714071	0.041172	-1.500000	-0.063394	69.214071	0.018000	-0.063394	-3.659493	-0.122101	0.000000	0.000000	0.000000	0.000000	0.000000	0.000000	0.000000	0.000000	0.000000	0	0.000000	0	0	0.000000	-0.000000	0.000000	0.000000	0.000000	0.000000	0.000000	0.000000	5.086114	0.279736	0.000000
D:	3703.00	-7.976115	67.714071	-0.000192	0.000192	0.000192	-0.000192	67.714071	0.041172	-1.500000	-0.063394	69.214071	0.019000	-0.063394	-3.659493	-0.122101	0.000000	0.000000	0.000000	0.000000	0.000000	0.000000	0.000000	0.000000	0.000000	0	0.000000	0	0	0.000000	-0.000000	0.000000	0.000000	0.000000	0.000000	0.000000	0.000000	5.086114	0.279736	0.000000
D:	3711.95	-7.976115	67.714071	-0.000192	0.000192	0.000192	-0.000192	67.714071	0.041172	-1.500000	0.035303	69.237572	0.019000	0.035303	-3.659493	-0.110246	0.000000	0.000000	0.000000	0.000000	0.000000	0.000000	0.000000	0.000000	0.000000	0	0.000000	0	0	0.000000	-0.000000	0.000000	0.000000	0.000000	0.000000	0.000000	0.000000	5.091502	0.280033	0.000000
D:	3720.70	-7.981502	67.737572	-0.000192	0.000192	0.000192	-0.000192	67.737572	0.056520	-1.500000	0.035303	69.237572	0.018000	0.035303	-3.667207	-0.110246	0.000000	0.000000	0.000000	0.000000	0.000000	0.000000	0.000000	0.000000	0.000000	0	0.000000	0	0	0.000000	-0.000000	0.000000	0.000000	0.000000	0.000000	0.000000	0.000000	5.091502	0.280033	0.000000
D:	3729.48	-7.981502	67.737572	-0.000192	0.000192	0.000192	-0.000192	67.737572	0.056520	-1.500000	0.035303	69.237572	0.018000	0.035303	-3.667207	-0.110246	0.000000	0.000000	0.000000	0.000000	0.000000	0.000000	0.000000	0.000000	0.000000	0	0.000000	0	0	0.000000	-0.000000	0.000000	0.000000	0.000000	0.000000	0.000000	0.000000	5.091502	0.280033	0.000000
D:	3738.14	-7.449571	67.763932	-0.000192	0.000192	0.000192	-0.000192	67.763932	0.080336	-1.500000	0.055329	69.263932	0.018000	0.055329	-3.675756	-0.591341	0.000000	0.000000	0.000000	0.000000	0.000000	0.000000	0.000000	0.000000	0.000000	0	0.000000	0	0	0.000000	-0.000000	0.000000	0.000000	0.000000	0.000000	0.000000	0.000000	4.559571	0.250776	0.000000
D:	3746.99	-7.449571	67.763932	-0.000192	0.000192	0.000192	-0.000192	67.763932	0.080336	-1.500000	0.055329	69.263932	0.018000	0.055329	-3.675756	-0.591341	0.000000	0.000000	0.000000	0.000000	0.000000	0.000000	0.000000	0.000000	0.000000	0	0.000000	0	0	0.000000	-0.000000	0.000000	0.000000	0.000000	0.000000	0.000000	0.000000	4.559571	0.250776	0.000000
D:	3755.69	-7.449571	67.763932	-0.000192	0.000192	0.000192	-0.000192	67.772609	-0.129627	-1.500000	0.078932	69.272609	0.018000	0.078932	-3.679534	-0.187876	0.000000	0.000000	0.000000	0.000000	0.000000	0.000000	0.000000	0.000000	0.000000	0	0.000000	0	0	0.000000	-0.000000	0.000000	0.000000	0.000000	0.000000	0.000000	0.000000	4.982684	0.274048	0.000000
D:	3764.65	-7.872684	67.772609	-0.000192	0.000192	0.000192	-0.000192	67.772609	-0.129627	-1.500000	0.078932	69.272609	0.018000	0.078932	-3.679534	-0.187876	0.000000	0.000000	0.000000	0.000000	0.000000	0.000000	0.000000	0.000000	0.000000	0	0.000000	0	0	0.000000	-0.000000	0.000000	0.000000	0.000000	0.000000	0.000000	0.000000	4.982684	0.274048	0.000000
D:	3773.01	-7.872684	67.772609	-0.000192	0.000192	0.000192	-0.000192	67.772609	-0.129627	-1.500000	-0.119650	69.299511	0.018000	-0.119650	-3.679534	-0.155232	0.000000	0.000000	0.000000	0.000000	0.000000	0.000000	0.000000	0.000000	0.000000	0	0.000000	0	0	0.000000	-0.000000	0.000000	0.000000	0.000000	0.000000	0.000000	0.000000	5.006921	0.275381	0.000000
D:	3781.48	-7.896921	67.799511	-0.000192	0.000192	0.000192	-0.000192	67.799511	-0.013435	-1.500000	-0.119650	69.299511	0.019000	-0.119650	-3.688855	-0.155232	0.000000	0.000000	0.000000	0.000000	0.000000	0.000000	0.000000	0.000000	0.000000	0	0.000000	0	0	0.000000	-0.000000	0.000000	0.000000	0.000000	0.000000	0.000000	0.000000	5.006921	0.275381	0.000000
D:	3789.79	-7.896921	67.799511	-0.000192	0.000192	0.000192	-0.000192	67.799511	-0.013435	-1.500000	-0.119650	69.299511	0.019000	-0.119650	-3.688855	-0.155232	0.000000	0.000000	0.000000	0.000000	0.000000	0.000000	0.000000	0.000000	0.000000	0	0.000000	0	0	0.000000	-0.000000	0.000000	0.000000	0.000000	0.000000	0.000000	0.000000	5.006921	0.275381	0.000000
D:	3798.01	-8.391353	67.795503	-0.000192	0.000192	0.000192	-0.000192	67.795503	0.152136	-1.500000	-0.018516	69.295503	0.019000	-0.018516	-3.686487	0.307799	0.000000	0.000000	0.000000	0.000000	0.000000	0.000000	0.000000	0.000000	0.000000	0	0.000000	0	0	0.000000	-0.000000	0.000000	0.000000	0.000000	0.000000	0.000000	0.000000	5.501353	0.302574	0.000000
D:	3806.26	-8.391353	67.795503	-0.000192	0.000192	0.000192	-0.000192	67.795503	0.152136	-1.500000	-0.018516	69.295503	0.019000	-0.018516	-3.686487	0.307799	0.000000	0.000000	0.000000	0.000000	0.000000	0.000000	0.000000	0.000000	0.000000	0	0.000000	0	0	0.000000	-0.000000	0.000000	0.000000	0.000000	0.000000	0.000000	0.000000	5.501353	0.302574	0.000000
D:	3814.99	-8.391353	67.795503	-0.000192	0.000192	0.000192	-0.000192	67.777625	0.190626	-1.500000	0.142556	69.277625	0.019000	0.142556	-3.679176	0.539141	0.000000	0.000000	0.000000	0.000000	0.000000	0.000000	0.000000	0.000000	0.000000	0	0.000000	0	0	0.000000	-0.000000	0.000000	0.000000	0.000000	0.000000	0.000000	0.000000	5.755192	0.316536	0.000000
D:	3824.17	-8.645192	67.777625	-0.000192	0.000192	0.000192	-0.000192	67.777625	0.190626	-1.500000	0.142556	69.277625	0.018000	0.142556	-3.679176	0.539141	0.000000	0.000000	0.000000	0.000000	0.000000	0.000000	0.000000	0.000000	0.000000	0	0.000000	0	0	0.000000	-0.000000	0.000000	0.000000	0.000000	0.000000	0.000000	0.000000	5.755192	0.316536	0.000000
D:	3833.16	-8.645192	67.777625	-0.000192	0.000192	0.000192	-0.000192	67.777625	0.190626	-1.500000	0.187928	69.310160	0.018000	0.187928	-3.679176	0.139323	0.000000	0.000000	0.000000	0.000000	0.000000	0.000000	0.000000	0.000000	0.000000	0	0.000000	0	0	0.000000	-0.000000	0.000000	0.000000	0.000000	0.000000	0.000000	0.000000	5.322107	0.292716	0.000000
D:	3842.30	-8.212108	67.810160	-0.000192	0.000192	0.000192	-0.000192	67.810160	0.003296	-1.500000	0.187928	69.310160	0.018000	0.187928	-3.690319	0.139323	0.000000	0.000000	0.000000	0.000000	0.000000	0.000000	0.000000	0.000000	0.000000	0	0.000000	0	0	0.000000	-0.000000	0.000000	0.000000	0.000000	0.000000	0.000000	0.000000	5.322107	0.292716	0.000000
D:	3850.96	-8.212108	67.810160	-0.000192	0.000192	0.000192	-0.000192	67.810160	0.003296	-1.500000	0.187928	69.310160	0.018000	0.187928	-3.690319	0.139323	0.000000	0.000000	0.000000	0.000000	0.000000	0.000000	0.000000	0.000000	0.000000	0	0.000000	0	0	0.000000	-0.000000	0.000000	0.000000	0.000000	0.000000	0.000000	0.000000	5.322107	0.292716	0.000000
D:	3859.41	-8.287708	67.796356	-0.000192	0.000192	0.000192	-0.000192	67.796356	-0.009017	-1.500000	0.012128	69.296356	0.019000	0.012128	-3.685639	0.213060	0.000000	0.000000	0.000000	0.000000	0.000000	0.000000	0.000000	0.000000	0.000000	0	0.000000	0	0	0.000000	-0.000000	0.000000	0.000000	0.000000	0.000000	0.000000	0.000000	5.397708	0.296874	0.000000
D:	3867.84	-8.287708	67.796356	-0.000192	0.000192	0.000192	-0.000192	67.796356	-0.009017	-1.500000	0.012128	69.296356	0.019000	0.012128	-3.685639	0.213060	0.000000	0.000000	0.000000	0.000000	0.000000	0.000000	0.000000	0.000000	0.000000	0	0.000000	0	0	0.000000	-0.000000	0.000000	0.000000	0.000000	0.000000	0.000000	0.000000	5.397708	0.296874	0.000000
D:	3875.88	-8.287708	67.796356	-0.000192	0.000192	0.000192	-0.000192	67.754287	-0.046057	-1.500000	-0.008006	69.254287	0.019000	-0.008006	-3.671500	0.517405	0.000000	0.000000	0.000000	0.000000	0.000000	0.000000	0.000000	0.000000	0.000000	0	0.000000	0	0	0.000000	-0.000000	0.000000	0.000000	0.000000	0.000000	0.000000	0.000000	5.727911	0.315035	0.000000
D:	3883.88	-8.617911	67.754287	-0.000192	0.000192	0.000192	-0.000192	67.754287	-0.046057	-1.500000	-0.008006	69.254287	0.019000	-0.008006	-3.671500	0.517405	0.000000	0.000000	0.000000	0.000000	0.000000	0.000000	0.000000	0.000000	0.000000	0	0.000000	0	0	0.000000	-0.000000	0.000000	0.000000	0.000000	0.000000	0.000000	0.000000	5.727911	0.315035	0.000000
D:	3891.82	-8.617911	67.754287	-0.000192	0.000192	0.000192	-0.000192	67.754287	-0.046057	-1.500000	-0.008006	69.254287	0.019000	-0.008006	-3.671500	0.517405	0.000000	0.000000	0.000000	0.000000	0.000000	0.000000	0.000000	0.000000	0.000000	0	0.000000	0	0	0.000000	-0.000000	0.000000	0.000000	0.000000	0.000000	0.000000	0.000000	5.727911	0.315035	0.000000
D:	3899.81	-7.694116	67.783018	-0.000192	0.000192	0.000192	-0.000192	67.783018	0.115758	-1.500000	-0.043921	69.283018	0.018000	-0.043921	-3.680643	-0.328911	0.000000	0.000000	0.000000	0.000000	0.000000	0.000000	0.000000	0.000000	0.000000	0	0.000000	0	0	0.000000	-0.000000	0.000000	0.000000	0.000000	0.000000	0.000000	0.000000	4.804116	0.264226	0.000000
D:	3907.82	-7.694116	67.783018	-0.000192	0.000192	0.000192	-0.000192	67.783018	0.115758	-1.500000	-0.043921	69.283018	0.018000	-0.043921	-3.680643	-0.328911	0.000000	0.000000	0.000000	0.000000	0.000000	0.000000	0.000000	0.000000	0.000000	0	0.000000	0	0	0.000000	-0.000000	0.000000	0.000000	0.000000	0.000000	0.000000	0.000000	4.804116	0.264226	0.000000
D:	3916.43	-7.694116	67.783018	-0.000192	0.000192	0.000192	-0.000192	67.775349	0.059325	-1.500000	0.106794	69.275349	0.018000	0.106794	-3.677645	0.115742	0.000000	0.000000	0.000000	0.000000	0.000000	0.000000	0.000000	0.000000	0.000000	0	0.000000	0	0	0.000000	-0.000000	0.000000	0.000000	0.000000	0.000000	0.000000	0.000000	5.275359	0.290145	0.000000
D:	3925.56	-8.165359	67.775349	-0.000192	0.000192	0.000192	-0.000192	67.775349	0.059325	-1.500000	0.106794	69.275349	0.018000	0.106794	-3.677645	0.115742	0.000000	0.000000	0.000000	0.000000	0.000000	0.000000	0.000000	0.000000	0.000000	0	0.000000	0	0	0.000000	-0.000000	0.000000	0.000000	0.000000	0.000000	0.000000	0.000000	5.275359	0.290145	0.000000
D:	3934.42	-8.165359	67.775349	-0.000192	0.000192	0.000192	-0.000192	67.775349	0.059325	-1.500000	0.061596	69.241006	0.018000	0.061596	-3.677645	-0.088918	0.000000	0.000000	0.000000	0.000000	0.000000	0.000000	0.000000	0.000000	0.000000	0	0.000000	0	0	0.000000	-0.000000	0.000000	0.000000	0.000000	0.000000	0.000000	0.000000	5.049498	0.277722	0.000000
D:	3943.13	-7.939498	67.741006	-0.000192	0.000192	0.000192	-0.000192	67.741006	-0.165126	-1.500000	0.061596	69.241006	0.019000	0.061596	-3.666935	-0.088918	0.000000	0.000000	0.000000	0.000000	0.000000	0.000000	0.000000	0.000000	0.000000	0	0.000000	0	0	0.000000	-0.000000	0.000000	0.000000	0.000000	0.000000	0.000000	0.000000	5.049498	0.277722	0.000000
D:	3951.78	-7.939498	67.741006	-0.000192	0.000192	0.000192	-0.000192	67.741006	-0.165126	-1.500000	0.061596	69.241006	0.019000	0.061596	-3.666935	-0.088918	0.000000	0.000000	0.000000	0.000000	0.000000	0.000000	0.000000	0.000000	0.000000	0	0.000000	0	0	0.000000	-0.000000	0.000000	0.000000	0.000000	0.000000	0.000000	0.000000	5.049498	0.277722	0.000000
D:	3960.15	-8.112673	67.779420	-0.000192	0.000192	0.000192	-0.000192	67.779420	0.235834	-1.500000	-0.154281	69.279420	0.019000	-0.154281	-3.678582	0.075909	0.000000	0.000000	0.000000	0.000000	0.000000	0.000000	0.000000	0.000000	0.000000	0	0.000000	0	0	0.000000	-0.000000	0.000000	0.000000	0.000000	0.000000	0.000000	0.000000	5.222673	0.287247	0.000000
D:	3968.83	-8.112673	67.779420	-0.000192	0.000192	0.000192	-0.000192	67.779420	0.235834	-1.500000	-0.154281	69.279420	0.019000	-0.154281	-3.678582	0.075909	0.000000	0.000000	0.000000	0.000000	0.000000	0.000000	0.000000	0.000000	0.000000	0	0.000000	0	0	0.000000	-0.000000	0.000000	0.000000	0.000000	0.000000	0.000000	0.000000	5.222673	0.287247	0.000000
D:	3977.26	-8.112673	67.779420	-0.000192	0.000192	0.000192	-0.000192	67.777630	-0.031760	-1.500000	0.213935	69.277630	0.019000	0.213935	-3.678164	0.225220	0.000000	0.000000	0.000000	0.000000	0.000000	0.000000	0.000000	0.000000	0.000000	0	0.000000	0	0	0.000000	-0.000000	0.000000	0.000000	0.000000	0.000000	0.000000	0.000000	5.384020	0.296121	0.000000
D:	3985.96	-8.274021	67.777630	-0.000192	0.000192	0.000192	-0.000192	67.777630	-0.031760	-1.500000	0.213935	69.277630	0.018000	0.213935	-3.678164	0.225220	0.000000	0.000000	0.000000	0.000000	0.000000	0.000000	0.000000	0.000000	0.000000	0	0.000000	0	0	0.000000	-0.000000	0.000000	0.000000	0.000000	0.000000	0.000000	0.000000	5.384020	0.296121	0.000000
D:	3994.47	-8.274021	67.777630	-0.000192	0.000192	0.000192	-0.000192	67.777630	-0.031760	-1.500000	-0.017968	69.318484	0.018000	-0.017968	-3.678164	-0.193094	0.000000	0.000000	0.000000	0.000000	0.000000	0.000000	0.000000	0.000000	0.000000	0	0.000000	0	0	0.000000	-0.000000	0.000000	0.000000	0.000000	0.000000	0.000000	0.000000	4.927416	0.271008	0.000000
D:	4003.44	-7.817416	67.818484	-0.000192	0.000192	0.000192	-0.000192	67.818484	0.020300	-1.500000	-0.017968	69.318484	0.018000	-0.017968	-3.692056	-0.193094	0.000000	0.000000	0.000000	0.000000	0.000000	0.000000	0.000000	0.000000	0.000000	0	0.000000	0	0	0.000000	-0.000000	0.000000	0.000000	0.000000	0.000000	0.000000	0.000000	4.927416	0.271008	0.000000
D:	4012.43	-7.817416	67.818484	-0.000192	0.000192	0.000192	-0.000192	67.818484	0.020300	-1.500000	-0.017968	69.318484	0.018000	-0.017968	-3.692056	-0.193094	0.000000	0.000000	0.000000	0.000000	0.000000	0.000000	0.000000	0.000000	0.000000	0	0.000000	0	0	0.000000	-0.000000	0.000000	0.000000	0.000000	0.000000	0.000000	0.000000	4.927416	0.271008	0.000000
D:	4020.57	-8.331962	67.786334	-0.000192	0.000192	0.000192	-0.000192	67.786334	-0.119725	-1.500000	0.018470	69.286334	0.019000	0.018470	-3.681802	0.286764	0.000000	0.000000	0.000000	0.000000	0.000000	0.000000	0.000000	0.000000	0.000000	0	0.000000	0	0	0.000000	-0.000000	0.000000	0.000000	0.000000	0.000000	0.000000	0.000000	5.441962	0.299308	0.000000
D:	4029.10	-8.331962	67.786334	-0.000192	0.000192	0.000192	-0.000192	67.786334	-0.119725	-1.500000	0.018470	69.286334	0.019000	0.018470	-3.681802	0.286764	0.000000	0.000000	0.000000	0.000000	0.000000	0.000000	0.000000	0.000000	0.000000	0	0.000000	0	0	0.000000	-0.000000	0.000000	0.000000	0.000000	0.000000	0.000000	0.000000	5.441962	0.299308	0.000000
D:	4038.44	-8.331962	67.786334	-0.000192	0.000192	0.000192	-0.000192	67.801939	0.000134	-1.500000	-0.113114	69.301939	0.019000	-0.113114	-3.687157	0.371211	0.000000	0.000000	0.000000	0.000000	0.000000	0.000000	0.000000	0.000000	0.000000	0	0.000000	0	0	0.000000	-0.000000	0.000000	0.000000	0.000000	0.000000	0.000000	0.000000	5.535255	0.304439	0.000000
D:	4048.39	-8.425256	67.801939	-0.000192	0.000192	0.000192	-0.000192	67.801939	0.000134	-1.500000	-0.113114	69.301939	0.019000	-0.113114	-3.687157	0.371211	0.000000	0.000000	0.000000	0.000000	0.000000	0.000000	0.000000	0.000000	0.000000	0	0.000000	0	0	0.000000	-0.000000	0.000000	0.000000	0.000000	0.000000	0.000000	0.000000	5.535255	0.304439	0.000000
D:	4057.63	-8.425256	67.801939	-0.000192	0.000192	0.000192	-0.000192	67.802478	0.045838	-1.500000	-0.006223	69.302478	0.019000	-0.006223	-3.687059	0.697199	0.000000	0.000000	0.000000	0.000000	0.000000	0.000000	0.000000	0.000000	0.000000	0	0.000000	0	0	0.000000	-0.000000	0.000000	0.000000	0.000000	0.000000	0.000000	0.000000	5.891661	0.324041	0.000000
D:	4068.10	-8.781661	67.802478	-0.000192	0.000192	0.000192	-0.000192	67.802478	0.045838	-1.500000	-0.006223	69.302478	0.018000	-0.006223	-3.687059	0.697199	0.000000	0.000000	0.000000	0.000000	0.000000	0.000000	0.000000	0.000000	0.000000	0	0.000000	0	0	0.000000	-0.000000	0.000000	0.000000	0.000000	0.000000	0.000000	0.000000	5.891661	0.324041	0.000000
D:	4079.13	-8.790096	67.801497	-0.000192	0.000192	0.000192	-0.000192	67.801497	-0.478263	-1.500000	0.042915	69.301497	0.018000	0.042915	-3.689676	0.688647	0.000000	0.000000	0.000000	0.000000	0.000000	0.000000	0.000000	0.000000	0.000000	0	0.000000	0	0	0.000000	-0.000000	0.000000	0.000000	0.000000	0.000000	0.000000	0.000000	5.900096	0.324505	0.000000
D:	4090.01	-8.790096	67.801497	-0.000192	0.000192	0.000192	-0.000192	67.801497	-0.478263	-1.500000	0.042915	69.301497	0.018000	0.042915	-3.689676	0.688647	0.000000	0.000000	0.000000	0.000000	0.000000	0.000000	0.000000	0.000000	0.000000	0	0.000000	0	0	0.000000	-0.000000	0.000000	0.000000	0.000000	0.000000	0.000000	0.000000	5.900096	0.324505	0.000000
D:	4101.08	-10.654039	68.027641	-0.000192	0.000192	0.000192	-0.000192	68.027641	3.304115	-1.500000	-0.449007	69.527641	0.018000	-0.449007	-3.746863	2.347574	0.000000	0.000000	0.000000	0.000000	0.000000	0.000000	0.000000	0.000000	0.000000	0	0.000000	0	0	0.000000	-0.000000	0.000000	0.000000	0.000000	0.000000	0.000000	0.000000	7.764039	0.427022	0.000000
D:	4112.07	-10.654039	68.027641	-0.000192	0.000192	0.000192	-0.000192	68.027641	3.304115	-1.500000	-0.449007	69.527641	0.018000	-0.449007	-3.746863	2.347574	0.000000	0.000000	0.000000	0.000000	0.000000	0.000000	0.000000	0.000000	0.000000	0	0.000000	0	0	0.000000	-0.000000	0.000000	0.000000	0.000000	0.000000	0.000000	0.000000	7.764039	0.427022	0.000000
D:	4122.94	-9.577647	67.863677	-0.000192	0.000192	0.000192	-0.000192	67.863677	-0.216400	-1.500000	3.124585	69.363677	0.019000	3.124585	-3.691997	1.084867	0.000000	0.000000	0.000000	0.000000	0.000000	0.000000	0.000000	0.000000	0.000000	0	0.000000	0	0	0.000000	-0.000000	0.000000	0.000000	0.000000	0.000000	0.000000	0.000000	6.687646	0.367821	0.000000
D:	4133.82	-9.577647	67.863677	-0.000192	0.000192	0.000192	-0.000192	67.863677	-0.216400	-1.500000	3.124585	69.363677	0.019000	-0.028855	-3.691997	2.877908	0.000000	0.000000	0.000000	0.000000	0.000000	0.000000	0.000000	0.000000	0.000000	0	0.000000	0	0	0.000000	-0.000000	0.000000	0.000000	0.000000	0.000000	0.000000	0.000000	9.051807	0.497849	0.000000
D:	4145.32	-11.941808	67.986690	-0.000192	0.000192	0.000192	-0.000192	67.986690	-2.760199	-1.500000	-0.028855	69.486690	0.018000	-0.028855	-3.751252	2.877908	0.000000	0.000000	0.000000	0.000000	0.000000	0.000000	0.000000	0.000000	0.000000	0	0.000000	0	0	0.000000	-0.000000	0.000000	0.000000	0.000000	0.000000	0.000000	0.000000	9.051807	0.497849	0.000000
D:	4156.41	-11.941808	67.986690	-0.000192	0.000192	0.000192	-0.000192	68.030024	2.411991	-1.500000	-2.606876	69.542495	0.018000	-2.606876	-3.755502	0.275900	0.000000	0.000000	0.000000	0.000000	0.000000	0.000000	0.000000	0.000000	0.000000	0	0.000000	0	0	0.000000	-0.000000	0.000000	0.000000	0.000000	0.000000	0.000000	0.000000	6.584041	0.362122	0.000000
D:	4166.44	-9.474041	68.042495	-0.000192	0.000192	0.000192	-0.000192	68.042495	2.411991	-1.500000	-2.606876	69.542495	0.018000	-2.606876	-3.755502	0.275900	0.000000	0.000000	0.000000	0.000000	0.000000	0.000000	0.000000	0.000000	0.000000	0	0.000000	0	0	0.000000	-0.000000	0.000000	0.000000	0.000000	0.000000	0.000000	0.000000	6.584041	0.362122	0.000000
D:	4175.37	-9.474041	68.042495	-0.000192	0.000192	0.000192	-0.000192	68.042495	2.411991	-1.500000	-2.606876	69.542495	0.018000	-2.606876	-3.755502	-0.884870	0.000000	0.000000	0.000000	0.000000	0.000000	0.000000	0.000000	0.000000	0.000000	0	0.000000	0	0	0.000000	-0.000000	0.000000	0.000000	0.000000	0.000000	0.000000	0.000000	5.698441	0.313414	0.000000
D:	4184.49	-8.588441	67.966410	-0.000192	0.000192	0.000192	-0.000192	67.966410	-2.241493	-1.500000	2.130258	69.466410	0.018000	2.130258	-3.743240	-0.884870	0.000000	0.000000	0.000000	0.000000	0.000000	0.000000	0.000000	0.000000	0.000000	0	0.000000	0	0	0.000000	-0.000000	0.000000	0.000000	0.000000	0.000000	0.000000	0.000000	5.698441	0.313414	0.000000
D:	4194.39	-8.588441	67.966410	-0.000192	0.000192	0.000192	-0.000192	67.966410	-2.241493	-1.500000	2.130258	69.466410	0.018000	2.130258	-3.743240	-0.884870	0.000000	0.000000	0.000000	0.000000	0.000000	0.000000	0.000000	0.000000	0.000000	0	0.000000	0	0	0.000000	-0.000000	0.000000	0.000000	0.000000	0.000000	0.000000	0.000000	5.698441	0.313414	0.000000
D:	4203.26	-8.034413	67.953985	-0.000192	0.000192	0.000192	-0.000192	67.953985	-1.214933	-1.500000	-2.032370	69.453985	0.019000	-2.032370	-3.746899	-1.551951	0.000000	0.000000	0.000000	0.000000	0.000000	0.000000	0.000000	0.000000	0.000000	0	0.000000	0	0	0.000000	-0.000000	0.000000	0.000000	0.000000	0.000000	0.000000	0.000000	5.144413	0.282943	0.000000
D:	4212.46	-8.034413	67.953985	-0.000192	0.000192	0.000192	-0.000192	67.953985	-1.214933	-1.500000	-2.032370	69.453985	0.019000	-2.032370	-3.746899	-1.551951	0.000000	0.000000	0.000000	0.000000	0.000000	0.000000	0.000000	0.000000	0.000000	0	0.000000	0	0	0.000000	-0.000000	0.000000	0.000000	0.000000	0.000000	0.000000	0.000000	5.144413	0.282943	0.000000
D:	4221.55	-8.160964	67.909017	-0.000192	0.000192	0.000192	-0.000192	67.909017	-1.412479	-1.500000	-1.260820	69.409017	0.018000	-1.260820	-3.740193	-1.317163	0.000000	0.000000	0.000000	0.000000	0.000000	0.000000	0.000000	0.000000	0.000000	0	0.000000	0	0	0.000000	-0.000000	0.000000	0.000000	0.000000	0.000000	0.000000	0.000000	5.270964	0.289903	0.000000
D:	4229.94	-8.160964	67.909017	-0.000192	0.000192	0.000192	-0.000192	67.909017	-1.412479	-1.500000	-1.260820	69.409017	0.018000	-1.260820	-3.740193	-1.317163	0.000000	0.000000	0.000000	0.000000	0.000000	0.000000	0.000000	0.000000	0.000000	0	0.000000	0	0	0.000000	-0.000000	0.000000	0.000000	0.000000	0.000000	0.000000	0.000000	5.270964	0.289903	0.000000
D:	4238.37	-8.160964	67.909017	-0.000192	0.000192	0.000192	-0.000192	67.871022	-1.947837	-1.500000	-1.403966	69.371022	0.018000	-1.403966	-3.739186	-1.687523	0.000000	0.000000	0.000000	0.000000	0.000000	0.000000	0.000000	0.000000	0.000000	0	0.000000	0	0	0.000000	-0.000000	0.000000	0.000000	0.000000	0.000000	0.000000	0.000000	4.738547	0.260620	0.000000
D:	4247.03	-7.628547	67.871022	-0.000192	0.000192	0.000192	-0.000192	67.871022	-1.947837	-1.500000	-1.403966	69.371022	0.018000	-1.403966	-3.739186	-1.687523	0.000000	0.000000	0.000000	0.000000	0.000000	0.000000	0.000000	0.000000	0.000000	0	0.000000	0	0	0.000000	-0.000000	0.000000	0.000000	0.000000	0.000000	0.000000	0.000000	4.738547	0.260620	0.000000
D:	4256.04	-7.628547	67.871022	-0.000192	0.000192	0.000192	-0.000192	67.871022	-1.947837	-1.500000	-1.403966	69.371022	0.018000	-1.403966	-3.739186	-2.006158	0.000000	0.000000	0.000000	0.000000	0.000000	0.000000	0.000000	0.000000	0.000000	0	0.000000	0	0	0.000000	-0.000000	0.000000	0.000000	0.000000	0.000000	0.000000	0.000000	4.738547	0.260620	0.000000
D:	4264.66	-7.240203	67.845173	-0.000192	0.000192	0.000192	-0.000192	67.845173	-1.504665	-1.500000	-1.917307	69.345173	0.018000	-1.917307	-3.739610	-2.006158	0.000000	0.000000	0.000000	0.000000	0.000000	0.000000	0.000000	0.000000	0.000000	0	0.000000	0	0	0.000000	-0.000000	0.000000	0.000000	0.000000	0.000000	0.000000	0.000000	4.350203	0.239261	0.000000
D:	4272.92	-7.240203	67.845173	-0.000192	0.000192	0.000192	-0.000192	67.845173	-1.504665	-1.500000	-1.917307	69.345173	0.018000	-1.917307	-3.739610	-2.006158	0.000000	0.000000	0.000000	0.000000	0.000000	0.000000	0.000000	0.000000	0.000000	0	0.000000	0	0	0.000000	-0.000000	0.000000	0.000000	0.000000	0.000000	0.000000	0.000000	4.350203	0.239261	0.000000
D:	4281.25	-7.675526	67.845173	-0.000192	0.000192	0.000192	-0.000192	67.782034	-1.941158	-1.500000	-1.524404	69.282034	0.018000	-1.524404	-3.730597	-1.666486	0.000000	0.000000	0.000000	0.000000	0.000000	0.000000	0.000000	0.000000	0.000000	0	0.000000	0	0	0.000000	-0.000000	0.000000	0.000000	0.000000	0.000000	0.000000	0.000000	4.785526	0.263204	0.000000
D:	4289.57	-7.675526	67.782034	-0.000192	0.000192	0.000192	-0.000192	67.782034	-1.941158	-1.500000	-1.524404	69.282034	0.019000	-1.524404	-3.730597	-1.666486	0.000000	0.000000	0.000000	0.000000	0.000000	0.000000	0.000000	0.000000	0.000000	0	0.000000	0	0	0.000000	-0.000000	0.000000	0.000000	0.000000	0.000000	0.000000	0.000000	4.785526	0.263204	0.000000
D:	4297.93	-7.675526	67.782034	-0.000192	0.000192	0.000192	-0.000192	67.782034	-1.495594	-1.500000	-1.921223	69.239584	0.019000	-1.921223	-3.730597	-1.686506	0.000000	0.000000	0.000000	0.000000	0.000000	0.000000	0.000000	0.000000	0.000000	0	0.000000	0	0	0.000000	-0.000000	0.000000	0.000000	0.000000	0.000000	0.000000	0.000000	4.871538	0.267935	0.000000
D:	4307.17	-7.761538	67.739584	-0.000192	0.000192	0.000192	-0.000192	67.739584	-1.495594	-1.500000	-1.921223	69.239584	0.019000	-1.921223	-3.725780	-1.686506	0.000000	0.000000	0.000000	0.000000	0.000000	0.000000	0.000000	0.000000	0.000000	0	0.000000	0	0	0.000000	-0.000000	0.000000	0.000000	0.000000	0.000000	0.000000	0.000000	4.871538	0.267935	0.000000
D:	4315.92	-7.761538	67.739584	-0.000192	0.000192	0.000192	-0.000192	67.739584	-1.495594	-1.500000	-1.921223	69.239584	0.019000	-1.921223	-3.725780	-1.686506	0.000000	0.000000	0.000000	0.000000	0.000000	0.000000	0.000000	0.000000	0.000000	0	0.000000	0	0	0.000000	-0.000000	0.000000	0.000000	0.000000	0.000000	0.000000	0.000000	4.871538	0.267935	0.000000
D:	4324.47	-7.299080	67.730059	-0.000192	0.000192	0.000192	-0.000192	67.730059	-0.951004	-1.500000	-1.519486	69.230059	0.018000	-1.519486	-3.728386	-2.147975	0.000000	0.000000	0.000000	0.000000	0.000000	0.000000	0.000000	0.000000	0.000000	0	0.000000	0	0	0.000000	-0.000000	0.000000	0.000000	0.000000	0.000000	0.000000	0.000000	4.409080	0.242499	0.000000
D:	4333.26	-7.299080	67.730059	-0.000192	0.000192	0.000192	-0.000192	67.730059	-0.951004	-1.500000	-1.519486	69.230059	0.018000	-1.519486	-3.728386	-2.147975	0.000000	0.000000	0.000000	0.000000	0.000000	0.000000	0.000000	0.000000	0.000000	0	0.000000	0	0	0.000000	-0.000000	0.000000	0.000000	0.000000	0.000000	0.000000	0.000000	4.409080	0.242499	0.000000
D:	4341.90	-7.260647	67.714940	-0.000192	0.000192	0.000192	-0.000192	67.714940	-0.373730	-1.500000	-0.982915	69.214940	0.018000	-0.982915	-3.725506	-2.173698	0.000000	0.000000	0.000000	0.000000	0.000000	0.000000	0.000000	0.000000	0.000000	0	0.000000	0	0	0.000000	-0.000000	0.000000	0.000000	0.000000	0.000000	0.000000	0.000000	4.370646	0.240386	0.000000
D:	4350.96	-7.260647	67.714940	-0.000192	0.000192	0.000192	-0.000192	67.714940	-0.373730	-1.500000	-0.982915	69.214940	0.018000	-0.982915	-3.725506	-2.173698	0.000000	0.000000	0.000000	0.000000	0.000000	0.000000	0.000000	0.000000	0.000000	0	0.000000	0	0	0.000000	-0.000000	0.000000	0.000000	0.000000	0.000000	0.000000	0.000000	4.370646	0.240386	0.000000
D:	4359.56	-7.260647	67.714940	-0.000192	0.000192	0.000192	-0.000192	67.718636	-0.028763	-1.500000	-0.402871	69.218636	0.018000	-0.402871	-3.726963	-1.661442	0.000000	0.000000	0.000000	0.000000	0.000000	0.000000	0.000000	0.000000	0.000000	0	0.000000	0	0	0.000000	-0.000000	0.000000	0.000000	0.000000	0.000000	0.000000	0.000000	4.868870	0.267788	0.000000
D:	4368.10	-7.758871	67.718636	-0.000192	0.000192	0.000192	-0.000192	67.718636	-0.028763	-1.500000	-0.402871	69.218636	0.019000	-0.402871	-3.726963	-1.661442	0.000000	0.000000	0.000000	0.000000	0.000000	0.000000	0.000000	0.000000	0.000000	0	0.000000	0	0	0.000000	-0.000000	0.000000	0.000000	0.000000	0.000000	0.000000	0.000000	4.868870	0.267788	0.000000
D:	4377.11	-7.758871	67.718636	-0.000192	0.000192	0.000192	-0.000192	67.718636	-0.028763	-1.500000	-0.402871	69.218636	0.019000	-0.402871	-3.726963	-1.266372	0.000000	0.000000	0.000000	0.000000	0.000000	0.000000	0.000000	0.000000	0.000000	0	0.000000	0	0	0.000000	-0.000000	0.000000	0.000000	0.000000	0.000000	0.000000	0.000000	5.214852	0.267788	0.000000
D:	4386.24	-8.104852	67.677059	-0.000192	0.000192	0.000192	-0.000192	67.677059	-0.384041	-1.500000	-0.046658	69.177059	0.019000	-0.046658	-3.715196	-1.266372	0.000000	0.000000	0.000000	0.000000	0.000000	0.000000	0.000000	0.000000	0.000000	0	0.000000	0	0	0.000000	-0.000000	0.000000	0.000000	0.000000	0.000000	0.000000	0.000000	5.214852	0.286817	0.000000
D:	4395.98	-8.104852	67.677059	-0.000192	0.000192	0.000192	-0.000192	67.677059	-0.384041	-1.500000	-0.046658	69.177059	0.019000	-0.046658	-3.715196	-1.391126	0.000000	0.000000	0.000000	0.000000	0.000000	0.000000	0.000000	0.000000	0.000000	0	0.000000	0	0	0.000000	-0.000000	0.000000	0.000000	0.000000	0.000000	0.000000	0.000000	5.214852	0.286817	0.000000
D:	4405.66	-7.920882	67.699660	-0.000192	0.000192	0.000192	-0.000192	67.699660	0.126748	-1.500000	-0.365102	69.199660	0.018000	-0.365102	-3.722168	-1.391126	0.000000	0.000000	0.000000	0.000000	0.000000	0.000000	0.000000	0.000000	0.000000	0	0.000000	0	0	0.000000	-0.000000	0.000000	0.000000	0.000000	0.000000	0.000000	0.000000	5.030882	0.276698	0.000000
D:	4414.93	-7.920882	67.699660	-0.000192	0.000192	0.000192	-0.000192	67.699660	0.126748	-1.500000	-0.365102	69.199660	0.018000	-0.365102	-3.722168	-1.391126	0.000000	0.000000	0.000000	0.000000	0.000000	0.000000	0.000000	0.000000	0.000000	0	0.000000	0	0	0.000000	-0.000000	0.000000	0.000000	0.000000	0.000000	0.000000	0.000000	5.030882	0.276698	0.000000
D:	4423.67	-8.180118	67.732649	-0.000192	0.000192	0.000192	-0.000192	67.732649	0.190328	-1.500000	0.099138	69.232649	0.018000	0.099138	-3.732312	-1.124380	0.000000	0.000000	0.000000	0.000000	0.000000	0.000000	0.000000	0.000000	0.000000	0	0.000000	0	0	0.000000	-0.000000	0.000000	0.000000	0.000000	0.000000	0.000000	0.000000	5.290118	0.290956	0.000000
D:	4432.03	-8.180118	67.732649	-0.000192	0.000192	0.000192	-0.000192	67.732649	0.190328	-1.500000	0.099138	69.232649	0.018000	0.099138	-3.732312	-1.124380	0.000000	0.000000	0.000000	0.000000	0.000000	0.000000	0.000000	0.000000	0.000000	0	0.000000	0	0	0.000000	-0.000000	0.000000	0.000000	0.000000	0.000000	0.000000	0.000000	5.290118	0.290956	0.000000
D:	4441.11	-8.180118	67.732649	-0.000192	0.000192	0.000192	-0.000192	67.743675	-0.118095	-1.500000	0.185966	69.243675	0.018000	0.185966	-3.736867	-1.026020	0.000000	0.000000	0.000000	0.000000	0.000000	0.000000	0.000000	0.000000	0.000000	0	0.000000	0	0	0.000000	-0.000000	0.000000	0.000000	0.000000	0.000000	0.000000	0.000000	5.376985	0.295734	0.000000
D:	4449.78	-8.266985	67.743675	-0.000192	0.000192	0.000192	-0.000192	67.743675	-0.118095	-1.500000	0.185966	69.243675	0.019000	0.185966	-3.736867	-1.026020	0.000000	0.000000	0.000000	0.000000	0.000000	0.000000	0.000000	0.000000	0.000000	0	0.000000	0	0	0.000000	-0.000000	0.000000	0.000000	0.000000	0.000000	0.000000	0.000000	5.376985	0.295734	0.000000
D:	4458.91	-8.266985	67.743675	-0.000192	0.000192	0.000192	-0.000192	67.743675	-0.118095	-1.500000	-0.103550	69.270386	0.019000	-0.103550	-3.736867	-0.914423	0.000000	0.000000	0.000000	0.000000	0.000000	0.000000	0.000000	0.000000	0.000000	0	0.000000	0	0	0.000000	-0.000000	0.000000	0.000000	0.000000	0.000000	0.000000	0.000000	5.470019	0.300851	0.000000
D:	4467.77	-8.360019	67.770386	-0.000192	0.000192	0.000192	-0.000192	67.770386	0.453005	-1.500000	-0.103550	69.270386	0.019000	-0.103550	-3.743081	-0.914423	0.000000	0.000000	0.000000	0.000000	0.000000	0.000000	0.000000	0.000000	0.000000	0	0.000000	0	0	0.000000	-0.000000	0.000000	0.000000	0.000000	0.000000	0.000000	0.000000	5.470019	0.300851	0.000000
D:	4476.89	-8.360019	67.770386	-0.000192	0.000192	0.000192	-0.000192	67.770386	0.453005	-1.500000	-0.103550	69.270386	0.019000	-0.103550	-3.743081	-0.288714	0.000000	0.000000	0.000000	0.000000	0.000000	0.000000	0.000000	0.000000	0.000000	0	0.000000	0	0	0.000000	-0.000000	0.000000	0.000000	0.000000	0.000000	0.000000	0.000000	5.470019	0.300851	0.000000
D:	4485.93	-9.016660	67.772413	-0.000192	0.000192	0.000192	-0.000192	67.772413	0.208140	-1.500000	0.421763	69.272413	0.018000	0.421763	-3.742491	-0.288714	0.000000	0.000000	0.000000	0.000000	0.000000	0.000000	0.000000	0.000000	0.000000	0	0.000000	0	0	0.000000	-0.000000	0.000000	0.000000	0.000000	0.000000	0.000000	0.000000	6.126660	0.336966	0.000000
D:	4494.71	-9.016660	67.772413	-0.000192	0.000192	0.000192	-0.000192	67.772413	0.208140	-1.500000	0.421763	69.272413	0.018000	0.421763	-3.742491	-0.288714	0.000000	0.000000	0.000000	0.000000	0.000000	0.000000	0.000000	0.000000	0.000000	0	0.000000	0	0	0.000000	-0.000000	0.000000	0.000000	0.000000	0.000000	0.000000	0.000000	6.126660	0.336966	0.000000
D:	4502.84	-9.016660	67.772413	-0.000192	0.000192	0.000192	-0.000192	67.804974	-0.062742	-1.500000	0.220132	69.304974	0.018000	0.220132	-3.754052	-0.128549	0.000000	0.000000	0.000000	0.000000	0.000000	0.000000	0.000000	0.000000	0.000000	0	0.000000	0	0	0.000000	-0.000000	0.000000	0.000000	0.000000	0.000000	0.000000	0.000000	6.292032	0.346062	0.000000
D:	4510.69	-9.182033	67.804974	-0.000192	0.000192	0.000192	-0.000192	67.804974	-0.062742	-1.500000	0.220132	69.304974	0.018000	0.220132	-3.754052	-0.128549	0.000000	0.000000	0.000000	0.000000	0.000000	0.000000	0.000000	0.000000	0.000000	0	0.000000	0	0	0.000000	-0.000000	0.000000	0.000000	0.000000	0.000000	0.000000	0.000000	6.292032	0.346062	0.000000
D:	4519.05	-9.182033	67.804974	-0.000192	0.000192	0.000192	-0.000192	67.804974	-0.062742	-1.500000	0.220132	69.311514	0.018000	-0.049211	-3.754052	0.097054	0.000000	0.000000	0.000000	0.000000	0.000000	0.000000	0.000000	0.000000	0.000000	0	0.000000	0	0	0.000000	-0.000000	0.000000	0.000000	0.000000	0.000000	0.000000	0.000000	6.533967	0.359368	0.000000
D:	4528.10	-9.423967	67.811514	-0.000192	0.000192	0.000192	-0.000192	67.811514	-0.105610	-1.500000	-0.049211	69.311514	0.019000	-0.049211	-3.756985	0.097054	0.000000	0.000000	0.000000	0.000000	0.000000	0.000000	0.000000	0.000000	0.000000	0	0.000000	0	0	0.000000	-0.000000	0.000000	0.000000	0.000000	0.000000	0.000000	0.000000	6.533967	0.359368	0.000000
D:	4537.68	-9.423967	67.811514	-0.000192	0.000192	0.000192	-0.000192	67.811514	-0.105610	-1.500000	-0.049211	69.311514	0.019000	-0.049211	-3.756985	0.039882	0.000000	0.000000	0.000000	0.000000	0.000000	0.000000	0.000000	0.000000	0.000000	0	0.000000	0	0	0.000000	-0.000000	0.000000	0.000000	0.000000	0.000000	0.000000	0.000000	6.533967	0.359368	0.000000
D:	4547.48	-9.359629	67.798016	-0.000192	0.000192	0.000192	-0.000192	67.798016	-0.253627	-1.500000	-0.102912	69.298016	0.019000	-0.102912	-3.754006	0.039882	0.000000	0.000000	0.000000	0.000000	0.000000	0.000000	0.000000	0.000000	0.000000	0	0.000000	0	0	0.000000	-0.000000	0.000000	0.000000	0.000000	0.000000	0.000000	0.000000	6.469629	0.355830	0.000000
D:	4556.91	-9.359629	67.798016	-0.000192	0.000192	0.000192	-0.000192	67.798016	-0.253627	-1.500000	-0.102912	69.298016	0.019000	-0.102912	-3.754006	0.282588	0.000000	0.000000	0.000000	0.000000	0.000000	0.000000	0.000000	0.000000	0.000000	0	0.000000	0	0	0.000000	-0.000000	0.000000	0.000000	0.000000	0.000000	0.000000	0.000000	6.469629	0.355830	0.000000
D:	4567.49	-9.621039	67.809984	-0.000192	0.000192	0.000192	-0.000192	67.809984	-0.172122	-1.500000	-0.245167	69.309984	0.018000	-0.245167	-3.759176	0.282588	0.000000	0.000000	0.000000	0.000000	0.000000	0.000000	0.000000	0.000000	0.000000	0	0.000000	0	0	0.000000	-0.000000	0.000000	0.000000	0.000000	0.000000	0.000000	0.000000	6.731039	0.370207	0.000000
D:	4578.27	-9.621039	67.809984	-0.000192	0.000192	0.000192	-0.000192	67.809984	-0.172122	-1.500000	-0.245167	69.304735	0.018000	-0.176222	-3.759176	0.167229	0.000000	0.000000	0.000000	0.000000	0.000000	0.000000	0.000000	0.000000	0.000000	0	0.000000	0	0	0.000000	-0.000000	0.000000	0.000000	0.000000	0.000000	0.000000	0.000000	6.609368	0.363515	0.000000
D:	4588.59	-9.499369	67.804702	-0.000192	0.000192	0.000192	-0.000192	67.804702	0.092669	-1.500000	-0.176222	69.304702	0.018000	-0.176222	-3.756791	0.167229	0.000000	0.000000	0.000000	0.000000	0.000000	0.000000	0.000000	0.000000	0.000000	0	0.000000	0	0	0.000000	-0.000000	0.000000	0.000000	0.000000	0.000000	0.000000	0.000000	6.609368	0.363515	0.000000
D:	4597.50	-9.499369	67.804702	-0.000192	0.000192	0.000192	-0.000192	67.804702	0.092669	-1.500000	-0.176222	69.304702	0.018000	-0.176222	-3.756791	0.167229	0.000000	0.000000	0.000000	0.000000	0.000000	0.000000	0.000000	0.000000	0.000000	0	0.000000	0	0	0.000000	-0.000000	0.000000	0.000000	0.000000	0.000000	0.000000	0.000000	6.609368	0.363515	0.000000
D:	4606.16	-9.653866	67.816476	-0.000192	0.000192	0.000192	-0.000192	67.816476	0.164396	-1.500000	0.077575	69.316476	0.018000	0.077575	-3.759816	0.308516	0.000000	0.000000	0.000000	0.000000	0.000000	0.000000	0.000000	0.000000	0.000000	0	0.000000	0	0	0.000000	-0.000000	0.000000	0.000000	0.000000	0.000000	0.000000	0.000000	6.763866	0.372013	0.000000
D:	4614.96	-9.653866	67.816476	-0.000192	0.000192	0.000192	-0.000192	67.816476	0.164396	-1.500000	0.077575	69.316476	0.018000	0.077575	-3.759816	0.308516	0.000000	0.000000	0.000000	0.000000	0.000000	0.000000	0.000000	0.000000	0.000000	0	0.000000	0	0	0.000000	-0.000000	0.000000	0.000000	0.000000	0.000000	0.000000	0.000000	6.763866	0.372013	0.000000
D:	4623.37	-9.653866	67.816476	-0.000192	0.000192	0.000192	-0.000192	67.796799	0.088363	-1.500000	0.160243	69.296799	0.018000	0.160243	-3.752485	0.127191	0.000000	0.000000	0.000000	0.000000	0.000000	0.000000	0.000000	0.000000	0.000000	0	0.000000	0	0	0.000000	-0.000000	0.000000	0.000000	0.000000	0.000000	0.000000	0.000000	6.566561	0.361161	0.000000
D:	4632.39	-9.456561	67.796799	-0.000192	0.000192	0.000192	-0.000192	67.796799	0.088363	-1.500000	0.160243	69.296799	0.019000	0.160243	-3.752485	0.127191	0.000000	0.000000	0.000000	0.000000	0.000000	0.000000	0.000000	0.000000	0.000000	0	0.000000	0	0	0.000000	-0.000000	0.000000	0.000000	0.000000	0.000000	0.000000	0.000000	6.566561	0.361161	0.000000
D:	4641.11	-9.456561	67.796799	-0.000192	0.000192	0.000192	-0.000192	67.796799	0.088363	-1.500000	0.092398	69.347251	0.019000	0.092398	-3.752485	0.570504	0.000000	0.000000	0.000000	0.000000	0.000000	0.000000	0.000000	0.000000	0.000000	0	0.000000	0	0	0.000000	-0.000000	0.000000	0.000000	0.000000	0.000000	0.000000	0.000000	7.051146	0.387813	0.000000
D:	4649.94	-9.941146	67.847251	-0.000192	0.000192	0.000192	-0.000192	67.847251	0.226414	-1.500000	0.092398	69.347251	0.018000	0.092398	-3.768399	0.570504	0.000000	0.000000	0.000000	0.000000	0.000000	0.000000	0.000000	0.000000	0.000000	0	0.000000	0	0	0.000000	-0.000000	0.000000	0.000000	0.000000	0.000000	0.000000	0.000000	7.051146	0.387813	0.000000
D:	4659.00	-9.941146	67.847251	-0.000192	0.000192	0.000192	-0.000192	67.847251	0.226414	-1.500000	0.092398	69.347251	0.018000	0.092398	-3.768399	0.392308	0.000000	0.000000	0.000000	0.000000	0.000000	0.000000	0.000000	0.000000	0.000000	0	0.000000	0	0	0.000000	-0.000000	0.000000	0.000000	0.000000	0.000000	0.000000	0.000000	7.051146	0.387813	0.000000
D:	4668.06	-9.749746	67.850443	-0.000192	0.000192	0.000192	-0.000192	67.850443	0.051618	-1.500000	0.218891	69.350443	0.018000	0.218891	-3.769175	0.392308	0.000000	0.000000	0.000000	0.000000	0.000000	0.000000	0.000000	0.000000	0.000000	0	0.000000	0	0	0.000000	-0.000000	0.000000	0.000000	0.000000	0.000000	0.000000	0.000000	6.859746	0.377286	0.000000
D:	4676.85	-9.749746	67.850443	-0.000192	0.000192	0.000192	-0.000192	67.850443	0.051618	-1.500000	0.218891	69.350443	0.018000	0.218891	-3.769175	0.392308	0.000000	0.000000	0.000000	0.000000	0.000000	0.000000	0.000000	0.000000	0.000000	0	0.000000	0	0	0.000000	-0.000000	0.000000	0.000000	0.000000	0.000000	0.000000	0.000000	6.859746	0.377286	0.000000
D:	4685.46	-10.233049	67.862210	-0.000192	0.000192	0.000192	-0.000192	67.862210	-0.210222	-1.500000	0.061008	69.362210	0.018000	0.061008	-3.774511	0.831359	0.000000	0.000000	0.000000	0.000000	0.000000	0.000000	0.000000	0.000000	0.000000	0	0.000000	0	0	0.000000	-0.000000	0.000000	0.000000	0.000000	0.000000	0.000000	0.000000	7.343049	0.403868	0.000000
D:	4693.44	-10.233049	67.862210	-0.000192	0.000192	0.000192	-0.000192	67.862210	-0.210222	-1.500000	0.061008	69.362210	0.018000	0.061008	-3.774511	0.831359	0.000000	0.000000	0.000000	0.000000	0.000000	0.000000	0.000000	0.000000	0.000000	0	0.000000	0	0	0.000000	-0.000000	0.000000	0.000000	0.000000	0.000000	0.000000	0.000000	7.343049	0.403868	0.000000
D:	4702.00	-10.233049	67.862210	-0.000192	0.000192	0.000192	-0.000192	67.889446	-0.237492	-1.500000	-0.197248	69.389446	0.018000	-0.197248	-3.785409	0.626640	0.000000	0.000000	0.000000	0.000000	0.000000	0.000000	0.000000	0.000000	0.000000	0	0.000000	0	0	0.000000	-0.000000	0.000000	0.000000	0.000000	0.000000	0.000000	0.000000	7.134217	0.392382	0.000000
D:	4711.27	-10.024217	67.889446	-0.000192	0.000192	0.000192	-0.000192	67.889446	-0.237492	-1.500000	-0.197248	69.389446	0.019000	-0.197248	-3.785409	0.626640	0.000000	0.000000	0.000000	0.000000	0.000000	0.000000	0.000000	0.000000	0.000000	0	0.000000	0	0	0.000000	-0.000000	0.000000	0.000000	0.000000	0.000000	0.000000	0.000000	7.134217	0.392382	0.000000
D:	4720.42	-10.024217	67.889446	-0.000192	0.000192	0.000192	-0.000192	67.889446	-0.237492	-1.500000	-0.235232	69.382846	0.019000	-0.235232	-3.785409	0.762371	0.000000	0.000000	0.000000	0.000000	0.000000	0.000000	0.000000	0.000000	0.000000	0	0.000000	0	0	0.000000	-0.000000	0.000000	0.000000	0.000000	0.000000	0.000000	0.000000	7.290905	0.401000	0.000000
D:	4729.98	-10.180905	67.882846	-0.000192	0.000192	0.000192	-0.000192	67.882846	0.178986	-1.500000	-0.235232	69.382846	0.018000	-0.235232	-3.782039	0.762371	0.000000	0.000000	0.000000	0.000000	0.000000	0.000000	0.000000	0.000000	0.000000	0	0.000000	0	0	0.000000	-0.000000	0.000000	0.000000	0.000000	0.000000	0.000000	0.000000	7.290905	0.401000	0.000000
D:	4737.96	-10.180905	67.882846	-0.000192	0.000192	0.000192	-0.000192	67.882846	0.178986	-1.500000	-0.235232	69.382846	0.018000	-0.235232	-3.782039	0.762371	0.000000	0.000000	0.000000	0.000000	0.000000	0.000000	0.000000	0.000000	0.000000	0	0.000000	0	0	0.000000	-0.000000	0.000000	0.000000	0.000000	0.000000	0.000000	0.000000	7.290905	0.401000	0.000000
D:	4746.97	-10.233457	67.863290	-0.000192	0.000192	0.000192	-0.000192	67.863290	-0.246053	-1.500000	0.155734	69.363290	0.018000	0.155734	-3.776848	0.797189	0.000000	0.000000	0.000000	0.000000	0.000000	0.000000	0.000000	0.000000	0.000000	0	0.000000	0	0	0.000000	-0.000000	0.000000	0.000000	0.000000	0.000000	0.000000	0.000000	7.343457	0.403890	0.000000
D:	4755.54	-10.233457	67.863290	-0.000192	0.000192	0.000192	-0.000192	67.863290	-0.246053	-1.500000	0.155734	69.363290	0.018000	0.155734	-3.776848	0.797189	0.000000	0.000000	0.000000	0.000000	0.000000	0.000000	0.000000	0.000000	0.000000	0	0.000000	0	0	0.000000	-0.000000	0.000000	0.000000	0.000000	0.000000	0.000000	0.000000	7.343457	0.403890	0.000000
D:	4766.24	-10.815695	67.743091	-0.000192	0.000192	0.000192	-0.000192	67.743091	1.004209	-1.500000	-0.223498	69.243091	0.018000	-0.223498	-3.729400	1.367217	0.000000	0.000000	0.000000	0.000000	0.000000	0.000000	0.000000	0.000000	0.000000	0	0.000000	0	0	0.000000	-0.000000	0.000000	0.000000	0.000000	0.000000	0.000000	0.000000	7.925695	0.435913	0.000000
D:	4777.22	-10.815695	67.743091	-0.000192	0.000192	0.000192	-0.000192	67.743091	1.004209	-1.500000	-0.223498	69.243091	0.018000	-0.223498	-3.729400	1.367217	0.000000	0.000000	0.000000	0.000000	0.000000	0.000000	0.000000	0.000000	0.000000	0	0.000000	0	0	0.000000	-0.000000	0.000000	0.000000	0.000000	0.000000	0.000000	0.000000	7.925695	0.435913	0.000000
D:	4788.86	-10.028582	67.803530	-0.000192	0.000192	0.000192	-0.000192	67.803530	2.474466	-1.500000	0.945482	69.303530	0.019000	0.945482	-3.734008	0.740914	0.000000	0.000000	0.000000	0.000000	0.000000	0.000000	0.000000	0.000000	0.000000	0	0.000000	0	0	0.000000	-0.000000	0.000000	0.000000	0.000000	0.000000	0.000000	0.000000	7.138582	0.392622	0.000000
D:	4801.10	-10.028582	67.803530	-0.000192	0.000192	0.000192	-0.000192	67.769074	-1.815597	-1.500000	2.401327	69.269074	0.019000	2.401327	-3.734022	1.208209	0.000000	0.000000	0.000000	0.000000	0.000000	0.000000	0.000000	0.000000	0.000000	0	0.000000	0	0	0.000000	-0.000000	0.000000	0.000000	0.000000	0.000000	0.000000	0.000000	7.542595	0.414843	0.000000
D:	4812.96	-10.432595	67.769074	-0.000192	0.000192	0.000192	-0.000192	67.769074	-1.815597	-1.500000	2.401327	69.269074	0.019000	2.401327	-3.734022	1.208209	0.000000	0.000000	0.000000	0.000000	0.000000	0.000000	0.000000	0.000000	0.000000	0	0.000000	0	0	0.000000	-0.000000	0.000000	0.000000	0.000000	0.000000	0.000000	0.000000	7.542595	0.414843	0.000000
D:	4822.67	-10.432595	67.769074	-0.000192	0.000192	0.000192	-0.000192	67.845346	-0.056252	-1.500000	-1.578881	69.345346	0.019000	-1.578881	-3.760542	0.604874	0.000000	0.000000	0.000000	0.000000	0.000000	0.000000	0.000000	0.000000	0.000000	0	0.000000	0	0	0.000000	-0.000000	0.000000	0.000000	0.000000	0.000000	0.000000	0.000000	6.902544	0.379640	0.000000
D:	4831.98	-9.792545	67.845346	-0.000192	0.000192	0.000192	-0.000192	67.845346	-0.056252	-1.500000	-1.578881	69.345346	0.018000	-1.578881	-3.760542	0.604874	0.000000	0.000000	0.000000	0.000000	0.000000	0.000000	0.000000	0.000000	0.000000	0	0.000000	0	0	0.000000	-0.000000	0.000000	0.000000	0.000000	0.000000	0.000000	0.000000	6.902544	0.379640	0.000000
D:	4840.88	-9.792545	67.845346	-0.000192	0.000192	0.000192	-0.000192	67.845346	-0.056252	-1.500000	-1.578881	69.345346	0.018000	-1.578881	-3.760542	0.888717	0.000000	0.000000	0.000000	0.000000	0.000000	0.000000	0.000000	0.000000	0.000000	0	0.000000	0	0	0.000000	-0.000000	0.000000	0.000000	0.000000	0.000000	0.000000	0.000000	6.902544	0.379640	0.000000
D:	4849.45	-10.118305	67.806774	-0.000192	0.000192	0.000192	-0.000192	67.806774	-0.334597	-1.500000	-0.141725	69.306774	0.018000	-0.141725	-3.749373	0.888717	0.000000	0.000000	0.000000	0.000000	0.000000	0.000000	0.000000	0.000000	0.000000	0	0.000000	0	0	0.000000	-0.000000	0.000000	0.000000	0.000000	0.000000	0.000000	0.000000	7.228304	0.397557	0.000000
D:	4857.87	-10.118305	67.806774	-0.000192	0.000192	0.000192	-0.000192	67.806774	-0.334597	-1.500000	-0.141725	69.306774	0.018000	-0.141725	-3.749373	0.888717	0.000000	0.000000	0.000000	0.000000	0.000000	0.000000	0.000000	0.000000	0.000000	0	0.000000	0	0	0.000000	-0.000000	0.000000	0.000000	0.000000	0.000000	0.000000	0.000000	7.228304	0.397557	0.000000
D:	4866.43	-9.957070	67.727093	-0.000192	0.000192	0.000192	-0.000192	67.727093	-0.579543	-1.500000	-0.325371	69.227093	0.019000	-0.325371	-3.725800	0.722724	0.000000	0.000000	0.000000	0.000000	0.000000	0.000000	0.000000	0.000000	0.000000	0	0.000000	0	0	0.000000	-0.000000	0.000000	0.000000	0.000000	0.000000	0.000000	0.000000	7.067070	0.388689	0.000000
D:	4875.77	-9.957070	67.727093	-0.000192	0.000192	0.000192	-0.000192	67.727093	-0.579543	-1.500000	-0.325371	69.227093	0.019000	-0.325371	-3.725800	0.722724	0.000000	0.000000	0.000000	0.000000	0.000000	0.000000	0.000000	0.000000	0.000000	0	0.000000	0	0	0.000000	-0.000000	0.000000	0.000000	0.000000	0.000000	0.000000	0.000000	7.067070	0.388689	0.000000
D:	4885.25	-9.957070	67.727093	-0.000192	0.000192	0.000192	-0.000192	67.696727	0.543890	-1.500000	-0.567385	69.196727	0.019000	-0.567385	-3.711829	0.747711	0.000000	0.000000	0.000000	0.000000	0.000000	0.000000	0.000000	0.000000	0.000000	0	0.000000	0	0	0.000000	-0.000000	0.000000	0.000000	0.000000	0.000000	0.000000	0.000000	7.062821	0.388455	0.000000
D:	4894.79	-9.952822	67.696727	-0.000192	0.000192	0.000192	-0.000192	67.696727	0.543890	-1.500000	-0.567385	69.196727	0.019000	-0.567385	-3.711829	0.747711	0.000000	0.000000	0.000000	0.000000	0.000000	0.000000	0.000000	0.000000	0.000000	0	0.000000	0	0	0.000000	-0.000000	0.000000	0.000000	0.000000	0.000000	0.000000	0.000000	7.062821	0.388455	0.000000
D:	4904.38	-9.952822	67.696727	-0.000192	0.000192	0.000192	-0.000192	67.717618	0.282141	-1.500000	0.481509	69.217618	0.019000	0.481509	-3.717255	0.985174	0.000000	0.000000	0.000000	0.000000	0.000000	0.000000	0.000000	0.000000	0.000000	0	0.000000	0	0	0.000000	-0.000000	0.000000	0.000000	0.000000	0.000000	0.000000	0.000000	7.245184	0.398485	0.000000
D:	4913.92	-10.135184	67.717618	-0.000192	0.000192	0.000192	-0.000192	67.717618	0.282141	-1.500000	0.481509	69.217618	0.018000	0.481509	-3.717255	0.985174	0.000000	0.000000	0.000000	0.000000	0.000000	0.000000	0.000000	0.000000	0.000000	0	0.000000	0	0	0.000000	-0.000000	0.000000	0.000000	0.000000	0.000000	0.000000	0.000000	7.245184	0.398485	0.000000
D:	4923.28	-10.135184	67.717618	-0.000192	0.000192	0.000192	-0.000192	67.717618	0.282141	-1.500000	0.293332	69.232869	0.018000	0.293332	-3.717255	0.848024	0.000000	0.000000	0.000000	0.000000	0.000000	0.000000	0.000000	0.000000	0.000000	0	0.000000	0	0	0.000000	-0.000000	0.000000	0.000000	0.000000	0.000000	0.000000	0.000000	6.997257	0.384849	0.000000
D:	4932.65	-9.887257	67.732869	-0.000192	0.000192	0.000192	-0.000192	67.732869	-0.268221	-1.500000	0.293332	69.232869	0.018000	0.293332	-3.724146	0.848024	0.000000	0.000000	0.000000	0.000000	0.000000	0.000000	0.000000	0.000000	0.000000	0	0.000000	0	0	0.000000	-0.000000	0.000000	0.000000	0.000000	0.000000	0.000000	0.000000	6.997257	0.384849	0.000000
D:	4942.68	-9.887257	67.732869	-0.000192	0.000192	0.000192	-0.000192	67.732869	-0.268221	-1.500000	-0.241359	69.163871	0.018000	-0.241359	-3.724146	0.851364	0.000000	0.000000	0.000000	0.000000	0.000000	0.000000	0.000000	0.000000	0.000000	0	0.000000	0	0	0.000000	-0.000000	0.000000	0.000000	0.000000	0.000000	0.000000	0.000000	6.845580	0.376507	0.000000
D:	4952.21	-9.735580	67.663871	-0.000192	0.000192	0.000192	-0.000192	67.663871	0.104360	-1.500000	-0.241359	69.163871	0.019000	-0.241359	-3.699780	0.851364	0.000000	0.000000	0.000000	0.000000	0.000000	0.000000	0.000000	0.000000	0.000000	0	0.000000	0	0	0.000000	-0.000000	0.000000	0.000000	0.000000	0.000000	0.000000	0.000000	6.845580	0.376507	0.000000
D:	4961.78	-9.735580	67.663871	-0.000192	0.000192	0.000192	-0.000192	67.663871	0.104360	-1.500000	-0.241359	69.163871	0.019000	-0.241359	-3.699780	1.385294	0.000000	0.000000	0.000000	0.000000	0.000000	0.000000	0.000000	0.000000	0.000000	0	0.000000	0	0	0.000000	-0.000000	0.000000	0.000000	0.000000	0.000000	0.000000	0.000000	6.845580	0.376507	0.000000
D:	4971.43	-10.106398	67.592804	-0.000192	0.000192	0.000192	-0.000192	67.592804	0.708929	-1.500000	0.087822	69.092804	0.019000	0.087822	-3.670761	1.385294	0.000000	0.000000	0.000000	0.000000	0.000000	0.000000	0.000000	0.000000	0.000000	0	0.000000	0	0	0.000000	-0.000000	0.000000	0.000000	0.000000	0.000000	0.000000	0.000000	7.216397	0.396902	0.000000
D:	4980.91	-10.106398	67.592804	-0.000192	0.000192	0.000192	-0.000192	67.592804	0.708929	-1.500000	0.087822	69.092804	0.019000	0.087822	-3.670761	1.385294	0.000000	0.000000	0.000000	0.000000	0.000000	0.000000	0.000000	0.000000	0.000000	0	0.000000	0	0	0.000000	-0.000000	0.000000	0.000000	0.000000	0.000000	0.000000	0.000000	7.216397	0.396902	0.000000
D:	4990.26	-9.875862	67.589416	-0.000192	0.000192	0.000192	-0.000192	67.589416	0.673074	-1.500000	0.674063	69.089416	0.018000	0.674063	-3.665440	1.427432	0.000000	0.000000	0.000000	0.000000	0.000000	0.000000	0.000000	0.000000	0.000000	0	0.000000	0	0	0.000000	-0.000000	0.000000	0.000000	0.000000	0.000000	0.000000	0.000000	6.985862	0.384222	0.000000
D:	5000.50	-9.875862	67.589416	-0.000192	0.000192	0.000192	-0.000192	67.589416	0.673074	-1.500000	0.674063	69.089416	0.018000	0.674063	-3.665440	1.427432	0.000000	0.000000	0.000000	0.000000	0.000000	0.000000	0.000000	0.000000	0.000000	0	0.000000	0	0	0.000000	-0.000000	0.000000	0.000000	0.000000	0.000000	0.000000	0.000000	6.985862	0.384222	0.000000
D:	5010.79	-9.823717	67.609798	-0.000192	0.000192	0.000192	-0.000192	67.609798	0.531746	-1.500000	0.673129	69.109798	0.018000	0.673129	-3.669150	1.666170	0.000000	0.000000	0.000000	0.000000	0.000000	0.000000	0.000000	0.000000	0.000000	0	0.000000	0	0	0.000000	-0.000000	0.000000	0.000000	0.000000	0.000000	0.000000	0.000000	6.933717	0.381354	0.000000
D:	5023.66	-9.823717	67.609798	-0.000192	0.000192	0.000192	-0.000192	67.631955	0.839221	-1.500000	0.538509	69.131955	0.018000	0.538509	-3.671282	2.032138	0.000000	0.000000	0.000000	0.000000	0.000000	0.000000	0.000000	0.000000	0.000000	0	0.000000	0	0	0.000000	-0.000000	0.000000	0.000000	0.000000	0.000000	0.000000	0.000000	6.986444	0.384254	0.000000
D:	5036.60	-9.876444	67.631955	-0.000192	0.000192	0.000192	-0.000192	67.631955	0.839221	-1.500000	0.538509	69.131955	0.019000	0.538509	-3.671282	2.032138	0.000000	0.000000	0.000000	0.000000	0.000000	0.000000	0.000000	0.000000	0.000000	0	0.000000	0	0	0.000000	-0.000000	0.000000	0.000000	0.000000	0.000000	0.000000	0.000000	6.986444	0.384254	0.000000
D:	5048.88	-11.375049	67.505355	-0.000192	0.000192	0.000192	-0.000192	67.505355	0.411400	-1.500000	0.824837	69.005355	0.019000	0.824837	-3.625141	3.727548	0.000000	0.000000	0.000000	0.000000	0.000000	0.000000	0.000000	0.000000	0.000000	0	0.000000	0	0	0.000000	-0.000000	0.000000	0.000000	0.000000	0.000000	0.000000	0.000000	8.485049	0.466678	0.000000
D:	5061.06	-11.375049	67.505355	-0.000192	0.000192	0.000192	-0.000192	67.505355	0.411400	-1.500000	0.824837	69.005355	0.019000	0.824837	-3.625141	1.719580	0.000000	0.000000	0.000000	0.000000	0.000000	0.000000	0.000000	0.000000	0.000000	0	0.000000	0	0	0.000000	-0.000000	0.000000	0.000000	0.000000	0.000000	0.000000	0.000000	8.485049	0.466678	0.000000
D:	5072.51	-8.861866	67.507245	-0.000192	0.000192	0.000192	-0.000192	67.507245	0.872310	-1.500000	0.434609	69.007245	0.018000	0.434609	-3.620402	1.719580	0.000000	0.000000	0.000000	0.000000	0.000000	0.000000	0.000000	0.000000	0.000000	0	0.000000	0	0	0.000000	-0.000000	0.000000	0.000000	0.000000	0.000000	0.000000	0.000000	5.971866	0.328453	0.000000
D:	5085.24	-8.861866	67.507245	-0.000192	0.000192	0.000192	-0.000192	67.522222	0.113390	-1.500000	0.847740	69.022222	0.018000	0.847740	-3.624840	1.956928	0.000000	0.000000	0.000000	0.000000	0.000000	0.000000	0.000000	0.000000	0.000000	0	0.000000	0	0	0.000000	-0.000000	0.000000	0.000000	0.000000	0.000000	0.000000	0.000000	5.952483	0.327387	0.000000
D:	5096.35	-8.842483	67.522222	-0.000192	0.000192	0.000192	-0.000192	67.522222	0.113390	-1.500000	0.847740	69.022222	0.018000	0.847740	-3.624840	1.956928	0.000000	0.000000	0.000000	0.000000	0.000000	0.000000	0.000000	0.000000	0.000000	0	0.000000	0	0	0.000000	-0.000000	0.000000	0.000000	0.000000	0.000000	0.000000	0.000000	5.952483	0.327387	0.000000
D:	5106.41	-8.842483	67.522222	-0.000192	0.000192	0.000192	-0.000192	67.571841	0.895876	-1.500000	0.154613	69.071841	0.018000	0.154613	-3.636334	1.344609	0.000000	0.000000	0.000000	0.000000	0.000000	0.000000	0.000000	0.000000	0.000000	0	0.000000	0	0	0.000000	-0.000000	0.000000	0.000000	0.000000	0.000000	0.000000	0.000000	5.044608	0.277453	0.000000
D:	5115.81	-7.934608	67.571841	-0.000192	0.000192	0.000192	-0.000192	67.571841	0.895876	-1.500000	0.154613	69.071841	0.018000	0.154613	-3.636334	1.344609	0.000000	0.000000	0.000000	0.000000	0.000000	0.000000	0.000000	0.000000	0.000000	0	0.000000	0	0	0.000000	-0.000000	0.000000	0.000000	0.000000	0.000000	0.000000	0.000000	5.044608	0.277453	0.000000
D:	5125.79	-7.934608	67.571841	-0.000192	0.000192	0.000192	-0.000192	67.582638	0.067083	-1.500000	0.860418	69.082638	0.018000	0.860418	-3.639603	1.354307	0.000000	0.000000	0.000000	0.000000	0.000000	0.000000	0.000000	0.000000	0.000000	0	0.000000	0	0	0.000000	-0.000000	0.000000	0.000000	0.000000	0.000000	0.000000	0.000000	4.796031	0.263782	0.000000
D:	5135.27	-7.686032	67.582638	-0.000192	0.000192	0.000192	-0.000192	67.582638	0.067083	-1.500000	0.860418	69.082638	0.019000	0.860418	-3.639603	1.354307	0.000000	0.000000	0.000000	0.000000	0.000000	0.000000	0.000000	0.000000	0.000000	0	0.000000	0	0	0.000000	-0.000000	0.000000	0.000000	0.000000	0.000000	0.000000	0.000000	4.796031	0.263782	0.000000
D:	5144.42	-7.686032	67.582638	-0.000192	0.000192	0.000192	-0.000192	67.582638	0.067083	-1.500000	0.111617	69.153555	0.019000	0.111617	-3.639603	1.484241	0.000000	0.000000	0.000000	0.000000	0.000000	0.000000	0.000000	0.000000	0.000000	0	0.000000	0	0	0.000000	-0.000000	0.000000	0.000000	0.000000	0.000000	0.000000	0.000000	4.726603	0.259963	0.000000
D:	5153.81	-7.616603	67.653555	-0.000192	0.000192	0.000192	-0.000192	67.653555	1.039199	-1.500000	0.111617	69.153555	0.018000	0.111617	-3.657519	1.484241	0.000000	0.000000	0.000000	0.000000	0.000000	0.000000	0.000000	0.000000	0.000000	0	0.000000	0	0	0.000000	-0.000000	0.000000	0.000000	0.000000	0.000000	0.000000	0.000000	4.726603	0.259963	0.000000
D:	5162.92	-7.616603	67.653555	-0.000192	0.000192	0.000192	-0.000192	67.653555	1.039199	-1.500000	0.111617	69.153555	0.018000	0.111617	-3.657519	1.106721	0.000000	0.000000	0.000000	0.000000	0.000000	0.000000	0.000000	0.000000	0.000000	0	0.000000	0	0	0.000000	-0.000000	0.000000	0.000000	0.000000	0.000000	0.000000	0.000000	4.726603	0.259963	0.000000
D:	5172.17	-7.007102	67.673195	-0.000192	0.000192	0.000192	-0.000192	67.673195	0.516033	-1.500000	0.987129	69.173195	0.018000	0.987129	-3.661071	1.106721	0.000000	0.000000	0.000000	0.000000	0.000000	0.000000	0.000000	0.000000	0.000000	0	0.000000	0	0	0.000000	-0.000000	0.000000	0.000000	0.000000	0.000000	0.000000	0.000000	4.117102	0.226441	0.000000
D:	5181.46	-7.007102	67.673195	-0.000192	0.000192	0.000192	-0.000192	67.673195	0.516033	-1.500000	0.987129	69.173195	0.018000	0.987129	-3.661071	1.106721	0.000000	0.000000	0.000000	0.000000	0.000000	0.000000	0.000000	0.000000	0.000000	0	0.000000	0	0	0.000000	-0.000000	0.000000	0.000000	0.000000	0.000000	0.000000	0.000000	4.117102	0.226441	0.000000
D:	5191.01	-6.957865	67.716606	-0.000192	0.000192	0.000192	-0.000192	67.716606	0.952528	-1.500000	0.542478	69.216606	0.018000	0.542478	-3.670085	1.226515	0.000000	0.000000	0.000000	0.000000	0.000000	0.000000	0.000000	0.000000	0.000000	0	0.000000	0	0	0.000000	-0.000000	0.000000	0.000000	0.000000	0.000000	0.000000	0.000000	4.067865	0.223733	0.000000
D:	5200.53	-6.957865	67.716606	-0.000192	0.000192	0.000192	-0.000192	67.716606	0.952528	-1.500000	0.542478	69.216606	0.018000	0.542478	-3.670085	1.226515	0.000000	0.000000	0.000000	0.000000	0.000000	0.000000	0.000000	0.000000	0.000000	0	0.000000	0	0	0.000000	-0.000000	0.000000	0.000000	0.000000	0.000000	0.000000	0.000000	4.067865	0.223733	0.000000
D:	5209.66	-6.861719	67.764644	-0.000192	0.000192	0.000192	-0.000192	67.764644	0.416682	-1.500000	0.932913	69.264644	0.019000	0.932913	-3.683858	1.270950	0.000000	0.000000	0.000000	0.000000	0.000000	0.000000	0.000000	0.000000	0.000000	0	0.000000	0	0	0.000000	-0.000000	0.000000	0.000000	0.000000	0.000000	0.000000	0.000000	3.971719	0.218445	0.000000
D:	5218.92	-6.861719	67.764644	-0.000192	0.000192	0.000192	-0.000192	67.764644	0.416682	-1.500000	0.932913	69.264644	0.019000	0.932913	-3.683858	1.270950	0.000000	0.000000	0.000000	0.000000	0.000000	0.000000	0.000000	0.000000	0.000000	0	0.000000	0	0	0.000000	-0.000000	0.000000	0.000000	0.000000	0.000000	0.000000	0.000000	3.971719	0.218445	0.000000
D:	5228.41	-6.861719	67.764644	-0.000192	0.000192	0.000192	-0.000192	67.846339	0.335772	-1.500000	0.445661	69.346339	0.019000	0.445661	-3.709818	0.792233	0.000000	0.000000	0.000000	0.000000	0.000000	0.000000	0.000000	0.000000	0.000000	0	0.000000	0	0	0.000000	-0.000000	0.000000	0.000000	0.000000	0.000000	0.000000	0.000000	3.346600	0.184063	0.000000
D:	5238.14	-6.236600	67.846339	-0.000192	0.000192	0.000192	-0.000192	67.846339	0.335772	-1.500000	0.445661	69.346339	0.018000	0.445661	-3.709818	0.792233	0.000000	0.000000	0.000000	0.000000	0.000000	0.000000	0.000000	0.000000	0.000000	0	0.000000	0	0	0.000000	-0.000000	0.000000	0.000000	0.000000	0.000000	0.000000	0.000000	3.346600	0.184063	0.000000
D:	5248.03	-6.236600	67.846339	-0.000192	0.000192	0.000192	-0.000192	67.892985	0.410314	-1.500000	0.341941	69.392985	0.018000	0.341941	-3.723291	0.864312	0.000000	0.000000	0.000000	0.000000	0.000000	0.000000	0.000000	0.000000	0.000000	0	0.000000	0	0	0.000000	-0.000000	0.000000	0.000000	0.000000	0.000000	0.000000	0.000000	3.335108	0.183431	0.000000
D:	5258.86	-6.225108	67.892985	-0.000192	0.000192	0.000192	-0.000192	67.892985	0.410314	-1.500000	0.341941	69.392985	0.018000	0.341941	-3.723291	0.864312	0.000000	0.000000	0.000000	0.000000	0.000000	0.000000	0.000000	0.000000	0.000000	0	0.000000	0	0	0.000000	-0.000000	0.000000	0.000000	0.000000	0.000000	0.000000	0.000000	3.335108	0.183431	0.000000
D:	5267.99	-6.225108	67.892985	-0.000192	0.000192	0.000192	-0.000192	67.890587	-0.048226	-1.500000	0.406476	69.390587	0.018000	0.406476	-3.722766	0.513611	0.000000	0.000000	0.000000	0.000000	0.000000	0.000000	0.000000	0.000000	0.000000	0	0.000000	0	0	0.000000	-0.000000	0.000000	0.000000	0.000000	0.000000	0.000000	0.000000	2.897812	0.159380	0.000000
D:	5276.54	-5.787812	67.890587	-0.000192	0.000192	0.000192	-0.000192	67.890587	-0.048226	-1.500000	0.406476	69.390587	0.018000	0.406476	-3.722766	0.513611	0.000000	0.000000	0.000000	0.000000	0.000000	0.000000	0.000000	0.000000	0.000000	0	0.000000	0	0	0.000000	-0.000000	0.000000	0.000000	0.000000	0.000000	0.000000	0.000000	2.897812	0.159380	0.000000
D:	5284.99	-5.787812	67.890587	-0.000192	0.000192	0.000192	-0.000192	67.890587	-0.048226	-1.500000	0.406476	69.390587	0.018000	0.406476	-3.722766	0.858325	0.000000	0.000000	0.000000	0.000000	0.000000	0.000000	0.000000	0.000000	0.000000	0	0.000000	0	0	0.000000	-0.000000	0.000000	0.000000	0.000000	0.000000	0.000000	0.000000	3.224049	0.177323	0.000000
D:	5294.57	-6.114050	67.918400	-0.000192	0.000192	0.000192	-0.000192	67.918400	0.264937	-1.500000	-0.026476	69.418400	0.019000	-0.026476	-3.730586	0.858325	0.000000	0.000000	0.000000	0.000000	0.000000	0.000000	0.000000	0.000000	0.000000	0	0.000000	0	0	0.000000	-0.000000	0.000000	0.000000	0.000000	0.000000	0.000000	0.000000	3.224049	0.177323	0.000000
D:	5304.11	-6.114050	67.918400	-0.000192	0.000192	0.000192	-0.000192	67.918400	0.264937	-1.500000	-0.026476	69.418400	0.019000	-0.026476	-3.730586	0.858325	0.000000	0.000000	0.000000	0.000000	0.000000	0.000000	0.000000	0.000000	0.000000	0	0.000000	0	0	0.000000	-0.000000	0.000000	0.000000	0.000000	0.000000	0.000000	0.000000	3.224049	0.177323	0.000000
D:	5313.03	-5.847596	67.945984	-0.000192	0.000192	0.000192	-0.000192	67.945984	0.029936	-1.500000	0.250997	69.445984	0.019000	0.250997	-3.739860	0.633406	0.000000	0.000000	0.000000	0.000000	0.000000	0.000000	0.000000	0.000000	0.000000	0	0.000000	0	0	0.000000	-0.000000	0.000000	0.000000	0.000000	0.000000	0.000000	0.000000	2.957596	0.162668	0.000000
D:	5321.63	-5.847596	67.945984	-0.000192	0.000192	0.000192	-0.000192	67.945984	0.029936	-1.500000	0.250997	69.445984	0.019000	0.250997	-3.739860	0.633406	0.000000	0.000000	0.000000	0.000000	0.000000	0.000000	0.000000	0.000000	0.000000	0	0.000000	0	0	0.000000	-0.000000	0.000000	0.000000	0.000000	0.000000	0.000000	0.000000	2.957596	0.162668	0.000000
D:	5329.93	-5.847596	67.945984	-0.000192	0.000192	0.000192	-0.000192	67.989715	-0.076720	-1.500000	0.042346	69.489715	0.019000	0.042346	-3.755341	0.705443	0.000000	0.000000	0.000000	0.000000	0.000000	0.000000	0.000000	0.000000	0.000000	0	0.000000	0	0	0.000000	-0.000000	0.000000	0.000000	0.000000	0.000000	0.000000	0.000000	3.044186	0.167430	0.000000
D:	5338.32	-5.934186	67.989715	-0.000192	0.000192	0.000192	-0.000192	67.989715	-0.076720	-1.500000	0.042346	69.489715	0.018000	0.042346	-3.755341	0.705443	0.000000	0.000000	0.000000	0.000000	0.000000	0.000000	0.000000	0.000000	0.000000	0	0.000000	0	0	0.000000	-0.000000	0.000000	0.000000	0.000000	0.000000	0.000000	0.000000	3.044186	0.167430	0.000000
D:	5346.67	-5.934186	67.989715	-0.000192	0.000192	0.000192	-0.000192	67.989715	-0.076720	-1.500000	0.042346	69.519921	0.018000	-0.070036	-3.755341	1.198876	0.000000	0.000000	0.000000	0.000000	0.000000	0.000000	0.000000	0.000000	0.000000	0	0.000000	0	0	0.000000	-0.000000	0.000000	0.000000	0.000000	0.000000	0.000000	0.000000	3.587865	0.197333	0.000000
D:	5355.19	-6.477865	68.019921	-0.000192	0.000192	0.000192	-0.000192	68.019921	0.123721	-1.500000	-0.070036	69.519921	0.018000	-0.070036	-3.764943	1.198876	0.000000	0.000000	0.000000	0.000000	0.000000	0.000000	0.000000	0.000000	0.000000	0	0.000000	0	0	0.000000	-0.000000	0.000000	0.000000	0.000000	0.000000	0.000000	0.000000	3.587865	0.197333	0.000000
D:	5364.15	-6.477865	68.019921	-0.000192	0.000192	0.000192	-0.000192	68.019921	0.123721	-1.500000	-0.070036	69.519921	0.018000	-0.070036	-3.764943	1.198876	0.000000	0.000000	0.000000	0.000000	0.000000	0.000000	0.000000	0.000000	0.000000	0	0.000000	0	0	0.000000	-0.000000	0.000000	0.000000	0.000000	0.000000	0.000000	0.000000	3.587865	0.197333	0.000000
D:	5373.77	-6.310894	68.014762	-0.000192	0.000192	0.000192	-0.000192	68.014762	-0.121532	-1.500000	0.114453	69.514762	0.019000	0.114453	-3.763964	1.027544	0.000000	0.000000	0.000000	0.000000	0.000000	0.000000	0.000000	0.000000	0.000000	0	0.000000	0	0	0.000000	-0.000000	0.000000	0.000000	0.000000	0.000000	0.000000	0.000000	3.420894	0.188149	0.000000
D:	5383.59	-6.310894	68.014762	-0.000192	0.000192	0.000192	-0.000192	68.014762	-0.121532	-1.500000	0.114453	69.514762	0.019000	0.114453	-3.763964	1.027544	0.000000	0.000000	0.000000	0.000000	0.000000	0.000000	0.000000	0.000000	0.000000	0	0.000000	0	0	0.000000	-0.000000	0.000000	0.000000	0.000000	0.000000	0.000000	0.000000	3.420894	0.188149	0.000000
D:	5391.92	-6.535885	67.999733	-0.000192	0.000192	0.000192	-0.000192	67.999733	-0.065197	-1.500000	-0.110243	69.499733	0.019000	-0.110243	-3.759230	1.204634	0.000000	0.000000	0.000000	0.000000	0.000000	0.000000	0.000000	0.000000	0.000000	0	0.000000	0	0	0.000000	-0.000000	0.000000	0.000000	0.000000	0.000000	0.000000	0.000000	3.645885	0.200524	0.000000
D:	5400.17	-6.535885	67.999733	-0.000192	0.000192	0.000192	-0.000192	67.999733	-0.065197	-1.500000	-0.110243	69.499733	0.019000	-0.110243	-3.759230	1.204634	0.000000	0.000000	0.000000	0.000000	0.000000	0.000000	0.000000	0.000000	0.000000	0	0.000000	0	0	0.000000	-0.000000	0.000000	0.000000	0.000000	0.000000	0.000000	0.000000	3.645885	0.200524	0.000000
D:	5409.43	-6.535885	67.999733	-0.000192	0.000192	0.000192	-0.000192	68.023773	0.178591	-1.500000	-0.067726	69.523773	0.019000	-0.067726	-3.766377	1.313641	0.000000	0.000000	0.000000	0.000000	0.000000	0.000000	0.000000	0.000000	0.000000	0	0.000000	0	0	0.000000	-0.000000	0.000000	0.000000	0.000000	0.000000	0.000000	0.000000	3.786132	0.208237	0.000000
D:	5417.90	-6.676132	68.023773	-0.000192	0.000192	0.000192	-0.000192	68.023773	0.178591	-1.500000	-0.067726	69.523773	0.018000	-0.067726	-3.766377	1.313641	0.000000	0.000000	0.000000	0.000000	0.000000	0.000000	0.000000	0.000000	0.000000	0	0.000000	0	0	0.000000	-0.000000	0.000000	0.000000	0.000000	0.000000	0.000000	0.000000	3.786132	0.208237	0.000000
D:	5425.95	-6.676132	68.023773	-0.000192	0.000192	0.000192	-0.000192	68.023773	0.178591	-1.500000	-0.067726	69.523773	0.018000	-0.067726	-3.766377	1.313641	0.000000	0.000000	0.000000	0.000000	0.000000	0.000000	0.000000	0.000000	0.000000	0	0.000000	0	0	0.000000	-0.000000	0.000000	0.000000	0.000000	0.000000	0.000000	0.000000	3.786132	0.208237	0.000000
D:	5434.08	-6.884485	68.032511	-0.000192	0.000192	0.000192	-0.000192	68.032511	-0.069887	-1.500000	0.164764	69.532511	0.018000	0.164764	-3.769807	1.485013	0.000000	0.000000	0.000000	0.000000	0.000000	0.000000	0.000000	0.000000	0.000000	0	0.000000	0	0	0.000000	-0.000000	0.000000	0.000000	0.000000	0.000000	0.000000	0.000000	3.994485	0.219697	0.000000
D:	5442.46	-6.884485	68.032511	-0.000192	0.000192	0.000192	-0.000192	68.032511	-0.069887	-1.500000	0.164764	69.532511	0.018000	0.164764	-3.769807	1.485013	0.000000	0.000000	0.000000	0.000000	0.000000	0.000000	0.000000	0.000000	0.000000	0	0.000000	0	0	0.000000	-0.000000	0.000000	0.000000	0.000000	0.000000	0.000000	0.000000	3.994485	0.219697	0.000000
D:	5452.39	-6.724850	68.019981	-0.000192	0.000192	0.000192	-0.000192	68.019981	0.259993	-1.500000	-0.058663	69.519981	0.019000	-0.058663	-3.763810	1.318752	0.000000	0.000000	0.000000	0.000000	0.000000	0.000000	0.000000	0.000000	0.000000	0	0.000000	0	0	0.000000	-0.000000	0.000000	0.000000	0.000000	0.000000	0.000000	0.000000	3.834850	0.210917	0.000000
D:	5463.03	-6.724850	68.019981	-0.000192	0.000192	0.000192	-0.000192	68.019981	0.259993	-1.500000	-0.058663	69.519981	0.019000	-0.058663	-3.763810	1.318752	0.000000	0.000000	0.000000	0.000000	0.000000	0.000000	0.000000	0.000000	0.000000	0	0.000000	0	0	0.000000	-0.000000	0.000000	0.000000	0.000000	0.000000	0.000000	0.000000	3.834850	0.210917	0.000000
D:	5473.35	-6.824972	68.010912	-0.000192	0.000192	0.000192	-0.000192	68.010912	-0.336346	-1.500000	0.244751	69.510912	0.019000	0.244751	-3.762891	1.387125	0.000000	0.000000	0.000000	0.000000	0.000000	0.000000	0.000000	0.000000	0.000000	0	0.000000	0	0	0.000000	-0.000000	0.000000	0.000000	0.000000	0.000000	0.000000	0.000000	3.934972	0.216423	0.000000
D:	5484.54	-6.824972	68.010912	-0.000192	0.000192	0.000192	-0.000192	68.010912	-0.336346	-1.500000	0.244751	69.510912	0.019000	0.244751	-3.762891	1.577762	0.000000	0.000000	0.000000	0.000000	0.000000	0.000000	0.000000	0.000000	0.000000	0	0.000000	0	0	0.000000	-0.000000	0.000000	0.000000	0.000000	0.000000	0.000000	0.000000	3.934972	0.216423	0.000000
D:	5496.33	-7.055691	68.030496	-0.000192	0.000192	0.000192	-0.000192	68.030496	0.028975	-1.500000	-0.303726	69.530496	0.018000	-0.303726	-3.769433	1.577762	0.000000	0.000000	0.000000	0.000000	0.000000	0.000000	0.000000	0.000000	0.000000	0	0.000000	0	0	0.000000	-0.000000	0.000000	0.000000	0.000000	0.000000	0.000000	0.000000	4.165691	0.229113	0.000000
D:	5507.23	-7.055691	68.030496	-0.000192	0.000192	0.000192	-0.000192	68.030496	0.028975	-1.500000	-0.303726	69.522030	0.018000	0.010299	-3.769433	1.888698	0.000000	0.000000	0.000000	0.000000	0.000000	0.000000	0.000000	0.000000	0.000000	0	0.000000	0	0	0.000000	-0.000000	0.000000	0.000000	0.000000	0.000000	0.000000	0.000000	4.534038	0.249372	0.000000
D:	5516.86	-7.424037	68.022030	-0.000192	0.000192	0.000192	-0.000192	68.022030	-0.042371	-1.500000	0.010299	69.522030	0.018000	0.010299	-3.766789	1.888698	0.000000	0.000000	0.000000	0.000000	0.000000	0.000000	0.000000	0.000000	0.000000	0	0.000000	0	0	0.000000	-0.000000	0.000000	0.000000	0.000000	0.000000	0.000000	0.000000	4.534038	0.249372	0.000000
D:	5525.89	-7.424037	68.022030	-0.000192	0.000192	0.000192	-0.000192	68.022030	-0.042371	-1.500000	0.010299	69.522030	0.018000	0.010299	-3.766789	1.888698	0.000000	0.000000	0.000000	0.000000	0.000000	0.000000	0.000000	0.000000	0.000000	0	0.000000	0	0	0.000000	-0.000000	0.000000	0.000000	0.000000	0.000000	0.000000	0.000000	4.534038	0.249372	0.000000
D:	5534.34	-7.723785	68.004640	-0.000192	0.000192	0.000192	-0.000192	68.004640	-0.040444	-1.500000	-0.039852	69.504640	0.019000	-0.039852	-3.761083	2.129895	0.000000	0.000000	0.000000	0.000000	0.000000	0.000000	0.000000	0.000000	0.000000	0	0.000000	0	0	0.000000	-0.000000	0.000000	0.000000	0.000000	0.000000	0.000000	0.000000	4.833785	0.265858	0.000000
D:	5543.46	-7.723785	68.004640	-0.000192	0.000192	0.000192	-0.000192	68.004640	-0.040444	-1.500000	-0.039852	69.504640	0.019000	-0.039852	-3.761083	2.129895	0.000000	0.000000	0.000000	0.000000	0.000000	0.000000	0.000000	0.000000	0.000000	0	0.000000	0	0	0.000000	-0.000000	0.000000	0.000000	0.000000	0.000000	0.000000	0.000000	4.833785	0.265858	0.000000
D:	5552.13	-7.723785	68.004640	-0.000192	0.000192	0.000192	-0.000192	68.038909	0.070100	-1.500000	-0.040416	69.538909	0.019000	-0.040416	-3.772390	2.171015	0.000000	0.000000	0.000000	0.000000	0.000000	0.000000	0.000000	0.000000	0.000000	0	0.000000	0	0	0.000000	-0.000000	0.000000	0.000000	0.000000	0.000000	0.000000	0.000000	4.919287	0.270561	0.000000
D:	5561.63	-7.809287	68.038909	-0.000192	0.000192	0.000192	-0.000192	68.038909	0.070100	-1.500000	-0.040416	69.538909	0.019000	-0.040416	-3.772390	2.171015	0.000000	0.000000	0.000000	0.000000	0.000000	0.000000	0.000000	0.000000	0.000000	0	0.000000	0	0	0.000000	-0.000000	0.000000	0.000000	0.000000	0.000000	0.000000	0.000000	4.919287	0.270561	0.000000
D:	5571.58	-7.809287	68.038909	-0.000192	0.000192	0.000192	-0.000192	68.017068	-0.172968	-1.500000	0.063896	69.517068	0.019000	0.063896	-3.765963	2.228539	0.000000	0.000000	0.000000	0.000000	0.000000	0.000000	0.000000	0.000000	0.000000	0	0.000000	0	0	0.000000	-0.000000	0.000000	0.000000	0.000000	0.000000	0.000000	0.000000	5.015664	0.275862	0.000000
D:	5581.09	-7.905664	68.017068	-0.000192	0.000192	0.000192	-0.000192	68.017068	-0.172968	-1.500000	0.063896	69.517068	0.018000	0.063896	-3.765963	2.228539	0.000000	0.000000	0.000000	0.000000	0.000000	0.000000	0.000000	0.000000	0.000000	0	0.000000	0	0	0.000000	-0.000000	0.000000	0.000000	0.000000	0.000000	0.000000	0.000000	5.015664	0.275862	0.000000
D:	5591.37	-7.905664	68.017068	-0.000192	0.000192	0.000192	-0.000192	68.009840	-0.128851	-1.500000	-0.159672	69.509840	0.018000	-0.159672	-3.764279	2.114918	0.000000	0.000000	0.000000	0.000000	0.000000	0.000000	0.000000	0.000000	0.000000	0	0.000000	0	0	0.000000	-0.000000	0.000000	0.000000	0.000000	0.000000	0.000000	0.000000	4.922536	0.270739	0.000000
D:	5600.88	-7.812537	68.009840	-0.000192	0.000192	0.000192	-0.000192	68.009840	-0.128851	-1.500000	-0.159672	69.509840	0.018000	-0.159672	-3.764279	2.114918	0.000000	0.000000	0.000000	0.000000	0.000000	0.000000	0.000000	0.000000	0.000000	0	0.000000	0	0	0.000000	-0.000000	0.000000	0.000000	0.000000	0.000000	0.000000	0.000000	4.922536	0.270739	0.000000
D:	5609.25	-7.812537	68.009840	-0.000192	0.000192	0.000192	-0.000192	68.009840	-0.128851	-1.500000	-0.130581	69.495681	0.018000	-0.130581	-3.764279	2.089053	0.000000	0.000000	0.000000	0.000000	0.000000	0.000000	0.000000	0.000000	0.000000	0	0.000000	0	0	0.000000	-0.000000	0.000000	0.000000	0.000000	0.000000	0.000000	0.000000	4.918766	0.270532	0.000000
D:	5617.77	-7.808767	67.995681	-0.000192	0.000192	0.000192	-0.000192	67.995681	0.178166	-1.500000	-0.130581	69.495681	0.018000	-0.130581	-3.758319	2.089053	0.000000	0.000000	0.000000	0.000000	0.000000	0.000000	0.000000	0.000000	0.000000	0	0.000000	0	0	0.000000	-0.000000	0.000000	0.000000	0.000000	0.000000	0.000000	0.000000	4.918766	0.270532	0.000000
D:	5626.16	-7.808767	67.995681	-0.000192	0.000192	0.000192	-0.000192	67.995681	0.178166	-1.500000	-0.130581	69.495681	0.018000	-0.130581	-3.758319	2.089053	0.000000	0.000000	0.000000	0.000000	0.000000	0.000000	0.000000	0.000000	0.000000	0	0.000000	0	0	0.000000	-0.000000	0.000000	0.000000	0.000000	0.000000	0.000000	0.000000	4.918766	0.270532	0.000000
D:	5634.66	-7.951064	68.024881	-0.000192	0.000192	0.000192	-0.000192	68.024881	-0.207403	-1.500000	0.163397	69.524881	0.019000	0.163397	-3.769696	2.174939	0.000000	0.000000	0.000000	0.000000	0.000000	0.000000	0.000000	0.000000	0.000000	0	0.000000	0	0	0.000000	-0.000000	0.000000	0.000000	0.000000	0.000000	0.000000	0.000000	5.061064	0.278359	0.000000
D:	5643.10	-7.951064	68.024881	-0.000192	0.000192	0.000192	-0.000192	68.024881	-0.207403	-1.500000	0.163397	69.524881	0.019000	0.163397	-3.769696	2.174939	0.000000	0.000000	0.000000	0.000000	0.000000	0.000000	0.000000	0.000000	0.000000	0	0.000000	0	0	0.000000	-0.000000	0.000000	0.000000	0.000000	0.000000	0.000000	0.000000	5.061064	0.278359	0.000000
D:	5652.06	-7.951064	68.024881	-0.000192	0.000192	0.000192	-0.000192	68.028487	-0.447675	-1.500000	-0.186588	69.528487	0.019000	-0.186588	-3.773699	2.260650	0.000000	0.000000	0.000000	0.000000	0.000000	0.000000	0.000000	0.000000	0.000000	0	0.000000	0	0	0.000000	-0.000000	0.000000	0.000000	0.000000	0.000000	0.000000	0.000000	5.202024	0.286111	0.000000
D:	5661.96	-8.092025	68.028487	-0.000192	0.000192	0.000192	-0.000192	68.028487	-0.447675	-1.500000	-0.186588	69.528487	0.018000	-0.186588	-3.773699	2.260650	0.000000	0.000000	0.000000	0.000000	0.000000	0.000000	0.000000	0.000000	0.000000	0	0.000000	0	0	0.000000	-0.000000	0.000000	0.000000	0.000000	0.000000	0.000000	0.000000	5.202024	0.286111	0.000000
D:	5672.26	-8.092025	68.028487	-0.000192	0.000192	0.000192	-0.000192	68.048065	0.456984	-1.500000	-0.433019	69.548065	0.018000	-0.433019	-3.777595	2.369456	0.000000	0.000000	0.000000	0.000000	0.000000	0.000000	0.000000	0.000000	0.000000	0	0.000000	0	0	0.000000	-0.000000	0.000000	0.000000	0.000000	0.000000	0.000000	0.000000	5.357508	0.294663	0.000000
D:	5682.84	-8.247508	68.048065	-0.000192	0.000192	0.000192	-0.000192	68.048065	0.456984	-1.500000	-0.433019	69.548065	0.018000	-0.433019	-3.777595	2.369456	0.000000	0.000000	0.000000	0.000000	0.000000	0.000000	0.000000	0.000000	0.000000	0	0.000000	0	0	0.000000	-0.000000	0.000000	0.000000	0.000000	0.000000	0.000000	0.000000	5.357508	0.294663	0.000000
D:	5691.57	-8.247508	68.048065	-0.000192	0.000192	0.000192	-0.000192	68.051675	0.114007	-1.500000	0.407024	69.551675	0.018000	0.407024	-3.778129	2.053756	0.000000	0.000000	0.000000	0.000000	0.000000	0.000000	0.000000	0.000000	0.000000	0	0.000000	0	0	0.000000	-0.000000	0.000000	0.000000	0.000000	0.000000	0.000000	0.000000	5.043862	0.277412	0.000000
D:	5700.49	-7.933862	68.051675	-0.000192	0.000192	0.000192	-0.000192	68.051675	0.114007	-1.500000	0.407024	69.551675	0.018000	0.407024	-3.778129	2.053756	0.000000	0.000000	0.000000	0.000000	0.000000	0.000000	0.000000	0.000000	0.000000	0	0.000000	0	0	0.000000	-0.000000	0.000000	0.000000	0.000000	0.000000	0.000000	0.000000	5.043862	0.277412	0.000000
D:	5709.21	-7.933862	68.051675	-0.000192	0.000192	0.000192	-0.000192	68.051675	0.114007	-1.500000	0.407024	69.551675	0.018000	0.407024	-3.778129	1.967439	0.000000	0.000000	0.000000	0.000000	0.000000	0.000000	0.000000	0.000000	0.000000	0	0.000000	0	0	0.000000	-0.000000	0.000000	0.000000	0.000000	0.000000	0.000000	0.000000	4.964729	0.273060	0.000000
D:	5717.73	-7.854729	68.082918	-0.000192	0.000192	0.000192	-0.000192	68.082918	0.730654	-1.500000	0.128024	69.582918	0.019000	0.128024	-3.784089	1.967439	0.000000	0.000000	0.000000	0.000000	0.000000	0.000000	0.000000	0.000000	0.000000	0	0.000000	0	0	0.000000	-0.000000	0.000000	0.000000	0.000000	0.000000	0.000000	0.000000	4.964729	0.273060	0.000000
D:	5725.81	-7.854729	68.082918	-0.000192	0.000192	0.000192	-0.000192	68.082918	0.730654	-1.500000	0.128024	69.582918	0.019000	0.128024	-3.784089	1.967439	0.000000	0.000000	0.000000	0.000000	0.000000	0.000000	0.000000	0.000000	0.000000	0	0.000000	0	0	0.000000	-0.000000	0.000000	0.000000	0.000000	0.000000	0.000000	0.000000	4.964729	0.273060	0.000000
D:	5733.58	-7.854729	68.082918	-0.000192	0.000192	0.000192	-0.000192	68.072297	-0.529263	-1.500000	0.696826	69.572297	0.019000	0.696826	-3.783714	2.054631	0.000000	0.000000	0.000000	0.000000	0.000000	0.000000	0.000000	0.000000	0.000000	0	0.000000	0	0	0.000000	-0.000000	0.000000	0.000000	0.000000	0.000000	0.000000	0.000000	5.092708	0.280099	0.000000
D:	5741.73	-7.982708	68.072297	-0.000192	0.000192	0.000192	-0.000192	68.072297	-0.529263	-1.500000	0.696826	69.572297	0.018000	0.696826	-3.783714	2.054631	0.000000	0.000000	0.000000	0.000000	0.000000	0.000000	0.000000	0.000000	0.000000	0	0.000000	0	0	0.000000	-0.000000	0.000000	0.000000	0.000000	0.000000	0.000000	0.000000	5.092708	0.280099	0.000000
D:	5749.70	-7.982708	68.072297	-0.000192	0.000192	0.000192	-0.000192	68.072297	-0.529263	-1.500000	0.696826	69.572297	0.018000	0.696826	-3.783714	1.943049	0.000000	0.000000	0.000000	0.000000	0.000000	0.000000	0.000000	0.000000	0.000000	0	0.000000	0	0	0.000000	-0.000000	0.000000	0.000000	0.000000	0.000000	0.000000	0.000000	5.092708	0.280099	0.000000
D:	5757.81	-7.901332	68.040971	-0.000192	0.000192	0.000192	-0.000192	68.040971	-0.506352	-1.500000	-0.460437	69.540971	0.018000	-0.460437	-3.776091	1.943049	0.000000	0.000000	0.000000	0.000000	0.000000	0.000000	0.000000	0.000000	0.000000	0	0.000000	0	0	0.000000	-0.000000	0.000000	0.000000	0.000000	0.000000	0.000000	0.000000	5.011332	0.275623	0.000000
D:	5766.37	-7.901332	68.040971	-0.000192	0.000192	0.000192	-0.000192	68.040971	-0.506352	-1.500000	-0.460437	69.540971	0.018000	-0.460437	-3.776091	1.943049	0.000000	0.000000	0.000000	0.000000	0.000000	0.000000	0.000000	0.000000	0.000000	0	0.000000	0	0	0.000000	-0.000000	0.000000	0.000000	0.000000	0.000000	0.000000	0.000000	5.011332	0.275623	0.000000
D:	5774.54	-7.879396	68.031582	-0.000192	0.000192	0.000192	-0.000192	68.031582	0.115666	-1.500000	-0.503774	69.531582	0.018000	-0.503774	-3.772154	1.889020	0.000000	0.000000	0.000000	0.000000	0.000000	0.000000	0.000000	0.000000	0.000000	0	0.000000	0	0	0.000000	-0.000000	0.000000	0.000000	0.000000	0.000000	0.000000	0.000000	4.989396	0.274417	0.000000
D:	5782.60	-7.879396	68.031582	-0.000192	0.000192	0.000192	-0.000192	68.031582	0.115666	-1.500000	-0.503774	69.531582	0.018000	-0.503774	-3.772154	1.889020	0.000000	0.000000	0.000000	0.000000	0.000000	0.000000	0.000000	0.000000	0.000000	0	0.000000	0	0	0.000000	-0.000000	0.000000	0.000000	0.000000	0.000000	0.000000	0.000000	4.989396	0.274417	0.000000
D:	5790.48	-7.879396	68.031582	-0.000192	0.000192	0.000192	-0.000192	68.031582	0.115666	-1.500000	-0.503774	69.531582	0.018000	-0.503774	-3.772154	1.760911	0.000000	0.000000	0.000000	0.000000	0.000000	0.000000	0.000000	0.000000	0.000000	0	0.000000	0	0	0.000000	-0.000000	0.000000	0.000000	0.000000	0.000000	0.000000	0.000000	4.879227	0.268357	0.000000
D:	5798.55	-7.769227	68.062334	-0.000192	0.000192	0.000192	-0.000192	68.062334	0.398433	-1.500000	0.086035	69.562334	0.019000	0.086035	-3.780113	1.760911	0.000000	0.000000	0.000000	0.000000	0.000000	0.000000	0.000000	0.000000	0.000000	0	0.000000	0	0	0.000000	-0.000000	0.000000	0.000000	0.000000	0.000000	0.000000	0.000000	4.879227	0.268357	0.000000
D:	5807.09	-7.769227	68.062334	-0.000192	0.000192	0.000192	-0.000192	68.062334	0.398433	-1.500000	0.086035	69.562334	0.019000	0.086035	-3.780113	1.760911	0.000000	0.000000	0.000000	0.000000	0.000000	0.000000	0.000000	0.000000	0.000000	0	0.000000	0	0	0.000000	-0.000000	0.000000	0.000000	0.000000	0.000000	0.000000	0.000000	4.879227	0.268357	0.000000
D:	5815.50	-7.924206	68.050017	-0.000192	0.000192	0.000192	-0.000192	68.050017	-0.177158	-1.500000	0.383490	69.550017	0.019000	0.383490	-3.777040	1.873446	0.000000	0.000000	0.000000	0.000000	0.000000	0.000000	0.000000	0.000000	0.000000	0	0.000000	0	0	0.000000	-0.000000	0.000000	0.000000	0.000000	0.000000	0.000000	0.000000	5.034206	0.276881	0.000000
D:	5824.08	-7.924206	68.050017	-0.000192	0.000192	0.000192	-0.000192	68.050017	-0.177158	-1.500000	0.383490	69.550017	0.019000	0.383490	-3.777040	1.873446	0.000000	0.000000	0.000000	0.000000	0.000000	0.000000	0.000000	0.000000	0.000000	0	0.000000	0	0	0.000000	-0.000000	0.000000	0.000000	0.000000	0.000000	0.000000	0.000000	5.034206	0.276881	0.000000
D:	5833.07	-7.924206	68.050017	-0.000192	0.000192	0.000192	-0.000192	68.052096	-0.236056	-1.500000	-0.145687	69.552096	0.019000	-0.145687	-3.779212	1.837658	0.000000	0.000000	0.000000	0.000000	0.000000	0.000000	0.000000	0.000000	0.000000	0	0.000000	0	0	0.000000	-0.000000	0.000000	0.000000	0.000000	0.000000	0.000000	0.000000	5.026532	0.276459	0.000000
D:	5842.15	-7.916532	68.052096	-0.000192	0.000192	0.000192	-0.000192	68.052096	-0.236056	-1.500000	-0.145687	69.552096	0.018000	-0.145687	-3.779212	1.837658	0.000000	0.000000	0.000000	0.000000	0.000000	0.000000	0.000000	0.000000	0.000000	0	0.000000	0	0	0.000000	-0.000000	0.000000	0.000000	0.000000	0.000000	0.000000	0.000000	5.026532	0.276459	0.000000
D:	5851.07	-7.916532	68.052096	-0.000192	0.000192	0.000192	-0.000192	68.052096	-0.236056	-1.500000	-0.230983	69.560663	0.018000	-0.230983	-3.779212	2.077368	0.000000	0.000000	0.000000	0.000000	0.000000	0.000000	0.000000	0.000000	0.000000	0	0.000000	0	0	0.000000	-0.000000	0.000000	0.000000	0.000000	0.000000	0.000000	0.000000	5.314363	0.292290	0.000000
D:	5860.30	-8.204363	68.060663	-0.000192	0.000192	0.000192	-0.000192	68.060663	0.140065	-1.500000	-0.230983	69.560663	0.018000	-0.230983	-3.781287	2.077368	0.000000	0.000000	0.000000	0.000000	0.000000	0.000000	0.000000	0.000000	0.000000	0	0.000000	0	0	0.000000	-0.000000	0.000000	0.000000	0.000000	0.000000	0.000000	0.000000	5.314363	0.292290	0.000000
D:	5869.52	-8.204363	68.060663	-0.000192	0.000192	0.000192	-0.000192	68.060663	0.140065	-1.500000	-0.230983	69.560663	0.018000	-0.230983	-3.781287	1.405327	0.000000	0.000000	0.000000	0.000000	0.000000	0.000000	0.000000	0.000000	0.000000	0	0.000000	0	0	0.000000	-0.000000	0.000000	0.000000	0.000000	0.000000	0.000000	0.000000	5.314363	0.292290	0.000000
D:	5878.35	-7.499764	68.034783	-0.000192	0.000192	0.000192	-0.000192	68.034783	-0.097194	-1.500000	0.122316	69.534783	0.019000	0.122316	-3.773035	1.405327	0.000000	0.000000	0.000000	0.000000	0.000000	0.000000	0.000000	0.000000	0.000000	0	0.000000	0	0	0.000000	-0.000000	0.000000	0.000000	0.000000	0.000000	0.000000	0.000000	4.609764	0.253537	0.000000
D:	5887.26	-7.499764	68.034783	-0.000192	0.000192	0.000192	-0.000192	68.034783	-0.097194	-1.500000	0.122316	69.534783	0.019000	0.122316	-3.773035	1.405327	0.000000	0.000000	0.000000	0.000000	0.000000	0.000000	0.000000	0.000000	0.000000	0	0.000000	0	0	0.000000	-0.000000	0.000000	0.000000	0.000000	0.000000	0.000000	0.000000	4.609764	0.253537	0.000000
D:	5895.53	-8.254136	68.055339	-0.000192	0.000192	0.000192	-0.000192	68.055339	0.274486	-1.500000	-0.086693	69.555339	0.019000	-0.086693	-3.778302	2.074284	0.000000	0.000000	0.000000	0.000000	0.000000	0.000000	0.000000	0.000000	0.000000	0	0.000000	0	0	0.000000	-0.000000	0.000000	0.000000	0.000000	0.000000	0.000000	0.000000	5.364136	0.295027	0.000000
D:	5904.22	-8.254136	68.055339	-0.000192	0.000192	0.000192	-0.000192	68.055339	0.274486	-1.500000	-0.086693	69.555339	0.019000	-0.086693	-3.778302	2.074284	0.000000	0.000000	0.000000	0.000000	0.000000	0.000000	0.000000	0.000000	0.000000	0	0.000000	0	0	0.000000	-0.000000	0.000000	0.000000	0.000000	0.000000	0.000000	0.000000	5.364136	0.295027	0.000000
D:	5912.82	-8.254136	68.055339	-0.000192	0.000192	0.000192	-0.000192	68.060761	0.024288	-1.500000	0.254211	69.560761	0.019000	0.254211	-3.780013	1.869205	0.000000	0.000000	0.000000	0.000000	0.000000	0.000000	0.000000	0.000000	0.000000	0	0.000000	0	0	0.000000	-0.000000	0.000000	0.000000	0.000000	0.000000	0.000000	0.000000	5.177087	0.284740	0.000000
D:	5921.53	-8.067087	68.060761	-0.000192	0.000192	0.000192	-0.000192	68.060761	0.024288	-1.500000	0.254211	69.560761	0.018000	0.254211	-3.780013	1.869205	0.000000	0.000000	0.000000	0.000000	0.000000	0.000000	0.000000	0.000000	0.000000	0	0.000000	0	0	0.000000	-0.000000	0.000000	0.000000	0.000000	0.000000	0.000000	0.000000	5.177087	0.284740	0.000000
D:	5930.02	-8.067087	68.060761	-0.000192	0.000192	0.000192	-0.000192	68.060761	0.024288	-1.500000	0.254211	69.560761	0.018000	0.254211	-3.780013	1.869205	0.000000	0.000000	0.000000	0.000000	0.000000	0.000000	0.000000	0.000000	0.000000	0	0.000000	0	0	0.000000	-0.000000	0.000000	0.000000	0.000000	0.000000	0.000000	0.000000	5.177087	0.284740	0.000000
D:	5937.72	-8.088050	68.056123	-0.000192	0.000192	0.000192	-0.000192	68.056123	0.257745	-1.500000	0.037195	69.556123	0.018000	0.037195	-3.776829	1.869292	0.000000	0.000000	0.000000	0.000000	0.000000	0.000000	0.000000	0.000000	0.000000	0	0.000000	0	0	0.000000	-0.000000	0.000000	0.000000	0.000000	0.000000	0.000000	0.000000	5.198050	0.285893	0.000000
D:	5945.96	-8.088050	68.056123	-0.000192	0.000192	0.000192	-0.000192	68.056123	0.257745	-1.500000	0.037195	69.556123	0.018000	0.037195	-3.776829	1.869292	0.000000	0.000000	0.000000	0.000000	0.000000	0.000000	0.000000	0.000000	0.000000	0	0.000000	0	0	0.000000	-0.000000	0.000000	0.000000	0.000000	0.000000	0.000000	0.000000	5.198050	0.285893	0.000000
D:	5954.49	-8.088050	68.056123	-0.000192	0.000192	0.000192	-0.000192	68.058806	0.416256	-1.500000	0.247195	69.558806	0.018000	0.247195	-3.775035	1.444472	0.000000	0.000000	0.000000	0.000000	0.000000	0.000000	0.000000	0.000000	0.000000	0	0.000000	0	0	0.000000	-0.000000	0.000000	0.000000	0.000000	0.000000	0.000000	0.000000	4.751465	0.261331	0.000000
D:	5963.46	-7.641466	68.058806	-0.000192	0.000192	0.000192	-0.000192	68.058806	0.416256	-1.500000	0.247195	69.558806	0.019000	0.247195	-3.775035	1.444472	0.000000	0.000000	0.000000	0.000000	0.000000	0.000000	0.000000	0.000000	0.000000	0	0.000000	0	0	0.000000	-0.000000	0.000000	0.000000	0.000000	0.000000	0.000000	0.000000	4.751465	0.261331	0.000000
D:	5971.65	-7.641466	68.058806	-0.000192	0.000192	0.000192	-0.000192	68.058806	0.416256	-1.500000	0.247195	69.558806	0.019000	0.247195	-3.775035	1.555983	0.000000	0.000000	0.000000	0.000000	0.000000	0.000000	0.000000	0.000000	0.000000	0	0.000000	0	0	0.000000	-0.000000	0.000000	0.000000	0.000000	0.000000	0.000000	0.000000	4.751465	0.261331	0.000000
D:	5979.97	-7.781780	68.026591	-0.000192	0.000192	0.000192	-0.000192	68.026591	-0.287584	-1.500000	0.408169	69.526591	0.019000	0.408169	-3.765851	1.555983	0.000000	0.000000	0.000000	0.000000	0.000000	0.000000	0.000000	0.000000	0.000000	0	0.000000	0	0	0.000000	-0.000000	0.000000	0.000000	0.000000	0.000000	0.000000	0.000000	4.891779	0.269048	0.000000
D:	5988.10	-7.781780	68.026591	-0.000192	0.000192	0.000192	-0.000192	68.026591	-0.287584	-1.500000	0.408169	69.526591	0.019000	0.408169	-3.765851	1.555983	0.000000	0.000000	0.000000	0.000000	0.000000	0.000000	0.000000	0.000000	0.000000	0	0.000000	0	0	0.000000	-0.000000	0.000000	0.000000	0.000000	0.000000	0.000000	0.000000	4.891779	0.269048	0.000000
D:	5996.45	-8.095463	68.072651	-0.000192	0.000192	0.000192	-0.000192	68.072651	0.101642	-1.500000	-0.248528	69.572651	0.018000	-0.248528	-3.781031	1.833057	0.000000	0.000000	0.000000	0.000000	0.000000	0.000000	0.000000	0.000000	0.000000	0	0.000000	0	0	0.000000	-0.000000	0.000000	0.000000	0.000000	0.000000	0.000000	0.000000	5.205462	0.286300	0.000000
D:	6005.09	-8.095463	68.072651	-0.000192	0.000192	0.000192	-0.000192	68.072651	0.101642	-1.500000	-0.248528	69.572651	0.018000	-0.248528	-3.781031	1.833057	0.000000	0.000000	0.000000	0.000000	0.000000	0.000000	0.000000	0.000000	0.000000	0	0.000000	0	0	0.000000	-0.000000	0.000000	0.000000	0.000000	0.000000	0.000000	0.000000	5.205462	0.286300	0.000000
D:	6013.69	-8.095463	68.072651	-0.000192	0.000192	0.000192	-0.000192	68.048227	0.115447	-1.500000	0.081985	69.548227	0.018000	0.081985	-3.771935	1.936000	0.000000	0.000000	0.000000	0.000000	0.000000	0.000000	0.000000	0.000000	0.000000	0	0.000000	0	0	0.000000	-0.000000	0.000000	0.000000	0.000000	0.000000	0.000000	0.000000	5.351099	0.294310	0.000000
D:	6022.64	-8.241099	68.048227	-0.000192	0.000192	0.000192	-0.000192	68.048227	0.115447	-1.500000	0.081985	69.548227	0.018000	0.081985	-3.771935	1.936000	0.000000	0.000000	0.000000	0.000000	0.000000	0.000000	0.000000	0.000000	0.000000	0	0.000000	0	0	0.000000	-0.000000	0.000000	0.000000	0.000000	0.000000	0.000000	0.000000	5.351099	0.294310	0.000000
D:	6032.45	-8.241099	68.048227	-0.000192	0.000192	0.000192	-0.000192	68.048227	0.115447	-1.500000	0.113846	69.534078	0.018000	0.113846	-3.771935	1.853572	0.000000	0.000000	0.000000	0.000000	0.000000	0.000000	0.000000	0.000000	0.000000	0	0.000000	0	0	0.000000	-0.000000	0.000000	0.000000	0.000000	0.000000	0.000000	0.000000	5.304433	0.291744	0.000000
D:	6041.52	-8.194434	68.034078	-0.000192	0.000192	0.000192	-0.000192	68.034078	-0.276918	-1.500000	0.113846	69.534078	0.019000	0.113846	-3.768884	1.853572	0.000000	0.000000	0.000000	0.000000	0.000000	0.000000	0.000000	0.000000	0.000000	0	0.000000	0	0	0.000000	-0.000000	0.000000	0.000000	0.000000	0.000000	0.000000	0.000000	5.304433	0.291744	0.000000
D:	6050.86	-8.194434	68.034078	-0.000192	0.000192	0.000192	-0.000192	68.034078	-0.276918	-1.500000	0.113846	69.534078	0.019000	0.113846	-3.768884	1.826135	0.000000	0.000000	0.000000	0.000000	0.000000	0.000000	0.000000	0.000000	0.000000	0	0.000000	0	0	0.000000	-0.000000	0.000000	0.000000	0.000000	0.000000	0.000000	0.000000	5.304433	0.291744	0.000000
D:	6060.43	-8.193754	68.056137	-0.000192	0.000192	0.000192	-0.000192	68.056137	0.172280	-1.500000	-0.258226	69.556137	0.019000	-0.258226	-3.775333	1.826135	0.000000	0.000000	0.000000	0.000000	0.000000	0.000000	0.000000	0.000000	0.000000	0	0.000000	0	0	0.000000	-0.000000	0.000000	0.000000	0.000000	0.000000	0.000000	0.000000	5.303754	0.291706	0.000000
D:	6069.68	-8.193754	68.056137	-0.000192	0.000192	0.000192	-0.000192	68.056137	0.172280	-1.500000	-0.258226	69.556137	0.019000	-0.258226	-3.775333	1.826135	0.000000	0.000000	0.000000	0.000000	0.000000	0.000000	0.000000	0.000000	0.000000	0	0.000000	0	0	0.000000	-0.000000	0.000000	0.000000	0.000000	0.000000	0.000000	0.000000	5.303754	0.291706	0.000000
D:	6079.73	-8.388037	68.055577	-0.000192	0.000192	0.000192	-0.000192	68.055577	0.102751	-1.500000	0.148113	69.555577	0.018000	0.148113	-3.774506	1.989351	0.000000	0.000000	0.000000	0.000000	0.000000	0.000000	0.000000	0.000000	0.000000	0	0.000000	0	0	0.000000	-0.000000	0.000000	0.000000	0.000000	0.000000	0.000000	0.000000	5.498036	0.302392	0.000000
D:	6090.12	-8.388037	68.055577	-0.000192	0.000192	0.000192	-0.000192	68.055577	0.102751	-1.500000	0.148113	69.555577	0.018000	0.148113	-3.774506	1.989351	0.000000	0.000000	0.000000	0.000000	0.000000	0.000000	0.000000	0.000000	0.000000	0	0.000000	0	0	0.000000	-0.000000	0.000000	0.000000	0.000000	0.000000	0.000000	0.000000	5.498036	0.302392	0.000000
D:	6099.52	-8.207574	68.051387	-0.000192	0.000192	0.000192	-0.000192	68.051387	0.168971	-1.500000	0.105297	69.551387	0.018000	0.105297	-3.772025	1.797155	0.000000	0.000000	0.000000	0.000000	0.000000	0.000000	0.000000	0.000000	0.000000	0	0.000000	0	0	0.000000	-0.000000	0.000000	0.000000	0.000000	0.000000	0.000000	0.000000	5.317574	0.292467	0.000000
D:	6108.68	-8.207574	68.051387	-0.000192	0.000192	0.000192	-0.000192	68.051387	0.168971	-1.500000	0.105297	69.551387	0.018000	0.105297	-3.772025	1.797155	0.000000	0.000000	0.000000	0.000000	0.000000	0.000000	0.000000	0.000000	0.000000	0	0.000000	0	0	0.000000	-0.000000	0.000000	0.000000	0.000000	0.000000	0.000000	0.000000	5.317574	0.292467	0.000000
D:	6119.00	-8.354618	68.036006	-0.000192	0.000192	0.000192	-0.000192	68.036006	-0.148368	-1.500000	0.165397	69.536006	0.018000	0.165397	-3.767662	1.901592	0.000000	0.000000	0.000000	0.000000	0.000000	0.000000	0.000000	0.000000	0.000000	0	0.000000	0	0	0.000000	-0.000000	0.000000	0.000000	0.000000	0.000000	0.000000	0.000000	5.464618	0.300554	0.000000
D:	6130.02	-8.354618	68.036006	-0.000192	0.000192	0.000192	-0.000192	68.036006	-0.148368	-1.500000	0.165397	69.536006	0.018000	0.165397	-3.767662	1.901592	0.000000	0.000000	0.000000	0.000000	0.000000	0.000000	0.000000	0.000000	0.000000	0	0.000000	0	0	0.000000	-0.000000	0.000000	0.000000	0.000000	0.000000	0.000000	0.000000	5.464618	0.300554	0.000000
D:	6139.60	-8.262463	68.049259	-0.000192	0.000192	0.000192	-0.000192	68.049259	-0.051877	-1.500000	-0.133359	69.549259	0.019000	-0.133359	-3.772551	1.795372	0.000000	0.000000	0.000000	0.000000	0.000000	0.000000	0.000000	0.000000	0.000000	0	0.000000	0	0	0.000000	-0.000000	0.000000	0.000000	0.000000	0.000000	0.000000	0.000000	5.372463	0.295485	0.000000
D:	6149.06	-8.262463	68.049259	-0.000192	0.000192	0.000192	-0.000192	68.049259	-0.051877	-1.500000	-0.133359	69.549259	0.019000	-0.133359	-3.772551	1.795372	0.000000	0.000000	0.000000	0.000000	0.000000	0.000000	0.000000	0.000000	0.000000	0	0.000000	0	0	0.000000	-0.000000	0.000000	0.000000	0.000000	0.000000	0.000000	0.000000	5.372463	0.295485	0.000000
D:	6158.92	-8.282750	68.053204	-0.000192	0.000192	0.000192	-0.000192	68.053204	0.169802	-1.500000	-0.056451	69.553204	0.018000	-0.056451	-3.772856	1.800715	0.000000	0.000000	0.000000	0.000000	0.000000	0.000000	0.000000	0.000000	0.000000	0	0.000000	0	0	0.000000	-0.000000	0.000000	0.000000	0.000000	0.000000	0.000000	0.000000	5.392750	0.296601	0.000000
D:	6169.71	-8.282750	68.053204	-0.000192	0.000192	0.000192	-0.000192	68.053204	0.169802	-1.500000	-0.056451	69.553204	0.018000	-0.056451	-3.772856	2.123719	0.000000	0.000000	0.000000	0.000000	0.000000	0.000000	0.000000	0.000000	0.000000	0	0.000000	0	0	0.000000	-0.000000	0.000000	0.000000	0.000000	0.000000	0.000000	0.000000	5.392750	0.296601	0.000000
D:	6181.43	-8.649767	68.047437	-0.000192	0.000192	0.000192	-0.000192	68.047437	-0.053222	-1.500000	0.157102	69.547437	0.018000	0.157102	-3.771205	2.123719	0.000000	0.000000	0.000000	0.000000	0.000000	0.000000	0.000000	0.000000	0.000000	0	0.000000	0	0	0.000000	-0.000000	0.000000	0.000000	0.000000	0.000000	0.000000	0.000000	5.759767	0.316787	0.000000
D:	6192.57	-8.649767	68.047437	-0.000192	0.000192	0.000192	-0.000192	68.047437	-0.053222	-1.500000	0.157102	69.547437	0.018000	0.157102	-3.771205	2.138154	0.000000	0.000000	0.000000	0.000000	0.000000	0.000000	0.000000	0.000000	0.000000	0	0.000000	0	0	0.000000	-0.000000	0.000000	0.000000	0.000000	0.000000	0.000000	0.000000	5.804957	0.316787	0.000000
D:	6202.00	-8.694957	68.041714	-0.000192	0.000192	0.000192	-0.000192	68.041714	-0.054848	-1.500000	-0.041416	69.541714	0.018000	-0.041416	-3.769580	2.138154	0.000000	0.000000	0.000000	0.000000	0.000000	0.000000	0.000000	0.000000	0.000000	0	0.000000	0	0	0.000000	-0.000000	0.000000	0.000000	0.000000	0.000000	0.000000	0.000000	5.804957	0.319273	0.000000
D:	6211.22	-8.694957	68.041714	-0.000192	0.000192	0.000192	-0.000192	68.041714	-0.054848	-1.500000	-0.041416	69.541714	0.018000	-0.041416	-3.769580	2.138154	0.000000	0.000000	0.000000	0.000000	0.000000	0.000000	0.000000	0.000000	0.000000	0	0.000000	0	0	0.000000	-0.000000	0.000000	0.000000	0.000000	0.000000	0.000000	0.000000	5.804957	0.319273	0.000000
D:	6219.99	-8.900009	68.056067	-0.000192	0.000192	0.000192	-0.000192	68.056067	0.170343	-1.500000	-0.054205	69.556067	0.019000	-0.054205	-3.773396	2.303000	0.000000	0.000000	0.000000	0.000000	0.000000	0.000000	0.000000	0.000000	0.000000	0	0.000000	0	0	0.000000	-0.000000	0.000000	0.000000	0.000000	0.000000	0.000000	0.000000	6.010009	0.330550	0.000000
D:	6229.08	-8.900009	68.056067	-0.000192	0.000192	0.000192	-0.000192	68.056067	0.170343	-1.500000	-0.054205	69.556067	0.019000	-0.054205	-3.773396	2.303000	0.000000	0.000000	0.000000	0.000000	0.000000	0.000000	0.000000	0.000000	0.000000	0	0.000000	0	0	0.000000	-0.000000	0.000000	0.000000	0.000000	0.000000	0.000000	0.000000	6.010009	0.330550	0.000000
D:	6238.09	-8.900009	68.056067	-0.000192	0.000192	0.000192	-0.000192	68.068549	0.393570	-1.500000	0.157738	69.568549	0.019000	0.157738	-3.775249	2.151439	0.000000	0.000000	0.000000	0.000000	0.000000	0.000000	0.000000	0.000000	0.000000	0	0.000000	0	0	0.000000	-0.000000	0.000000	0.000000	0.000000	0.000000	0.000000	0.000000	5.870222	0.322862	0.000000
D:	6247.48	-8.760222	68.068549	-0.000192	0.000192	0.000192	-0.000192	68.068549	0.393570	-1.500000	0.157738	69.568549	0.018000	0.157738	-3.775249	2.151439	0.000000	0.000000	0.000000	0.000000	0.000000	0.000000	0.000000	0.000000	0.000000	0	0.000000	0	0	0.000000	-0.000000	0.000000	0.000000	0.000000	0.000000	0.000000	0.000000	5.870222	0.322862	0.000000
D:	6256.50	-8.760222	68.068549	-0.000192	0.000192	0.000192	-0.000192	68.118916	0.195905	-1.500000	0.380331	69.618916	0.018000	0.380331	-3.791325	2.298457	0.000000	0.000000	0.000000	0.000000	0.000000	0.000000	0.000000	0.000000	0.000000	0	0.000000	0	0	0.000000	-0.000000	0.000000	0.000000	0.000000	0.000000	0.000000	0.000000	6.061864	0.333403	0.000000
D:	6265.17	-8.951865	68.118916	-0.000192	0.000192	0.000192	-0.000192	68.118916	0.195905	-1.500000	0.380331	69.618916	0.018000	0.380331	-3.791325	2.298457	0.000000	0.000000	0.000000	0.000000	0.000000	0.000000	0.000000	0.000000	0.000000	0	0.000000	0	0	0.000000	-0.000000	0.000000	0.000000	0.000000	0.000000	0.000000	0.000000	6.061864	0.333403	0.000000
D:	6273.81	-8.951865	68.118916	-0.000192	0.000192	0.000192	-0.000192	68.118916	0.195905	-1.500000	0.380331	69.618916	0.018000	0.380331	-3.791325	2.274401	0.000000	0.000000	0.000000	0.000000	0.000000	0.000000	0.000000	0.000000	0.000000	0	0.000000	0	0	0.000000	-0.000000	0.000000	0.000000	0.000000	0.000000	0.000000	0.000000	6.061864	0.333403	0.000000
D:	6282.06	-8.957774	68.118403	-0.000192	0.000192	0.000192	-0.000192	68.118403	0.247634	-1.500000	0.206258	69.618403	0.018000	0.206258	-3.789619	2.274401	0.000000	0.000000	0.000000	0.000000	0.000000	0.000000	0.000000	0.000000	0.000000	0	0.000000	0	0	0.000000	-0.000000	0.000000	0.000000	0.000000	0.000000	0.000000	0.000000	6.067774	0.333728	0.000000
D:	6290.16	-8.957774	68.118403	-0.000192	0.000192	0.000192	-0.000192	68.118403	0.247634	-1.500000	0.206258	69.618403	0.018000	0.206258	-3.789619	2.274401	0.000000	0.000000	0.000000	0.000000	0.000000	0.000000	0.000000	0.000000	0.000000	0	0.000000	0	0	0.000000	-0.000000	0.000000	0.000000	0.000000	0.000000	0.000000	0.000000	6.067774	0.333728	0.000000
D:	6298.21	-8.957774	68.118403	-0.000192	0.000192	0.000192	-0.000192	68.101964	-0.025022	-1.500000	0.245655	69.601964	0.018000	0.245655	-3.784138	1.982483	0.000000	0.000000	0.000000	0.000000	0.000000	0.000000	0.000000	0.000000	0.000000	0	0.000000	0	0	0.000000	-0.000000	0.000000	0.000000	0.000000	0.000000	0.000000	0.000000	5.788892	0.318389	0.000000
D:	6306.50	-8.678892	68.101964	-0.000192	0.000192	0.000192	-0.000192	68.101964	-0.025022	-1.500000	0.245655	69.601964	0.019000	0.245655	-3.784138	1.982483	0.000000	0.000000	0.000000	0.000000	0.000000	0.000000	0.000000	0.000000	0.000000	0	0.000000	0	0	0.000000	-0.000000	0.000000	0.000000	0.000000	0.000000	0.000000	0.000000	5.788892	0.318389	0.000000
D:	6314.73	-8.678892	68.101964	-0.000192	0.000192	0.000192	-0.000192	68.101964	-0.025022	-1.500000	0.245655	69.601964	0.019000	0.245655	-3.784138	1.855528	0.000000	0.000000	0.000000	0.000000	0.000000	0.000000	0.000000	0.000000	0.000000	0	0.000000	0	0	0.000000	-0.000000	0.000000	0.000000	0.000000	0.000000	0.000000	0.000000	5.788892	0.318389	0.000000
D:	6322.83	-8.569726	68.069262	-0.000192	0.000192	0.000192	-0.000192	68.069262	0.237014	-1.500000	-0.012074	69.569262	0.019000	-0.012074	-3.771365	1.855528	0.000000	0.000000	0.000000	0.000000	0.000000	0.000000	0.000000	0.000000	0.000000	0	0.000000	0	0	0.000000	-0.000000	0.000000	0.000000	0.000000	0.000000	0.000000	0.000000	5.679726	0.312385	0.000000
D:	6330.96	-8.569726	68.069262	-0.000192	0.000192	0.000192	-0.000192	68.069262	0.237014	-1.500000	-0.012074	69.569262	0.019000	-0.012074	-3.771365	1.855528	0.000000	0.000000	0.000000	0.000000	0.000000	0.000000	0.000000	0.000000	0.000000	0	0.000000	0	0	0.000000	-0.000000	0.000000	0.000000	0.000000	0.000000	0.000000	0.000000	5.679726	0.312385	0.000000
D:	6338.86	-8.569726	68.069262	-0.000192	0.000192	0.000192	-0.000192	68.090375	0.015159	-1.500000	0.223031	69.590375	0.019000	0.223031	-3.778517	1.839961	0.000000	0.000000	0.000000	0.000000	0.000000	0.000000	0.000000	0.000000	0.000000	0	0.000000	0	0	0.000000	-0.000000	0.000000	0.000000	0.000000	0.000000	0.000000	0.000000	5.688164	0.312849	0.000000
D:	6346.84	-8.578164	68.090375	-0.000192	0.000192	0.000192	-0.000192	68.090375	0.015159	-1.500000	0.223031	69.590375	0.018000	0.223031	-3.778517	1.839961	0.000000	0.000000	0.000000	0.000000	0.000000	0.000000	0.000000	0.000000	0.000000	0	0.000000	0	0	0.000000	-0.000000	0.000000	0.000000	0.000000	0.000000	0.000000	0.000000	5.688164	0.312849	0.000000
D:	6355.59	-8.578164	68.090375	-0.000192	0.000192	0.000192	-0.000192	68.090375	0.015159	-1.500000	0.026827	69.552699	0.018000	0.026827	-3.778517	2.026169	0.000000	0.000000	0.000000	0.000000	0.000000	0.000000	0.000000	0.000000	0.000000	0	0.000000	0	0	0.000000	-0.000000	0.000000	0.000000	0.000000	0.000000	0.000000	0.000000	5.924104	0.325826	0.000000
D:	6365.62	-8.814104	68.052699	-0.000192	0.000192	0.000192	-0.000192	68.052699	0.024974	-1.500000	0.026827	69.552699	0.018000	0.026827	-3.765432	2.026169	0.000000	0.000000	0.000000	0.000000	0.000000	0.000000	0.000000	0.000000	0.000000	0	0.000000	0	0	0.000000	-0.000000	0.000000	0.000000	0.000000	0.000000	0.000000	0.000000	5.924104	0.325826	0.000000
D:	6375.61	-8.814104	68.052699	-0.000192	0.000192	0.000192	-0.000192	68.052699	0.009680	-1.500000	0.025063	69.575037	0.018000	0.025063	-3.765432	2.293812	0.000000	0.000000	0.000000	0.000000	0.000000	0.000000	0.000000	0.000000	0.000000	0	0.000000	0	0	0.000000	-0.000000	0.000000	0.000000	0.000000	0.000000	0.000000	0.000000	6.245577	0.343507	0.000000
D:	6386.19	-9.135577	68.075037	-0.000192	0.000192	0.000192	-0.000192	68.075037	0.009680	-1.500000	0.025063	69.575037	0.019000	0.025063	-3.773038	2.293812	0.000000	0.000000	0.000000	0.000000	0.000000	0.000000	0.000000	0.000000	0.000000	0	0.000000	0	0	0.000000	-0.000000	0.000000	0.000000	0.000000	0.000000	0.000000	0.000000	6.245577	0.343507	0.000000
D:	6396.14	-9.135577	68.075037	-0.000192	0.000192	0.000192	-0.000192	68.072349	0.084541	-1.500000	0.010416	69.572349	0.019000	0.010416	-3.771564	1.960156	0.000000	0.000000	0.000000	0.000000	0.000000	0.000000	0.000000	0.000000	0.000000	0	0.000000	0	0	0.000000	-0.000000	0.000000	0.000000	0.000000	0.000000	0.000000	0.000000	5.916139	0.325388	0.000000
D:	6407.17	-8.806139	68.072349	-0.000192	0.000192	0.000192	-0.000192	68.072349	0.084541	-1.500000	0.010416	69.572349	0.019000	0.010416	-3.771564	1.960156	0.000000	0.000000	0.000000	0.000000	0.000000	0.000000	0.000000	0.000000	0.000000	0	0.000000	0	0	0.000000	-0.000000	0.000000	0.000000	0.000000	0.000000	0.000000	0.000000	5.916139	0.325388	0.000000
D:	6417.46	-8.806139	68.072349	-0.000192	0.000192	0.000192	-0.000192	68.057230	0.268533	-1.500000	0.080380	69.557230	0.019000	0.080380	-3.764716	1.747648	0.000000	0.000000	0.000000	0.000000	0.000000	0.000000	0.000000	0.000000	0.000000	0	0.000000	0	0	0.000000	-0.000000	0.000000	0.000000	0.000000	0.000000	0.000000	0.000000	5.710545	0.314080	0.000000
D:	6426.82	-8.600545	68.057230	-0.000192	0.000192	0.000192	-0.000192	68.057230	0.268533	-1.500000	0.080380	69.557230	0.018000	0.080380	-3.764716	1.747648	0.000000	0.000000	0.000000	0.000000	0.000000	0.000000	0.000000	0.000000	0.000000	0	0.000000	0	0	0.000000	-0.000000	0.000000	0.000000	0.000000	0.000000	0.000000	0.000000	5.710545	0.314080	0.000000
D:	6436.12	-8.600545	68.057230	-0.000192	0.000192	0.000192	-0.000192	68.057230	0.268533	-1.500000	0.080380	69.552173	0.018000	0.257971	-3.764716	1.583985	0.000000	0.000000	0.000000	0.000000	0.000000	0.000000	0.000000	0.000000	0.000000	0	0.000000	0	0	0.000000	-0.000000	0.000000	0.000000	0.000000	0.000000	0.000000	0.000000	5.554852	0.305517	0.000000
D:	6444.58	-8.444852	68.052173	-0.000192	0.000192	0.000192	-0.000192	68.052173	0.265159	-1.500000	0.257971	69.552173	0.018000	0.257971	-3.761342	1.583985	0.000000	0.000000	0.000000	0.000000	0.000000	0.000000	0.000000	0.000000	0.000000	0	0.000000	0	0	0.000000	-0.000000	0.000000	0.000000	0.000000	0.000000	0.000000	0.000000	5.554852	0.305517	0.000000
D:	6452.89	-8.444852	68.052173	-0.000192	0.000192	0.000192	-0.000192	68.052173	0.265159	-1.500000	0.257971	69.552173	0.018000	0.257971	-3.761342	1.583985	0.000000	0.000000	0.000000	0.000000	0.000000	0.000000	0.000000	0.000000	0.000000	0	0.000000	0	0	0.000000	-0.000000	0.000000	0.000000	0.000000	0.000000	0.000000	0.000000	5.554852	0.305517	0.000000
D:	6462.01	-8.180097	68.042640	-0.000192	0.000192	0.000192	-0.000192	68.042640	-0.194858	-1.500000	0.264815	69.542640	0.019000	0.264815	-3.759340	1.314643	0.000000	0.000000	0.000000	0.000000	0.000000	0.000000	0.000000	0.000000	0.000000	0	0.000000	0	0	0.000000	-0.000000	0.000000	0.000000	0.000000	0.000000	0.000000	0.000000	5.290097	0.290955	0.000000
D:	6470.76	-8.180097	68.042640	-0.000192	0.000192	0.000192	-0.000192	68.042640	-0.194858	-1.500000	0.264815	69.542640	0.019000	0.264815	-3.759340	1.314643	0.000000	0.000000	0.000000	0.000000	0.000000	0.000000	0.000000	0.000000	0.000000	0	0.000000	0	0	0.000000	-0.000000	0.000000	0.000000	0.000000	0.000000	0.000000	0.000000	5.290097	0.290955	0.000000
D:	6479.62	-8.180097	68.042640	-0.000192	0.000192	0.000192	-0.000192	68.034497	0.167665	-1.500000	-0.172870	69.534497	0.019000	-0.172870	-3.755451	1.474622	0.000000	0.000000	0.000000	0.000000	0.000000	0.000000	0.000000	0.000000	0.000000	0	0.000000	0	0	0.000000	-0.000000	0.000000	0.000000	0.000000	0.000000	0.000000	0.000000	5.477803	0.301279	0.000000
D:	6488.15	-8.367803	68.034497	-0.000192	0.000192	0.000192	-0.000192	68.034497	0.167665	-1.500000	-0.172870	69.534497	0.019000	-0.172870	-3.755451	1.474622	0.000000	0.000000	0.000000	0.000000	0.000000	0.000000	0.000000	0.000000	0.000000	0	0.000000	0	0	0.000000	-0.000000	0.000000	0.000000	0.000000	0.000000	0.000000	0.000000	5.477803	0.301279	0.000000
D:	6496.90	-8.367803	68.034497	-0.000192	0.000192	0.000192	-0.000192	68.034497	0.167665	-1.500000	-0.172870	69.525738	0.019000	0.148549	-3.755451	1.527535	0.000000	0.000000	0.000000	0.000000	0.000000	0.000000	0.000000	0.000000	0.000000	0	0.000000	0	0	0.000000	-0.000000	0.000000	0.000000	0.000000	0.000000	0.000000	0.000000	5.564714	0.306059	0.000000
D:	6505.72	-8.454714	68.025738	-0.000192	0.000192	0.000192	-0.000192	68.025738	-0.132234	-1.500000	0.148549	69.525738	0.018000	0.148549	-3.753262	1.527535	0.000000	0.000000	0.000000	0.000000	0.000000	0.000000	0.000000	0.000000	0.000000	0	0.000000	0	0	0.000000	-0.000000	0.000000	0.000000	0.000000	0.000000	0.000000	0.000000	5.564714	0.306059	0.000000
D:	6514.59	-8.454714	68.025738	-0.000192	0.000192	0.000192	-0.000192	68.025738	-0.132234	-1.500000	0.148549	69.525738	0.018000	0.148549	-3.753262	1.527535	0.000000	0.000000	0.000000	0.000000	0.000000	0.000000	0.000000	0.000000	0.000000	0	0.000000	0	0	0.000000	-0.000000	0.000000	0.000000	0.000000	0.000000	0.000000	0.000000	5.564714	0.306059	0.000000
D:	6522.94	-8.223561	68.070489	-0.000192	0.000192	0.000192	-0.000192	68.070489	0.521127	-1.500000	-0.116473	69.570489	0.018000	-0.116473	-3.765401	1.304929	0.000000	0.000000	0.000000	0.000000	0.000000	0.000000	0.000000	0.000000	0.000000	0	0.000000	0	0	0.000000	-0.000000	0.000000	0.000000	0.000000	0.000000	0.000000	0.000000	5.333561	0.293346	0.000000
D:	6531.50	-8.223561	68.070489	-0.000192	0.000192	0.000192	-0.000192	68.070489	0.521127	-1.500000	-0.116473	69.570489	0.018000	-0.116473	-3.765401	1.304929	0.000000	0.000000	0.000000	0.000000	0.000000	0.000000	0.000000	0.000000	0.000000	0	0.000000	0	0	0.000000	-0.000000	0.000000	0.000000	0.000000	0.000000	0.000000	0.000000	5.333561	0.293346	0.000000
D:	6540.48	-8.223561	68.070489	-0.000192	0.000192	0.000192	-0.000192	68.068697	0.153100	-1.500000	0.490627	69.568697	0.018000	0.490627	-3.763787	1.258068	0.000000	0.000000	0.000000	0.000000	0.000000	0.000000	0.000000	0.000000	0.000000	0	0.000000	0	0	0.000000	-0.000000	0.000000	0.000000	0.000000	0.000000	0.000000	0.000000	5.300530	0.291529	0.000000
D:	6549.63	-8.190530	68.068697	-0.000192	0.000192	0.000192	-0.000192	68.068697	0.153100	-1.500000	0.490627	69.568697	0.019000	0.490627	-3.763787	1.258068	0.000000	0.000000	0.000000	0.000000	0.000000	0.000000	0.000000	0.000000	0.000000	0	0.000000	0	0	0.000000	-0.000000	0.000000	0.000000	0.000000	0.000000	0.000000	0.000000	5.300530	0.291529	0.000000
D:	6558.36	-8.190530	68.068697	-0.000192	0.000192	0.000192	-0.000192	68.045535	-0.037811	-1.500000	0.169246	69.545535	0.019000	0.169246	-3.756082	1.100111	0.000000	0.000000	0.000000	0.000000	0.000000	0.000000	0.000000	0.000000	0.000000	0	0.000000	0	0	0.000000	-0.000000	0.000000	0.000000	0.000000	0.000000	0.000000	0.000000	5.147506	0.283113	0.000000
D:	6566.83	-8.037506	68.045535	-0.000192	0.000192	0.000192	-0.000192	68.045535	-0.037811	-1.500000	0.169246	69.545535	0.019000	0.169246	-3.756082	1.100111	0.000000	0.000000	0.000000	0.000000	0.000000	0.000000	0.000000	0.000000	0.000000	0	0.000000	0	0	0.000000	-0.000000	0.000000	0.000000	0.000000	0.000000	0.000000	0.000000	5.147506	0.283113	0.000000
D:	6575.59	-8.037506	68.045535	-0.000192	0.000192	0.000192	-0.000192	68.045535	-0.037811	-1.500000	0.169246	69.545535	0.019000	0.169246	-3.756082	1.100111	0.000000	0.000000	0.000000	0.000000	0.000000	0.000000	0.000000	0.000000	0.000000	0	0.000000	0	0	0.000000	-0.000000	0.000000	0.000000	0.000000	0.000000	0.000000	0.000000	5.147506	0.283113	0.000000
D:	6584.24	-8.676221	68.053117	-0.000192	0.000192	0.000192	-0.000192	68.053117	0.374690	-1.500000	-0.026188	69.553117	0.018000	-0.026188	-3.756369	1.669324	0.000000	0.000000	0.000000	0.000000	0.000000	0.000000	0.000000	0.000000	0.000000	0	0.000000	0	0	0.000000	-0.000000	0.000000	0.000000	0.000000	0.000000	0.000000	0.000000	5.786221	0.318242	0.000000
D:	6592.94	-8.676221	68.053117	-0.000192	0.000192	0.000192	-0.000192	68.053117	0.374690	-1.500000	-0.026188	69.553117	0.018000	-0.026188	-3.756369	1.669324	0.000000	0.000000	0.000000	0.000000	0.000000	0.000000	0.000000	0.000000	0.000000	0	0.000000	0	0	0.000000	-0.000000	0.000000	0.000000	0.000000	0.000000	0.000000	0.000000	5.786221	0.318242	0.000000
D:	6601.69	-8.676221	68.053117	-0.000192	0.000192	0.000192	-0.000192	68.033906	-0.339729	-1.500000	0.352187	69.533906	0.018000	0.352187	-3.751874	1.692825	0.000000	0.000000	0.000000	0.000000	0.000000	0.000000	0.000000	0.000000	0.000000	0	0.000000	0	0	0.000000	-0.000000	0.000000	0.000000	0.000000	0.000000	0.000000	0.000000	5.861298	0.322371	0.000000
D:	6611.10	-8.751298	68.033906	-0.000192	0.000192	0.000192	-0.000192	68.033906	-0.339729	-1.500000	0.352187	69.533906	0.018000	0.352187	-3.751874	1.692825	0.000000	0.000000	0.000000	0.000000	0.000000	0.000000	0.000000	0.000000	0.000000	0	0.000000	0	0	0.000000	-0.000000	0.000000	0.000000	0.000000	0.000000	0.000000	0.000000	5.861298	0.322371	0.000000
D:	6619.05	-8.751298	68.033906	-0.000192	0.000192	0.000192	-0.000192	68.033906	-0.339729	-1.500000	-0.300888	69.557759	0.018000	-0.300888	-3.751874	1.570271	0.000000	0.000000	0.000000	0.000000	0.000000	0.000000	0.000000	0.000000	0.000000	0	0.000000	0	0	0.000000	-0.000000	0.000000	0.000000	0.000000	0.000000	0.000000	0.000000	5.779005	0.317845	0.000000
D:	6626.87	-8.669005	68.057759	-0.000192	0.000192	0.000192	-0.000192	68.057759	0.322951	-1.500000	-0.300888	69.557759	0.018000	-0.300888	-3.758066	1.570271	0.000000	0.000000	0.000000	0.000000	0.000000	0.000000	0.000000	0.000000	0.000000	0	0.000000	0	0	0.000000	-0.000000	0.000000	0.000000	0.000000	0.000000	0.000000	0.000000	5.779005	0.317845	0.000000
D:	6635.95	-8.669005	68.057759	-0.000192	0.000192	0.000192	-0.000192	68.057759	0.322951	-1.500000	-0.300888	69.557759	0.018000	-0.300888	-3.758066	1.525230	0.000000	0.000000	0.000000	0.000000	0.000000	0.000000	0.000000	0.000000	0.000000	0	0.000000	0	0	0.000000	-0.000000	0.000000	0.000000	0.000000	0.000000	0.000000	0.000000	5.779005	0.317845	0.000000
D:	6645.81	-8.665480	68.065710	-0.000192	0.000192	0.000192	-0.000192	68.065710	0.437332	-1.500000	0.293110	69.565710	0.019000	0.293110	-3.757943	1.525230	0.000000	0.000000	0.000000	0.000000	0.000000	0.000000	0.000000	0.000000	0.000000	0	0.000000	0	0	0.000000	-0.000000	0.000000	0.000000	0.000000	0.000000	0.000000	0.000000	5.775480	0.317651	0.000000
D:	6656.07	-8.665480	68.065710	-0.000192	0.000192	0.000192	-0.000192	68.065710	0.437332	-1.500000	0.293110	69.565710	0.019000	0.293110	-3.757943	1.525230	0.000000	0.000000	0.000000	0.000000	0.000000	0.000000	0.000000	0.000000	0.000000	0	0.000000	0	0	0.000000	-0.000000	0.000000	0.000000	0.000000	0.000000	0.000000	0.000000	5.775480	0.317651	0.000000
D:	6665.44	-8.732245	68.094436	-0.000192	0.000192	0.000192	-0.000192	68.094436	-0.063864	-1.500000	0.429237	69.594436	0.018000	0.429237	-3.768197	1.538081	0.000000	0.000000	0.000000	0.000000	0.000000	0.000000	0.000000	0.000000	0.000000	0	0.000000	0	0	0.000000	-0.000000	0.000000	0.000000	0.000000	0.000000	0.000000	0.000000	5.842245	0.321323	0.000000
D:	6675.84	-8.732245	68.094436	-0.000192	0.000192	0.000192	-0.000192	68.094436	-0.063864	-1.500000	0.429237	69.594436	0.018000	0.429237	-3.768197	1.861653	0.000000	0.000000	0.000000	0.000000	0.000000	0.000000	0.000000	0.000000	0.000000	0	0.000000	0	0	0.000000	-0.000000	0.000000	0.000000	0.000000	0.000000	0.000000	0.000000	6.238133	0.343097	0.000000
D:	6687.80	-9.128133	68.117549	-0.000192	0.000192	0.000192	-0.000192	68.117549	0.657563	-1.500000	-0.036184	69.617549	0.018000	-0.036184	-3.772067	1.861653	0.000000	0.000000	0.000000	0.000000	0.000000	0.000000	0.000000	0.000000	0.000000	0	0.000000	0	0	0.000000	-0.000000	0.000000	0.000000	0.000000	0.000000	0.000000	0.000000	6.238133	0.343097	0.000000
D:	6699.59	-9.128133	68.117549	-0.000192	0.000192	0.000192	-0.000192	68.112430	-0.031025	-1.500000	0.618620	69.612430	0.018000	0.618620	-3.770502	1.897494	0.000000	0.000000	0.000000	0.000000	0.000000	0.000000	0.000000	0.000000	0.000000	0	0.000000	0	0	0.000000	-0.000000	0.000000	0.000000	0.000000	0.000000	0.000000	0.000000	6.332339	0.348279	0.000000
D:	6711.77	-9.222339	68.112430	-0.000192	0.000192	0.000192	-0.000192	68.112430	-0.031025	-1.500000	0.618620	69.612430	0.018000	0.618620	-3.770502	1.897494	0.000000	0.000000	0.000000	0.000000	0.000000	0.000000	0.000000	0.000000	0.000000	0	0.000000	0	0	0.000000	-0.000000	0.000000	0.000000	0.000000	0.000000	0.000000	0.000000	6.332339	0.348279	0.000000
D:	6723.87	-9.073129	68.132538	-0.000192	0.000192	0.000192	-0.000192	68.132538	0.362825	-1.500000	0.000051	69.632538	0.019000	0.000051	-3.775039	1.721665	0.000000	0.000000	0.000000	0.000000	0.000000	0.000000	0.000000	0.000000	0.000000	0	0.000000	0	0	0.000000	-0.000000	0.000000	0.000000	0.000000	0.000000	0.000000	0.000000	6.183129	0.340072	0.000000
D:	6735.27	-9.073129	68.132538	-0.000192	0.000192	0.000192	-0.000192	68.132538	0.362825	-1.500000	0.000051	69.632538	0.019000	0.000051	-3.775039	1.629247	0.000000	0.000000	0.000000	0.000000	0.000000	0.000000	0.000000	0.000000	0.000000	0	0.000000	0	0	0.000000	-0.000000	0.000000	0.000000	0.000000	0.000000	0.000000	0.000000	6.183129	0.340072	0.000000
D:	6746.56	-8.994444	68.112049	-0.000192	0.000192	0.000192	-0.000192	68.112049	0.012206	-1.500000	0.342461	69.612049	0.018000	0.342461	-3.767931	1.629247	0.000000	0.000000	0.000000	0.000000	0.000000	0.000000	0.000000	0.000000	0.000000	0	0.000000	0	0	0.000000	-0.000000	0.000000	0.000000	0.000000	0.000000	0.000000	0.000000	6.104445	0.335744	0.000000
D:	6758.68	-8.994444	68.112049	-0.000192	0.000192	0.000192	-0.000192	68.112049	0.012206	-1.500000	0.030745	69.614151	0.018000	0.030745	-3.767931	1.728207	0.000000	0.000000	0.000000	0.000000	0.000000	0.000000	0.000000	0.000000	0.000000	0	0.000000	0	0	0.000000	-0.000000	0.000000	0.000000	0.000000	0.000000	0.000000	0.000000	6.238766	0.343132	0.000000
D:	6769.35	-9.128766	68.114151	-0.000192	0.000192	0.000192	-0.000192	68.114151	0.111476	-1.500000	0.030745	69.614151	0.018000	0.030745	-3.767964	1.728207	0.000000	0.000000	0.000000	0.000000	0.000000	0.000000	0.000000	0.000000	0.000000	0	0.000000	0	0	0.000000	-0.000000	0.000000	0.000000	0.000000	0.000000	0.000000	0.000000	6.238766	0.343132	0.000000
D:	6779.29	-9.128766	68.114151	-0.000192	0.000192	0.000192	-0.000192	68.114151	0.111476	-1.500000	0.106944	69.662502	0.018000	0.106944	-3.767964	1.623173	0.000000	0.000000	0.000000	0.000000	0.000000	0.000000	0.000000	0.000000	0.000000	0	0.000000	0	0	0.000000	-0.000000	0.000000	0.000000	0.000000	0.000000	0.000000	0.000000	6.160865	0.338848	0.000000
D:	6788.38	-9.050865	68.162502	-0.000192	0.000192	0.000192	-0.000192	68.162502	0.028657	-1.500000	0.106944	69.662502	0.018000	0.106944	-3.784382	1.623173	0.000000	0.000000	0.000000	0.000000	0.000000	0.000000	0.000000	0.000000	0.000000	0	0.000000	0	0	0.000000	-0.000000	0.000000	0.000000	0.000000	0.000000	0.000000	0.000000	6.160865	0.338848	0.000000
D:	6797.40	-9.050865	68.162502	-0.000192	0.000192	0.000192	-0.000192	68.162502	0.028657	-1.500000	0.106944	69.662502	0.018000	0.106944	-3.784382	1.623173	0.000000	0.000000	0.000000	0.000000	0.000000	0.000000	0.000000	0.000000	0.000000	0	0.000000	0	0	0.000000	-0.000000	0.000000	0.000000	0.000000	0.000000	0.000000	0.000000	6.160865	0.338848	0.000000
D:	6806.58	-8.484615	68.197338	-0.000192	0.000192	0.000192	-0.000192	68.197338	0.358887	-1.500000	0.032402	69.697338	0.019000	0.032402	-3.794001	1.043823	0.000000	0.000000	0.000000	0.000000	0.000000	0.000000	0.000000	0.000000	0.000000	0	0.000000	0	0	0.000000	-0.000000	0.000000	0.000000	0.000000	0.000000	0.000000	0.000000	5.594615	0.307704	0.000000
D:	6815.86	-8.484615	68.197338	-0.000192	0.000192	0.000192	-0.000192	68.197338	0.358887	-1.500000	0.032402	69.697338	0.019000	0.032402	-3.794001	1.043823	0.000000	0.000000	0.000000	0.000000	0.000000	0.000000	0.000000	0.000000	0.000000	0	0.000000	0	0	0.000000	-0.000000	0.000000	0.000000	0.000000	0.000000	0.000000	0.000000	5.594615	0.307704	0.000000
D:	6824.90	-8.611239	68.179223	-0.000192	0.000192	0.000192	-0.000192	68.179223	-0.279100	-1.500000	0.343270	69.679223	0.019000	0.343270	-3.789602	1.052899	0.000000	0.000000	0.000000	0.000000	0.000000	0.000000	0.000000	0.000000	0.000000	0	0.000000	0	0	0.000000	-0.000000	0.000000	0.000000	0.000000	0.000000	0.000000	0.000000	5.721239	0.314668	0.000000
D:	6834.13	-8.611239	68.179223	-0.000192	0.000192	0.000192	-0.000192	68.179223	-0.279100	-1.500000	0.343270	69.679223	0.019000	0.343270	-3.789602	1.052899	0.000000	0.000000	0.000000	0.000000	0.000000	0.000000	0.000000	0.000000	0.000000	0	0.000000	0	0	0.000000	-0.000000	0.000000	0.000000	0.000000	0.000000	0.000000	0.000000	5.721239	0.314668	0.000000
D:	6843.36	-8.611239	68.179223	-0.000192	0.000192	0.000192	-0.000192	68.173615	-0.248952	-1.500000	-0.244163	69.673615	0.019000	-0.244163	-3.789216	0.903679	0.000000	0.000000	0.000000	0.000000	0.000000	0.000000	0.000000	0.000000	0.000000	0	0.000000	0	0	0.000000	-0.000000	0.000000	0.000000	0.000000	0.000000	0.000000	0.000000	5.670760	0.311892	0.000000
D:	6852.41	-8.560760	68.173615	-0.000192	0.000192	0.000192	-0.000192	68.173615	-0.248952	-1.500000	-0.244163	69.673615	0.018000	-0.244163	-3.789216	0.903679	0.000000	0.000000	0.000000	0.000000	0.000000	0.000000	0.000000	0.000000	0.000000	0	0.000000	0	0	0.000000	-0.000000	0.000000	0.000000	0.000000	0.000000	0.000000	0.000000	5.670760	0.311892	0.000000
D:	6861.44	-8.560760	68.173615	-0.000192	0.000192	0.000192	-0.000192	68.193225	0.722779	-1.500000	-0.248683	69.693225	0.018000	-0.248683	-3.791481	1.108476	0.000000	0.000000	0.000000	0.000000	0.000000	0.000000	0.000000	0.000000	0.000000	0	0.000000	0	0	0.000000	-0.000000	0.000000	0.000000	0.000000	0.000000	0.000000	0.000000	5.994637	0.329705	0.000000
D:	6870.73	-8.884638	68.193225	-0.000192	0.000192	0.000192	-0.000192	68.193225	0.722779	-1.500000	-0.248683	69.693225	0.018000	-0.248683	-3.791481	1.108476	0.000000	0.000000	0.000000	0.000000	0.000000	0.000000	0.000000	0.000000	0.000000	0	0.000000	0	0	0.000000	-0.000000	0.000000	0.000000	0.000000	0.000000	0.000000	0.000000	5.994637	0.329705	0.000000
D:	6879.90	-8.884638	68.193225	-0.000192	0.000192	0.000192	-0.000192	68.193225	0.722779	-1.500000	0.676309	69.798999	0.018000	0.676309	-3.791481	1.391657	0.000000	0.000000	0.000000	0.000000	0.000000	0.000000	0.000000	0.000000	0.000000	0	0.000000	0	0	0.000000	-0.000000	0.000000	0.000000	0.000000	0.000000	0.000000	0.000000	6.463863	0.355512	0.000000
D:	6888.81	-9.353863	68.298999	-0.000192	0.000192	0.000192	-0.000192	68.298999	1.019620	-1.500000	0.676309	69.798999	0.019000	0.676309	-3.821146	1.391657	0.000000	0.000000	0.000000	0.000000	0.000000	0.000000	0.000000	0.000000	0.000000	0	0.000000	0	0	0.000000	-0.000000	0.000000	0.000000	0.000000	0.000000	0.000000	0.000000	6.463863	0.355512	0.000000
D:	6897.26	-9.353863	68.298999	-0.000192	0.000192	0.000192	-0.000192	68.298999	1.019620	-1.500000	0.676309	69.798999	0.019000	0.676309	-3.821146	1.391657	0.000000	0.000000	0.000000	0.000000	0.000000	0.000000	0.000000	0.000000	0.000000	0	0.000000	0	0	0.000000	-0.000000	0.000000	0.000000	0.000000	0.000000	0.000000	0.000000	6.463863	0.355512	0.000000
D:	6906.47	-9.150435	68.320168	-0.000192	0.000192	0.000192	-0.000192	68.320168	-0.390412	-1.500000	1.003197	69.820168	0.019000	1.003197	-3.830962	0.975079	0.000000	0.000000	0.000000	0.000000	0.000000	0.000000	0.000000	0.000000	0.000000	0	0.000000	0	0	0.000000	-0.000000	0.000000	0.000000	0.000000	0.000000	0.000000	0.000000	6.260435	0.344324	0.000000
D:	6915.52	-9.150435	68.320168	-0.000192	0.000192	0.000192	-0.000192	68.320168	-0.390412	-1.500000	1.003197	69.820168	0.019000	1.003197	-3.830962	0.975079	0.000000	0.000000	0.000000	0.000000	0.000000	0.000000	0.000000	0.000000	0.000000	0	0.000000	0	0	0.000000	-0.000000	0.000000	0.000000	0.000000	0.000000	0.000000	0.000000	6.260435	0.344324	0.000000
D:	6924.58	-8.789899	68.342582	-0.000192	0.000192	0.000192	-0.000192	68.342582	-0.236222	-1.500000	-0.312182	69.842582	0.018000	-0.312182	-3.840114	0.358015	0.000000	0.000000	0.000000	0.000000	0.000000	0.000000	0.000000	0.000000	0.000000	0	0.000000	0	0	0.000000	-0.000000	0.000000	0.000000	0.000000	0.000000	0.000000	0.000000	5.899899	0.324494	0.000000
D:	6934.16	-8.789899	68.342582	-0.000192	0.000192	0.000192	-0.000192	68.342582	-0.236222	-1.500000	-0.312182	69.842582	0.018000	-0.312182	-3.840114	0.358015	0.000000	0.000000	0.000000	0.000000	0.000000	0.000000	0.000000	0.000000	0.000000	0	0.000000	0	0	0.000000	-0.000000	0.000000	0.000000	0.000000	0.000000	0.000000	0.000000	5.899899	0.324494	0.000000
D:	6943.41	-8.789899	68.342582	-0.000192	0.000192	0.000192	-0.000192	68.283155	-0.733006	-1.500000	-0.240486	69.783155	0.018000	-0.240486	-3.824246	0.592161	0.000000	0.000000	0.000000	0.000000	0.000000	0.000000	0.000000	0.000000	0.000000	0	0.000000	0	0	0.000000	-0.000000	0.000000	0.000000	0.000000	0.000000	0.000000	0.000000	6.493187	0.357125	0.000000
D:	6952.47	-9.383187	68.283155	-0.000192	0.000192	0.000192	-0.000192	68.283155	-0.733006	-1.500000	-0.240486	69.783155	0.018000	-0.240486	-3.824246	0.592161	0.000000	0.000000	0.000000	0.000000	0.000000	0.000000	0.000000	0.000000	0.000000	0	0.000000	0	0	0.000000	-0.000000	0.000000	0.000000	0.000000	0.000000	0.000000	0.000000	6.493187	0.357125	0.000000
D:	6961.38	-9.383187	68.283155	-0.000192	0.000192	0.000192	-0.000192	68.283155	-0.733006	-1.500000	-0.709447	69.762543	0.018000	-0.709447	-3.824246	0.109995	0.000000	0.000000	0.000000	0.000000	0.000000	0.000000	0.000000	0.000000	0.000000	0	0.000000	0	0	0.000000	-0.000000	0.000000	0.000000	0.000000	0.000000	0.000000	0.000000	6.330462	0.348175	0.000000
D:	6970.46	-9.220462	68.262543	-0.000192	0.000192	0.000192	-0.000192	68.262543	-0.151310	-1.500000	-0.709447	69.762543	0.019000	-0.709447	-3.818156	0.109995	0.000000	0.000000	0.000000	0.000000	0.000000	0.000000	0.000000	0.000000	0.000000	0	0.000000	0	0	0.000000	-0.000000	0.000000	0.000000	0.000000	0.000000	0.000000	0.000000	6.330462	0.348175	0.000000
D:	6979.53	-9.220462	68.262543	-0.000192	0.000192	0.000192	-0.000192	68.262543	-0.151310	-1.500000	-0.709447	69.762543	0.019000	-0.709447	-3.818156	-1.042645	0.000000	0.000000	0.000000	0.000000	0.000000	0.000000	0.000000	0.000000	0.000000	0	0.000000	0	0	0.000000	-0.000000	0.000000	0.000000	0.000000	0.000000	0.000000	0.000000	6.330462	0.348175	0.000000
D:	6988.82	-8.299598	68.259431	-0.000192	0.000192	0.000192	-0.000192	68.259431	-0.545765	-1.500000	-0.178008	69.759431	0.019000	-0.178008	-3.820648	-1.042645	0.000000	0.000000	0.000000	0.000000	0.000000	0.000000	0.000000	0.000000	0.000000	0	0.000000	0	0	0.000000	-0.000000	0.000000	0.000000	0.000000	0.000000	0.000000	0.000000	5.409598	0.297528	0.000000
D:	6998.85	-8.299598	68.259431	-0.000192	0.000192	0.000192	-0.000192	68.259431	-0.545765	-1.500000	-0.178008	69.759431	0.019000	-0.178008	-3.820648	-1.042645	0.000000	0.000000	0.000000	0.000000	0.000000	0.000000	0.000000	0.000000	0.000000	0	0.000000	0	0	0.000000	-0.000000	0.000000	0.000000	0.000000	0.000000	0.000000	0.000000	5.409598	0.297528	0.000000
D:	7008.24	-8.566180	68.211075	-0.000192	0.000192	0.000192	-0.000192	68.211075	-0.558909	-1.500000	-0.525121	69.711075	0.018000	-0.525121	-3.807504	-1.069242	0.000000	0.000000	0.000000	0.000000	0.000000	0.000000	0.000000	0.000000	0.000000	0	0.000000	0	0	0.000000	-0.000000	0.000000	0.000000	0.000000	0.000000	0.000000	0.000000	5.676180	0.312190	0.000000
D:	7017.66	-8.566180	68.211075	-0.000192	0.000192	0.000192	-0.000192	68.211075	-0.558909	-1.500000	-0.525121	69.711075	0.018000	-0.525121	-3.807504	-1.069242	0.000000	0.000000	0.000000	0.000000	0.000000	0.000000	0.000000	0.000000	0.000000	0	0.000000	0	0	0.000000	-0.000000	0.000000	0.000000	0.000000	0.000000	0.000000	0.000000	5.676180	0.312190	0.000000
D:	7026.73	-9.074380	68.207331	-0.000192	0.000192	0.000192	-0.000192	68.207331	-0.625035	-1.500000	-0.557012	69.707331	0.018000	-0.557012	-3.810080	-0.828227	0.000000	0.000000	0.000000	0.000000	0.000000	0.000000	0.000000	0.000000	0.000000	0	0.000000	0	0	0.000000	-0.000000	0.000000	0.000000	0.000000	0.000000	0.000000	0.000000	6.184380	0.340141	0.000000
D:	7036.04	-9.074380	68.207331	-0.000192	0.000192	0.000192	-0.000192	68.207331	-0.625035	-1.500000	-0.557012	69.707331	0.018000	-0.557012	-3.810080	-0.828227	0.000000	0.000000	0.000000	0.000000	0.000000	0.000000	0.000000	0.000000	0.000000	0	0.000000	0	0	0.000000	-0.000000	0.000000	0.000000	0.000000	0.000000	0.000000	0.000000	6.184380	0.340141	0.000000
D:	7045.46	-9.074380	68.207331	-0.000192	0.000192	0.000192	-0.000192	68.160607	-0.697595	-1.500000	-0.621781	69.660607	0.018000	-0.621781	-3.798588	-0.951706	0.000000	0.000000	0.000000	0.000000	0.000000	0.000000	0.000000	0.000000	0.000000	0	0.000000	0	0	0.000000	-0.000000	0.000000	0.000000	0.000000	0.000000	0.000000	0.000000	6.257796	0.344179	0.000000
D:	7055.68	-9.147796	68.160607	-0.000192	0.000192	0.000192	-0.000192	68.160607	-0.697595	-1.500000	-0.621781	69.660607	0.019000	-0.621781	-3.798588	-0.951706	0.000000	0.000000	0.000000	0.000000	0.000000	0.000000	0.000000	0.000000	0.000000	0	0.000000	0	0	0.000000	-0.000000	0.000000	0.000000	0.000000	0.000000	0.000000	0.000000	6.257796	0.344179	0.000000
D:	7064.94	-9.147796	68.160607	-0.000192	0.000192	0.000192	-0.000192	68.164224	-0.593246	-1.500000	-0.693968	69.664224	0.019000	-0.693968	-3.803700	-0.647141	0.000000	0.000000	0.000000	0.000000	0.000000	0.000000	0.000000	0.000000	0.000000	0	0.000000	0	0	0.000000	-0.000000	0.000000	0.000000	0.000000	0.000000	0.000000	0.000000	6.765957	0.372128	0.000000
D:	7074.45	-9.655957	68.164224	-0.000192	0.000192	0.000192	-0.000192	68.164224	-0.593246	-1.500000	-0.693968	69.664224	0.019000	-0.693968	-3.803700	-0.647141	0.000000	0.000000	0.000000	0.000000	0.000000	0.000000	0.000000	0.000000	0.000000	0	0.000000	0	0	0.000000	-0.000000	0.000000	0.000000	0.000000	0.000000	0.000000	0.000000	6.765957	0.372128	0.000000
D:	7084.42	-9.655957	68.164224	-0.000192	0.000192	0.000192	-0.000192	68.137449	-0.697364	-1.500000	-0.598900	69.637449	0.019000	-0.598900	-3.798819	-0.848186	0.000000	0.000000	0.000000	0.000000	0.000000	0.000000	0.000000	0.000000	0.000000	0	0.000000	0	0	0.000000	-0.000000	0.000000	0.000000	0.000000	0.000000	0.000000	0.000000	6.713462	0.369240	0.000000
D:	7094.14	-9.603462	68.137449	-0.000192	0.000192	0.000192	-0.000192	68.137449	-0.697364	-1.500000	-0.598900	69.637449	0.018000	-0.598900	-3.798819	-0.848186	0.000000	0.000000	0.000000	0.000000	0.000000	0.000000	0.000000	0.000000	0.000000	0	0.000000	0	0	0.000000	-0.000000	0.000000	0.000000	0.000000	0.000000	0.000000	0.000000	6.713462	0.369240	0.000000
D:	7103.31	-9.603462	68.137449	-0.000192	0.000192	0.000192	-0.000192	68.136606	-0.458182	-1.500000	-0.691837	69.636606	0.018000	-0.691837	-3.801360	-0.835421	0.000000	0.000000	0.000000	0.000000	0.000000	0.000000	0.000000	0.000000	0.000000	0	0.000000	0	0	0.000000	-0.000000	0.000000	0.000000	0.000000	0.000000	0.000000	0.000000	6.889794	0.378939	0.000000
D:	7112.52	-9.779794	68.136606	-0.000192	0.000192	0.000192	-0.000192	68.136606	-0.458182	-1.500000	-0.691837	69.636606	0.018000	-0.691837	-3.801360	-0.835421	0.000000	0.000000	0.000000	0.000000	0.000000	0.000000	0.000000	0.000000	0.000000	0	0.000000	0	0	0.000000	-0.000000	0.000000	0.000000	0.000000	0.000000	0.000000	0.000000	6.889794	0.378939	0.000000
D:	7120.87	-9.779794	68.136606	-0.000192	0.000192	0.000192	-0.000192	68.136606	-0.458182	-1.500000	-0.691837	69.636606	0.018000	-0.691837	-3.801360	-0.862854	0.000000	0.000000	0.000000	0.000000	0.000000	0.000000	0.000000	0.000000	0.000000	0	0.000000	0	0	0.000000	-0.000000	0.000000	0.000000	0.000000	0.000000	0.000000	0.000000	6.889794	0.378939	0.000000
D:	7129.50	-9.887465	68.168411	-0.000192	0.000192	0.000192	-0.000192	68.168411	-1.043870	-1.500000	-0.471298	69.668411	0.018000	-0.471298	-3.818725	-0.862854	0.000000	0.000000	0.000000	0.000000	0.000000	0.000000	0.000000	0.000000	0.000000	0	0.000000	0	0	0.000000	-0.000000	0.000000	0.000000	0.000000	0.000000	0.000000	0.000000	6.997465	0.384861	0.000000
D:	7138.45	-9.887465	68.168411	-0.000192	0.000192	0.000192	-0.000192	68.168411	-1.043870	-1.500000	-0.471298	69.668411	0.018000	-0.471298	-3.818725	-0.862854	0.000000	0.000000	0.000000	0.000000	0.000000	0.000000	0.000000	0.000000	0.000000	0	0.000000	0	0	0.000000	-0.000000	0.000000	0.000000	0.000000	0.000000	0.000000	0.000000	6.997465	0.384861	0.000000
D:	7148.26	-10.013078	68.097528	-0.000192	0.000192	0.000192	-0.000192	68.097528	-0.446971	-1.500000	-1.016481	69.597528	0.019000	-1.016481	-3.797304	-0.805047	0.000000	0.000000	0.000000	0.000000	0.000000	0.000000	0.000000	0.000000	0.000000	0	0.000000	0	0	0.000000	-0.000000	0.000000	0.000000	0.000000	0.000000	0.000000	0.000000	7.123078	0.391769	0.000000
D:	7157.13	-10.013078	68.097528	-0.000192	0.000192	0.000192	-0.000192	68.097528	-0.446971	-1.500000	-1.016481	69.597528	0.019000	-1.016481	-3.797304	-0.805047	0.000000	0.000000	0.000000	0.000000	0.000000	0.000000	0.000000	0.000000	0.000000	0	0.000000	0	0	0.000000	-0.000000	0.000000	0.000000	0.000000	0.000000	0.000000	0.000000	7.123078	0.391769	0.000000
D:	7165.86	-10.013078	68.097528	-0.000192	0.000192	0.000192	-0.000192	68.065613	-0.402006	-1.500000	-0.478940	69.565613	0.019000	-0.478940	-3.788834	-0.708241	0.000000	0.000000	0.000000	0.000000	0.000000	0.000000	0.000000	0.000000	0.000000	0	0.000000	0	0	0.000000	-0.000000	0.000000	0.000000	0.000000	0.000000	0.000000	0.000000	7.199153	0.395953	0.000000
D:	7174.98	-10.089153	68.065613	-0.000192	0.000192	0.000192	-0.000192	68.065613	-0.402006	-1.500000	-0.478940	69.565613	0.018000	-0.478940	-3.788834	-0.708241	0.000000	0.000000	0.000000	0.000000	0.000000	0.000000	0.000000	0.000000	0.000000	0	0.000000	0	0	0.000000	-0.000000	0.000000	0.000000	0.000000	0.000000	0.000000	0.000000	7.199153	0.395953	0.000000
D:	7183.54	-10.089153	68.065613	-0.000192	0.000192	0.000192	-0.000192	68.065613	-0.065124	-1.500000	-0.406325	69.589608	0.018000	-0.406325	-3.797472	-0.450668	0.000000	0.000000	0.000000	0.000000	0.000000	0.000000	0.000000	0.000000	0.000000	0	0.000000	0	0	0.000000	-0.000000	0.000000	0.000000	0.000000	0.000000	0.000000	0.000000	7.424850	0.408367	0.000000
D:	7194.05	-10.314850	68.089608	-0.000192	0.000192	0.000192	-0.000192	68.089608	-0.065124	-1.500000	-0.406325	69.589608	0.018000	-0.406325	-3.797472	-0.450668	0.000000	0.000000	0.000000	0.000000	0.000000	0.000000	0.000000	0.000000	0.000000	0	0.000000	0	0	0.000000	-0.000000	0.000000	0.000000	0.000000	0.000000	0.000000	0.000000	7.424850	0.408367	0.000000
D:	7207.08	-9.864848	68.014093	-0.000192	0.000192	0.000192	-0.000192	68.014093	-0.371192	-1.500000	-0.084277	69.514093	0.018000	-0.084277	-3.773846	-0.774916	0.000000	0.000000	0.000000	0.000000	0.000000	0.000000	0.000000	0.000000	0.000000	0	0.000000	0	0	0.000000	-0.000000	0.000000	0.000000	0.000000	0.000000	0.000000	0.000000	6.974848	0.383617	0.000000
D:	7220.08	-9.864848	68.014093	-0.000192	0.000192	0.000192	-0.000192	68.014093	-0.371192	-1.500000	-0.084277	69.514093	0.018000	-0.084277	-3.773846	-0.418144	0.000000	0.000000	0.000000	0.000000	0.000000	0.000000	0.000000	0.000000	0.000000	0	0.000000	0	0	0.000000	-0.000000	0.000000	0.000000	0.000000	0.000000	0.000000	0.000000	6.974848	0.383617	0.000000
D:	7232.35	-10.149797	67.982170	-0.000192	0.000192	0.000192	-0.000192	67.982170	-0.212825	-1.500000	-0.357467	69.482170	0.019000	-0.357467	-3.764274	-0.418144	0.000000	0.000000	0.000000	0.000000	0.000000	0.000000	0.000000	0.000000	0.000000	0	0.000000	0	0	0.000000	-0.000000	0.000000	0.000000	0.000000	0.000000	0.000000	0.000000	7.259797	0.399289	0.000000
D:	7244.53	-10.149797	67.982170	-0.000192	0.000192	0.000192	-0.000192	67.976488	-0.706593	-1.500000	-0.220944	69.476488	0.019000	-0.220944	-3.766689	-0.612586	0.000000	0.000000	0.000000	0.000000	0.000000	0.000000	0.000000	0.000000	0.000000	0	0.000000	0	0	0.000000	-0.000000	0.000000	0.000000	0.000000	0.000000	0.000000	0.000000	6.934496	0.381397	0.000000
D:	7253.96	-9.824496	67.976488	-0.000192	0.000192	0.000192	-0.000192	67.976488	-0.706593	-1.500000	-0.220944	69.476488	0.018000	-0.220944	-3.766689	-0.612586	0.000000	0.000000	0.000000	0.000000	0.000000	0.000000	0.000000	0.000000	0.000000	0	0.000000	0	0	0.000000	-0.000000	0.000000	0.000000	0.000000	0.000000	0.000000	0.000000	6.934496	0.381397	0.000000
D:	7263.05	-9.824496	67.976488	-0.000192	0.000192	0.000192	-0.000192	67.976488	-0.706593	-1.500000	-0.220944	69.476488	0.018000	-0.679331	-3.766689	-0.388918	0.000000	0.000000	0.000000	0.000000	0.000000	0.000000	0.000000	0.000000	0.000000	0	0.000000	0	0	0.000000	-0.000000	0.000000	0.000000	0.000000	0.000000	0.000000	0.000000	7.052190	0.387870	0.000000
D:	7272.17	-9.942190	67.984875	-0.000192	0.000192	0.000192	-0.000192	67.984875	0.544828	-1.500000	-0.679331	69.484875	0.018000	-0.679331	-3.766202	-0.388918	0.000000	0.000000	0.000000	0.000000	0.000000	0.000000	0.000000	0.000000	0.000000	0	0.000000	0	0	0.000000	-0.000000	0.000000	0.000000	0.000000	0.000000	0.000000	0.000000	7.052190	0.387870	0.000000
D:	7281.34	-9.942190	67.984875	-0.000192	0.000192	0.000192	-0.000192	67.984875	0.544828	-1.500000	-0.679331	69.484875	0.018000	-0.679331	-3.766202	-0.388918	0.000000	0.000000	0.000000	0.000000	0.000000	0.000000	0.000000	0.000000	0.000000	0	0.000000	0	0	0.000000	-0.000000	0.000000	0.000000	0.000000	0.000000	0.000000	0.000000	7.052190	0.387870	0.000000
D:	7290.08	-9.952148	67.960657	-0.000192	0.000192	0.000192	-0.000192	67.960657	-0.172343	-1.500000	0.476110	69.460657	0.018000	0.476110	-3.758954	-0.273551	0.000000	0.000000	0.000000	0.000000	0.000000	0.000000	0.000000	0.000000	0.000000	0	0.000000	0	0	0.000000	-0.000000	0.000000	0.000000	0.000000	0.000000	0.000000	0.000000	7.062148	0.388418	0.000000
D:	7299.15	-9.952148	67.960657	-0.000192	0.000192	0.000192	-0.000192	67.960657	-0.172343	-1.500000	0.476110	69.460657	0.018000	0.476110	-3.758954	-0.273551	0.000000	0.000000	0.000000	0.000000	0.000000	0.000000	0.000000	0.000000	0.000000	0	0.000000	0	0	0.000000	-0.000000	0.000000	0.000000	0.000000	0.000000	0.000000	0.000000	7.062148	0.388418	0.000000
D:	7308.11	-9.908630	67.960657	-0.000192	0.000192	0.000192	-0.000192	67.969127	0.294294	-1.500000	-0.141325	69.469127	0.018000	-0.141325	-3.759943	-0.207540	0.000000	0.000000	0.000000	0.000000	0.000000	0.000000	0.000000	0.000000	0.000000	0	0.000000	0	0	0.000000	-0.000000	0.000000	0.000000	0.000000	0.000000	0.000000	0.000000	7.018626	0.386024	0.000000
D:	7316.63	-9.908626	67.969127	-0.000192	0.000192	0.000192	-0.000192	67.969127	0.294294	-1.500000	-0.141325	69.469127	0.019000	-0.141325	-3.759943	-0.207540	0.000000	0.000000	0.000000	0.000000	0.000000	0.000000	0.000000	0.000000	0.000000	0	0.000000	0	0	0.000000	-0.000000	0.000000	0.000000	0.000000	0.000000	0.000000	0.000000	7.018626	0.386024	0.000000
D:	7324.86	-9.908626	67.969127	-0.000192	0.000192	0.000192	-0.000192	67.969127	0.294294	-1.500000	0.273456	69.463487	0.019000	0.273456	-3.759943	-0.436025	0.000000	0.000000	0.000000	0.000000	0.000000	0.000000	0.000000	0.000000	0.000000	0	0.000000	0	0	0.000000	-0.000000	0.000000	0.000000	0.000000	0.000000	0.000000	0.000000	6.670589	0.366882	0.000000
D:	7333.41	-9.560589	67.963487	-0.000192	0.000192	0.000192	-0.000192	67.963487	0.138780	-1.500000	0.273456	69.463487	0.019000	0.273456	-3.757101	-0.436025	0.000000	0.000000	0.000000	0.000000	0.000000	0.000000	0.000000	0.000000	0.000000	0	0.000000	0	0	0.000000	-0.000000	0.000000	0.000000	0.000000	0.000000	0.000000	0.000000	6.670589	0.366882	0.000000
D:	7342.22	-9.560589	67.963487	-0.000192	0.000192	0.000192	-0.000192	67.963487	0.138780	-1.500000	0.273456	69.463487	0.019000	0.273456	-3.757101	-0.436025	0.000000	0.000000	0.000000	0.000000	0.000000	0.000000	0.000000	0.000000	0.000000	0	0.000000	0	0	0.000000	-0.000000	0.000000	0.000000	0.000000	0.000000	0.000000	0.000000	6.670589	0.366882	0.000000
D:	7351.16	-9.467178	67.995072	-0.000192	0.000192	0.000192	-0.000192	67.995072	0.641839	-1.500000	0.146340	69.495072	0.018000	0.146340	-3.763977	-0.466454	0.000000	0.000000	0.000000	0.000000	0.000000	0.000000	0.000000	0.000000	0.000000	0	0.000000	0	0	0.000000	-0.000000	0.000000	0.000000	0.000000	0.000000	0.000000	0.000000	6.577178	0.361745	0.000000
D:	7360.12	-9.467178	67.995072	-0.000192	0.000192	0.000192	-0.000192	67.995072	0.641839	-1.500000	0.146340	69.495072	0.018000	0.146340	-3.763977	-0.466454	0.000000	0.000000	0.000000	0.000000	0.000000	0.000000	0.000000	0.000000	0.000000	0	0.000000	0	0	0.000000	-0.000000	0.000000	0.000000	0.000000	0.000000	0.000000	0.000000	6.577178	0.361745	0.000000
D:	7369.68	-9.488369	67.987531	-0.000192	0.000192	0.000192	-0.000192	67.987531	0.142189	-1.500000	0.614024	69.487531	0.018000	0.614024	-3.760510	-0.398429	0.000000	0.000000	0.000000	0.000000	0.000000	0.000000	0.000000	0.000000	0.000000	0	0.000000	0	0	0.000000	-0.000000	0.000000	0.000000	0.000000	0.000000	0.000000	0.000000	6.598369	0.362910	0.000000
D:	7378.72	-9.488369	67.987531	-0.000192	0.000192	0.000192	-0.000192	67.987531	0.142189	-1.500000	0.614024	69.487531	0.018000	0.614024	-3.760510	-0.398429	0.000000	0.000000	0.000000	0.000000	0.000000	0.000000	0.000000	0.000000	0.000000	0	0.000000	0	0	0.000000	-0.000000	0.000000	0.000000	0.000000	0.000000	0.000000	0.000000	6.598369	0.362910	0.000000
D:	7387.33	-9.488369	67.987531	-0.000192	0.000192	0.000192	-0.000192	67.989730	0.119265	-1.500000	0.164759	69.489730	0.018000	0.164759	-3.760487	-0.770348	0.000000	0.000000	0.000000	0.000000	0.000000	0.000000	0.000000	0.000000	0.000000	0	0.000000	0	0	0.000000	-0.000000	0.000000	0.000000	0.000000	0.000000	0.000000	0.000000	6.141944	0.337807	0.000000
D:	7396.06	-9.031944	67.989730	-0.000192	0.000192	0.000192	-0.000192	67.989730	0.119265	-1.500000	0.164759	69.489730	0.019000	0.164759	-3.760487	-0.770348	0.000000	0.000000	0.000000	0.000000	0.000000	0.000000	0.000000	0.000000	0.000000	0	0.000000	0	0	0.000000	-0.000000	0.000000	0.000000	0.000000	0.000000	0.000000	0.000000	6.141944	0.337807	0.000000
D:	7404.40	-9.031944	67.989730	-0.000192	0.000192	0.000192	-0.000192	67.989730	0.119265	-1.500000	0.164759	69.489730	0.019000	0.164759	-3.760487	-0.539859	0.000000	0.000000	0.000000	0.000000	0.000000	0.000000	0.000000	0.000000	0.000000	0	0.000000	0	0	0.000000	-0.000000	0.000000	0.000000	0.000000	0.000000	0.000000	0.000000	6.141944	0.337807	0.000000
D:	7412.62	-9.253358	68.015899	-0.000192	0.000192	0.000192	-0.000192	68.015899	0.286685	-1.500000	0.121441	69.515899	0.019000	0.121441	-3.767602	-0.539859	0.000000	0.000000	0.000000	0.000000	0.000000	0.000000	0.000000	0.000000	0.000000	0	0.000000	0	0	0.000000	-0.000000	0.000000	0.000000	0.000000	0.000000	0.000000	0.000000	6.363358	0.349985	0.000000
D:	7421.25	-9.253358	68.015899	-0.000192	0.000192	0.000192	-0.000192	68.015899	0.286685	-1.500000	0.121441	69.515899	0.019000	0.121441	-3.767602	-0.539859	0.000000	0.000000	0.000000	0.000000	0.000000	0.000000	0.000000	0.000000	0.000000	0	0.000000	0	0	0.000000	-0.000000	0.000000	0.000000	0.000000	0.000000	0.000000	0.000000	6.363358	0.349985	0.000000
D:	7430.37	-9.186535	68.024817	-0.000192	0.000192	0.000192	-0.000192	68.024817	0.280381	-1.500000	0.277410	69.524817	0.018000	0.277410	-3.768930	-0.586389	0.000000	0.000000	0.000000	0.000000	0.000000	0.000000	0.000000	0.000000	0.000000	0	0.000000	0	0	0.000000	-0.000000	0.000000	0.000000	0.000000	0.000000	0.000000	0.000000	6.296535	0.346309	0.000000
D:	7438.92	-9.186535	68.024817	-0.000192	0.000192	0.000192	-0.000192	68.024817	0.280381	-1.500000	0.277410	69.524817	0.018000	0.277410	-3.768930	-0.586389	0.000000	0.000000	0.000000	0.000000	0.000000	0.000000	0.000000	0.000000	0.000000	0	0.000000	0	0	0.000000	-0.000000	0.000000	0.000000	0.000000	0.000000	0.000000	0.000000	6.296535	0.346309	0.000000
D:	7448.24	-9.186535	68.024817	-0.000192	0.000192	0.000192	-0.000192	68.011647	-0.052063	-1.500000	0.280214	69.511647	0.018000	0.280214	-3.764731	-0.551782	0.000000	0.000000	0.000000	0.000000	0.000000	0.000000	0.000000	0.000000	0.000000	0	0.000000	0	0	0.000000	-0.000000	0.000000	0.000000	0.000000	0.000000	0.000000	0.000000	6.322377	0.347731	0.000000
D:	7457.90	-9.212377	68.011647	-0.000192	0.000192	0.000192	-0.000192	68.011647	-0.052063	-1.500000	0.280214	69.511647	0.018000	0.280214	-3.764731	-0.551782	0.000000	0.000000	0.000000	0.000000	0.000000	0.000000	0.000000	0.000000	0.000000	0	0.000000	0	0	0.000000	-0.000000	0.000000	0.000000	0.000000	0.000000	0.000000	0.000000	6.322377	0.347731	0.000000
D:	7467.23	-9.212377	68.011647	-0.000192	0.000192	0.000192	-0.000192	68.006649	0.166509	-1.500000	-0.036168	69.506649	0.018000	-0.036168	-3.761929	-0.777115	0.000000	0.000000	0.000000	0.000000	0.000000	0.000000	0.000000	0.000000	0.000000	0	0.000000	0	0	0.000000	-0.000000	0.000000	0.000000	0.000000	0.000000	0.000000	0.000000	6.064496	0.333547	0.000000
D:	7476.77	-8.954496	68.006649	-0.000192	0.000192	0.000192	-0.000192	68.006649	0.166509	-1.500000	-0.036168	69.506649	0.019000	-0.036168	-3.761929	-0.777115	0.000000	0.000000	0.000000	0.000000	0.000000	0.000000	0.000000	0.000000	0.000000	0	0.000000	0	0	0.000000	-0.000000	0.000000	0.000000	0.000000	0.000000	0.000000	0.000000	6.064496	0.333547	0.000000
D:	7486.43	-8.954496	68.006649	-0.000192	0.000192	0.000192	-0.000192	68.030437	0.188713	-1.500000	0.156814	69.530437	0.019000	0.156814	-3.768866	-0.521971	0.000000	0.000000	0.000000	0.000000	0.000000	0.000000	0.000000	0.000000	0.000000	0	0.000000	0	0	0.000000	-0.000000	0.000000	0.000000	0.000000	0.000000	0.000000	0.000000	6.345487	0.349002	0.000000
D:	7495.74	-9.235487	68.030437	-0.000192	0.000192	0.000192	-0.000192	68.030437	0.188713	-1.500000	0.156814	69.530437	0.019000	0.156814	-3.768866	-0.521971	0.000000	0.000000	0.000000	0.000000	0.000000	0.000000	0.000000	0.000000	0.000000	0	0.000000	0	0	0.000000	-0.000000	0.000000	0.000000	0.000000	0.000000	0.000000	0.000000	6.345487	0.349002	0.000000
D:	7505.20	-9.235487	68.030437	-0.000192	0.000192	0.000192	-0.000192	68.030437	0.188713	-1.500000	0.186922	69.581986	0.019000	0.186922	-3.768866	-0.619429	0.000000	0.000000	0.000000	0.000000	0.000000	0.000000	0.000000	0.000000	0.000000	0	0.000000	0	0	0.000000	-0.000000	0.000000	0.000000	0.000000	0.000000	0.000000	0.000000	6.260903	0.344350	0.000000
D:	7515.18	-9.150903	68.081986	-0.000192	0.000192	0.000192	-0.000192	68.081986	0.546541	-1.500000	0.186922	69.581986	0.018000	0.186922	-3.783183	-0.619429	0.000000	0.000000	0.000000	0.000000	0.000000	0.000000	0.000000	0.000000	0.000000	0	0.000000	0	0	0.000000	-0.000000	0.000000	0.000000	0.000000	0.000000	0.000000	0.000000	6.260903	0.344350	0.000000
D:	7524.79	-9.150903	68.081986	-0.000192	0.000192	0.000192	-0.000192	68.081986	0.546541	-1.500000	0.186922	69.581986	0.018000	0.186922	-3.783183	-0.672961	0.000000	0.000000	0.000000	0.000000	0.000000	0.000000	0.000000	0.000000	0.000000	0	0.000000	0	0	0.000000	-0.000000	0.000000	0.000000	0.000000	0.000000	0.000000	0.000000	6.260903	0.344350	0.000000
D:	7533.86	-9.125701	68.056001	-0.000192	0.000192	0.000192	-0.000192	68.056001	-0.004336	-1.500000	0.526354	69.556001	0.018000	0.526354	-3.774290	-0.672961	0.000000	0.000000	0.000000	0.000000	0.000000	0.000000	0.000000	0.000000	0.000000	0	0.000000	0	0	0.000000	-0.000000	0.000000	0.000000	0.000000	0.000000	0.000000	0.000000	6.235702	0.342964	0.000000
D:	7543.62	-9.125701	68.056001	-0.000192	0.000192	0.000192	-0.000192	68.056001	-0.004336	-1.500000	0.526354	69.556001	0.018000	0.526354	-3.774290	-0.672961	0.000000	0.000000	0.000000	0.000000	0.000000	0.000000	0.000000	0.000000	0.000000	0	0.000000	0	0	0.000000	-0.000000	0.000000	0.000000	0.000000	0.000000	0.000000	0.000000	6.235702	0.342964	0.000000
D:	7553.17	-9.141814	68.057476	-0.000192	0.000192	0.000192	-0.000192	68.057476	-0.079646	-1.500000	0.021050	69.557476	0.019000	0.021050	-3.775316	-0.691397	0.000000	0.000000	0.000000	0.000000	0.000000	0.000000	0.000000	0.000000	0.000000	0	0.000000	0	0	0.000000	-0.000000	0.000000	0.000000	0.000000	0.000000	0.000000	0.000000	6.251813	0.343850	0.000000
D:	7562.62	-9.141814	68.057476	-0.000192	0.000192	0.000192	-0.000192	68.057476	-0.079646	-1.500000	0.021050	69.557476	0.019000	0.021050	-3.775316	-0.691397	0.000000	0.000000	0.000000	0.000000	0.000000	0.000000	0.000000	0.000000	0.000000	0	0.000000	0	0	0.000000	-0.000000	0.000000	0.000000	0.000000	0.000000	0.000000	0.000000	6.251813	0.343850	0.000000
D:	7570.83	-8.602758	68.051199	-0.000192	0.000192	0.000192	-0.000192	68.051199	0.479954	-1.500000	-0.074829	69.551199	0.019000	-0.074829	-3.770030	-1.171178	0.000000	0.000000	0.000000	0.000000	0.000000	0.000000	0.000000	0.000000	0.000000	0	0.000000	0	0	0.000000	-0.000000	0.000000	0.000000	0.000000	0.000000	0.000000	0.000000	5.712758	0.314202	0.000000
D:	7578.61	-8.602758	68.051199	-0.000192	0.000192	0.000192	-0.000192	68.051199	0.479954	-1.500000	-0.074829	69.551199	0.019000	-0.074829	-3.770030	-1.171178	0.000000	0.000000	0.000000	0.000000	0.000000	0.000000	0.000000	0.000000	0.000000	0	0.000000	0	0	0.000000	-0.000000	0.000000	0.000000	0.000000	0.000000	0.000000	0.000000	5.712758	0.314202	0.000000
D:	7586.43	-8.602758	68.051199	-0.000192	0.000192	0.000192	-0.000192	68.051199	0.479954	-1.500000	-0.074829	69.551199	0.019000	-0.074829	-3.770030	-1.434374	0.000000	0.000000	0.000000	0.000000	0.000000	0.000000	0.000000	0.000000	0.000000	0	0.000000	0	0	0.000000	-0.000000	0.000000	0.000000	0.000000	0.000000	0.000000	0.000000	5.401608	0.314202	0.000000
D:	7594.24	-8.291609	68.059706	-0.000192	0.000192	0.000192	-0.000192	68.059706	0.017119	-1.500000	0.448811	69.559706	0.018000	0.448811	-3.772844	-1.434374	0.000000	0.000000	0.000000	0.000000	0.000000	0.000000	0.000000	0.000000	0.000000	0	0.000000	0	0	0.000000	-0.000000	0.000000	0.000000	0.000000	0.000000	0.000000	0.000000	5.401608	0.297088	0.000000
D:	7602.76	-8.291609	68.059706	-0.000192	0.000192	0.000192	-0.000192	68.059706	0.017119	-1.500000	0.448811	69.559706	0.018000	0.448811	-3.772844	-1.434374	0.000000	0.000000	0.000000	0.000000	0.000000	0.000000	0.000000	0.000000	0.000000	0	0.000000	0	0	0.000000	-0.000000	0.000000	0.000000	0.000000	0.000000	0.000000	0.000000	5.401608	0.297088	0.000000
D:	7613.32	-8.193155	68.045435	-0.000192	0.000192	0.000192	-0.000192	68.045435	0.080426	-1.500000	0.041352	69.545435	0.018000	0.041352	-3.767449	-1.497134	0.000000	0.000000	0.000000	0.000000	0.000000	0.000000	0.000000	0.000000	0.000000	0	0.000000	0	0	0.000000	-0.000000	0.000000	0.000000	0.000000	0.000000	0.000000	0.000000	5.303155	0.291674	0.000000
D:	7624.32	-8.193155	68.045435	-0.000192	0.000192	0.000192	-0.000192	68.045435	0.080426	-1.500000	0.041352	69.545435	0.018000	0.041352	-3.767449	-1.214337	0.000000	0.000000	0.000000	0.000000	0.000000	0.000000	0.000000	0.000000	0.000000	0	0.000000	0	0	0.000000	-0.000000	0.000000	0.000000	0.000000	0.000000	0.000000	0.000000	5.579564	0.306876	0.000000
D:	7636.34	-8.469564	68.050350	-0.000192	0.000192	0.000192	-0.000192	68.050350	-0.312900	-1.500000	0.078233	69.550350	0.018000	0.078233	-3.771069	-1.214337	0.000000	0.000000	0.000000	0.000000	0.000000	0.000000	0.000000	0.000000	0.000000	0	0.000000	0	0	0.000000	-0.000000	0.000000	0.000000	0.000000	0.000000	0.000000	0.000000	5.579564	0.306876	0.000000
D:	7648.38	-8.469564	68.050350	-0.000192	0.000192	0.000192	-0.000192	68.042548	-0.131515	-1.500000	-0.294191	69.542548	0.018000	-0.294191	-3.769248	-1.153626	0.000000	0.000000	0.000000	0.000000	0.000000	0.000000	0.000000	0.000000	0.000000	0	0.000000	0	0	0.000000	-0.000000	0.000000	0.000000	0.000000	0.000000	0.000000	0.000000	5.620883	0.309149	0.000000
D:	7659.57	-8.510883	68.042548	-0.000192	0.000192	0.000192	-0.000192	68.042548	-0.131515	-1.500000	-0.294191	69.542548	0.019000	-0.294191	-3.769248	-1.153626	0.000000	0.000000	0.000000	0.000000	0.000000	0.000000	0.000000	0.000000	0.000000	0	0.000000	0	0	0.000000	-0.000000	0.000000	0.000000	0.000000	0.000000	0.000000	0.000000	5.620883	0.309149	0.000000
D:	7669.77	-8.510883	68.042548	-0.000192	0.000192	0.000192	-0.000192	68.053430	0.130953	-1.500000	-0.140647	69.553430	0.019000	-0.140647	-3.772174	-1.306967	0.000000	0.000000	0.000000	0.000000	0.000000	0.000000	0.000000	0.000000	0.000000	0	0.000000	0	0	0.000000	-0.000000	0.000000	0.000000	0.000000	0.000000	0.000000	0.000000	5.425025	0.298376	0.000000
D:	7679.14	-8.315025	68.053430	-0.000192	0.000192	0.000192	-0.000192	68.053430	0.130953	-1.500000	-0.140647	69.553430	0.018000	-0.140647	-3.772174	-1.306967	0.000000	0.000000	0.000000	0.000000	0.000000	0.000000	0.000000	0.000000	0.000000	0	0.000000	0	0	0.000000	-0.000000	0.000000	0.000000	0.000000	0.000000	0.000000	0.000000	5.425025	0.298376	0.000000
D:	7688.62	-8.315025	68.053430	-0.000192	0.000192	0.000192	-0.000192	68.043254	-0.085750	-1.500000	0.115707	69.543254	0.018000	0.115707	-3.769211	-1.171759	0.000000	0.000000	0.000000	0.000000	0.000000	0.000000	0.000000	0.000000	0.000000	0	0.000000	0	0	0.000000	-0.000000	0.000000	0.000000	0.000000	0.000000	0.000000	0.000000	5.546762	0.305072	0.000000
D:	7698.25	-8.436763	68.043254	-0.000192	0.000192	0.000192	-0.000192	68.043254	-0.085750	-1.500000	0.115707	69.543254	0.018000	0.115707	-3.769211	-1.171759	0.000000	0.000000	0.000000	0.000000	0.000000	0.000000	0.000000	0.000000	0.000000	0	0.000000	0	0	0.000000	-0.000000	0.000000	0.000000	0.000000	0.000000	0.000000	0.000000	5.546762	0.305072	0.000000
D:	7708.12	-8.436763	68.043254	-0.000192	0.000192	0.000192	-0.000192	68.043254	-0.008215	-1.500000	-0.074442	69.524361	0.018000	-0.074442	-3.762778	-1.258871	0.000000	0.000000	0.000000	0.000000	0.000000	0.000000	0.000000	0.000000	0.000000	0	0.000000	0	0	0.000000	-0.000000	0.000000	0.000000	0.000000	0.000000	0.000000	0.000000	5.426456	0.298455	0.000000
D:	7717.25	-8.316457	68.024361	-0.000192	0.000192	0.000192	-0.000192	68.024361	-0.008215	-1.500000	-0.074442	69.524361	0.018000	-0.074442	-3.762778	-1.258871	0.000000	0.000000	0.000000	0.000000	0.000000	0.000000	0.000000	0.000000	0.000000	0	0.000000	0	0	0.000000	-0.000000	0.000000	0.000000	0.000000	0.000000	0.000000	0.000000	5.426456	0.298455	0.000000
D:	7726.29	-8.316457	68.024361	-0.000192	0.000192	0.000192	-0.000192	68.024361	-0.008215	-1.500000	-0.074442	69.524361	0.018000	-0.074442	-3.762778	-1.813904	0.000000	0.000000	0.000000	0.000000	0.000000	0.000000	0.000000	0.000000	0.000000	0	0.000000	0	0	0.000000	-0.000000	0.000000	0.000000	0.000000	0.000000	0.000000	0.000000	5.426456	0.298455	0.000000
D:	7735.85	-7.683330	68.044287	-0.000192	0.000192	0.000192	-0.000192	68.044287	0.006220	-1.500000	-0.011383	69.544287	0.019000	-0.011383	-3.769578	-1.813904	0.000000	0.000000	0.000000	0.000000	0.000000	0.000000	0.000000	0.000000	0.000000	0	0.000000	0	0	0.000000	-0.000000	0.000000	0.000000	0.000000	0.000000	0.000000	0.000000	4.793330	0.263633	0.000000
D:	7745.36	-7.683330	68.044287	-0.000192	0.000192	0.000192	-0.000192	68.044287	0.006220	-1.500000	-0.011383	69.544287	0.019000	-0.011383	-3.769578	-1.813904	0.000000	0.000000	0.000000	0.000000	0.000000	0.000000	0.000000	0.000000	0.000000	0	0.000000	0	0	0.000000	-0.000000	0.000000	0.000000	0.000000	0.000000	0.000000	0.000000	4.793330	0.263633	0.000000
D:	7754.53	-8.045627	68.032971	-0.000192	0.000192	0.000192	-0.000192	68.032971	-0.043199	-1.500000	0.005231	69.532971	0.018000	0.005231	-3.765961	-1.448690	0.000000	0.000000	0.000000	0.000000	0.000000	0.000000	0.000000	0.000000	0.000000	0	0.000000	0	0	0.000000	-0.000000	0.000000	0.000000	0.000000	0.000000	0.000000	0.000000	5.155627	0.283559	0.000000
D:	7763.79	-8.045627	68.032971	-0.000192	0.000192	0.000192	-0.000192	68.032971	-0.043199	-1.500000	0.005231	69.532971	0.018000	0.005231	-3.765961	-1.448690	0.000000	0.000000	0.000000	0.000000	0.000000	0.000000	0.000000	0.000000	0.000000	0	0.000000	0	0	0.000000	-0.000000	0.000000	0.000000	0.000000	0.000000	0.000000	0.000000	5.155627	0.283559	0.000000
D:	7772.89	-7.528954	68.033440	-0.000192	0.000192	0.000192	-0.000192	68.033440	-0.111054	-1.500000	-0.040480	69.533440	0.018000	-0.040480	-3.766808	-1.892608	0.000000	0.000000	0.000000	0.000000	0.000000	0.000000	0.000000	0.000000	0.000000	0	0.000000	0	0	0.000000	-0.000000	0.000000	0.000000	0.000000	0.000000	0.000000	0.000000	4.638954	0.255142	0.000000
D:	7782.11	-7.528954	68.033440	-0.000192	0.000192	0.000192	-0.000192	68.033440	-0.111054	-1.500000	-0.040480	69.533440	0.018000	-0.040480	-3.766808	-1.892608	0.000000	0.000000	0.000000	0.000000	0.000000	0.000000	0.000000	0.000000	0.000000	0	0.000000	0	0	0.000000	-0.000000	0.000000	0.000000	0.000000	0.000000	0.000000	0.000000	4.638954	0.255142	0.000000
D:	7790.96	-7.528954	68.033440	-0.000192	0.000192	0.000192	-0.000192	68.060442	0.088507	-1.500000	-0.107093	69.560442	0.018000	-0.107093	-3.775530	-1.746535	0.000000	0.000000	0.000000	0.000000	0.000000	0.000000	0.000000	0.000000	0.000000	0	0.000000	0	0	0.000000	-0.000000	0.000000	0.000000	0.000000	0.000000	0.000000	0.000000	4.758551	0.261720	0.000000
D:	7800.72	-7.648551	68.060442	-0.000192	0.000192	0.000192	-0.000192	68.060442	0.088507	-1.500000	-0.107093	69.560442	0.018000	-0.107093	-3.775530	-1.746535	0.000000	0.000000	0.000000	0.000000	0.000000	0.000000	0.000000	0.000000	0.000000	0	0.000000	0	0	0.000000	-0.000000	0.000000	0.000000	0.000000	0.000000	0.000000	0.000000	4.758551	0.261720	0.000000
D:	7810.14	-7.648551	68.060442	-0.000192	0.000192	0.000192	-0.000192	68.025906	0.000311	-1.500000	0.079150	69.525906	0.018000	0.079150	-3.763670	-1.702114	0.000000	0.000000	0.000000	0.000000	0.000000	0.000000	0.000000	0.000000	0.000000	0	0.000000	0	0	0.000000	-0.000000	0.000000	0.000000	0.000000	0.000000	0.000000	0.000000	4.774576	0.262602	0.000000
D:	7819.70	-7.664576	68.025906	-0.000192	0.000192	0.000192	-0.000192	68.025906	0.000311	-1.500000	0.079150	69.525906	0.019000	0.079150	-3.763670	-1.702114	0.000000	0.000000	0.000000	0.000000	0.000000	0.000000	0.000000	0.000000	0.000000	0	0.000000	0	0	0.000000	-0.000000	0.000000	0.000000	0.000000	0.000000	0.000000	0.000000	4.774576	0.262602	0.000000
D:	7828.68	-7.664576	68.025906	-0.000192	0.000192	0.000192	-0.000192	68.025906	0.000311	-1.500000	0.079150	69.539490	0.019000	0.004082	-3.763670	-1.760468	0.000000	0.000000	0.000000	0.000000	0.000000	0.000000	0.000000	0.000000	0.000000	0	0.000000	0	0	0.000000	-0.000000	0.000000	0.000000	0.000000	0.000000	0.000000	0.000000	4.672018	0.256961	0.000000
D:	7837.09	-7.562018	68.039490	-0.000192	0.000192	0.000192	-0.000192	68.039490	0.088368	-1.500000	0.004082	69.539490	0.019000	0.004082	-3.767757	-1.760468	0.000000	0.000000	0.000000	0.000000	0.000000	0.000000	0.000000	0.000000	0.000000	0	0.000000	0	0	0.000000	-0.000000	0.000000	0.000000	0.000000	0.000000	0.000000	0.000000	4.672018	0.256961	0.000000
D:	7845.55	-7.562018	68.039490	-0.000192	0.000192	0.000192	-0.000192	68.039490	0.088368	-1.500000	0.004082	69.539490	0.019000	0.004082	-3.767757	-1.760468	0.000000	0.000000	0.000000	0.000000	0.000000	0.000000	0.000000	0.000000	0.000000	0	0.000000	0	0	0.000000	-0.000000	0.000000	0.000000	0.000000	0.000000	0.000000	0.000000	4.672018	0.256961	0.000000
D:	7854.41	-7.942807	68.051806	-0.000192	0.000192	0.000192	-0.000192	68.051806	0.046506	-1.500000	0.083636	69.551806	0.018000	0.083636	-3.771697	-1.378650	0.000000	0.000000	0.000000	0.000000	0.000000	0.000000	0.000000	0.000000	0.000000	0	0.000000	0	0	0.000000	-0.000000	0.000000	0.000000	0.000000	0.000000	0.000000	0.000000	5.052807	0.277904	0.000000
D:	7862.90	-7.942807	68.051806	-0.000192	0.000192	0.000192	-0.000192	68.051806	0.046506	-1.500000	0.083636	69.551806	0.018000	0.083636	-3.771697	-1.378650	0.000000	0.000000	0.000000	0.000000	0.000000	0.000000	0.000000	0.000000	0.000000	0	0.000000	0	0	0.000000	-0.000000	0.000000	0.000000	0.000000	0.000000	0.000000	0.000000	5.052807	0.277904	0.000000
D:	7871.01	-7.942807	68.051806	-0.000192	0.000192	0.000192	-0.000192	68.040885	0.118363	-1.500000	0.048591	69.540885	0.018000	0.048591	-3.767217	-1.204375	0.000000	0.000000	0.000000	0.000000	0.000000	0.000000	0.000000	0.000000	0.000000	0	0.000000	0	0	0.000000	-0.000000	0.000000	0.000000	0.000000	0.000000	0.000000	0.000000	5.208856	0.286487	0.000000
D:	7879.51	-8.098856	68.040885	-0.000192	0.000192	0.000192	-0.000192	68.040885	0.118363	-1.500000	0.048591	69.540885	0.018000	0.048591	-3.767217	-1.204375	0.000000	0.000000	0.000000	0.000000	0.000000	0.000000	0.000000	0.000000	0.000000	0	0.000000	0	0	0.000000	-0.000000	0.000000	0.000000	0.000000	0.000000	0.000000	0.000000	5.208856	0.286487	0.000000
D:	7888.69	-8.098856	68.040885	-0.000192	0.000192	0.000192	-0.000192	68.040885	0.118363	-1.500000	0.115025	69.536824	0.018000	0.115025	-3.767217	-0.602203	0.000000	0.000000	0.000000	0.000000	0.000000	0.000000	0.000000	0.000000	0.000000	0	0.000000	0	0	0.000000	-0.000000	0.000000	0.000000	0.000000	0.000000	0.000000	0.000000	5.843346	0.321384	0.000000
D:	7898.01	-8.733346	68.036824	-0.000192	0.000192	0.000192	-0.000192	68.036824	-0.134066	-1.500000	0.115025	69.536824	0.019000	0.115025	-3.766698	-0.602203	0.000000	0.000000	0.000000	0.000000	0.000000	0.000000	0.000000	0.000000	0.000000	0	0.000000	0	0	0.000000	-0.000000	0.000000	0.000000	0.000000	0.000000	0.000000	0.000000	5.843346	0.321384	0.000000
D:	7907.30	-8.733346	68.036824	-0.000192	0.000192	0.000192	-0.000192	68.036824	-0.134066	-1.500000	0.115025	69.536824	0.019000	0.115025	-3.766698	-0.602203	0.000000	0.000000	0.000000	0.000000	0.000000	0.000000	0.000000	0.000000	0.000000	0	0.000000	0	0	0.000000	-0.000000	0.000000	0.000000	0.000000	0.000000	0.000000	0.000000	5.843346	0.321384	0.000000
D:	7916.40	-7.847524	68.038242	-0.000192	0.000192	0.000192	-0.000192	68.038242	0.109979	-1.500000	-0.122150	69.538242	0.019000	-0.122150	-3.766467	-1.397865	0.000000	0.000000	0.000000	0.000000	0.000000	0.000000	0.000000	0.000000	0.000000	0	0.000000	0	0	0.000000	-0.000000	0.000000	0.000000	0.000000	0.000000	0.000000	0.000000	4.957523	0.272664	0.000000
D:	7925.75	-7.847524	68.038242	-0.000192	0.000192	0.000192	-0.000192	68.038242	0.109979	-1.500000	-0.122150	69.538242	0.019000	-0.122150	-3.766467	-1.397865	0.000000	0.000000	0.000000	0.000000	0.000000	0.000000	0.000000	0.000000	0.000000	0	0.000000	0	0	0.000000	-0.000000	0.000000	0.000000	0.000000	0.000000	0.000000	0.000000	4.957523	0.272664	0.000000
D:	7935.12	-8.385029	68.021894	-0.000192	0.000192	0.000192	-0.000192	68.021894	-0.078355	-1.500000	0.096948	69.521894	0.018000	0.096948	-3.761340	-0.881345	0.000000	0.000000	0.000000	0.000000	0.000000	0.000000	0.000000	0.000000	0.000000	0	0.000000	0	0	0.000000	-0.000000	0.000000	0.000000	0.000000	0.000000	0.000000	0.000000	5.495029	0.302227	0.000000
D:	7944.40	-8.385029	68.021894	-0.000192	0.000192	0.000192	-0.000192	68.021894	-0.078355	-1.500000	0.096948	69.521894	0.018000	0.096948	-3.761340	-0.881345	0.000000	0.000000	0.000000	0.000000	0.000000	0.000000	0.000000	0.000000	0.000000	0	0.000000	0	0	0.000000	-0.000000	0.000000	0.000000	0.000000	0.000000	0.000000	0.000000	5.495029	0.302227	0.000000
D:	7953.65	-8.291598	68.005026	-0.000192	0.000192	0.000192	-0.000192	68.005026	-0.068455	-1.500000	-0.068514	69.505026	0.018000	-0.068514	-3.755973	-0.950524	0.000000	0.000000	0.000000	0.000000	0.000000	0.000000	0.000000	0.000000	0.000000	0	0.000000	0	0	0.000000	-0.000000	0.000000	0.000000	0.000000	0.000000	0.000000	0.000000	5.401597	0.297088	0.000000
D:	7963.16	-8.291598	68.005026	-0.000192	0.000192	0.000192	-0.000192	68.005026	-0.068455	-1.500000	-0.068514	69.505026	0.018000	-0.068514	-3.755973	-0.950524	0.000000	0.000000	0.000000	0.000000	0.000000	0.000000	0.000000	0.000000	0.000000	0	0.000000	0	0	0.000000	-0.000000	0.000000	0.000000	0.000000	0.000000	0.000000	0.000000	5.401597	0.297088	0.000000
D:	7972.19	-8.291598	68.005026	-0.000192	0.000192	0.000192	-0.000192	68.008322	-0.051718	-1.500000	-0.068457	69.508322	0.018000	-0.068457	-3.757442	-1.098383	0.000000	0.000000	0.000000	0.000000	0.000000	0.000000	0.000000	0.000000	0.000000	0	0.000000	0	0	0.000000	-0.000000	0.000000	0.000000	0.000000	0.000000	0.000000	0.000000	5.215916	0.286875	0.000000
D:	7981.53	-8.105916	68.008322	-0.000192	0.000192	0.000192	-0.000192	68.008322	-0.051718	-1.500000	-0.068457	69.508322	0.019000	-0.068457	-3.757442	-1.098383	0.000000	0.000000	0.000000	0.000000	0.000000	0.000000	0.000000	0.000000	0.000000	0	0.000000	0	0	0.000000	-0.000000	0.000000	0.000000	0.000000	0.000000	0.000000	0.000000	5.215916	0.286875	0.000000
D:	7990.89	-8.105916	68.008322	-0.000192	0.000192	0.000192	-0.000192	68.005404	-0.090299	-1.500000	-0.052519	69.505404	0.019000	-0.052519	-3.757029	-1.089929	0.000000	0.000000	0.000000	0.000000	0.000000	0.000000	0.000000	0.000000	0.000000	0	0.000000	0	0	0.000000	-0.000000	0.000000	0.000000	0.000000	0.000000	0.000000	0.000000	5.195717	0.285764	0.000000
D:	8000.01	-8.085717	68.005404	-0.000192	0.000192	0.000192	-0.000192	68.005404	-0.090299	-1.500000	-0.052519	69.505404	0.019000	-0.052519	-3.757029	-1.089929	0.000000	0.000000	0.000000	0.000000	0.000000	0.000000	0.000000	0.000000	0.000000	0	0.000000	0	0	0.000000	-0.000000	0.000000	0.000000	0.000000	0.000000	0.000000	0.000000	5.195717	0.285764	0.000000
D:	8008.96	-8.085717	68.005404	-0.000192	0.000192	0.000192	-0.000192	68.005404	-0.090299	-1.500000	-0.052519	69.505404	0.019000	-0.052519	-3.757029	-0.922801	0.000000	0.000000	0.000000	0.000000	0.000000	0.000000	0.000000	0.000000	0.000000	0	0.000000	0	0	0.000000	-0.000000	0.000000	0.000000	0.000000	0.000000	0.000000	0.000000	5.195717	0.285764	0.000000
D:	8018.78	-8.243030	68.025406	-0.000192	0.000192	0.000192	-0.000192	68.025406	0.144680	-1.500000	-0.088178	69.525406	0.018000	-0.088178	-3.763001	-0.922801	0.000000	0.000000	0.000000	0.000000	0.000000	0.000000	0.000000	0.000000	0.000000	0	0.000000	0	0	0.000000	-0.000000	0.000000	0.000000	0.000000	0.000000	0.000000	0.000000	5.353030	0.294417	0.000000
D:	8028.24	-8.243030	68.025406	-0.000192	0.000192	0.000192	-0.000192	68.025406	0.144680	-1.500000	-0.088178	69.525406	0.018000	-0.088178	-3.763001	-0.922801	0.000000	0.000000	0.000000	0.000000	0.000000	0.000000	0.000000	0.000000	0.000000	0	0.000000	0	0	0.000000	-0.000000	0.000000	0.000000	0.000000	0.000000	0.000000	0.000000	5.353030	0.294417	0.000000
D:	8037.18	-8.728153	68.044830	-0.000192	0.000192	0.000192	-0.000192	68.044830	0.188352	-1.500000	0.131609	69.544830	0.018000	0.131609	-3.768504	-0.455218	0.000000	0.000000	0.000000	0.000000	0.000000	0.000000	0.000000	0.000000	0.000000	0	0.000000	0	0	0.000000	-0.000000	0.000000	0.000000	0.000000	0.000000	0.000000	0.000000	5.838153	0.321098	0.000000
D:	8047.10	-8.728153	68.044830	-0.000192	0.000192	0.000192	-0.000192	68.044830	0.188352	-1.500000	0.131609	69.544830	0.018000	0.131609	-3.768504	-0.455218	0.000000	0.000000	0.000000	0.000000	0.000000	0.000000	0.000000	0.000000	0.000000	0	0.000000	0	0	0.000000	-0.000000	0.000000	0.000000	0.000000	0.000000	0.000000	0.000000	5.838153	0.321098	0.000000
D:	8056.18	-8.521780	68.046384	-0.000192	0.000192	0.000192	-0.000192	68.046384	0.263502	-1.500000	0.185637	69.546384	0.019000	0.185637	-3.767319	-0.634228	0.000000	0.000000	0.000000	0.000000	0.000000	0.000000	0.000000	0.000000	0.000000	0	0.000000	0	0	0.000000	-0.000000	0.000000	0.000000	0.000000	0.000000	0.000000	0.000000	5.631779	0.309748	0.000000
D:	8065.27	-8.521780	68.046384	-0.000192	0.000192	0.000192	-0.000192	68.046384	0.263502	-1.500000	0.185637	69.546384	0.019000	0.185637	-3.767319	-0.634228	0.000000	0.000000	0.000000	0.000000	0.000000	0.000000	0.000000	0.000000	0.000000	0	0.000000	0	0	0.000000	-0.000000	0.000000	0.000000	0.000000	0.000000	0.000000	0.000000	5.631779	0.309748	0.000000
D:	8074.42	-8.521780	68.046384	-0.000192	0.000192	0.000192	-0.000192	68.055935	-0.076233	-1.500000	0.259777	69.555935	0.019000	0.259777	-3.771096	-0.423751	0.000000	0.000000	0.000000	0.000000	0.000000	0.000000	0.000000	0.000000	0.000000	0	0.000000	0	0	0.000000	-0.000000	0.000000	0.000000	0.000000	0.000000	0.000000	0.000000	5.848477	0.321666	0.000000
D:	8084.02	-8.738477	68.055935	-0.000192	0.000192	0.000192	-0.000192	68.055935	-0.076233	-1.500000	0.259777	69.555935	0.019000	0.259777	-3.771096	-0.423751	0.000000	0.000000	0.000000	0.000000	0.000000	0.000000	0.000000	0.000000	0.000000	0	0.000000	0	0	0.000000	-0.000000	0.000000	0.000000	0.000000	0.000000	0.000000	0.000000	5.848477	0.321666	0.000000
D:	8093.25	-8.738477	68.055935	-0.000192	0.000192	0.000192	-0.000192	68.089577	0.299874	-1.500000	-0.057371	69.589577	0.019000	-0.057371	-3.780790	-0.291867	0.000000	0.000000	0.000000	0.000000	0.000000	0.000000	0.000000	0.000000	0.000000	0	0.000000	0	0	0.000000	-0.000000	0.000000	0.000000	0.000000	0.000000	0.000000	0.000000	5.979463	0.328870	0.000000
D:	8102.52	-8.869463	68.089577	-0.000192	0.000192	0.000192	-0.000192	68.089577	0.299874	-1.500000	-0.057371	69.589577	0.018000	-0.057371	-3.780790	-0.291867	0.000000	0.000000	0.000000	0.000000	0.000000	0.000000	0.000000	0.000000	0.000000	0	0.000000	0	0	0.000000	-0.000000	0.000000	0.000000	0.000000	0.000000	0.000000	0.000000	5.979463	0.328870	0.000000
D:	8112.91	-8.869463	68.089577	-0.000192	0.000192	0.000192	-0.000192	68.114551	0.207924	-1.500000	0.279820	69.614551	0.018000	0.279820	-3.788077	-0.043828	0.000000	0.000000	0.000000	0.000000	0.000000	0.000000	0.000000	0.000000	0.000000	0	0.000000	0	0	0.000000	-0.000000	0.000000	0.000000	0.000000	0.000000	0.000000	0.000000	6.237566	0.343066	0.000000
D:	8121.69	-9.127566	68.114551	-0.000192	0.000192	0.000192	-0.000192	68.114551	0.207924	-1.500000	0.279820	69.614551	0.018000	0.279820	-3.788077	-0.043828	0.000000	0.000000	0.000000	0.000000	0.000000	0.000000	0.000000	0.000000	0.000000	0	0.000000	0	0	0.000000	-0.000000	0.000000	0.000000	0.000000	0.000000	0.000000	0.000000	6.237566	0.343066	0.000000
D:	8130.61	-9.127566	68.114551	-0.000192	0.000192	0.000192	-0.000192	68.114551	0.207924	-1.500000	0.279820	69.614551	0.018000	0.279820	-3.788077	-0.008087	0.000000	0.000000	0.000000	0.000000	0.000000	0.000000	0.000000	0.000000	0.000000	0	0.000000	0	0	0.000000	-0.000000	0.000000	0.000000	0.000000	0.000000	0.000000	0.000000	6.269610	0.343066	0.000000
D:	8139.21	-9.159610	68.111277	-0.000192	0.000192	0.000192	-0.000192	68.111277	0.129664	-1.500000	0.211960	69.611277	0.018000	0.211960	-3.786152	-0.008087	0.000000	0.000000	0.000000	0.000000	0.000000	0.000000	0.000000	0.000000	0.000000	0	0.000000	0	0	0.000000	-0.000000	0.000000	0.000000	0.000000	0.000000	0.000000	0.000000	6.269610	0.344829	0.000000
D:	8147.97	-9.159610	68.111277	-0.000192	0.000192	0.000192	-0.000192	68.111277	0.129664	-1.500000	0.211960	69.611277	0.018000	0.211960	-3.786152	-0.008087	0.000000	0.000000	0.000000	0.000000	0.000000	0.000000	0.000000	0.000000	0.000000	0	0.000000	0	0	0.000000	-0.000000	0.000000	0.000000	0.000000	0.000000	0.000000	0.000000	6.269610	0.344829	0.000000
D:	8156.21	-9.240393	68.144837	-0.000192	0.000192	0.000192	-0.000192	68.144837	-0.011411	-1.500000	0.133601	69.644837	0.019000	0.133601	-3.797750	0.071234	0.000000	0.000000	0.000000	0.000000	0.000000	0.000000	0.000000	0.000000	0.000000	0	0.000000	0	0	0.000000	-0.000000	0.000000	0.000000	0.000000	0.000000	0.000000	0.000000	6.350392	0.349272	0.000000
D:	8165.03	-9.240393	68.144837	-0.000192	0.000192	0.000192	-0.000192	68.144837	-0.011411	-1.500000	0.133601	69.644837	0.019000	0.133601	-3.797750	0.071234	0.000000	0.000000	0.000000	0.000000	0.000000	0.000000	0.000000	0.000000	0.000000	0	0.000000	0	0	0.000000	-0.000000	0.000000	0.000000	0.000000	0.000000	0.000000	0.000000	6.350392	0.349272	0.000000
D:	8174.09	-9.240393	68.144837	-0.000192	0.000192	0.000192	-0.000192	68.154625	0.280293	-1.500000	-0.003271	69.654625	0.019000	-0.003271	-3.799377	0.156416	0.000000	0.000000	0.000000	0.000000	0.000000	0.000000	0.000000	0.000000	0.000000	0	0.000000	0	0	0.000000	-0.000000	0.000000	0.000000	0.000000	0.000000	0.000000	0.000000	6.432024	0.353761	0.000000
D:	8182.95	-9.322023	68.154625	-0.000192	0.000192	0.000192	-0.000192	68.154625	0.280293	-1.500000	-0.003271	69.654625	0.018000	-0.003271	-3.799377	0.156416	0.000000	0.000000	0.000000	0.000000	0.000000	0.000000	0.000000	0.000000	0.000000	0	0.000000	0	0	0.000000	-0.000000	0.000000	0.000000	0.000000	0.000000	0.000000	0.000000	6.432024	0.353761	0.000000
D:	8191.60	-9.322023	68.154625	-0.000192	0.000192	0.000192	-0.000192	68.154625	0.280293	-1.500000	-0.003271	69.661697	0.018000	0.264376	-3.799377	0.217641	0.000000	0.000000	0.000000	0.000000	0.000000	0.000000	0.000000	0.000000	0.000000	0	0.000000	0	0	0.000000	-0.000000	0.000000	0.000000	0.000000	0.000000	0.000000	0.000000	6.501263	0.357569	0.000000
D:	8200.56	-9.391263	68.161697	-0.000192	0.000192	0.000192	-0.000192	68.161697	0.023036	-1.500000	0.264376	69.661697	0.018000	0.264376	-3.801662	0.217641	0.000000	0.000000	0.000000	0.000000	0.000000	0.000000	0.000000	0.000000	0.000000	0	0.000000	0	0	0.000000	-0.000000	0.000000	0.000000	0.000000	0.000000	0.000000	0.000000	6.501263	0.357569	0.000000
D:	8209.37	-9.391263	68.161697	-0.000192	0.000192	0.000192	-0.000192	68.161697	0.023036	-1.500000	0.264376	69.661697	0.018000	0.264376	-3.801662	0.217641	0.000000	0.000000	0.000000	0.000000	0.000000	0.000000	0.000000	0.000000	0.000000	0	0.000000	0	0	0.000000	-0.000000	0.000000	0.000000	0.000000	0.000000	0.000000	0.000000	6.501263	0.357569	0.000000
D:	8217.86	-9.507458	68.207862	-0.000192	0.000192	0.000192	-0.000192	68.207862	-0.052397	-1.500000	0.036584	69.707862	0.018000	0.036584	-3.817832	0.330315	0.000000	0.000000	0.000000	0.000000	0.000000	0.000000	0.000000	0.000000	0.000000	0	0.000000	0	0	0.000000	-0.000000	0.000000	0.000000	0.000000	0.000000	0.000000	0.000000	6.617458	0.363960	0.000000
D:	8226.95	-9.507458	68.207862	-0.000192	0.000192	0.000192	-0.000192	68.207862	-0.052397	-1.500000	0.036584	69.707862	0.018000	0.036584	-3.817832	0.330315	0.000000	0.000000	0.000000	0.000000	0.000000	0.000000	0.000000	0.000000	0.000000	0	0.000000	0	0	0.000000	-0.000000	0.000000	0.000000	0.000000	0.000000	0.000000	0.000000	6.617458	0.363960	0.000000
D:	8235.99	-9.507458	68.207862	-0.000192	0.000192	0.000192	-0.000192	68.199999	-0.176086	-1.500000	-0.048141	69.699999	0.018000	-0.048141	-3.816281	0.721906	0.000000	0.000000	0.000000	0.000000	0.000000	0.000000	0.000000	0.000000	0.000000	0	0.000000	0	0	0.000000	-0.000000	0.000000	0.000000	0.000000	0.000000	0.000000	0.000000	7.046553	0.387560	0.000000
D:	8245.01	-9.936553	68.199999	-0.000192	0.000192	0.000192	-0.000192	68.199999	-0.176086	-1.500000	-0.048141	69.699999	0.019000	-0.048141	-3.816281	0.721906	0.000000	0.000000	0.000000	0.000000	0.000000	0.000000	0.000000	0.000000	0.000000	0	0.000000	0	0	0.000000	-0.000000	0.000000	0.000000	0.000000	0.000000	0.000000	0.000000	7.046553	0.387560	0.000000
D:	8254.06	-9.936553	68.199999	-0.000192	0.000192	0.000192	-0.000192	68.179740	-0.219849	-1.500000	-0.168904	69.679740	0.019000	-0.168904	-3.810685	0.434972	0.000000	0.000000	0.000000	0.000000	0.000000	0.000000	0.000000	0.000000	0.000000	0	0.000000	0	0	0.000000	-0.000000	0.000000	0.000000	0.000000	0.000000	0.000000	0.000000	6.744964	0.370973	0.000000
D:	8263.18	-9.634964	68.179740	-0.000192	0.000192	0.000192	-0.000192	68.179740	-0.219849	-1.500000	-0.168904	69.679740	0.018000	-0.168904	-3.810685	0.434972	0.000000	0.000000	0.000000	0.000000	0.000000	0.000000	0.000000	0.000000	0.000000	0	0.000000	0	0	0.000000	-0.000000	0.000000	0.000000	0.000000	0.000000	0.000000	0.000000	6.744964	0.370973	0.000000
D:	8272.12	-9.634964	68.179740	-0.000192	0.000192	0.000192	-0.000192	68.179740	-0.219849	-1.500000	-0.168904	69.656181	0.018000	-0.216989	-3.810685	0.260499	0.000000	0.000000	0.000000	0.000000	0.000000	0.000000	0.000000	0.000000	0.000000	0	0.000000	0	0	0.000000	-0.000000	0.000000	0.000000	0.000000	0.000000	0.000000	0.000000	6.554656	0.360506	0.000000
D:	8280.87	-9.444656	68.156139	-0.000192	0.000192	0.000192	-0.000192	68.156139	0.054158	-1.500000	-0.216989	69.656139	0.018000	-0.216989	-3.802250	0.260499	0.000000	0.000000	0.000000	0.000000	0.000000	0.000000	0.000000	0.000000	0.000000	0	0.000000	0	0	0.000000	-0.000000	0.000000	0.000000	0.000000	0.000000	0.000000	0.000000	6.554656	0.360506	0.000000
D:	8290.00	-9.444656	68.156139	-0.000192	0.000192	0.000192	-0.000192	68.156139	0.054158	-1.500000	-0.216989	69.656139	0.018000	-0.216989	-3.802250	0.332515	0.000000	0.000000	0.000000	0.000000	0.000000	0.000000	0.000000	0.000000	0.000000	0	0.000000	0	0	0.000000	-0.000000	0.000000	0.000000	0.000000	0.000000	0.000000	0.000000	6.554656	0.360506	0.000000
D:	8300.58	-9.528086	68.180867	-0.000192	0.000192	0.000192	-0.000192	68.180867	0.062261	-1.500000	0.038938	69.680867	0.018000	0.038938	-3.810353	0.332515	0.000000	0.000000	0.000000	0.000000	0.000000	0.000000	0.000000	0.000000	0.000000	0	0.000000	0	0	0.000000	-0.000000	0.000000	0.000000	0.000000	0.000000	0.000000	0.000000	6.638086	0.365095	0.000000
D:	8312.20	-9.528086	68.180867	-0.000192	0.000192	0.000192	-0.000192	68.180867	0.052893	-1.500000	0.061145	69.632355	0.018000	0.061145	-3.810353	0.166515	0.000000	0.000000	0.000000	0.000000	0.000000	0.000000	0.000000	0.000000	0.000000	0	0.000000	0	0	0.000000	-0.000000	0.000000	0.000000	0.000000	0.000000	0.000000	0.000000	6.460031	0.355302	0.000000
D:	8323.71	-9.350031	68.132355	-0.000192	0.000192	0.000192	-0.000192	68.132355	0.052893	-1.500000	0.061145	69.632355	0.019000	0.061145	-3.793351	0.166515	0.000000	0.000000	0.000000	0.000000	0.000000	0.000000	0.000000	0.000000	0.000000	0	0.000000	0	0	0.000000	-0.000000	0.000000	0.000000	0.000000	0.000000	0.000000	0.000000	6.460031	0.355302	0.000000
D:	8335.42	-9.350031	68.132355	-0.000192	0.000192	0.000192	-0.000192	68.103050	-0.147050	-1.500000	0.053287	69.603050	0.019000	0.053287	-3.784248	0.029575	0.000000	0.000000	0.000000	0.000000	0.000000	0.000000	0.000000	0.000000	0.000000	0	0.000000	0	0	0.000000	-0.000000	0.000000	0.000000	0.000000	0.000000	0.000000	0.000000	6.311989	0.347159	0.000000
D:	8346.50	-9.201989	68.103050	-0.000192	0.000192	0.000192	-0.000192	68.103050	-0.147050	-1.500000	0.053287	69.603050	0.019000	0.053287	-3.784248	0.029575	0.000000	0.000000	0.000000	0.000000	0.000000	0.000000	0.000000	0.000000	0.000000	0	0.000000	0	0	0.000000	-0.000000	0.000000	0.000000	0.000000	0.000000	0.000000	0.000000	6.311989	0.347159	0.000000
D:	8357.15	-9.704921	68.094017	-0.000192	0.000192	0.000192	-0.000192	68.094006	-0.232686	-1.500000	-0.135804	69.594006	0.018000	-0.135804	-3.782581	0.492395	0.000000	0.000000	0.000000	0.000000	0.000000	0.000000	0.000000	0.000000	0.000000	0	0.000000	0	0	0.000000	-0.000000	0.000000	0.000000	0.000000	0.000000	0.000000	0.000000	6.814920	0.374821	0.000000
D:	8366.84	-9.704921	68.094006	-0.000192	0.000192	0.000192	-0.000192	68.094006	-0.232686	-1.500000	-0.135804	69.594006	0.018000	-0.135804	-3.782581	0.492395	0.000000	0.000000	0.000000	0.000000	0.000000	0.000000	0.000000	0.000000	0.000000	0	0.000000	0	0	0.000000	-0.000000	0.000000	0.000000	0.000000	0.000000	0.000000	0.000000	6.814920	0.374821	0.000000
D:	8376.59	-9.704921	68.094006	-0.000192	0.000192	0.000192	-0.000192	68.085082	0.274009	-1.500000	-0.227247	69.585082	0.018000	-0.227247	-3.777825	0.353612	0.000000	0.000000	0.000000	0.000000	0.000000	0.000000	0.000000	0.000000	0.000000	0	0.000000	0	0	0.000000	-0.000000	0.000000	0.000000	0.000000	0.000000	0.000000	0.000000	6.666678	0.366667	0.000000
D:	8386.25	-9.556679	68.085082	-0.000192	0.000192	0.000192	-0.000192	68.085082	0.274009	-1.500000	-0.227247	69.585082	0.018000	-0.227247	-3.777825	0.353612	0.000000	0.000000	0.000000	0.000000	0.000000	0.000000	0.000000	0.000000	0.000000	0	0.000000	0	0	0.000000	-0.000000	0.000000	0.000000	0.000000	0.000000	0.000000	0.000000	6.666678	0.366667	0.000000
D:	8396.00	-9.556679	68.085082	-0.000192	0.000192	0.000192	-0.000192	68.061679	0.029142	-1.500000	0.250031	69.561679	0.018000	0.250031	-3.769600	0.423584	0.000000	0.000000	0.000000	0.000000	0.000000	0.000000	0.000000	0.000000	0.000000	0	0.000000	0	0	0.000000	-0.000000	0.000000	0.000000	0.000000	0.000000	0.000000	0.000000	6.741644	0.370790	0.000000
D:	8405.18	-9.631644	68.061679	-0.000192	0.000192	0.000192	-0.000192	68.061679	0.029142	-1.500000	0.250031	69.561679	0.019000	0.250031	-3.769600	0.423584	0.000000	0.000000	0.000000	0.000000	0.000000	0.000000	0.000000	0.000000	0.000000	0	0.000000	0	0	0.000000	-0.000000	0.000000	0.000000	0.000000	0.000000	0.000000	0.000000	6.741644	0.370790	0.000000
D:	8414.36	-9.631644	68.061679	-0.000192	0.000192	0.000192	-0.000192	68.084171	0.120051	-1.500000	0.039708	69.584171	0.019000	0.039708	-3.776539	0.528459	0.000000	0.000000	0.000000	0.000000	0.000000	0.000000	0.000000	0.000000	0.000000	0	0.000000	0	0	0.000000	-0.000000	0.000000	0.000000	0.000000	0.000000	0.000000	0.000000	6.854151	0.376978	0.000000
D:	8424.48	-9.744151	68.084171	-0.000192	0.000192	0.000192	-0.000192	68.084171	0.120051	-1.500000	0.039708	69.584171	0.019000	0.039708	-3.776539	0.528459	0.000000	0.000000	0.000000	0.000000	0.000000	0.000000	0.000000	0.000000	0.000000	0	0.000000	0	0	0.000000	-0.000000	0.000000	0.000000	0.000000	0.000000	0.000000	0.000000	6.854151	0.376978	0.000000
D:	8433.70	-9.744151	68.084171	-0.000192	0.000192	0.000192	-0.000192	68.084171	0.120051	-1.500000	0.039708	69.579252	0.019000	0.115541	-3.776539	0.604050	0.000000	0.000000	0.000000	0.000000	0.000000	0.000000	0.000000	0.000000	0.000000	0	0.000000	0	0	0.000000	-0.000000	0.000000	0.000000	0.000000	0.000000	0.000000	0.000000	6.942321	0.381828	0.000000
D:	8442.63	-9.832321	68.079252	-0.000192	0.000192	0.000192	-0.000192	68.079252	-0.003752	-1.500000	0.115541	69.579252	0.018000	0.115541	-3.774874	0.604050	0.000000	0.000000	0.000000	0.000000	0.000000	0.000000	0.000000	0.000000	0.000000	0	0.000000	0	0	0.000000	-0.000000	0.000000	0.000000	0.000000	0.000000	0.000000	0.000000	6.942321	0.381828	0.000000
D:	8451.07	-9.832321	68.079252	-0.000192	0.000192	0.000192	-0.000192	68.079252	-0.003752	-1.500000	0.115541	69.579252	0.018000	0.115541	-3.774874	0.604050	0.000000	0.000000	0.000000	0.000000	0.000000	0.000000	0.000000	0.000000	0.000000	0	0.000000	0	0	0.000000	-0.000000	0.000000	0.000000	0.000000	0.000000	0.000000	0.000000	6.942321	0.381828	0.000000
D:	8460.19	-9.660749	68.074595	-0.000192	0.000192	0.000192	-0.000192	68.074595	-0.020491	-1.500000	0.002944	69.574595	0.018000	0.002944	-3.773402	0.438906	0.000000	0.000000	0.000000	0.000000	0.000000	0.000000	0.000000	0.000000	0.000000	0	0.000000	0	0	0.000000	-0.000000	0.000000	0.000000	0.000000	0.000000	0.000000	0.000000	6.770749	0.372391	0.000000
D:	8468.66	-9.660749	68.074595	-0.000192	0.000192	0.000192	-0.000192	68.074595	-0.020491	-1.500000	0.002944	69.574595	0.018000	0.002944	-3.773402	0.438906	0.000000	0.000000	0.000000	0.000000	0.000000	0.000000	0.000000	0.000000	0.000000	0	0.000000	0	0	0.000000	-0.000000	0.000000	0.000000	0.000000	0.000000	0.000000	0.000000	6.770749	0.372391	0.000000
D:	8478.27	-9.487517	68.059905	-0.000192	0.000192	0.000192	-0.000192	68.059905	0.300747	-1.500000	-0.019370	69.559905	0.019000	-0.019370	-3.766396	0.283583	0.000000	0.000000	0.000000	0.000000	0.000000	0.000000	0.000000	0.000000	0.000000	0	0.000000	0	0	0.000000	-0.000000	0.000000	0.000000	0.000000	0.000000	0.000000	0.000000	6.597517	0.362863	0.000000
D:	8487.63	-9.487517	68.059905	-0.000192	0.000192	0.000192	-0.000192	68.059905	0.300747	-1.500000	-0.019370	69.559905	0.019000	-0.019370	-3.766396	0.283583	0.000000	0.000000	0.000000	0.000000	0.000000	0.000000	0.000000	0.000000	0.000000	0	0.000000	0	0	0.000000	-0.000000	0.000000	0.000000	0.000000	0.000000	0.000000	0.000000	6.597517	0.362863	0.000000
D:	8496.23	-9.487517	68.059905	-0.000192	0.000192	0.000192	-0.000192	68.059130	-0.224770	-1.500000	0.285435	69.559130	0.019000	0.285435	-3.767597	0.533636	0.000000	0.000000	0.000000	0.000000	0.000000	0.000000	0.000000	0.000000	0.000000	0	0.000000	0	0	0.000000	-0.000000	0.000000	0.000000	0.000000	0.000000	0.000000	0.000000	6.876860	0.378227	0.000000
D:	8505.49	-9.766860	68.059130	-0.000192	0.000192	0.000192	-0.000192	68.059130	-0.224770	-1.500000	0.285435	69.559130	0.019000	0.285435	-3.767597	0.533636	0.000000	0.000000	0.000000	0.000000	0.000000	0.000000	0.000000	0.000000	0.000000	0	0.000000	0	0	0.000000	-0.000000	0.000000	0.000000	0.000000	0.000000	0.000000	0.000000	6.876860	0.378227	0.000000
D:	8516.67	-9.766860	68.059130	-0.000192	0.000192	0.000192	-0.000192	68.069350	-0.121276	-1.500000	-0.196130	69.569350	0.019000	-0.196130	-3.771854	0.477507	0.000000	0.000000	0.000000	0.000000	0.000000	0.000000	0.000000	0.000000	0.000000	0	0.000000	0	0	0.000000	-0.000000	0.000000	0.000000	0.000000	0.000000	0.000000	0.000000	6.847870	0.376633	0.000000
D:	8527.69	-9.737870	68.069350	-0.000192	0.000192	0.000192	-0.000192	68.069350	-0.121276	-1.500000	-0.196130	69.569350	0.018000	-0.196130	-3.771854	0.477507	0.000000	0.000000	0.000000	0.000000	0.000000	0.000000	0.000000	0.000000	0.000000	0	0.000000	0	0	0.000000	-0.000000	0.000000	0.000000	0.000000	0.000000	0.000000	0.000000	6.847870	0.376633	0.000000
D:	8538.54	-9.737870	68.069350	-0.000192	0.000192	0.000192	-0.000192	68.071858	-0.445905	-1.500000	-0.125478	69.571858	0.018000	-0.125478	-3.775469	0.482697	0.000000	0.000000	0.000000	0.000000	0.000000	0.000000	0.000000	0.000000	0.000000	0	0.000000	0	0	0.000000	-0.000000	0.000000	0.000000	0.000000	0.000000	0.000000	0.000000	6.898267	0.379405	0.000000
D:	8547.71	-9.788268	68.071858	-0.000192	0.000192	0.000192	-0.000192	68.071858	-0.445905	-1.500000	-0.125478	69.571858	0.018000	-0.125478	-3.775469	0.482697	0.000000	0.000000	0.000000	0.000000	0.000000	0.000000	0.000000	0.000000	0.000000	0	0.000000	0	0	0.000000	-0.000000	0.000000	0.000000	0.000000	0.000000	0.000000	0.000000	6.898267	0.379405	0.000000
D:	8556.50	-9.788268	68.071858	-0.000192	0.000192	0.000192	-0.000192	68.109236	-0.278582	-1.500000	-0.430577	69.609236	0.018000	-0.430577	-3.790121	0.081775	0.000000	0.000000	0.000000	0.000000	0.000000	0.000000	0.000000	0.000000	0.000000	0	0.000000	0	0	0.000000	-0.000000	0.000000	0.000000	0.000000	0.000000	0.000000	0.000000	6.517084	0.358440	0.000000
D:	8565.38	-9.407084	68.109236	-0.000192	0.000192	0.000192	-0.000192	68.109236	-0.278582	-1.500000	-0.430577	69.609236	0.019000	-0.430577	-3.790121	0.081775	0.000000	0.000000	0.000000	0.000000	0.000000	0.000000	0.000000	0.000000	0.000000	0	0.000000	0	0	0.000000	-0.000000	0.000000	0.000000	0.000000	0.000000	0.000000	0.000000	6.517084	0.358440	0.000000
D:	8574.31	-9.407084	68.109236	-0.000192	0.000192	0.000192	-0.000192	68.109236	-0.278582	-1.500000	-0.430577	69.597468	0.019000	-0.285852	-3.790121	0.040780	0.000000	0.000000	0.000000	0.000000	0.000000	0.000000	0.000000	0.000000	0.000000	0	0.000000	0	0	0.000000	-0.000000	0.000000	0.000000	0.000000	0.000000	0.000000	0.000000	6.512756	0.358202	0.000000
D:	8584.14	-9.402756	68.097468	-0.000192	0.000192	0.000192	-0.000192	68.097468	-0.204949	-1.500000	-0.285852	69.597468	0.019000	-0.285852	-3.787417	0.040780	0.000000	0.000000	0.000000	0.000000	0.000000	0.000000	0.000000	0.000000	0.000000	0	0.000000	0	0	0.000000	-0.000000	0.000000	0.000000	0.000000	0.000000	0.000000	0.000000	6.512756	0.358202	0.000000
D:	8593.96	-9.402756	68.097468	-0.000192	0.000192	0.000192	-0.000192	68.097468	-0.204949	-1.500000	-0.285852	69.597468	0.019000	-0.285852	-3.787417	-0.131903	0.000000	0.000000	0.000000	0.000000	0.000000	0.000000	0.000000	0.000000	0.000000	0	0.000000	0	0	0.000000	-0.000000	0.000000	0.000000	0.000000	0.000000	0.000000	0.000000	6.357956	0.349688	0.000000
D:	8603.83	-9.247957	68.076439	-0.000192	0.000192	0.000192	-0.000192	68.076439	-0.537093	-1.500000	-0.209491	69.576439	0.018000	-0.209491	-3.783518	-0.131903	0.000000	0.000000	0.000000	0.000000	0.000000	0.000000	0.000000	0.000000	0.000000	0	0.000000	0	0	0.000000	-0.000000	0.000000	0.000000	0.000000	0.000000	0.000000	0.000000	6.357956	0.349688	0.000000
D:	8613.65	-9.247957	68.076439	-0.000192	0.000192	0.000192	-0.000192	68.076439	-0.537093	-1.500000	-0.209491	69.576439	0.018000	-0.209491	-3.783518	-0.140178	0.000000	0.000000	0.000000	0.000000	0.000000	0.000000	0.000000	0.000000	0.000000	0	0.000000	0	0	0.000000	-0.000000	0.000000	0.000000	0.000000	0.000000	0.000000	0.000000	6.357956	0.349688	0.000000
D:	8623.27	-9.255510	68.106525	-0.000192	0.000192	0.000192	-0.000192	68.106525	0.015125	-1.500000	-0.518703	69.606525	0.018000	-0.518703	-3.793751	-0.140178	0.000000	0.000000	0.000000	0.000000	0.000000	0.000000	0.000000	0.000000	0.000000	0	0.000000	0	0	0.000000	-0.000000	0.000000	0.000000	0.000000	0.000000	0.000000	0.000000	6.365510	0.350103	0.000000
D:	8632.40	-9.255510	68.106525	-0.000192	0.000192	0.000192	-0.000192	68.106525	0.015125	-1.500000	-0.518703	69.606525	0.018000	-0.518703	-3.793751	-0.140178	0.000000	0.000000	0.000000	0.000000	0.000000	0.000000	0.000000	0.000000	0.000000	0	0.000000	0	0	0.000000	-0.000000	0.000000	0.000000	0.000000	0.000000	0.000000	0.000000	6.365510	0.350103	0.000000
D:	8641.63	-9.030525	68.116224	-0.000192	0.000192	0.000192	-0.000192	68.116224	0.056274	-1.500000	-0.014841	69.616224	0.018000	-0.014841	-3.796732	-0.364353	0.000000	0.000000	0.000000	0.000000	0.000000	0.000000	0.000000	0.000000	0.000000	0	0.000000	0	0	0.000000	-0.000000	0.000000	0.000000	0.000000	0.000000	0.000000	0.000000	6.140525	0.337729	0.000000
D:	8651.11	-9.030525	68.116224	-0.000192	0.000192	0.000192	-0.000192	68.116224	0.056274	-1.500000	-0.014841	69.616224	0.018000	-0.014841	-3.796732	-0.364353	0.000000	0.000000	0.000000	0.000000	0.000000	0.000000	0.000000	0.000000	0.000000	0	0.000000	0	0	0.000000	-0.000000	0.000000	0.000000	0.000000	0.000000	0.000000	0.000000	6.140525	0.337729	0.000000
D:	8659.83	-9.237023	68.116224	-0.000192	0.000192	0.000192	-0.000192	68.093961	-0.315723	-1.500000	0.052872	69.593961	0.018000	0.052872	-3.791148	-0.173767	0.000000	0.000000	0.000000	0.000000	0.000000	0.000000	0.000000	0.000000	0.000000	0	0.000000	0	0	0.000000	-0.000000	0.000000	0.000000	0.000000	0.000000	0.000000	0.000000	6.347026	0.349086	0.000000
D:	8667.97	-9.237026	68.093961	-0.000192	0.000192	0.000192	-0.000192	68.093961	-0.315723	-1.500000	0.052872	69.593961	0.019000	0.052872	-3.791148	-0.173767	0.000000	0.000000	0.000000	0.000000	0.000000	0.000000	0.000000	0.000000	0.000000	0	0.000000	0	0	0.000000	-0.000000	0.000000	0.000000	0.000000	0.000000	0.000000	0.000000	6.347026	0.349086	0.000000
D:	8676.04	-9.237026	68.093961	-0.000192	0.000192	0.000192	-0.000192	68.093961	-0.315723	-1.500000	0.052872	69.593961	0.019000	-0.295032	-3.791148	-0.091061	0.000000	0.000000	0.000000	0.000000	0.000000	0.000000	0.000000	0.000000	0.000000	0	0.000000	0	0	0.000000	-0.000000	0.000000	0.000000	0.000000	0.000000	0.000000	0.000000	6.440919	0.354251	0.000000
D:	8684.44	-9.330919	68.092349	-0.000192	0.000192	0.000192	-0.000192	68.092349	-0.033625	-1.500000	-0.295032	69.592349	0.018000	-0.295032	-3.790802	-0.091061	0.000000	0.000000	0.000000	0.000000	0.000000	0.000000	0.000000	0.000000	0.000000	0	0.000000	0	0	0.000000	-0.000000	0.000000	0.000000	0.000000	0.000000	0.000000	0.000000	6.440919	0.354251	0.000000
D:	8693.20	-9.330919	68.092349	-0.000192	0.000192	0.000192	-0.000192	68.092349	-0.033625	-1.500000	-0.295032	69.592349	0.018000	-0.295032	-3.790802	-0.091061	0.000000	0.000000	0.000000	0.000000	0.000000	0.000000	0.000000	0.000000	0.000000	0	0.000000	0	0	0.000000	-0.000000	0.000000	0.000000	0.000000	0.000000	0.000000	0.000000	6.440919	0.354251	0.000000
D:	8702.82	-9.046227	68.090111	-0.000192	0.000192	0.000192	-0.000192	68.090111	0.238940	-1.500000	-0.048299	69.590111	0.018000	-0.048299	-3.788558	-0.337764	0.000000	0.000000	0.000000	0.000000	0.000000	0.000000	0.000000	0.000000	0.000000	0	0.000000	0	0	0.000000	-0.000000	0.000000	0.000000	0.000000	0.000000	0.000000	0.000000	6.156227	0.338592	0.000000
D:	8712.00	-9.046227	68.090111	-0.000192	0.000192	0.000192	-0.000192	68.090111	0.238940	-1.500000	-0.048299	69.590111	0.018000	-0.048299	-3.788558	-0.337764	0.000000	0.000000	0.000000	0.000000	0.000000	0.000000	0.000000	0.000000	0.000000	0	0.000000	0	0	0.000000	-0.000000	0.000000	0.000000	0.000000	0.000000	0.000000	0.000000	6.156227	0.338592	0.000000
D:	8721.17	-8.819621	68.082892	-0.000192	0.000192	0.000192	-0.000192	68.082892	0.113622	-1.500000	0.222816	69.582892	0.018000	0.222816	-3.785378	-0.537141	0.000000	0.000000	0.000000	0.000000	0.000000	0.000000	0.000000	0.000000	0.000000	0	0.000000	0	0	0.000000	-0.000000	0.000000	0.000000	0.000000	0.000000	0.000000	0.000000	5.929621	0.326129	0.000000
D:	8730.92	-8.819621	68.082892	-0.000192	0.000192	0.000192	-0.000192	68.082892	0.113622	-1.500000	0.222816	69.582892	0.018000	0.222816	-3.785378	-0.537141	0.000000	0.000000	0.000000	0.000000	0.000000	0.000000	0.000000	0.000000	0.000000	0	0.000000	0	0	0.000000	-0.000000	0.000000	0.000000	0.000000	0.000000	0.000000	0.000000	5.929621	0.326129	0.000000
D:	8740.36	-8.819621	68.082892	-0.000192	0.000192	0.000192	-0.000192	68.078781	0.172157	-1.500000	0.118846	69.578781	0.018000	0.118846	-3.782844	-0.452501	0.000000	0.000000	0.000000	0.000000	0.000000	0.000000	0.000000	0.000000	0.000000	0	0.000000	0	0	0.000000	-0.000000	0.000000	0.000000	0.000000	0.000000	0.000000	0.000000	6.009633	0.330530	0.000000
D:	8749.95	-8.899632	68.078781	-0.000192	0.000192	0.000192	-0.000192	68.078781	0.172157	-1.500000	0.118846	69.578781	0.019000	0.118846	-3.782844	-0.452501	0.000000	0.000000	0.000000	0.000000	0.000000	0.000000	0.000000	0.000000	0.000000	0	0.000000	0	0	0.000000	-0.000000	0.000000	0.000000	0.000000	0.000000	0.000000	0.000000	6.009633	0.330530	0.000000
D:	8760.30	-8.671303	68.108955	-0.000192	0.000192	0.000192	-0.000192	68.108955	0.591075	-1.500000	0.169164	69.608955	0.018000	0.169164	-3.789548	-0.643011	0.000000	0.000000	0.000000	0.000000	0.000000	0.000000	0.000000	0.000000	0.000000	0	0.000000	0	0	0.000000	-0.000000	0.000000	0.000000	0.000000	0.000000	0.000000	0.000000	5.781303	0.317972	0.000000
D:	8772.33	-8.671303	68.108955	-0.000192	0.000192	0.000192	-0.000192	68.108955	0.591075	-1.500000	0.169164	69.608955	0.018000	0.169164	-3.789548	-0.521151	0.000000	0.000000	0.000000	0.000000	0.000000	0.000000	0.000000	0.000000	0.000000	0	0.000000	0	0	0.000000	-0.000000	0.000000	0.000000	0.000000	0.000000	0.000000	0.000000	5.781303	0.317972	0.000000
D:	8784.34	-8.769797	68.150643	-0.000192	0.000192	0.000192	-0.000192	68.150643	0.510626	-1.500000	0.567391	69.650643	0.018000	0.000000	-3.800703	0.000000	0.000000	0.000000	0.000000	0.000000	0.000000	0.000000	0.000000	0.000000	0.000000	0	0.000000	0	0	0.000000	-0.000000	0.000000	0.000000	0.000000	0.000000	0.000000	0.000000	0.000000	0.000000	0.000000
D:	8795.70	0.000000	0.000000	0.000000	0.000000	0.000000	0.000000	0.000000	0.000000	0.000000	0.000000	0.000000	0.000000	0.000000	0.000000	0.000000	0.000000	0.000000	0.000000	0.000000	0.000000	0.000000	0.000000	0.000000	0.000000	0	0.000000	0	0	0.000000	0.000000	0.000000	0.000000	0.000000	0.000000	0.000000	0.000000	0.000000	0.000000	0.000000
D:	8807.00	0.000000	0.000000	0.000000	0.000000	0.000000	0.000000	0.000000	0.000000	0.000000	0.000000	0.000000	0.000000	0.000000	0.000000	0.000000	0.000000	0.000000	0.000000	0.000000	0.000000	0.000000	0.000000	0.000000	0.000000	0	0.000000	0	0	0.000000	0.000000	0.000000	0.000000	0.000000	0.000000	0.000000	0.000000	0.000000	0.000000	0.000000
D:	8815.89	0.000000	0.000000	0.000000	0.000000	0.000000	0.000000	0.000000	0.000000	0.000000	0.000000	0.000000	0.000000	0.000000	0.000000	0.000000	0.000000	0.000000	0.000000	0.000000	0.000000	0.000000	0.000000	0.000000	0.000000	0	0.000000	0	0	0.000000	0.000000	0.000000	0.000000	0.000000	0.000000	0.000000	0.000000	0.000000	0.000000	0.000000
D:	8824.61	0.000000	0.000000	0.000000	0.000000	0.000000	0.000000	0.000000	0.000000	0.000000	0.000000	0.000000	0.000000	0.000000	0.000000	0.000000	0.000000	0.000000	0.000000	0.000000	0.000000	0.000000	0.000000	0.000000	0.000000	0	0.000000	0	0	0.000000	0.000000	0.000000	0.000000	0.000000	0.000000	0.000000	0.000000	0.000000	0.000000	0.000000
D:	8833.37	0.000000	0.000000	0.000000	0.000000	0.000000	0.000000	0.000000	0.000000	0.000000	0.000000	0.000000	0.000000	0.000000	0.000000	0.000000	0.000000	0.000000	0.000000	0.000000	0.000000	0.000000	0.000000	0.000000	0.000000	0	0.000000	0	0	0.000000	0.000000	0.000000	0.000000	0.000000	0.000000	0.000000	0.000000	0.000000	0.000000	0.000000
D:	8842.02	0.000000	0.000000	0.000000	0.000000	0.000000	0.000000	0.000000	0.000000	0.000000	0.000000	0.000000	0.000000	0.000000	0.000000	0.000000	0.000000	0.000000	0.000000	0.000000	0.000000	0.000000	0.000000	0.000000	0.000000	0	0.000000	0	0	0.000000	0.000000	0.000000	0.000000	0.000000	0.000000	0.000000	0.000000	0.000000	0.000000	0.000000
D:	8851.14	0.000000	0.000000	0.000000	0.000000	0.000000	0.000000	0.000000	0.000000	0.000000	0.000000	0.000000	0.000000	0.000000	0.000000	0.000000	0.000000	0.000000	0.000000	0.000000	0.000000	0.000000	0.000000	0.000000	0.000000	0	0.000000	0	0	0.000000	0.000000	0.000000	0.000000	0.000000	0.000000	0.000000	0.000000	0.000000	0.000000	0.000000
D:	8860.10	0.000000	0.000000	0.000000	0.000000	0.000000	0.000000	0.000000	0.000000	0.000000	0.000000	0.000000	0.000000	0.000000	0.000000	0.000000	0.000000	0.000000	0.000000	0.000000	0.000000	0.000000	0.000000	0.000000	0.000000	0	0.000000	0	0	0.000000	0.000000	0.000000	0.000000	0.000000	0.000000	0.000000	0.000000	0.000000	0.000000	0.000000
D:	8868.58	0.000000	0.000000	0.000000	0.000000	0.000000	0.000000	0.000000	0.000000	0.000000	0.000000	0.000000	0.000000	0.000000	0.000000	0.000000	0.000000	0.000000	0.000000	0.000000	0.000000	0.000000	0.000000	0.000000	0.000000	0	0.000000	0	0	0.000000	0.000000	0.000000	0.000000	0.000000	0.000000	0.000000	0.000000	0.000000	0.000000	0.000000
D:	8876.79	0.000000	0.000000	0.000000	0.000000	0.000000	0.000000	0.000000	0.000000	0.000000	0.000000	0.000000	0.000000	0.000000	0.000000	0.000000	0.000000	0.000000	0.000000	0.000000	0.000000	0.000000	0.000000	0.000000	0.000000	0	0.000000	0	0	0.000000	0.000000	0.000000	0.000000	0.000000	0.000000	0.000000	0.000000	0.000000	0.000000	0.000000
D:	8884.79	0.000000	0.000000	0.000000	0.000000	0.000000	0.000000	0.000000	0.000000	0.000000	0.000000	0.000000	0.000000	0.000000	0.000000	0.000000	0.000000	0.000000	0.000000	0.000000	0.000000	0.000000	0.000000	0.000000	0.000000	0	0.000000	0	0	0.000000	0.000000	0.000000	0.000000	0.000000	0.000000	0.000000	0.000000	0.000000	0.000000	0.000000
D:	8892.67	0.000000	0.000000	0.000000	0.000000	0.000000	0.000000	0.000000	0.000000	0.000000	0.000000	0.000000	0.000000	0.000000	0.000000	0.000000	0.000000	0.000000	0.000000	0.000000	0.000000	0.000000	0.000000	0.000000	0.000000	0	0.000000	0	0	0.000000	0.000000	0.000000	0.000000	0.000000	0.000000	0.000000	0.000000	0.000000	0.000000	0.000000
D:	8902.48	0.000000	0.000000	0.000000	0.000000	0.000000	0.000000	0.000000	0.000000	0.000000	0.000000	0.000000	0.000000	0.000000	0.000000	0.000000	0.000000	0.000000	0.000000	0.000000	0.000000	0.000000	0.000000	0.000000	0.000000	0	0.000000	0	0	0.000000	0.000000	0.000000	0.000000	0.000000	0.000000	0.000000	0.000000	0.000000	0.000000	0.000000
D:	8913.31	0.000000	0.000000	0.000000	0.000000	0.000000	0.000000	0.000000	0.000000	0.000000	0.000000	0.000000	0.000000	0.000000	0.000000	0.000000	0.000000	0.000000	0.000000	0.000000	0.000000	0.000000	0.000000	0.000000	0.000000	0	0.000000	0	0	0.000000	0.000000	0.000000	0.000000	0.000000	0.000000	0.000000	0.000000	0.000000	0.000000	0.000000
D:	8924.57	0.000000	0.000000	0.000000	0.000000	0.000000	0.000000	0.000000	0.000000	0.000000	0.000000	0.000000	0.000000	0.000000	0.000000	0.000000	0.000000	0.000000	0.000000	0.000000	0.000000	0.000000	0.000000	0.000000	0.000000	0	0.000000	0	0	0.000000	0.000000	0.000000	0.000000	0.000000	0.000000	0.000000	0.000000	0.000000	0.000000	0.000000
D:	8934.55	0.000000	0.000000	0.000000	0.000000	0.000000	0.000000	0.000000	0.000000	0.000000	0.000000	0.000000	0.000000	0.000000	0.000000	0.000000	0.000000	0.000000	0.000000	0.000000	0.000000	0.000000	0.000000	0.000000	0.000000	0	0.000000	0	0	0.000000	0.000000	0.000000	0.000000	0.000000	0.000000	0.000000	0.000000	0.000000	0.000000	0.000000
D:	8943.59	0.000000	0.000000	0.000000	0.000000	0.000000	0.000000	0.000000	0.000000	0.000000	0.000000	0.000000	0.000000	0.000000	0.000000	0.000000	0.000000	0.000000	0.000000	0.000000	0.000000	0.000000	0.000000	0.000000	0.000000	0	0.000000	0	0	0.000000	0.000000	0.000000	0.000000	0.000000	0.000000	0.000000	0.000000	0.000000	0.000000	0.000000
D:	8953.34	0.000000	0.000000	0.000000	0.000000	0.000000	0.000000	0.000000	0.000000	0.000000	0.000000	0.000000	0.000000	0.000000	0.000000	0.000000	0.000000	0.000000	0.000000	0.000000	0.000000	0.000000	0.000000	0.000000	0.000000	0	0.000000	0	0	0.000000	0.000000	0.000000	0.000000	0.000000	0.000000	0.000000	0.000000	0.000000	0.000000	0.000000
D:	8962.64	0.000000	0.000000	0.000000	0.000000	0.000000	0.000000	0.000000	0.000000	0.000000	0.000000	0.000000	0.000000	0.000000	0.000000	0.000000	0.000000	0.000000	0.000000	0.000000	0.000000	0.000000	0.000000	0.000000	0.000000	0	0.000000	0	0	0.000000	0.000000	0.000000	0.000000	0.000000	0.000000	0.000000	0.000000	0.000000	0.000000	0.000000
D:	8971.17	0.000000	0.000000	0.000000	0.000000	0.000000	0.000000	0.000000	0.000000	0.000000	0.000000	0.000000	0.000000	0.000000	0.000000	0.000000	0.000000	0.000000	0.000000	0.000000	0.000000	0.000000	0.000000	0.000000	0.000000	0	0.000000	0	0	0.000000	0.000000	0.000000	0.000000	0.000000	0.000000	0.000000	0.000000	0.000000	0.000000	0.000000
D:	8979.62	0.000000	0.000000	0.000000	0.000000	0.000000	0.000000	0.000000	0.000000	0.000000	0.000000	0.000000	0.000000	0.000000	0.000000	0.000000	0.000000	0.000000	0.000000	0.000000	0.000000	0.000000	0.000000	0.000000	0.000000	0	0.000000	0	0	0.000000	0.000000	0.000000	0.000000	0.000000	0.000000	0.000000	0.000000	0.000000	0.000000	0.000000
D:	8987.83	0.000000	0.000000	0.000000	0.000000	0.000000	0.000000	0.000000	0.000000	-1.500000	0.000000	0.000000	0.000000	0.000000	-3.560000	1.200000	0.000000	0.000000	0.000000	0.000000	0.000000	0.000000	0.000000	0.000000	0.000000	0	0.000000	0	0	0.000000	0.000000	0.000000	0.000000	0.000000	0.000000	0.000000	0.000000	0.000000	0.000000	0.000000
D:	8996.15	0.000000	0.000000	0.000000	-0.000575	0.000000	0.000000	0.000000	0.000000	-1.500000	0.000000	0.000000	0.000000	0.000000	-3.560000	1.200000	0.000000	0.000000	0.000000	0.000000	0.000000	0.000000	0.000000	0.000000	0.000000	0	0.000000	0	0	0.000000	0.000000	0.000000	0.000000	0.000000	0.000000	0.000000	0.000000	0.000000	0.000000	0.000000
D:	9004.56	0.000000	0.000000	0.000000	-0.000575	0.000000	-0.000192	0.000000	0.000000	-1.500000	0.000000	0.000000	0.000000	0.000000	-3.560000	1.200000	0.000000	0.000000	0.000000	0.000000	0.000000	0.000000	0.000000	0.000000	0.000000	0	0.000000	0	0	0.000000	0.000000	0.000000	0.000000	0.000000	0.000000	0.000000	0.000000	0.000000	0.000000	0.000000
D:	9012.84	0.000000	0.000000	-0.000192	-0.000575	0.000000	-0.000192	0.000000	0.000000	-1.500000	0.000000	0.000000	0.000000	0.000000	-3.560000	1.200000	0.000000	0.000000	0.000000	0.000000	0.000000	0.000000	0.000000	0.000000	0.000000	0	0.000000	0	0	0.000000	0.000000	0.000000	0.000000	0.000000	0.000000	0.000000	0.000000	0.000000	0.000000	0.000000
D:	9022.75	0.000000	0.000000	-0.000192	-0.000575	0.000192	-0.000192	0.000000	0.000000	-1.500000	0.000000	0.000000	0.000000	0.000000	-3.560000	1.200000	0.000000	0.000000	0.000000	0.000000	0.000000	0.000000	0.000000	0.000000	0.000000	0	0.000000	0	0	0.000000	0.000000	0.000000	0.000000	0.000000	0.000000	0.000000	0.000000	0.000000	0.000000	0.000000
D:	9033.24	0.000000	0.000000	-0.000192	-0.000575	0.000192	-0.000192	0.000000	0.000000	-1.500000	0.000000	0.000000	0.000000	0.000000	-3.560000	1.200000	0.000000	0.000000	0.000000	0.000000	0.000000	0.000000	0.000000	0.000000	0.000000	0	0.000000	0	0	0.000000	0.000000	0.000000	0.000000	0.000000	0.000000	0.000000	0.000000	0.000000	0.000000	0.000000
D:	9043.56	0.000000	0.000000	-0.000192	-0.000575	0.000192	-0.000192	0.000000	0.000000	-1.500000	0.000000	0.000000	0.000000	0.000000	-3.560000	1.200000	0.000000	0.000000	0.000000	0.000000	0.000000	0.000000	0.000000	0.000000	0.000000	0	0.000000	0	0	0.000000	0.000000	0.000000	0.000000	0.000000	0.000000	0.000000	0.000000	0.000000	0.000000	0.000000
D:	9052.56	0.000000	0.000000	-0.000192	-0.000575	0.000192	-0.000192	0.000000	0.000000	-1.500000	0.000000	0.000000	0.000000	0.000000	-3.560000	1.200000	0.000000	0.000000	0.000000	0.000000	0.000000	0.000000	0.000000	0.000000	0.000000	0	0.000000	0	0	0.000000	0.000000	0.000000	0.000000	0.000000	0.000000	0.000000	0.000000	0.000000	0.000000	0.000000
D:	9061.12	0.000000	0.000000	-0.000192	-0.000575	0.000192	-0.000192	0.000000	0.000000	-1.500000	0.000000	0.000000	0.000000	0.000000	-3.560000	1.200000	0.000000	0.000000	0.000000	0.000000	0.000000	0.000000	0.000000	0.000000	0.000000	0	0.000000	0	0	0.000000	0.000000	0.000000	0.000000	0.000000	0.000000	0.000000	0.000000	0.000000	0.000000	0.000000
D:	9069.59	0.000000	0.000000	-0.000192	-0.000575	0.000192	-0.000192	0.000000	0.000000	-1.500000	0.000000	0.000000	0.000000	0.000000	-3.560000	1.200000	0.000000	0.000000	0.000000	0.000000	0.000000	0.000000	0.000000	0.000000	0.000000	0	0.000000	0	0	0.000000	0.000000	0.000000	0.000000	0.000000	0.000000	0.000000	0.000000	0.000000	0.000000	0.000000
D:	9078.61	0.000000	0.000000	-0.000192	-0.000575	0.000192	-0.000192	0.000000	0.000000	-1.500000	0.000000	0.000000	0.000000	0.000000	-3.560000	1.200000	0.000000	0.000000	0.000000	0.000000	0.000000	0.000000	0.000000	0.000000	0.000000	0	0.000000	0	0	0.000000	0.000000	0.000000	0.000000	0.000000	0.000000	0.000000	0.000000	0.000000	0.000000	0.000000
D:	9088.63	0.000000	0.000000	-0.000192	-0.000575	0.000192	-0.000575	0.000000	0.000000	-1.500000	0.000000	0.000000	0.000000	0.000000	-3.560000	1.200000	0.000000	0.000000	0.000000	0.000000	0.000000	0.000000	0.000000	0.000000	0.000000	0	0.000000	0	0	0.000000	0.000000	0.000000	0.000000	0.000000	0.000000	0.000000	0.000000	0.000000	0.000000	0.000000
D:	9098.58	0.000000	0.000000	-0.000192	-0.000575	0.000192	-0.000575	0.000000	0.000000	-1.500000	0.000000	0.000000	0.000000	0.000000	-3.560000	1.200000	0.000000	0.000000	0.000000	0.000000	0.000000	0.000000	0.000000	0.000000	0.000000	0	0.000000	0	0	0.000000	0.000000	0.000000	0.000000	0.000000	0.000000	0.000000	0.000000	0.000000	0.000000	0.000000
D:	9107.76	0.000000	0.000000	-0.000192	-0.000575	0.000192	-0.000575	0.000000	0.000000	-1.500000	0.000000	0.000000	0.000000	0.000000	-3.560000	1.200000	0.000000	0.000000	0.000000	0.000000	0.000000	0.000000	0.000000	0.000000	0.000000	0	0.000000	0	0	0.000000	0.000000	0.000000	0.000000	0.000000	0.000000	0.000000	0.000000	0.000000	0.000000	0.000000
D:	9116.48	0.000000	0.000000	-0.000192	-0.000575	0.000192	-0.000575	0.000000	0.000000	-1.500000	0.000000	0.000000	0.000000	0.000000	-3.560000	1.200000	0.000000	0.000000	0.000000	0.000000	0.000000	0.000000	0.000000	0.000000	0.000000	0	0.000000	0	0	0.000000	0.000000	0.000000	0.000000	0.000000	0.000000	0.000000	0.000000	0.000000	0.000000	0.000000
D:	9124.81	0.000000	0.000000	-0.000192	-0.000575	0.000192	-0.000575	0.000000	0.000000	-1.500000	0.000000	0.000000	0.000000	0.000000	-3.560000	1.200000	0.000000	0.000000	0.000000	0.000000	0.000000	0.000000	0.000000	0.000000	0.000000	0	0.000000	0	0	0.000000	0.000000	0.000000	0.000000	0.000000	0.000000	0.000000	0.000000	0.000000	0.000000	0.000000
D:	9133.67	0.000000	0.000000	-0.000192	-0.000575	0.000192	-0.000575	0.000000	0.000000	-1.500000	0.000000	0.000000	0.000000	0.000000	-3.560000	1.200000	0.000000	0.000000	0.000000	0.000000	0.000000	0.000000	0.000000	0.000000	0.000000	0	0.000000	0	0	0.000000	0.000000	0.000000	0.000000	0.000000	0.000000	0.000000	0.000000	0.000000	0.000000	0.000000
D:	9142.57	0.000000	0.000000	-0.000192	-0.000575	0.000192	-0.000575	0.000000	0.000000	-1.500000	0.000000	0.000000	0.000000	0.000000	-3.560000	1.200000	0.000000	0.000000	0.000000	0.000000	0.000000	0.000000	0.000000	0.000000	0.000000	0	0.000000	0	0	0.000000	0.000000	0.000000	0.000000	0.000000	0.000000	0.000000	0.000000	0.000000	0.000000	0.000000
D:	9151.55	0.000000	0.000000	-0.000192	-0.000575	0.000192	-0.000575	0.000000	0.000000	-1.500000	0.000000	0.000000	0.000000	0.000000	-3.560000	1.200000	0.000000	0.000000	0.000000	0.000000	0.000000	0.000000	0.000000	0.000000	0.000000	0	0.000000	0	0	0.000000	0.000000	0.000000	0.000000	0.000000	0.000000	0.000000	0.000000	0.000000	0.000000	0.000000
D:	9160.56	0.000000	0.000000	-0.000192	-0.000575	0.000192	-0.000575	0.000000	0.000000	-1.500000	0.000000	0.000000	0.000000	0.000000	-3.560000	1.200000	0.000000	0.000000	0.000000	0.000000	0.000000	0.000000	0.000000	0.000000	0.000000	0	0.000000	0	0	0.000000	0.000000	0.000000	0.000000	0.000000	0.000000	0.000000	0.000000	0.000000	0.000000	0.000000
D:	9169.22	0.000000	0.000000	-0.000192	-0.000575	0.000192	-0.000575	0.000000	0.000000	-1.500000	0.000000	0.000000	0.000000	0.000000	-3.560000	1.200000	0.000000	0.000000	0.000000	0.000000	0.000000	0.000000	0.000000	0.000000	0.000000	0	0.000000	0	0	0.000000	0.000000	0.000000	0.000000	0.000000	0.000000	0.000000	0.000000	0.000000	0.000000	0.000000
D:	9177.78	0.000000	0.000000	-0.000192	-0.000575	0.000192	-0.000575	0.000000	0.000000	-1.500000	0.000000	0.000000	0.000000	0.000000	-3.560000	1.200000	0.000000	0.000000	0.000000	0.000000	0.000000	0.000000	0.000000	0.000000	0.000000	0	0.000000	0	0	0.000000	0.000000	0.000000	0.000000	0.000000	0.000000	0.000000	0.000000	0.000000	0.000000	0.000000
D:	9186.22	0.000000	0.000000	0.000575	-0.000575	0.000192	-0.000575	0.000000	0.000000	-1.500000	0.000000	0.000000	0.000000	0.000000	-3.560000	1.200000	0.000000	0.000000	0.000000	0.000000	0.000000	0.000000	0.000000	0.000000	0.000000	0	0.000000	0	0	0.000000	0.000000	0.000000	0.000000	0.000000	0.000000	0.000000	0.000000	0.000000	0.000000	0.000000
D:	9194.63	0.000000	0.000000	0.000575	-0.000575	0.000192	-0.000575	0.000000	0.000000	-1.500000	0.000000	0.000000	0.000000	0.000000	-3.560000	1.200000	0.000000	0.000000	0.000000	0.000000	0.000000	0.000000	0.000000	0.000000	0.000000	0	0.000000	0	0	0.000000	0.000000	0.000000	0.000000	0.000000	0.000000	0.000000	0.000000	0.000000	0.000000	0.000000
D:	9202.27	0.000000	0.000000	0.000575	-0.000575	0.000192	-0.000575	0.000000	0.000000	-1.500000	0.000000	0.000000	0.000000	0.000000	-3.560000	1.200000	0.000000	0.000000	0.000000	0.000000	0.000000	0.000000	0.000000	0.000000	0.000000	0	0.000000	0	0	0.000000	0.000000	0.000000	0.000000	0.000000	0.000000	0.000000	0.000000	0.000000	0.000000	0.000000
D:	9210.13	0.000000	0.000000	0.000575	-0.000575	0.000192	-0.000575	0.000000	0.000000	-1.500000	0.000000	0.000000	0.000000	0.000000	-3.560000	1.200000	0.000000	0.000000	0.000000	0.000000	0.000000	0.000000	0.000000	0.000000	0.000000	0	0.000000	0	0	0.000000	0.000000	0.000000	0.000000	0.000000	0.000000	0.000000	0.000000	0.000000	0.000000	0.000000
D:	9218.99	0.000000	0.000000	0.000575	-0.000575	0.000192	-0.000575	0.000000	0.000000	-1.500000	0.000000	0.000000	0.000000	0.000000	-3.560000	1.200000	0.000000	0.000000	0.000000	0.000000	0.000000	0.000000	0.000000	0.000000	0.000000	0	0.000000	0	0	0.000000	0.000000	0.000000	0.000000	0.000000	0.000000	0.000000	0.000000	0.000000	0.000000	0.000000
D:	9227.81	0.000000	0.000000	0.000575	-0.000575	0.000192	-0.000575	0.000000	0.000000	-1.500000	0.000000	0.000000	0.000000	0.000000	-3.560000	1.200000	0.000000	0.000000	0.000000	0.000000	0.000000	0.000000	0.000000	0.000000	0.000000	0	0.000000	0	0	0.000000	0.000000	0.000000	0.000000	0.000000	0.000000	0.000000	0.000000	0.000000	0.000000	0.000000
D:	9236.07	0.000000	0.000000	0.000575	-0.000575	0.000192	-0.000575	0.000000	0.000000	-1.500000	0.000000	0.000000	0.000000	0.000000	-3.560000	1.200000	0.000000	0.000000	0.000000	0.000000	0.000000	0.000000	0.000000	0.000000	0.000000	0	0.000000	0	0	0.000000	0.000000	0.000000	0.000000	0.000000	0.000000	0.000000	0.000000	0.000000	0.000000	0.000000
D:	9244.31	0.000000	0.000000	0.000575	-0.000575	0.000192	-0.000575	0.000000	0.000000	-1.500000	0.000000	0.000000	0.000000	0.000000	-3.560000	1.200000	0.000000	0.000000	0.000000	0.000000	0.000000	0.000000	0.000000	0.000000	0.000000	0	0.000000	0	0	0.000000	0.000000	0.000000	0.000000	0.000000	0.000000	0.000000	0.000000	0.000000	0.000000	0.000000
D:	9252.52	0.000000	0.000000	0.000575	-0.000575	0.000192	-0.000575	0.000000	0.000000	-1.500000	0.000000	0.000000	0.000000	0.000000	-3.560000	1.200000	0.000000	0.000000	0.000000	0.000000	0.000000	0.000000	0.000000	0.000000	0.000000	0	0.000000	0	0	0.000000	0.000000	0.000000	0.000000	0.000000	0.000000	0.000000	0.000000	0.000000	0.000000	0.000000
D:	9261.64	0.000000	0.000000	0.000575	-0.000575	0.000192	-0.000575	0.000000	0.000000	-1.500000	0.000000	0.000000	0.000000	0.000000	-3.560000	1.200000	0.000000	0.000000	0.000000	0.000000	0.000000	0.000000	0.000000	0.000000	0.000000	0	0.000000	0	0	0.000000	0.000000	0.000000	0.000000	0.000000	0.000000	0.000000	0.000000	0.000000	0.000000	0.000000
D:	9270.44	0.000000	0.000000	0.000575	-0.000575	0.000192	-0.000575	0.000000	0.000000	-1.500000	0.000000	0.000000	0.000000	0.000000	-3.560000	1.200000	0.000000	0.000000	0.000000	0.000000	0.000000	0.000000	0.000000	0.000000	0.000000	0	0.000000	0	0	0.000000	0.000000	0.000000	0.000000	0.000000	0.000000	0.000000	0.000000	0.000000	0.000000	0.000000
D:	9278.80	0.000000	0.000000	0.000575	-0.000575	0.000192	-0.000575	0.000000	0.000000	-1.500000	0.000000	0.000000	0.000000	0.000000	-3.560000	1.200000	0.000000	0.000000	0.000000	0.000000	0.000000	0.000000	0.000000	0.000000	0.000000	0	0.000000	0	0	0.000000	0.000000	0.000000	0.000000	0.000000	0.000000	0.000000	0.000000	0.000000	0.000000	0.000000
D:	9286.79	0.000000	0.000000	0.000575	-0.000575	0.000192	-0.000575	0.000000	0.000000	-1.500000	0.000000	0.000000	0.000000	0.000000	-3.560000	1.200000	0.000000	0.000000	0.000000	0.000000	0.000000	0.000000	0.000000	0.000000	0.000000	0	0.000000	0	0	0.000000	0.000000	0.000000	0.000000	0.000000	0.000000	0.000000	0.000000	0.000000	0.000000	0.000000
D:	9295.31	0.000000	0.000000	0.000575	-0.000575	0.000192	-0.000575	0.000000	0.000000	-1.500000	0.000000	0.000000	0.000000	0.000000	-3.560000	1.200000	0.000000	0.000000	0.000000	0.000000	0.000000	0.000000	0.000000	0.000000	0.000000	0	0.000000	0	0	0.000000	0.000000	0.000000	0.000000	0.000000	0.000000	0.000000	0.000000	0.000000	0.000000	0.000000
D:	9303.90	0.000000	0.000000	0.000575	-0.000575	0.000192	-0.000575	0.000000	0.000000	-1.500000	0.000000	0.000000	0.000000	0.000000	-3.560000	1.200000	0.000000	0.000000	0.000000	0.000000	0.000000	0.000000	0.000000	0.000000	0.000000	0	0.000000	0	0	0.000000	0.000000	0.000000	0.000000	0.000000	0.000000	0.000000	0.000000	0.000000	0.000000	0.000000
D:	9312.52	0.000000	0.000000	0.000575	-0.000575	0.000192	-0.000575	0.000000	0.000000	-1.500000	0.000000	0.000000	0.000000	0.000000	-3.560000	1.200000	0.000000	0.000000	0.000000	0.000000	0.000000	0.000000	0.000000	0.000000	0.000000	0	0.000000	0	0	0.000000	0.000000	0.000000	0.000000	0.000000	0.000000	0.000000	0.000000	0.000000	0.000000	0.000000
D:	9321.10	0.000000	0.000000	0.000575	-0.000575	0.000192	-0.000575	0.000000	0.000000	-1.500000	0.000000	0.000000	0.000000	0.000000	-3.560000	1.200000	0.000000	0.000000	0.000000	0.000000	0.000000	0.000000	0.000000	0.000000	0.000000	0	0.000000	0	0	0.000000	0.000000	0.000000	0.000000	0.000000	0.000000	0.000000	0.000000	0.000000	0.000000	0.000000
D:	9329.66	0.000000	0.000000	0.000575	-0.000575	0.000192	-0.000575	0.000000	0.000000	-1.500000	0.000000	0.000000	0.000000	0.000000	-3.560000	1.200000	0.000000	0.000000	0.000000	0.000000	0.000000	0.000000	0.000000	0.000000	0.000000	0	0.000000	0	0	0.000000	0.000000	0.000000	0.000000	0.000000	0.000000	0.000000	0.000000	0.000000	0.000000	0.000000
D:	9338.24	0.000000	0.000000	0.000575	-0.000575	0.000192	-0.000575	0.000000	0.000000	-1.500000	0.000000	0.000000	0.000000	0.000000	-3.560000	1.200000	0.000000	0.000000	0.000000	0.000000	0.000000	0.000000	0.000000	0.000000	0.000000	0	0.000000	0	0	0.000000	0.000000	0.000000	0.000000	0.000000	0.000000	0.000000	0.000000	0.000000	0.000000	0.000000
D:	9348.04	0.000000	0.000000	0.000575	-0.000575	0.000192	-0.000575	0.000000	0.000000	-1.500000	0.000000	0.000000	0.000000	0.000000	-3.560000	1.200000	0.000000	0.000000	0.000000	0.000000	0.000000	0.000000	0.000000	0.000000	0.000000	0	0.000000	0	0	0.000000	0.000000	0.000000	0.000000	0.000000	0.000000	0.000000	0.000000	0.000000	0.000000	0.000000
D:	9358.27	0.000000	0.000000	0.000575	-0.000575	0.000192	-0.000575	0.000000	0.000000	-1.500000	0.000000	0.000000	0.000000	0.000000	-3.560000	1.200000	0.000000	0.000000	0.000000	0.000000	0.000000	0.000000	0.000000	0.000000	0.000000	0	0.000000	0	0	0.000000	0.000000	0.000000	0.000000	0.000000	0.000000	0.000000	0.000000	0.000000	0.000000	0.000000
D:	9369.32	0.000000	0.000000	0.000575	-0.000575	0.000192	-0.000575	0.000000	0.000000	-1.500000	0.000000	0.000000	0.000000	0.000000	-3.560000	1.200000	0.000000	0.000000	0.000000	0.000000	0.000000	0.000000	0.000000	0.000000	0.000000	0	0.000000	0	0	0.000000	0.000000	0.000000	0.000000	0.000000	0.000000	0.000000	0.000000	0.000000	0.000000	0.000000
D:	9381.26	0.000000	0.000000	0.000575	-0.000575	0.000192	-0.000575	0.000000	0.000000	-1.500000	0.000000	0.000000	0.000000	0.000000	-3.560000	1.200000	0.000000	0.000000	0.000000	0.000000	0.000000	0.000000	0.000000	0.000000	0.000000	0	0.000000	0	0	0.000000	0.000000	0.000000	0.000000	0.000000	0.000000	0.000000	0.000000	0.000000	0.000000	0.000000
D:	9392.48	0.000000	0.000000	0.000575	-0.000575	-0.000192	-0.000575	0.000000	0.000000	-1.500000	0.000000	0.000000	0.000000	0.000000	-3.560000	1.200000	0.000000	0.000000	0.000000	0.000000	0.000000	0.000000	0.000000	0.000000	0.000000	0	0.000000	0	0	0.000000	0.000000	0.000000	0.000000	0.000000	0.000000	0.000000	0.000000	0.000000	0.000000	0.000000
D:	9403.32	0.000000	0.000000	0.000575	-0.000575	-0.000192	-0.000575	0.000000	0.000000	-1.500000	0.000000	0.000000	0.000000	0.000000	-3.560000	1.200000	0.000000	0.000000	0.000000	0.000000	0.000000	0.000000	0.000000	0.000000	0.000000	0	0.000000	0	0	0.000000	0.000000	0.000000	0.000000	0.000000	0.000000	0.000000	0.000000	0.000000	0.000000	0.000000
D:	9415.08	0.000000	0.000000	0.000575	-0.000575	-0.000192	-0.000575	0.000000	0.000000	-1.500000	0.000000	0.000000	0.000000	0.000000	-3.560000	1.200000	0.000000	0.000000	0.000000	0.000000	0.000000	0.000000	0.000000	0.000000	0.000000	0	0.000000	0	0	0.000000	0.000000	0.000000	0.000000	0.000000	0.000000	0.000000	0.000000	0.000000	0.000000	0.000000
D:	9427.47	0.000000	0.000000	0.000575	-0.000575	-0.000192	-0.000575	0.000000	0.000000	-1.500000	0.000000	0.000000	0.000000	0.000000	-3.560000	1.200000	0.000000	0.000000	0.000000	0.000000	0.000000	0.000000	0.000000	0.000000	0.000000	0	0.000000	0	0	0.000000	0.000000	0.000000	0.000000	0.000000	0.000000	0.000000	0.000000	0.000000	0.000000	0.000000
D:	9440.18	0.000000	0.000000	0.000575	-0.000192	-0.000192	-0.000575	0.000000	0.000000	-1.500000	0.000000	0.000000	0.000000	0.000000	-3.560000	1.200000	0.000000	0.000000	0.000000	0.000000	0.000000	0.000000	0.000000	0.000000	0.000000	0	0.000000	0	0	0.000000	0.000000	0.000000	0.000000	0.000000	0.000000	0.000000	0.000000	0.000000	0.000000	0.000000
D:	9452.22	0.000000	0.000000	0.000575	-0.000192	-0.000192	-0.000575	0.000000	0.000000	-1.500000	0.000000	0.000000	0.000000	0.000000	-3.560000	1.200000	0.000000	0.000000	0.000000	0.000000	0.000000	0.000000	0.000000	0.000000	0.000000	0	0.000000	0	0	0.000000	0.000000	0.000000	0.000000	0.000000	0.000000	0.000000	0.000000	0.000000	0.000000	0.000000
D:	9463.57	0.000000	0.000000	0.000575	-0.000192	-0.000192	-0.000575	0.000000	0.000000	-1.500000	0.000000	0.000000	0.000000	0.000000	-3.560000	1.200000	0.000000	0.000000	0.000000	0.000000	0.000000	0.000000	0.000000	0.000000	0.000000	0	0.000000	0	0	0.000000	0.000000	0.000000	0.000000	0.000000	0.000000	0.000000	0.000000	0.000000	0.000000	0.000000
D:	9474.70	0.000000	0.000000	0.000575	-0.000192	-0.000192	-0.000575	0.000000	0.000000	-1.500000	0.000000	0.000000	0.000000	0.000000	-3.560000	1.200000	0.000000	0.000000	0.000000	0.000000	0.000000	0.000000	0.000000	0.000000	0.000000	0	0.000000	0	0	0.000000	0.000000	0.000000	0.000000	0.000000	0.000000	0.000000	0.000000	0.000000	0.000000	0.000000
D:	9486.14	0.000000	0.000000	0.000575	-0.000192	-0.000192	-0.000575	0.000000	0.000000	-1.500000	0.000000	0.000000	0.000000	0.000000	-3.560000	1.200000	0.000000	0.000000	0.000000	0.000000	0.000000	0.000000	0.000000	0.000000	0.000000	0	0.000000	0	0	0.000000	0.000000	0.000000	0.000000	0.000000	0.000000	0.000000	0.000000	0.000000	0.000000	0.000000
D:	9497.58	0.000000	0.000000	0.000575	-0.000192	-0.000192	-0.000192	0.000000	0.000000	-1.500000	0.000000	0.000000	0.000000	0.000000	-3.560000	1.200000	0.000000	0.000000	0.000000	0.000000	0.000000	0.000000	0.000000	0.000000	0.000000	0	0.000000	0	0	0.000000	0.000000	0.000000	0.000000	0.000000	0.000000	0.000000	0.000000	0.000000	0.000000	0.000000
D:	9506.99	0.000000	0.000000	0.000575	-0.000192	-0.000192	-0.000192	0.000000	0.000000	-1.500000	0.000000	0.000000	0.000000	0.000000	-3.560000	1.200000	0.000000	0.000000	0.000000	0.000000	0.000000	0.000000	0.000000	0.000000	0.000000	0	0.000000	0	0	0.000000	0.000000	0.000000	0.000000	0.000000	0.000000	0.000000	0.000000	0.000000	0.000000	0.000000
D:	9516.17	0.000000	0.000000	0.000575	-0.000192	-0.000192	-0.000192	0.000000	0.000000	-1.500000	0.000000	0.000000	0.000000	0.000000	-3.560000	1.200000	0.000000	0.000000	0.000000	0.000000	0.000000	0.000000	0.000000	0.000000	0.000000	0	0.000000	0	0	0.000000	0.000000	0.000000	0.000000	0.000000	0.000000	0.000000	0.000000	0.000000	0.000000	0.000000
D:	9525.17	0.000000	0.000000	0.000575	-0.000192	-0.000192	-0.000192	0.000000	0.000000	-1.500000	0.000000	0.000000	0.000000	0.000000	-3.560000	1.200000	0.000000	0.000000	0.000000	0.000000	0.000000	0.000000	0.000000	0.000000	0.000000	0	0.000000	0	0	0.000000	0.000000	0.000000	0.000000	0.000000	0.000000	0.000000	0.000000	0.000000	0.000000	0.000000
D:	9534.57	0.000000	0.000000	0.000575	-0.000192	-0.000192	-0.000192	0.000000	0.000000	-1.500000	0.000000	0.000000	0.000000	0.000000	-3.560000	1.200000	0.000000	0.000000	0.000000	0.000000	0.000000	0.000000	0.000000	0.000000	0.000000	0	0.000000	0	0	0.000000	0.000000	0.000000	0.000000	0.000000	0.000000	0.000000	0.000000	0.000000	0.000000	0.000000
D:	9543.72	0.000000	0.000000	0.000575	-0.000192	-0.000192	-0.000192	0.000000	0.000000	-1.500000	0.000000	0.000000	0.000000	0.000000	-3.560000	1.200000	0.000000	0.000000	0.000000	0.000000	0.000000	0.000000	0.000000	0.000000	0.000000	0	0.000000	0	0	0.000000	0.000000	0.000000	0.000000	0.000000	0.000000	0.000000	0.000000	0.000000	0.000000	0.000000
D:	9552.98	0.000000	0.000000	0.000575	-0.000192	-0.000192	-0.000192	0.000000	0.000000	-1.500000	0.000000	0.000000	0.000000	0.000000	-3.560000	1.200000	0.000000	0.000000	0.000000	0.000000	0.000000	0.000000	0.000000	0.000000	0.000000	0	0.000000	0	0	0.000000	0.000000	0.000000	0.000000	0.000000	0.000000	0.000000	0.000000	0.000000	0.000000	0.000000
D:	9562.28	0.000000	0.000000	0.000575	-0.000192	-0.000192	-0.000192	0.000000	0.000000	-1.500000	0.000000	0.000000	0.000000	0.000000	-3.560000	1.200000	0.000000	0.000000	0.000000	0.000000	0.000000	0.000000	0.000000	0.000000	0.000000	0	0.000000	0	0	0.000000	0.000000	0.000000	0.000000	0.000000	0.000000	0.000000	0.000000	0.000000	0.000000	0.000000
D:	9571.41	0.000000	0.000000	0.000575	-0.000192	-0.000192	-0.000192	0.000000	0.000000	-1.500000	0.000000	0.000000	0.000000	0.000000	-3.560000	1.200000	0.000000	0.000000	0.000000	0.000000	0.000000	0.000000	0.000000	0.000000	0.000000	0	0.000000	0	0	0.000000	0.000000	0.000000	0.000000	0.000000	0.000000	0.000000	0.000000	0.000000	0.000000	0.000000
D:	9580.57	0.000000	0.000000	0.000575	-0.000192	-0.000192	-0.000192	0.000000	0.000000	-1.500000	0.000000	0.000000	0.000000	0.000000	-3.560000	1.200000	0.000000	0.000000	0.000000	0.000000	0.000000	0.000000	0.000000	0.000000	0.000000	0	0.000000	0	0	0.000000	0.000000	0.000000	0.000000	0.000000	0.000000	0.000000	0.000000	0.000000	0.000000	0.000000
D:	9589.40	0.000000	0.000000	0.000575	-0.000192	-0.000192	-0.000192	0.000000	0.000000	-1.500000	0.000000	0.000000	0.000000	0.000000	-3.560000	1.200000	0.000000	0.000000	0.000000	0.000000	0.000000	0.000000	0.000000	0.000000	0.000000	0	0.000000	0	0	0.000000	0.000000	0.000000	0.000000	0.000000	0.000000	0.000000	0.000000	0.000000	0.000000	0.000000
D:	9598.54	0.000000	0.000000	-0.000192	-0.000192	-0.000192	-0.000192	0.000000	0.000000	-1.500000	0.000000	0.000000	0.000000	0.000000	-3.560000	1.200000	0.000000	0.000000	0.000000	0.000000	0.000000	0.000000	0.000000	0.000000	0.000000	0	0.000000	0	0	0.000000	0.000000	0.000000	0.000000	0.000000	0.000000	0.000000	0.000000	0.000000	0.000000	0.000000
D:	9607.74	0.000000	0.000000	-0.000192	-0.000192	-0.000192	-0.000192	0.000000	0.000000	-1.500000	0.000000	0.000000	0.000000	0.000000	-3.560000	1.200000	0.000000	0.000000	0.000000	0.000000	0.000000	0.000000	0.000000	0.000000	0.000000	0	0.000000	0	0	0.000000	0.000000	0.000000	0.000000	0.000000	0.000000	0.000000	0.000000	0.000000	0.000000	0.000000
D:	9617.13	0.000000	0.000000	-0.000192	-0.000192	-0.000192	-0.000192	0.000000	0.000000	-1.500000	0.000000	0.000000	0.000000	0.000000	-3.560000	1.200000	0.000000	0.000000	0.000000	0.000000	0.000000	0.000000	0.000000	0.000000	0.000000	0	0.000000	0	0	0.000000	0.000000	0.000000	0.000000	0.000000	0.000000	0.000000	0.000000	0.000000	0.000000	0.000000
D:	9626.26	0.000000	0.000000	-0.000192	-0.000192	-0.000192	-0.000192	0.000000	0.000000	-1.500000	0.000000	0.000000	0.000000	0.000000	-3.560000	1.200000	0.000000	0.000000	0.000000	0.000000	0.000000	0.000000	0.000000	0.000000	0.000000	0	0.000000	0	0	0.000000	0.000000	0.000000	0.000000	0.000000	0.000000	0.000000	0.000000	0.000000	0.000000	0.000000
D:	9635.10	0.000000	0.000000	-0.000192	-0.000192	-0.000192	-0.000192	0.000000	0.000000	-1.500000	0.000000	0.000000	0.000000	0.000000	-3.560000	1.200000	0.000000	0.000000	0.000000	0.000000	0.000000	0.000000	0.000000	0.000000	0.000000	0	0.000000	0	0	0.000000	0.000000	0.000000	0.000000	0.000000	0.000000	0.000000	0.000000	0.000000	0.000000	0.000000
D:	9644.16	0.000000	0.000000	-0.000192	-0.000192	-0.000192	-0.000192	0.000000	0.000000	-1.500000	0.000000	0.000000	0.000000	0.000000	-3.560000	1.200000	0.000000	0.000000	0.000000	0.000000	0.000000	0.000000	0.000000	0.000000	0.000000	0	0.000000	0	0	0.000000	0.000000	0.000000	0.000000	0.000000	0.000000	0.000000	0.000000	0.000000	0.000000	0.000000
D:	9653.40	0.000000	0.000000	-0.000192	-0.000192	-0.000192	-0.000192	0.000000	0.000000	-1.500000	0.000000	0.000000	0.000000	0.000000	-3.560000	1.200000	0.000000	0.000000	0.000000	0.000000	0.000000	0.000000	0.000000	0.000000	0.000000	0	0.000000	0	0	0.000000	0.000000	0.000000	0.000000	0.000000	0.000000	0.000000	0.000000	0.000000	0.000000	0.000000
D:	9662.76	0.000000	0.000000	-0.000192	-0.000192	-0.000192	-0.000192	0.000000	0.000000	-1.500000	0.000000	0.000000	0.000000	0.000000	-3.560000	1.200000	0.000000	0.000000	0.000000	0.000000	0.000000	0.000000	0.000000	0.000000	0.000000	0	0.000000	0	0	0.000000	0.000000	0.000000	0.000000	0.000000	0.000000	0.000000	0.000000	0.000000	0.000000	0.000000
D:	9672.11	0.000000	0.000000	-0.000192	-0.000192	-0.000192	-0.000192	0.000000	0.000000	-1.500000	0.000000	0.000000	0.000000	0.000000	-3.560000	1.200000	0.000000	0.000000	0.000000	0.000000	0.000000	0.000000	0.000000	0.000000	0.000000	0	0.000000	0	0	0.000000	0.000000	0.000000	0.000000	0.000000	0.000000	0.000000	0.000000	0.000000	0.000000	0.000000
D:	9681.26	0.000000	0.000000	-0.000192	-0.000192	-0.000192	-0.000192	0.000000	0.000000	-1.500000	0.000000	0.000000	0.000000	0.000000	-3.560000	1.200000	0.000000	0.000000	0.000000	0.000000	0.000000	0.000000	0.000000	0.000000	0.000000	0	0.000000	0	0	0.000000	0.000000	0.000000	0.000000	0.000000	0.000000	0.000000	0.000000	0.000000	0.000000	0.000000
D:	9690.47	0.000000	0.000000	-0.000192	-0.000192	-0.000192	-0.000192	0.000000	0.000000	-1.500000	0.000000	0.000000	0.000000	0.000000	-3.560000	1.200000	0.000000	0.000000	0.000000	0.000000	0.000000	0.000000	0.000000	0.000000	0.000000	0	0.000000	0	0	0.000000	0.000000	0.000000	0.000000	0.000000	0.000000	0.000000	0.000000	0.000000	0.000000	0.000000
D:	9699.55	0.000000	0.000000	-0.000192	-0.000575	-0.000192	-0.000192	0.000000	0.000000	-1.500000	0.000000	0.000000	0.000000	0.000000	-3.560000	1.200000	0.000000	0.000000	0.000000	0.000000	0.000000	0.000000	0.000000	0.000000	0.000000	0	0.000000	0	0	0.000000	0.000000	0.000000	0.000000	0.000000	0.000000	0.000000	0.000000	0.000000	0.000000	0.000000
D:	9708.71	0.000000	0.000000	-0.000192	-0.000575	-0.000192	-0.000192	0.000000	0.000000	-1.500000	0.000000	0.000000	0.000000	0.000000	-3.560000	1.200000	0.000000	0.000000	0.000000	0.000000	0.000000	0.000000	0.000000	0.000000	0.000000	0	0.000000	0	0	0.000000	0.000000	0.000000	0.000000	0.000000	0.000000	0.000000	0.000000	0.000000	0.000000	0.000000
D:	9717.73	0.000000	0.000000	-0.000192	-0.000575	-0.000192	-0.000192	0.000000	0.000000	-1.500000	0.000000	0.000000	0.000000	0.000000	-3.560000	1.200000	0.000000	0.000000	0.000000	0.000000	0.000000	0.000000	0.000000	0.000000	0.000000	0	0.000000	0	0	0.000000	0.000000	0.000000	0.000000	0.000000	0.000000	0.000000	0.000000	0.000000	0.000000	0.000000
D:	9726.10	0.000000	0.000000	-0.000192	-0.000575	-0.000192	-0.000192	0.000000	0.000000	-1.500000	0.000000	0.000000	0.000000	0.000000	-3.560000	1.200000	0.000000	0.000000	0.000000	0.000000	0.000000	0.000000	0.000000	0.000000	0.000000	0	0.000000	0	0	0.000000	0.000000	0.000000	0.000000	0.000000	0.000000	0.000000	0.000000	0.000000	0.000000	0.000000
D:	9734.34	0.000000	0.000000	-0.000192	-0.000575	-0.000192	-0.000192	0.000000	0.000000	-1.500000	0.000000	0.000000	0.000000	0.000000	-3.560000	1.200000	0.000000	0.000000	0.000000	0.000000	0.000000	0.000000	0.000000	0.000000	0.000000	0	0.000000	0	0	0.000000	0.000000	0.000000	0.000000	0.000000	0.000000	0.000000	0.000000	0.000000	0.000000	0.000000
D:	9742.61	0.000000	0.000000	-0.000192	-0.000575	-0.000192	-0.000192	0.000000	0.000000	-1.500000	0.000000	0.000000	0.000000	0.000000	-3.560000	1.200000	0.000000	0.000000	0.000000	0.000000	0.000000	0.000000	0.000000	0.000000	0.000000	0	0.000000	0	0	0.000000	0.000000	0.000000	0.000000	0.000000	0.000000	0.000000	0.000000	0.000000	0.000000	0.000000
D:	9750.88	0.000000	0.000000	-0.000192	-0.000575	-0.000192	-0.000192	0.000000	0.000000	-1.500000	0.000000	0.000000	0.000000	0.000000	-3.560000	1.200000	0.000000	0.000000	0.000000	0.000000	0.000000	0.000000	0.000000	0.000000	0.000000	0	0.000000	0	0	0.000000	0.000000	0.000000	0.000000	0.000000	0.000000	0.000000	0.000000	0.000000	0.000000	0.000000
D:	9759.53	0.000000	0.000000	-0.000192	-0.000575	-0.000192	-0.000192	0.000000	0.000000	-1.500000	0.000000	0.000000	0.000000	0.000000	-3.560000	1.200000	0.000000	0.000000	0.000000	0.000000	0.000000	0.000000	0.000000	0.000000	0.000000	0	0.000000	0	0	0.000000	0.000000	0.000000	0.000000	0.000000	0.000000	0.000000	0.000000	0.000000	0.000000	0.000000
D:	9767.73	0.000000	0.000000	-0.000192	-0.000575	-0.000192	-0.000192	0.000000	0.000000	-1.500000	0.000000	0.000000	0.000000	0.000000	-3.560000	1.200000	0.000000	0.000000	0.000000	0.000000	0.000000	0.000000	0.000000	0.000000	0.000000	0	0.000000	0	0	0.000000	0.000000	0.000000	0.000000	0.000000	0.000000	0.000000	0.000000	0.000000	0.000000	0.000000
D:	9776.03	0.000000	0.000000	-0.000192	-0.000575	-0.000192	-0.000192	0.000000	0.000000	-1.500000	0.000000	0.000000	0.000000	0.000000	-3.560000	1.200000	0.000000	0.000000	0.000000	0.000000	0.000000	0.000000	0.000000	0.000000	0.000000	0	0.000000	0	0	0.000000	0.000000	0.000000	0.000000	0.000000	0.000000	0.000000	0.000000	0.000000	0.000000	0.000000
D:	9784.14	0.000000	0.000000	-0.000192	-0.000575	-0.000192	-0.000192	0.000000	0.000000	-1.500000	0.000000	0.000000	0.000000	0.000000	-3.560000	1.200000	0.000000	0.000000	0.000000	0.000000	0.000000	0.000000	0.000000	0.000000	0.000000	0	0.000000	0	0	0.000000	0.000000	0.000000	0.000000	0.000000	0.000000	0.000000	0.000000	0.000000	0.000000	0.000000
D:	9792.54	0.000000	0.000000	-0.000192	-0.000575	-0.000192	-0.000192	0.000000	0.000000	-1.500000	0.000000	0.000000	0.000000	0.000000	-3.560000	1.200000	0.000000	0.000000	0.000000	0.000000	0.000000	0.000000	0.000000	0.000000	0.000000	0	0.000000	0	0	0.000000	0.000000	0.000000	0.000000	0.000000	0.000000	0.000000	0.000000	0.000000	0.000000	0.000000
D:	9800.80	0.000000	0.000000	-0.000192	-0.000575	-0.000192	-0.000192	0.000000	0.000000	-1.500000	0.000000	0.000000	0.000000	0.000000	-3.560000	1.200000	0.000000	0.000000	0.000000	0.000000	0.000000	0.000000	0.000000	0.000000	0.000000	0	0.000000	0	0	0.000000	0.000000	0.000000	0.000000	0.000000	0.000000	0.000000	0.000000	0.000000	0.000000	0.000000
D:	9808.89	0.000000	0.000000	-0.000192	-0.000575	-0.000192	-0.000192	0.000000	0.000000	-1.500000	0.000000	0.000000	0.000000	0.000000	-3.560000	1.200000	0.000000	0.000000	0.000000	0.000000	0.000000	0.000000	0.000000	0.000000	0.000000	0	0.000000	0	0	0.000000	0.000000	0.000000	0.000000	0.000000	0.000000	0.000000	0.000000	0.000000	0.000000	0.000000
D:	9816.94	0.000000	0.000000	-0.000192	-0.000575	-0.000192	-0.000192	0.000000	0.000000	-1.500000	0.000000	0.000000	0.000000	0.000000	-3.560000	1.200000	0.000000	0.000000	0.000000	0.000000	0.000000	0.000000	0.000000	0.000000	0.000000	0	0.000000	0	0	0.000000	0.000000	0.000000	0.000000	0.000000	0.000000	0.000000	0.000000	0.000000	0.000000	0.000000
D:	9825.70	0.000000	0.000000	-0.000192	-0.000575	-0.000192	-0.000192	0.000000	0.000000	-1.500000	0.000000	0.000000	0.000000	0.000000	-3.560000	1.200000	0.000000	0.000000	0.000000	0.000000	0.000000	0.000000	0.000000	0.000000	0.000000	0	0.000000	0	0	0.000000	0.000000	0.000000	0.000000	0.000000	0.000000	0.000000	0.000000	0.000000	0.000000	0.000000
D:	9834.51	0.000000	0.000000	-0.000192	-0.000575	-0.000192	-0.000192	0.000000	0.000000	-1.500000	0.000000	0.000000	0.000000	0.000000	-3.560000	1.200000	0.000000	0.000000	0.000000	0.000000	0.000000	0.000000	0.000000	0.000000	0.000000	0	0.000000	0	0	0.000000	0.000000	0.000000	0.000000	0.000000	0.000000	0.000000	0.000000	0.000000	0.000000	0.000000
D:	9843.05	0.000000	0.000000	-0.000192	-0.000575	-0.000192	-0.000192	0.000000	0.000000	-1.500000	0.000000	0.000000	0.000000	0.000000	-3.560000	1.200000	0.000000	0.000000	0.000000	0.000000	0.000000	0.000000	0.000000	0.000000	0.000000	0	0.000000	0	0	0.000000	0.000000	0.000000	0.000000	0.000000	0.000000	0.000000	0.000000	0.000000	0.000000	0.000000
D:	9851.36	0.000000	0.000000	-0.000192	-0.000575	-0.000192	-0.000192	0.000000	0.000000	-1.500000	0.000000	0.000000	0.000000	0.000000	-3.560000	1.200000	0.000000	0.000000	0.000000	0.000000	0.000000	0.000000	0.000000	0.000000	0.000000	0	0.000000	0	0	0.000000	0.000000	0.000000	0.000000	0.000000	0.000000	0.000000	0.000000	0.000000	0.000000	0.000000
D:	9860.70	0.000000	0.000000	-0.000192	-0.000575	-0.000192	-0.000192	0.000000	0.000000	-1.500000	0.000000	0.000000	0.000000	0.000000	-3.560000	1.200000	0.000000	0.000000	0.000000	0.000000	0.000000	0.000000	0.000000	0.000000	0.000000	0	0.000000	0	0	0.000000	0.000000	0.000000	0.000000	0.000000	0.000000	0.000000	0.000000	0.000000	0.000000	0.000000
D:	9873.11	0.000000	0.000000	-0.000192	-0.000575	-0.000192	-0.000192	0.000000	0.000000	-1.500000	0.000000	0.000000	0.000000	0.000000	-3.560000	1.200000	0.000000	0.000000	0.000000	0.000000	0.000000	0.000000	0.000000	0.000000	0.000000	0	0.000000	0	0	0.000000	0.000000	0.000000	0.000000	0.000000	0.000000	0.000000	0.000000	0.000000	0.000000	0.000000
D:	9885.83	0.000000	0.000000	-0.000192	-0.000575	-0.000192	-0.000192	0.000000	0.000000	-1.500000	0.000000	0.000000	0.000000	0.000000	-3.560000	1.200000	0.000000	0.000000	0.000000	0.000000	0.000000	0.000000	0.000000	0.000000	0.000000	0	0.000000	0	0	0.000000	0.000000	0.000000	0.000000	0.000000	0.000000	0.000000	0.000000	0.000000	0.000000	0.000000
D:	9897.73	0.000000	0.000000	-0.000192	-0.000575	-0.000192	-0.000192	0.000000	0.000000	-1.500000	0.000000	0.000000	0.000000	0.000000	-3.560000	1.200000	0.000000	0.000000	0.000000	0.000000	0.000000	0.000000	0.000000	0.000000	0.000000	0	0.000000	0	0	0.000000	0.000000	0.000000	0.000000	0.000000	0.000000	0.000000	0.000000	0.000000	0.000000	0.000000
D:	9909.38	0.000000	0.000000	-0.000192	-0.000575	-0.000192	-0.000192	0.000000	0.000000	-1.500000	0.000000	0.000000	0.000000	0.000000	-3.560000	1.200000	0.000000	0.000000	0.000000	0.000000	0.000000	0.000000	0.000000	0.000000	0.000000	0	0.000000	0	0	0.000000	0.000000	0.000000	0.000000	0.000000	0.000000	0.000000	0.000000	0.000000	0.000000	0.000000
D:	9919.68	0.000000	0.000000	-0.000192	-0.000575	-0.000192	-0.000192	0.000000	0.000000	-1.500000	0.000000	0.000000	0.000000	0.000000	-3.560000	1.200000	0.000000	0.000000	0.000000	0.000000	0.000000	0.000000	0.000000	0.000000	0.000000	0	0.000000	0	0	0.000000	0.000000	0.000000	0.000000	0.000000	0.000000	0.000000	0.000000	0.000000	0.000000	0.000000
D:	9929.55	0.000000	0.000000	-0.000192	-0.000575	-0.000192	-0.000192	0.000000	0.000000	-1.500000	0.000000	0.000000	0.000000	0.000000	-3.560000	1.200000	0.000000	0.000000	0.000000	0.000000	0.000000	0.000000	0.000000	0.000000	0.000000	0	0.000000	0	0	0.000000	0.000000	0.000000	0.000000	0.000000	0.000000	0.000000	0.000000	0.000000	0.000000	0.000000
D:	9938.07	0.000000	0.000000	-0.000192	-0.000575	-0.000192	-0.000192	-0.265322	-0.279695	-1.500000	0.000000	1.234678	0.000000	0.000000	-3.560000	1.200000	0.000000	0.000000	0.000000	0.000000	0.000000	0.000000	0.000000	0.000000	0.000000	0	0.000000	0	0	0.000000	0.000000	0.000000	0.000000	0.000000	0.000000	0.000000	0.000000	-1.670287	-0.091866	0.000000
D:	9946.77	-1.219713	-0.265322	-0.000192	-0.000192	-0.000192	-0.000192	-0.265322	-0.279695	-1.500000	0.000000	1.234678	0.952000	0.000000	-3.560000	1.200000	0.000000	0.000000	0.000000	0.000000	0.000000	0.000000	0.000000	0.000000	0.000000	0	0.000000	0	0	0.000000	-0.000000	0.000000	0.000000	0.000000	0.000000	0.000000	0.000000	-1.670287	-0.091866	0.000000
D:	9955.14	-1.219713	-0.265322	-0.000192	-0.000192	-0.000192	-0.000192	-0.265322	-0.279695	-1.500000	-0.263994	1.235111	0.952000	-0.263994	-3.560000	1.189752	0.000000	0.000000	0.000000	0.000000	0.000000	0.000000	0.000000	0.000000	0.000000	0	0.000000	0	0	0.000000	-0.000000	0.000000	0.000000	0.000000	0.000000	0.000000	0.000000	-1.846292	-0.101546	0.000000
D:	9964.13	-1.043708	-0.264889	-0.000192	-0.000192	-0.000192	-0.000192	-0.264889	-0.026658	-1.500000	-0.263994	1.235111	0.018000	-0.263994	-3.561128	1.189752	0.000000	0.000000	0.000000	0.000000	0.000000	0.000000	0.000000	0.000000	0.000000	0	0.000000	0	0	0.000000	-0.000000	0.000000	0.000000	0.000000	0.000000	0.000000	0.000000	-1.846292	-0.101546	0.000000
D:	9972.82	-1.043708	-0.264889	-0.000192	-0.000192	-0.000192	-0.000192	-0.264889	-0.026658	-1.500000	-0.263994	1.235111	0.018000	-0.263994	-3.561128	1.189752	0.000000	0.000000	0.000000	0.000000	0.000000	0.000000	0.000000	0.000000	0.000000	0	0.000000	0	0	0.000000	-0.000000	0.000000	0.000000	0.000000	0.000000	0.000000	0.000000	-1.846292	-0.101546	0.000000
D:	9981.58	-1.360934	-0.266634	-0.000192	-0.000192	-0.000192	-0.000192	-0.266634	-0.154016	-1.500000	-0.039981	1.233366	0.018000	-0.039981	-3.563542	1.222979	0.000000	0.000000	0.000000	0.000000	0.000000	0.000000	0.000000	0.000000	0.000000	0	0.000000	0	0	0.000000	-0.000000	0.000000	0.000000	0.000000	0.000000	0.000000	0.000000	-1.529066	-0.084099	0.000000
D:	9990.08	-1.360934	-0.266634	-0.000192	-0.000192	-0.000192	-0.000192	-0.266634	-0.154016	-1.500000	-0.039981	1.233366	0.018000	-0.039981	-3.563542	1.222979	0.000000	0.000000	0.000000	0.000000	0.000000	0.000000	0.000000	0.000000	0.000000	0	0.000000	0	0	0.000000	-0.000000	0.000000	0.000000	0.000000	0.000000	0.000000	0.000000	-1.529066	-0.084099	0.000000
D:	9998.91	-1.670813	-0.266634	-0.000192	-0.000192	-0.000192	-0.000192	-0.267537	-0.112242	-1.500000	-0.147614	1.232463	0.018000	-0.147614	-3.567147	1.270749	0.000000	0.000000	0.000000	0.000000	0.000000	0.000000	0.000000	0.000000	0.000000	0	0.000000	0	0	0.000000	-0.000000	0.000000	0.000000	0.000000	0.000000	0.000000	0.000000	-1.219187	-0.067055	0.000000
D:	10007.84	-1.670814	-0.267537	-0.000192	-0.000192	-0.000192	-0.000192	-0.267537	-0.112242	-1.500000	-0.147614	1.232463	0.018000	-0.147614	-3.567147	1.270749	0.000000	0.000000	0.000000	0.000000	0.000000	0.000000	0.000000	0.000000	0.000000	0	0.000000	0	0	0.000000	-0.000000	0.000000	0.000000	0.000000	0.000000	0.000000	0.000000	-1.219187	-0.067055	0.000000
D:	10018.78	-1.648766	-0.266967	-0.000192	-0.000192	-0.000192	-0.000192	-0.266967	-0.038493	-1.500000	-0.113934	1.233033	0.019000	-0.113934	-3.572194	1.262665	0.000000	0.000000	0.000000	0.000000	0.000000	0.000000	0.000000	0.000000	0.000000	0	0.000000	0	0	0.000000	-0.000000	0.000000	0.000000	0.000000	0.000000	0.000000	0.000000	-1.241234	-0.068268	0.000000
D:	10030.19	-1.648766	-0.266967	-0.000192	-0.000192	-0.000192	-0.000192	-0.266967	-0.038493	-1.500000	-0.113934	1.233033	0.019000	-0.113934	-3.572194	1.262665	0.000000	0.000000	0.000000	0.000000	0.000000	0.000000	0.000000	0.000000	0.000000	0	0.000000	0	0	0.000000	-0.000000	0.000000	0.000000	0.000000	0.000000	0.000000	0.000000	-1.241234	-0.068268	0.000000
D:	10039.89	-2.007548	-0.268962	-0.000192	-0.000192	-0.000192	-0.000192	-0.268962	-0.192599	-1.500000	-0.042728	1.231038	0.018000	-0.042728	-3.578394	1.356319	0.000000	0.000000	0.000000	0.000000	0.000000	0.000000	0.000000	0.000000	0.000000	0	0.000000	0	0	0.000000	-0.000000	0.000000	0.000000	0.000000	0.000000	0.000000	0.000000	-0.882452	-0.048535	0.000000
D:	10048.75	-2.007548	-0.268962	-0.000192	-0.000192	-0.000192	-0.000192	-0.268962	-0.192599	-1.500000	-0.042728	1.231038	0.018000	-0.042728	-3.578394	1.356319	0.000000	0.000000	0.000000	0.000000	0.000000	0.000000	0.000000	0.000000	0.000000	0	0.000000	0	0	0.000000	-0.000000	0.000000	0.000000	0.000000	0.000000	0.000000	0.000000	-0.882452	-0.048535	0.000000
D:	10057.46	-2.007548	-0.268962	-0.000192	-0.000192	-0.000192	-0.000192	-0.271724	-0.246349	-1.500000	-0.184186	1.228276	0.018000	-0.184186	-3.585712	1.431412	0.000000	0.000000	0.000000	0.000000	0.000000	0.000000	0.000000	0.000000	0.000000	0	0.000000	0	0	0.000000	-0.000000	0.000000	0.000000	0.000000	0.000000	0.000000	0.000000	-0.632744	-0.034801	0.000000
D:	10065.99	-2.257256	-0.271724	-0.000192	-0.000192	-0.000192	-0.000192	-0.271724	-0.246349	-1.500000	-0.184186	1.228276	0.018000	-0.184186	-3.585712	1.431412	0.000000	0.000000	0.000000	0.000000	0.000000	0.000000	0.000000	0.000000	0.000000	0	0.000000	0	0	0.000000	-0.000000	0.000000	0.000000	0.000000	0.000000	0.000000	0.000000	-0.632744	-0.034801	0.000000
D:	10074.10	-2.257256	-0.271724	-0.000192	-0.000192	-0.000192	-0.000192	-0.271724	-0.246349	-1.500000	-0.184186	1.228276	0.018000	-0.184186	-3.585712	1.431412	0.000000	0.000000	0.000000	0.000000	0.000000	0.000000	0.000000	0.000000	0.000000	0	0.000000	0	0	0.000000	-0.000000	0.000000	0.000000	0.000000	0.000000	0.000000	0.000000	-0.632744	-0.034801	0.000000
D:	10082.35	-2.526326	-0.271672	-0.000192	-0.000192	-0.000192	-0.000192	-0.271672	-0.107799	-1.500000	-0.242860	1.228328	0.018000	-0.242860	-3.594491	1.524337	0.000000	0.000000	0.000000	0.000000	0.000000	0.000000	0.000000	0.000000	0.000000	0	0.000000	0	0	0.000000	-0.000000	0.000000	0.000000	0.000000	0.000000	0.000000	0.000000	-0.363674	-0.020002	0.000000
D:	10091.67	-2.526326	-0.271672	-0.000192	-0.000192	-0.000192	-0.000192	-0.271672	-0.107799	-1.500000	-0.242860	1.228328	0.018000	-0.242860	-3.594491	1.524337	0.000000	0.000000	0.000000	0.000000	0.000000	0.000000	0.000000	0.000000	0.000000	0	0.000000	0	0	0.000000	-0.000000	0.000000	0.000000	0.000000	0.000000	0.000000	0.000000	-0.363674	-0.020002	0.000000
D:	10100.47	-2.545494	-0.273820	-0.000192	-0.000192	-0.000192	-0.000192	-0.273820	-0.235090	-1.500000	-0.114259	1.226180	0.019000	-0.114259	-3.604605	1.521990	0.000000	0.000000	0.000000	0.000000	0.000000	0.000000	0.000000	0.000000	0.000000	0	0.000000	0	0	0.000000	-0.000000	0.000000	0.000000	0.000000	0.000000	0.000000	0.000000	-0.344506	-0.018948	0.000000
D:	10109.72	-2.545494	-0.273820	-0.000192	-0.000192	-0.000192	-0.000192	-0.273820	-0.235090	-1.500000	-0.114259	1.226180	0.019000	-0.114259	-3.604605	1.521990	0.000000	0.000000	0.000000	0.000000	0.000000	0.000000	0.000000	0.000000	0.000000	0	0.000000	0	0	0.000000	-0.000000	0.000000	0.000000	0.000000	0.000000	0.000000	0.000000	-0.344506	-0.018948	0.000000
D:	10117.55	-2.545494	-0.273820	-0.000192	-0.000192	-0.000192	-0.000192	-0.275396	-0.238847	-1.500000	-0.228307	1.224604	0.019000	-0.228307	-3.616115	1.700695	0.000000	0.000000	0.000000	0.000000	0.000000	0.000000	0.000000	0.000000	0.000000	0	0.000000	0	0	0.000000	-0.000000	0.000000	0.000000	0.000000	0.000000	0.000000	0.000000	0.054220	0.002982	0.000000
D:	10126.00	-2.944220	-0.275396	-0.000192	-0.000192	-0.000192	-0.000192	-0.275396	-0.238847	-1.500000	-0.228307	1.224604	0.018000	-0.228307	-3.616115	1.700695	0.000000	0.000000	0.000000	0.000000	0.000000	0.000000	0.000000	0.000000	0.000000	0	0.000000	0	0	0.000000	-0.000000	0.000000	0.000000	0.000000	0.000000	0.000000	0.000000	0.054220	0.002982	0.000000
D:	10136.29	-2.944220	-0.275396	-0.000192	-0.000192	-0.000192	-0.000192	-0.271502	0.034097	-1.500000	-0.238255	1.228498	0.018000	-0.238255	-3.629517	1.786239	0.000000	0.000000	0.000000	0.000000	0.000000	0.000000	0.000000	0.000000	0.000000	0	0.000000	0	0	0.000000	-0.000000	0.000000	0.000000	0.000000	0.000000	0.000000	0.000000	0.239469	0.013171	0.000000
D:	10147.29	-3.129469	-0.271502	-0.000192	-0.000192	-0.000192	-0.000192	-0.271502	0.034097	-1.500000	-0.238255	1.228498	0.018000	-0.238255	-3.629517	1.786239	0.000000	0.000000	0.000000	0.000000	0.000000	0.000000	0.000000	0.000000	0.000000	0	0.000000	0	0	0.000000	-0.000000	0.000000	0.000000	0.000000	0.000000	0.000000	0.000000	0.239469	0.013171	0.000000
D:	10157.83	-3.129469	-0.271502	-0.000192	-0.000192	-0.000192	-0.000192	-0.267330	0.025762	-1.500000	0.018809	1.232670	0.018000	0.018809	-3.644083	1.801255	0.000000	0.000000	0.000000	0.000000	0.000000	0.000000	0.000000	0.000000	0.000000	0	0.000000	0	0	0.000000	-0.000000	0.000000	0.000000	0.000000	0.000000	0.000000	0.000000	0.289515	0.015923	0.000000
D:	10166.71	-3.179515	-0.267330	-0.000192	-0.000192	-0.000192	-0.000192	-0.267330	0.025762	-1.500000	0.018809	1.232670	0.018000	0.018809	-3.644083	1.801255	0.000000	0.000000	0.000000	0.000000	0.000000	0.000000	0.000000	0.000000	0.000000	0	0.000000	0	0	0.000000	-0.000000	0.000000	0.000000	0.000000	0.000000	0.000000	0.000000	0.289515	0.015923	0.000000
D:	10175.20	-3.179515	-0.267330	-0.000192	-0.000192	-0.000192	-0.000192	-0.267330	0.025762	-1.500000	0.018809	1.232670	0.018000	0.018809	-3.644083	1.956762	0.000000	0.000000	0.000000	0.000000	0.000000	0.000000	0.000000	0.000000	0.000000	0	0.000000	0	0	0.000000	-0.000000	0.000000	0.000000	0.000000	0.000000	0.000000	0.000000	0.289515	0.015923	0.000000
D:	10183.79	-3.463537	-0.268379	-0.000192	-0.000192	-0.000192	-0.000192	-0.268379	-0.278819	-1.500000	0.025430	1.231621	0.019000	0.025430	-3.660112	1.956762	0.000000	0.000000	0.000000	0.000000	0.000000	0.000000	0.000000	0.000000	0.000000	0	0.000000	0	0	0.000000	-0.000000	0.000000	0.000000	0.000000	0.000000	0.000000	0.000000	0.573537	0.031545	0.000000
D:	10192.66	-3.463537	-0.268379	-0.000192	-0.000192	-0.000192	-0.000192	-0.268379	-0.278819	-1.500000	0.025430	1.231621	0.019000	0.025430	-3.660112	1.956762	0.000000	0.000000	0.000000	0.000000	0.000000	0.000000	0.000000	0.000000	0.000000	0	0.000000	0	0	0.000000	-0.000000	0.000000	0.000000	0.000000	0.000000	0.000000	0.000000	0.573537	0.031545	0.000000
D:	10201.23	-3.790508	-0.266909	-0.000192	-0.000192	-0.000192	-0.000192	-0.266909	-0.163112	-1.500000	-0.264265	1.233091	0.019000	-0.264265	-3.676583	2.148005	0.000000	0.000000	0.000000	0.000000	0.000000	0.000000	0.000000	0.000000	0.000000	0	0.000000	0	0	0.000000	-0.000000	0.000000	0.000000	0.000000	0.000000	0.000000	0.000000	0.900508	0.049528	0.000000
D:	10210.15	-3.790508	-0.266909	-0.000192	-0.000192	-0.000192	-0.000192	-0.266909	-0.163112	-1.500000	-0.264265	1.233091	0.019000	-0.264265	-3.676583	2.148005	0.000000	0.000000	0.000000	0.000000	0.000000	0.000000	0.000000	0.000000	0.000000	0	0.000000	0	0	0.000000	-0.000000	0.000000	0.000000	0.000000	0.000000	0.000000	0.000000	0.900508	0.049528	0.000000
D:	10219.82	-3.790508	-0.266909	-0.000192	-0.000192	-0.000192	-0.000192	-0.263047	-0.090775	-1.500000	-0.168790	1.236953	0.019000	-0.168790	-3.695485	2.101031	0.000000	0.000000	0.000000	0.000000	0.000000	0.000000	0.000000	0.000000	0.000000	0	0.000000	0	0	0.000000	-0.000000	0.000000	0.000000	0.000000	0.000000	0.000000	0.000000	0.867114	0.047691	0.000000
D:	10229.34	-3.757114	-0.263047	-0.000192	-0.000192	-0.000192	-0.000192	-0.263047	-0.090775	-1.500000	-0.168790	1.236953	0.018000	-0.168790	-3.695485	2.101031	0.000000	0.000000	0.000000	0.000000	0.000000	0.000000	0.000000	0.000000	0.000000	0	0.000000	0	0	0.000000	-0.000000	0.000000	0.000000	0.000000	0.000000	0.000000	0.000000	0.867114	0.047691	0.000000
D:	10238.75	-3.757114	-0.263047	-0.000192	-0.000192	-0.000192	-0.000192	-0.259547	-0.132465	-1.500000	-0.095154	1.240453	0.018000	-0.095154	-3.714863	2.215662	0.000000	0.000000	0.000000	0.000000	0.000000	0.000000	0.000000	0.000000	0.000000	0	0.000000	0	0	0.000000	-0.000000	0.000000	0.000000	0.000000	0.000000	0.000000	0.000000	1.061111	0.058361	0.000000
D:	10247.95	-3.951111	-0.259547	-0.000192	-0.000192	-0.000192	-0.000192	-0.259547	-0.132465	-1.500000	-0.095154	1.240453	0.018000	-0.095154	-3.714863	2.215662	0.000000	0.000000	0.000000	0.000000	0.000000	0.000000	0.000000	0.000000	0.000000	0	0.000000	0	0	0.000000	-0.000000	0.000000	0.000000	0.000000	0.000000	0.000000	0.000000	1.061111	0.058361	0.000000
D:	10256.57	-3.951111	-0.259547	-0.000192	-0.000192	-0.000192	-0.000192	-0.259547	-0.132465	-1.500000	-0.095154	1.240453	0.018000	-0.095154	-3.714863	2.320408	0.000000	0.000000	0.000000	0.000000	0.000000	0.000000	0.000000	0.000000	0.000000	0	0.000000	0	0	0.000000	-0.000000	0.000000	0.000000	0.000000	0.000000	0.000000	0.000000	1.061111	0.058361	0.000000
D:	10264.91	-4.127885	-0.254638	-0.000192	-0.000192	-0.000192	-0.000192	-0.254638	-0.103141	-1.500000	-0.130681	1.245362	0.019000	-0.130681	-3.736554	2.320408	0.000000	0.000000	0.000000	0.000000	0.000000	0.000000	0.000000	0.000000	0.000000	0	0.000000	0	0	0.000000	-0.000000	0.000000	0.000000	0.000000	0.000000	0.000000	0.000000	1.237885	0.068084	0.000000
D:	10273.42	-4.127885	-0.254638	-0.000192	-0.000192	-0.000192	-0.000192	-0.254638	-0.103141	-1.500000	-0.130681	1.245362	0.019000	-0.130681	-3.736554	2.320408	0.000000	0.000000	0.000000	0.000000	0.000000	0.000000	0.000000	0.000000	0.000000	0	0.000000	0	0	0.000000	-0.000000	0.000000	0.000000	0.000000	0.000000	0.000000	0.000000	1.237885	0.068084	0.000000
D:	10281.66	-4.283141	-0.242893	-0.000192	-0.000192	-0.000192	-0.000192	-0.242893	0.203130	-1.500000	-0.104458	1.257107	0.019000	-0.104458	-3.760382	2.413311	0.000000	0.000000	0.000000	0.000000	0.000000	0.000000	0.000000	0.000000	0.000000	0	0.000000	0	0	0.000000	-0.000000	0.000000	0.000000	0.000000	0.000000	0.000000	0.000000	1.393141	0.076623	0.000000
D:	10289.96	-4.283141	-0.242893	-0.000192	-0.000192	-0.000192	-0.000192	-0.242893	0.203130	-1.500000	-0.104458	1.257107	0.019000	-0.104458	-3.760382	2.413311	0.000000	0.000000	0.000000	0.000000	0.000000	0.000000	0.000000	0.000000	0.000000	0	0.000000	0	0	0.000000	-0.000000	0.000000	0.000000	0.000000	0.000000	0.000000	0.000000	1.393141	0.076623	0.000000
D:	10298.56	-4.283141	-0.242893	-0.000192	-0.000192	-0.000192	-0.000192	-0.244596	-0.069187	-1.500000	0.185863	1.264641	0.019000	0.185863	-3.785775	2.614791	0.000000	0.000000	0.000000	0.000000	0.000000	0.000000	0.000000	0.000000	0.000000	0	0.000000	0	0	0.000000	-0.000000	0.000000	0.000000	0.000000	0.000000	0.000000	0.000000	1.677390	0.092256	0.000000
D:	10307.14	-4.567390	-0.235359	-0.000192	-0.000192	-0.000192	-0.000192	-0.235359	-0.069187	-1.500000	0.185863	1.264641	0.018000	0.185863	-3.785775	2.614791	0.000000	0.000000	0.000000	0.000000	0.000000	0.000000	0.000000	0.000000	0.000000	0	0.000000	0	0	0.000000	-0.000000	0.000000	0.000000	0.000000	0.000000	0.000000	0.000000	1.677390	0.092256	0.000000
D:	10315.81	-4.567390	-0.235359	-0.000192	-0.000192	-0.000192	-0.000192	-0.235359	-0.069187	-1.500000	0.185863	1.264641	0.018000	0.185863	-3.785775	2.614791	0.000000	0.000000	0.000000	0.000000	0.000000	0.000000	0.000000	0.000000	0.000000	0	0.000000	0	0	0.000000	-0.000000	0.000000	0.000000	0.000000	0.000000	0.000000	0.000000	1.677390	0.092256	0.000000
D:	10324.54	-4.907666	-0.225923	-0.000192	-0.000192	-0.000192	-0.000192	-0.225923	0.009979	-1.500000	-0.054870	1.274077	0.018000	-0.054870	-3.811506	2.862897	0.000000	0.000000	0.000000	0.000000	0.000000	0.000000	0.000000	0.000000	0.000000	0	0.000000	0	0	0.000000	-0.000000	0.000000	0.000000	0.000000	0.000000	0.000000	0.000000	2.017666	0.110972	0.000000
D:	10332.94	-4.907666	-0.225923	-0.000192	-0.000192	-0.000192	-0.000192	-0.225923	0.009979	-1.500000	-0.054870	1.274077	0.018000	-0.054870	-3.811506	2.862897	0.000000	0.000000	0.000000	0.000000	0.000000	0.000000	0.000000	0.000000	0.000000	0	0.000000	0	0	0.000000	-0.000000	0.000000	0.000000	0.000000	0.000000	0.000000	0.000000	2.017666	0.110972	0.000000
D:	10341.60	-4.907666	-0.225923	-0.000192	-0.000192	-0.000192	-0.000192	-0.211822	0.176161	-1.500000	0.006877	1.288178	0.018000	0.006877	-3.840283	2.758200	0.000000	0.000000	0.000000	0.000000	0.000000	0.000000	0.000000	0.000000	0.000000	0	0.000000	0	0	0.000000	-0.000000	0.000000	0.000000	0.000000	0.000000	0.000000	0.000000	1.943932	0.106916	0.000000
D:	10349.91	-4.833932	-0.211822	-0.000192	-0.000192	-0.000192	-0.000192	-0.211822	0.176161	-1.500000	0.006877	1.288178	0.019000	0.006877	-3.840283	2.758200	0.000000	0.000000	0.000000	0.000000	0.000000	0.000000	0.000000	0.000000	0.000000	0	0.000000	0	0	0.000000	-0.000000	0.000000	0.000000	0.000000	0.000000	0.000000	0.000000	1.943932	0.106916	0.000000
D:	10358.37	-4.833932	-0.211822	-0.000192	-0.000192	-0.000192	-0.000192	-0.211822	0.176161	-1.500000	0.168063	1.303035	0.019000	0.168063	-3.840283	2.968228	0.000000	0.000000	0.000000	0.000000	0.000000	0.000000	0.000000	0.000000	0.000000	0	0.000000	0	0	0.000000	-0.000000	0.000000	0.000000	0.000000	0.000000	0.000000	0.000000	2.229027	0.122596	0.000000
D:	10366.89	-5.119027	-0.196965	-0.000192	-0.000192	-0.000192	-0.000192	-0.196965	0.160719	-1.500000	0.168063	1.303035	0.019000	0.168063	-3.870643	2.968228	0.000000	0.000000	0.000000	0.000000	0.000000	0.000000	0.000000	0.000000	0.000000	0	0.000000	0	0	0.000000	-0.000000	0.000000	0.000000	0.000000	0.000000	0.000000	0.000000	2.229027	0.122596	0.000000
D:	10375.37	-5.119027	-0.196965	-0.000192	-0.000192	-0.000192	-0.000192	-0.196965	0.160719	-1.500000	0.168063	1.303035	0.019000	0.168063	-3.870643	2.968228	0.000000	0.000000	0.000000	0.000000	0.000000	0.000000	0.000000	0.000000	0.000000	0	0.000000	0	0	0.000000	-0.000000	0.000000	0.000000	0.000000	0.000000	0.000000	0.000000	2.229027	0.122596	0.000000
D:	10384.07	-5.058733	-0.181420	-0.000192	-0.000192	-0.000192	-0.000192	-0.181420	0.176074	-1.500000	0.161131	1.318580	0.018000	0.161131	-3.901265	2.871539	0.000000	0.000000	0.000000	0.000000	0.000000	0.000000	0.000000	0.000000	0.000000	0	0.000000	0	0	0.000000	-0.000000	0.000000	0.000000	0.000000	0.000000	0.000000	0.000000	2.168733	0.119280	0.000000
D:	10392.57	-5.058733	-0.181420	-0.000192	-0.000192	-0.000192	-0.000192	-0.181420	0.176074	-1.500000	0.161131	1.318580	0.018000	0.161131	-3.901265	2.871539	0.000000	0.000000	0.000000	0.000000	0.000000	0.000000	0.000000	0.000000	0.000000	0	0.000000	0	0	0.000000	-0.000000	0.000000	0.000000	0.000000	0.000000	0.000000	0.000000	2.168733	0.119280	0.000000
D:	10401.26	-5.058733	-0.181420	-0.000192	-0.000192	-0.000192	-0.000192	-0.162804	0.270004	-1.500000	0.175235	1.337196	0.018000	0.175235	-3.934126	3.090394	0.000000	0.000000	0.000000	0.000000	0.000000	0.000000	0.000000	0.000000	0.000000	0	0.000000	0	0	0.000000	-0.000000	0.000000	0.000000	0.000000	0.000000	0.000000	0.000000	2.451106	0.134811	0.000000
D:	10409.82	-5.341106	-0.162804	-0.000192	-0.000192	-0.000192	-0.000192	-0.162804	0.270004	-1.500000	0.175235	1.337196	0.018000	0.175235	-3.934126	3.090394	0.000000	0.000000	0.000000	0.000000	0.000000	0.000000	0.000000	0.000000	0.000000	0	0.000000	0	0	0.000000	-0.000000	0.000000	0.000000	0.000000	0.000000	0.000000	0.000000	2.451106	0.134811	0.000000
D:	10418.37	-5.341106	-0.162804	-0.000192	-0.000192	-0.000192	-0.000192	-0.162804	0.270004	-1.500000	0.175235	1.337196	0.018000	0.265470	-3.934126	3.355338	0.000000	0.000000	0.000000	0.000000	0.000000	0.000000	0.000000	0.000000	0.000000	0	0.000000	0	0	0.000000	-0.000000	0.000000	0.000000	0.000000	0.000000	0.000000	0.000000	2.789972	0.153448	0.000000
D:	10427.07	-5.679972	-0.147858	-0.000192	-0.000192	-0.000192	-0.000192	-0.147858	-0.008094	-1.500000	0.265470	1.352142	0.019000	0.265470	-3.969005	3.355338	0.000000	0.000000	0.000000	0.000000	0.000000	0.000000	0.000000	0.000000	0.000000	0	0.000000	0	0	0.000000	-0.000000	0.000000	0.000000	0.000000	0.000000	0.000000	0.000000	2.789972	0.153448	0.000000
D:	10435.95	-5.679972	-0.147858	-0.000192	-0.000192	-0.000192	-0.000192	-0.147858	-0.008094	-1.500000	0.265470	1.352142	0.019000	0.265470	-3.969005	3.355338	0.000000	0.000000	0.000000	0.000000	0.000000	0.000000	0.000000	0.000000	0.000000	0	0.000000	0	0	0.000000	-0.000000	0.000000	0.000000	0.000000	0.000000	0.000000	0.000000	2.789972	0.153448	0.000000
D:	10444.81	-5.771734	-0.132424	-0.000192	-0.000192	-0.000192	-0.000192	-0.132424	-0.033327	-1.500000	0.004991	1.367576	0.019000	0.004991	-4.004841	3.382516	0.000000	0.000000	0.000000	0.000000	0.000000	0.000000	0.000000	0.000000	0.000000	0	0.000000	0	0	0.000000	-0.000000	0.000000	0.000000	0.000000	0.000000	0.000000	0.000000	2.881734	0.158495	0.000000
D:	10453.16	-5.771734	-0.132424	-0.000192	-0.000192	-0.000192	-0.000192	-0.132424	-0.033327	-1.500000	0.004991	1.367576	0.019000	0.004991	-4.004841	3.382516	0.000000	0.000000	0.000000	0.000000	0.000000	0.000000	0.000000	0.000000	0.000000	0	0.000000	0	0	0.000000	-0.000000	0.000000	0.000000	0.000000	0.000000	0.000000	0.000000	2.881734	0.158495	0.000000
D:	10462.04	-5.771734	-0.132424	-0.000192	-0.000192	-0.000192	-0.000192	-0.112517	0.170892	-1.500000	-0.031176	1.387483	0.019000	-0.031176	-4.041121	3.630430	0.000000	0.000000	0.000000	0.000000	0.000000	0.000000	0.000000	0.000000	0.000000	0	0.000000	0	0	0.000000	-0.000000	0.000000	0.000000	0.000000	0.000000	0.000000	0.000000	3.193574	0.175647	0.000000
D:	10471.13	-6.083574	-0.112517	-0.000192	-0.000192	-0.000192	-0.000192	-0.112517	0.170892	-1.500000	-0.031176	1.387483	0.018000	-0.031176	-4.041121	3.630430	0.000000	0.000000	0.000000	0.000000	0.000000	0.000000	0.000000	0.000000	0.000000	0	0.000000	0	0	0.000000	-0.000000	0.000000	0.000000	0.000000	0.000000	0.000000	0.000000	3.193574	0.175647	0.000000
D:	10480.56	-6.083574	-0.112517	-0.000192	-0.000192	-0.000192	-0.000192	-0.088893	0.234340	-1.500000	0.159549	1.411107	0.018000	0.159549	-4.081668	3.519945	0.000000	0.000000	0.000000	0.000000	0.000000	0.000000	0.000000	0.000000	0.000000	0	0.000000	0	0	0.000000	-0.000000	0.000000	0.000000	0.000000	0.000000	0.000000	0.000000	3.145896	0.173024	0.000000
D:	10490.18	-6.035896	-0.088893	-0.000192	-0.000192	-0.000192	-0.000192	-0.088893	0.234340	-1.500000	0.159549	1.411107	0.018000	0.159549	-4.081668	3.519945	0.000000	0.000000	0.000000	0.000000	0.000000	0.000000	0.000000	0.000000	0.000000	0	0.000000	0	0	0.000000	-0.000000	0.000000	0.000000	0.000000	0.000000	0.000000	0.000000	3.145896	0.173024	0.000000
D:	10499.90	-6.035896	-0.088893	-0.000192	-0.000192	-0.000192	-0.000192	-0.059754	0.474571	-1.500000	0.230141	1.440246	0.018000	0.230141	-4.123426	3.377679	0.000000	0.000000	0.000000	0.000000	0.000000	0.000000	0.000000	0.000000	0.000000	0	0.000000	0	0	0.000000	-0.000000	0.000000	0.000000	0.000000	0.000000	0.000000	0.000000	3.062301	0.168427	0.000000
D:	10509.69	-5.952302	-0.059754	-0.000192	-0.000192	-0.000192	-0.000192	-0.059754	0.474571	-1.500000	0.230141	1.440246	0.018000	0.230141	-4.123426	3.377679	0.000000	0.000000	0.000000	0.000000	0.000000	0.000000	0.000000	0.000000	0.000000	0	0.000000	0	0	0.000000	-0.000000	0.000000	0.000000	0.000000	0.000000	0.000000	0.000000	3.062301	0.168427	0.000000
D:	10519.23	-5.952302	-0.059754	-0.000192	-0.000192	-0.000192	-0.000192	-0.059754	0.474571	-1.500000	0.462878	1.470249	0.018000	0.462878	-4.123426	3.269554	0.000000	0.000000	0.000000	0.000000	0.000000	0.000000	0.000000	0.000000	0.000000	0	0.000000	0	0	0.000000	-0.000000	0.000000	0.000000	0.000000	0.000000	0.000000	0.000000	3.025899	0.166424	0.000000
D:	10528.90	-5.915899	-0.029751	-0.000192	-0.000192	-0.000192	-0.000192	-0.029751	0.411399	-1.500000	0.462878	1.470249	0.019000	0.462878	-4.167124	3.269554	0.000000	0.000000	0.000000	0.000000	0.000000	0.000000	0.000000	0.000000	0.000000	0	0.000000	0	0	0.000000	-0.000000	0.000000	0.000000	0.000000	0.000000	0.000000	0.000000	3.025899	0.166424	0.000000
D:	10538.89	-5.915899	-0.029751	-0.000192	-0.000192	-0.000192	-0.000192	-0.029751	0.411399	-1.500000	0.462878	1.502091	0.019000	0.414288	-4.167124	3.230969	0.000000	0.000000	0.000000	0.000000	0.000000	0.000000	0.000000	0.000000	0.000000	0	0.000000	0	0	0.000000	-0.000000	0.000000	0.000000	0.000000	0.000000	0.000000	0.000000	3.052530	0.167889	0.000000
D:	10548.40	-5.942530	0.002091	-0.000192	-0.000192	-0.000192	-0.000192	0.002091	0.449153	-1.500000	0.414288	1.502091	0.018000	0.414288	-4.212512	3.230969	0.000000	0.000000	0.000000	0.000000	0.000000	0.000000	0.000000	0.000000	0.000000	0	0.000000	0	0	0.000000	-0.000000	0.000000	0.000000	0.000000	0.000000	0.000000	0.000000	3.052530	0.167889	0.000000
D:	10557.63	-5.942530	0.002091	-0.000192	-0.000192	-0.000192	-0.000192	0.002091	0.449153	-1.500000	0.414288	1.502091	0.018000	0.414288	-4.212512	3.467558	0.000000	0.000000	0.000000	0.000000	0.000000	0.000000	0.000000	0.000000	0.000000	0	0.000000	0	0	0.000000	-0.000000	0.000000	0.000000	0.000000	0.000000	0.000000	0.000000	3.052530	0.167889	0.000000
D:	10567.92	-6.224518	0.035612	-0.000192	-0.000192	-0.000192	-0.000192	0.035612	0.502281	-1.500000	0.447196	1.535612	0.018000	0.447196	-4.258006	3.467558	0.000000	0.000000	0.000000	0.000000	0.000000	0.000000	0.000000	0.000000	0.000000	0	0.000000	0	0	0.000000	-0.000000	0.000000	0.000000	0.000000	0.000000	0.000000	0.000000	3.334518	0.183399	0.000000
D:	10578.78	-6.224518	0.035612	-0.000192	-0.000192	-0.000192	-0.000192	0.035612	0.502281	-1.500000	0.499189	1.574347	0.018000	0.499189	-4.258006	3.620467	0.000000	0.000000	0.000000	0.000000	0.000000	0.000000	0.000000	0.000000	0.000000	0	0.000000	0	0	0.000000	-0.000000	0.000000	0.000000	0.000000	0.000000	0.000000	0.000000	3.516443	0.193404	0.000000
D:	10590.40	-6.406443	0.074347	-0.000192	-0.000192	-0.000192	-0.000192	0.074347	0.716947	-1.500000	0.499189	1.574347	0.018000	0.499189	-4.304733	3.620467	0.000000	0.000000	0.000000	0.000000	0.000000	0.000000	0.000000	0.000000	0.000000	0	0.000000	0	0	0.000000	-0.000000	0.000000	0.000000	0.000000	0.000000	0.000000	0.000000	3.516443	0.193404	0.000000
D:	10601.57	-6.406443	0.074347	-0.000192	-0.000192	-0.000192	-0.000192	0.121830	1.062766	-1.500000	0.706530	1.621830	0.018000	0.706530	-4.352842	3.770617	0.000000	0.000000	0.000000	0.000000	0.000000	0.000000	0.000000	0.000000	0.000000	0	0.000000	0	0	0.000000	-0.000000	0.000000	0.000000	0.000000	0.000000	0.000000	0.000000	3.678443	0.202314	0.000000
D:	10611.19	-6.568444	0.121830	-0.000192	-0.000192	-0.000192	-0.000192	0.121830	1.062766	-1.500000	0.706530	1.621830	0.019000	0.706530	-4.352842	3.770617	0.000000	0.000000	0.000000	0.000000	0.000000	0.000000	0.000000	0.000000	0.000000	0	0.000000	0	0	0.000000	-0.000000	0.000000	0.000000	0.000000	0.000000	0.000000	0.000000	3.678443	0.202314	0.000000
D:	10620.12	-6.568444	0.121830	-0.000192	-0.000192	-0.000192	-0.000192	0.121830	1.062766	-1.500000	0.706530	1.621830	0.019000	0.706530	-4.352842	4.179574	0.000000	0.000000	0.000000	0.000000	0.000000	0.000000	0.000000	0.000000	0.000000	0	0.000000	0	0	0.000000	-0.000000	0.000000	0.000000	0.000000	0.000000	0.000000	0.000000	4.096646	0.225316	0.000000
D:	10628.97	-6.986646	0.179733	-0.000192	-0.000192	-0.000192	-0.000192	0.179733	1.349435	-1.500000	1.042769	1.679733	0.018000	1.042769	-4.410503	4.179574	0.000000	0.000000	0.000000	0.000000	0.000000	0.000000	0.000000	0.000000	0.000000	0	0.000000	0	0	0.000000	-0.000000	0.000000	0.000000	0.000000	0.000000	0.000000	0.000000	4.096646	0.225316	0.000000
D:	10639.08	-6.986646	0.179733	-0.000192	-0.000192	-0.000192	-0.000192	0.179733	1.349435	-1.500000	1.332220	1.723507	0.018000	1.332220	-4.410503	4.413543	0.000000	0.000000	0.000000	0.000000	0.000000	0.000000	0.000000	0.000000	0.000000	0	0.000000	0	0	0.000000	-0.000000	0.000000	0.000000	0.000000	0.000000	0.000000	0.000000	4.380911	0.240950	0.000000
D:	10650.98	-7.270912	0.223507	-0.000192	-0.000192	-0.000192	-0.000192	0.223507	0.654868	-1.500000	1.332220	1.723507	0.018000	1.332220	-4.464028	4.413543	0.000000	0.000000	0.000000	0.000000	0.000000	0.000000	0.000000	0.000000	0.000000	0	0.000000	0	0	0.000000	-0.000000	0.000000	0.000000	0.000000	0.000000	0.000000	0.000000	4.380911	0.240950	0.000000
D:	10662.11	-7.270912	0.223507	-0.000192	-0.000192	-0.000192	-0.000192	0.264268	0.344893	-1.500000	0.692891	1.764268	0.018000	0.692891	-4.520466	4.517007	0.000000	0.000000	0.000000	0.000000	0.000000	0.000000	0.000000	0.000000	0.000000	0	0.000000	0	0	0.000000	-0.000000	0.000000	0.000000	0.000000	0.000000	0.000000	0.000000	4.568455	0.251265	0.000000
D:	10671.57	-7.458455	0.264268	-0.000192	-0.000192	-0.000192	-0.000192	0.264268	0.344893	-1.500000	0.692891	1.764268	0.018000	0.692891	-4.520466	4.517007	0.000000	0.000000	0.000000	0.000000	0.000000	0.000000	0.000000	0.000000	0.000000	0	0.000000	0	0	0.000000	-0.000000	0.000000	0.000000	0.000000	0.000000	0.000000	0.000000	4.568455	0.251265	0.000000
D:	10680.36	-7.458455	0.264268	-0.000192	-0.000192	-0.000192	-0.000192	0.264268	0.344893	-1.500000	0.692891	1.764268	0.018000	0.692891	-4.520466	4.332960	0.000000	0.000000	0.000000	0.000000	0.000000	0.000000	0.000000	0.000000	0.000000	0	0.000000	0	0	0.000000	-0.000000	0.000000	0.000000	0.000000	0.000000	0.000000	0.000000	4.479328	0.246363	0.000000
D:	10689.02	-7.369328	0.311901	-0.000192	-0.000192	-0.000192	-0.000192	0.311901	0.534467	-1.500000	0.361540	1.811901	0.019000	0.361540	-4.580269	4.332960	0.000000	0.000000	0.000000	0.000000	0.000000	0.000000	0.000000	0.000000	0.000000	0	0.000000	0	0	0.000000	-0.000000	0.000000	0.000000	0.000000	0.000000	0.000000	0.000000	4.479328	0.246363	0.000000
D:	10698.71	-7.369328	0.311901	-0.000192	-0.000192	-0.000192	-0.000192	0.311901	0.534467	-1.500000	0.361540	1.811901	0.019000	0.361540	-4.580269	4.546323	0.000000	0.000000	0.000000	0.000000	0.000000	0.000000	0.000000	0.000000	0.000000	0	0.000000	0	0	0.000000	-0.000000	0.000000	0.000000	0.000000	0.000000	0.000000	0.000000	4.479328	0.246363	0.000000
D:	10708.91	-7.650989	0.365968	-0.000192	-0.000192	-0.000192	-0.000192	0.365968	0.838143	-1.500000	0.526195	1.865968	0.019000	0.526195	-4.639670	4.546323	0.000000	0.000000	0.000000	0.000000	0.000000	0.000000	0.000000	0.000000	0.000000	0	0.000000	0	0	0.000000	-0.000000	0.000000	0.000000	0.000000	0.000000	0.000000	0.000000	4.760989	0.261854	0.000000
D:	10720.70	-7.650989	0.365968	-0.000192	-0.000192	-0.000192	-0.000192	0.422933	0.914982	-1.500000	0.820632	1.922933	0.019000	0.820632	-4.701241	4.526183	0.000000	0.000000	0.000000	0.000000	0.000000	0.000000	0.000000	0.000000	0.000000	0	0.000000	0	0	0.000000	-0.000000	0.000000	0.000000	0.000000	0.000000	0.000000	0.000000	4.812906	0.264710	0.000000
D:	10733.13	-7.702906	0.422933	-0.000192	-0.000192	-0.000192	-0.000192	0.422933	0.914982	-1.500000	0.820632	1.922933	0.018000	0.820632	-4.701241	4.526183	0.000000	0.000000	0.000000	0.000000	0.000000	0.000000	0.000000	0.000000	0.000000	0	0.000000	0	0	0.000000	-0.000000	0.000000	0.000000	0.000000	0.000000	0.000000	0.000000	4.812906	0.264710	0.000000
D:	10745.42	-7.445432	0.488369	-0.000192	-0.000192	-0.000192	-0.000192	0.488369	1.164346	-1.500000	0.909685	1.988369	0.018000	0.909685	-4.767400	4.197450	0.000000	0.000000	0.000000	0.000000	0.000000	0.000000	0.000000	0.000000	0.000000	0	0.000000	0	0	0.000000	-0.000000	0.000000	0.000000	0.000000	0.000000	0.000000	0.000000	4.555431	0.250549	0.000000
D:	10757.45	-7.445432	0.488369	-0.000192	-0.000192	-0.000192	-0.000192	0.488369	1.164346	-1.500000	0.909685	1.988369	0.018000	0.909685	-4.767400	4.197450	0.000000	0.000000	0.000000	0.000000	0.000000	0.000000	0.000000	0.000000	0.000000	0	0.000000	0	0	0.000000	-0.000000	0.000000	0.000000	0.000000	0.000000	0.000000	0.000000	4.555431	0.250549	0.000000
D:	10769.02	-7.899126	0.562694	-0.000192	-0.000192	-0.000192	-0.000192	0.562694	1.476022	-1.500000	1.152164	2.062694	0.019000	1.152164	-4.834801	4.616006	0.000000	0.000000	0.000000	0.000000	0.000000	0.000000	0.000000	0.000000	0.000000	0	0.000000	0	0	0.000000	-0.000000	0.000000	0.000000	0.000000	0.000000	0.000000	0.000000	5.009126	0.275502	0.000000
D:	10780.66	-7.899126	0.562694	-0.000192	-0.000192	-0.000192	-0.000192	0.562694	1.476022	-1.500000	1.152164	2.132237	0.019000	1.460531	-4.834801	4.957235	0.000000	0.000000	0.000000	0.000000	0.000000	0.000000	0.000000	0.000000	0.000000	0	0.000000	0	0	0.000000	-0.000000	0.000000	0.000000	0.000000	0.000000	0.000000	0.000000	5.409399	0.297517	0.000000
D:	10790.48	-8.299399	0.632237	-0.000192	-0.000192	-0.000192	-0.000192	0.632237	1.191690	-1.500000	1.460531	2.132237	0.019000	1.460531	-4.901613	4.957235	0.000000	0.000000	0.000000	0.000000	0.000000	0.000000	0.000000	0.000000	0.000000	0	0.000000	0	0	0.000000	-0.000000	0.000000	0.000000	0.000000	0.000000	0.000000	0.000000	5.409399	0.297517	0.000000
D:	10799.24	-8.299399	0.632237	-0.000192	-0.000192	-0.000192	-0.000192	0.632237	1.191690	-1.500000	1.460531	2.132237	0.019000	1.460531	-4.901613	4.957235	0.000000	0.000000	0.000000	0.000000	0.000000	0.000000	0.000000	0.000000	0.000000	0	0.000000	0	0	0.000000	-0.000000	0.000000	0.000000	0.000000	0.000000	0.000000	0.000000	5.409399	0.297517	0.000000
D:	10808.06	-8.056881	0.710290	-0.000192	-0.000192	-0.000192	-0.000192	0.710290	1.588860	-1.500000	1.206781	2.210290	0.018000	1.206781	-4.970540	4.634054	0.000000	0.000000	0.000000	0.000000	0.000000	0.000000	0.000000	0.000000	0.000000	0	0.000000	0	0	0.000000	-0.000000	0.000000	0.000000	0.000000	0.000000	0.000000	0.000000	5.166881	0.284178	0.000000
D:	10816.70	-8.056881	0.710290	-0.000192	-0.000192	-0.000192	-0.000192	0.710290	1.588860	-1.500000	1.206781	2.210290	0.018000	1.206781	-4.970540	4.634054	0.000000	0.000000	0.000000	0.000000	0.000000	0.000000	0.000000	0.000000	0.000000	0	0.000000	0	0	0.000000	-0.000000	0.000000	0.000000	0.000000	0.000000	0.000000	0.000000	5.166881	0.284178	0.000000
D:	10824.82	-8.056881	0.710290	-0.000192	-0.000192	-0.000192	-0.000192	0.782725	1.036378	-1.500000	1.567412	2.282725	0.018000	1.567412	-5.044012	4.678620	0.000000	0.000000	0.000000	0.000000	0.000000	0.000000	0.000000	0.000000	0.000000	0	0.000000	0	0	0.000000	-0.000000	0.000000	0.000000	0.000000	0.000000	0.000000	0.000000	5.276866	0.290228	0.000000
D:	10832.85	-8.166867	0.782725	-0.000192	-0.000192	-0.000192	-0.000192	0.782725	1.036378	-1.500000	1.567412	2.282725	0.018000	1.567412	-5.044012	4.678620	0.000000	0.000000	0.000000	0.000000	0.000000	0.000000	0.000000	0.000000	0.000000	0	0.000000	0	0	0.000000	-0.000000	0.000000	0.000000	0.000000	0.000000	0.000000	0.000000	5.276866	0.290228	0.000000
D:	10841.00	-8.166867	0.782725	-0.000192	-0.000192	-0.000192	-0.000192	0.782725	1.036378	-1.500000	1.567412	2.282725	0.018000	1.567412	-5.044012	4.678620	0.000000	0.000000	0.000000	0.000000	0.000000	0.000000	0.000000	0.000000	0.000000	0	0.000000	0	0	0.000000	-0.000000	0.000000	0.000000	0.000000	0.000000	0.000000	0.000000	5.276866	0.290228	0.000000
D:	10849.51	-8.837671	0.862880	-0.000192	-0.000192	-0.000192	-0.000192	0.862880	1.174944	-1.500000	1.061780	2.362880	0.019000	1.061780	-5.121509	5.289135	0.000000	0.000000	0.000000	0.000000	0.000000	0.000000	0.000000	0.000000	0.000000	0	0.000000	0	0	0.000000	-0.000000	0.000000	0.000000	0.000000	0.000000	0.000000	0.000000	5.947670	0.327122	0.000000
D:	10859.60	-8.837671	0.862880	-0.000192	-0.000192	-0.000192	-0.000192	0.862880	1.174944	-1.500000	1.061780	2.362880	0.019000	1.061780	-5.121509	5.289135	0.000000	0.000000	0.000000	0.000000	0.000000	0.000000	0.000000	0.000000	0.000000	0	0.000000	0	0	0.000000	-0.000000	0.000000	0.000000	0.000000	0.000000	0.000000	0.000000	5.947670	0.327122	0.000000
D:	10869.91	-8.649968	0.942793	-0.000192	-0.000192	-0.000192	-0.000192	0.942793	1.196596	-1.500000	1.169531	2.442793	0.019000	1.169531	-5.196596	4.994393	0.000000	0.000000	0.000000	0.000000	0.000000	0.000000	0.000000	0.000000	0.000000	0	0.000000	0	0	0.000000	-0.000000	0.000000	0.000000	0.000000	0.000000	0.000000	0.000000	5.759968	0.316798	0.000000
D:	10880.95	-8.649968	0.942793	-0.000192	-0.000192	-0.000192	-0.000192	0.942793	1.196596	-1.500000	1.169531	2.442793	0.019000	1.169531	-5.196596	5.291500	0.000000	0.000000	0.000000	0.000000	0.000000	0.000000	0.000000	0.000000	0.000000	0	0.000000	0	0	0.000000	-0.000000	0.000000	0.000000	0.000000	0.000000	0.000000	0.000000	6.139420	0.316798	0.000000
D:	10891.22	-9.029420	1.026850	-0.000192	-0.000192	-0.000192	-0.000192	1.026850	1.379698	-1.500000	1.195077	2.526850	0.018000	1.195077	-5.272828	5.291500	0.000000	0.000000	0.000000	0.000000	0.000000	0.000000	0.000000	0.000000	0.000000	0	0.000000	0	0	0.000000	-0.000000	0.000000	0.000000	0.000000	0.000000	0.000000	0.000000	6.139420	0.337668	0.000000
D:	10902.31	-9.029420	1.026850	-0.000192	-0.000192	-0.000192	-0.000192	1.026850	1.379698	-1.500000	1.369334	2.631442	0.018000	1.369334	-5.272828	5.226633	0.000000	0.000000	0.000000	0.000000	0.000000	0.000000	0.000000	0.000000	0.000000	0	0.000000	0	0	0.000000	-0.000000	0.000000	0.000000	0.000000	0.000000	0.000000	0.000000	6.169159	0.339304	0.000000
D:	10912.18	-9.059159	1.131442	-0.000192	-0.000192	-0.000192	-0.000192	1.131442	2.269416	-1.500000	1.369334	2.631442	0.018000	1.369334	-5.353385	5.226633	0.000000	0.000000	0.000000	0.000000	0.000000	0.000000	0.000000	0.000000	0.000000	0	0.000000	0	0	0.000000	-0.000000	0.000000	0.000000	0.000000	0.000000	0.000000	0.000000	6.169159	0.339304	0.000000
D:	10921.51	-9.059159	1.131442	-0.000192	-0.000192	-0.000192	-0.000192	1.131442	2.269416	-1.500000	1.369334	2.631442	0.018000	1.369334	-5.353385	5.156733	0.000000	0.000000	0.000000	0.000000	0.000000	0.000000	0.000000	0.000000	0.000000	0	0.000000	0	0	0.000000	-0.000000	0.000000	0.000000	0.000000	0.000000	0.000000	0.000000	6.169159	0.339304	0.000000
D:	10930.24	-9.086177	1.241219	-0.000192	-0.000192	-0.000192	-0.000192	1.241219	2.298067	-1.500000	2.226360	2.741219	0.019000	2.226360	-5.435471	5.156734	0.000000	0.000000	0.000000	0.000000	0.000000	0.000000	0.000000	0.000000	0.000000	0	0.000000	0	0	0.000000	-0.000000	0.000000	0.000000	0.000000	0.000000	0.000000	0.000000	6.196177	0.340790	0.000000
D:	10939.05	-9.086177	1.241219	-0.000192	-0.000192	-0.000192	-0.000192	1.241219	2.298067	-1.500000	2.226360	2.741219	0.019000	2.226360	-5.435471	5.156734	0.000000	0.000000	0.000000	0.000000	0.000000	0.000000	0.000000	0.000000	0.000000	0	0.000000	0	0	0.000000	-0.000000	0.000000	0.000000	0.000000	0.000000	0.000000	0.000000	6.196177	0.340790	0.000000
D:	10948.27	-9.349321	1.368602	-0.000192	-0.000192	-0.000192	-0.000192	1.368602	2.823053	-1.500000	2.294636	2.868602	0.019000	2.294636	-5.525343	5.340279	0.000000	0.000000	0.000000	0.000000	0.000000	0.000000	0.000000	0.000000	0.000000	0	0.000000	0	0	0.000000	-0.000000	0.000000	0.000000	0.000000	0.000000	0.000000	0.000000	6.459321	0.355263	0.000000
D:	10957.85	-9.349321	1.368602	-0.000192	-0.000192	-0.000192	-0.000192	1.368602	2.823053	-1.500000	2.294636	2.868602	0.019000	2.294636	-5.525343	5.340279	0.000000	0.000000	0.000000	0.000000	0.000000	0.000000	0.000000	0.000000	0.000000	0	0.000000	0	0	0.000000	-0.000000	0.000000	0.000000	0.000000	0.000000	0.000000	0.000000	6.459321	0.355263	0.000000
D:	10966.96	-9.349321	1.368602	-0.000192	-0.000192	-0.000192	-0.000192	1.420913	-1.486923	-1.500000	2.793390	2.920913	0.019000	2.793390	-5.619947	5.349097	0.000000	0.000000	0.000000	0.000000	0.000000	0.000000	0.000000	0.000000	0.000000	0	0.000000	0	0	0.000000	-0.000000	0.000000	0.000000	0.000000	0.000000	0.000000	0.000000	6.588158	0.362349	0.000000
D:	10976.17	-9.478158	1.420913	-0.000192	-0.000192	-0.000192	-0.000192	1.420913	-1.486923	-1.500000	2.793390	2.920913	0.018000	2.793390	-5.619947	5.349097	0.000000	0.000000	0.000000	0.000000	0.000000	0.000000	0.000000	0.000000	0.000000	0	0.000000	0	0	0.000000	-0.000000	0.000000	0.000000	0.000000	0.000000	0.000000	0.000000	6.588158	0.362349	0.000000
D:	10985.00	-9.478158	1.420913	-0.000192	-0.000192	-0.000192	-0.000192	1.514716	1.096386	-1.500000	-1.246648	3.014716	0.018000	-1.246648	-5.707073	5.340372	0.000000	0.000000	0.000000	0.000000	0.000000	0.000000	0.000000	0.000000	0.000000	0	0.000000	0	0	0.000000	-0.000000	0.000000	0.000000	0.000000	0.000000	0.000000	0.000000	6.639297	0.365161	0.000000
D:	10993.87	-9.529297	1.514716	-0.000192	-0.000192	-0.000192	-0.000192	1.514716	1.096386	-1.500000	-1.246648	3.014716	0.018000	-1.246648	-5.707073	5.340372	0.000000	0.000000	0.000000	0.000000	0.000000	0.000000	0.000000	0.000000	0.000000	0	0.000000	0	0	0.000000	-0.000000	0.000000	0.000000	0.000000	0.000000	0.000000	0.000000	6.639297	0.365161	0.000000
D:	11003.91	-9.529297	1.514716	-0.000192	-0.000192	-0.000192	-0.000192	1.613874	1.111617	-1.500000	0.964860	3.113874	0.018000	0.964860	-5.798640	5.342228	0.000000	0.000000	0.000000	0.000000	0.000000	0.000000	0.000000	0.000000	0.000000	0	0.000000	0	0	0.000000	-0.000000	0.000000	0.000000	0.000000	0.000000	0.000000	0.000000	6.680233	0.367413	0.000000
D:	11014.89	-9.570234	1.613874	-0.000192	-0.000192	-0.000192	-0.000192	1.613874	1.111617	-1.500000	0.964860	3.113874	0.018000	0.964860	-5.798640	5.342228	0.000000	0.000000	0.000000	0.000000	0.000000	0.000000	0.000000	0.000000	0.000000	0	0.000000	0	0	0.000000	-0.000000	0.000000	0.000000	0.000000	0.000000	0.000000	0.000000	6.680233	0.367413	0.000000
D:	11027.13	-9.570234	1.613874	-0.000192	-0.000192	-0.000192	-0.000192	1.722509	1.522960	-1.500000	1.104597	3.222509	0.018000	1.104597	-5.889373	5.494674	0.000000	0.000000	0.000000	0.000000	0.000000	0.000000	0.000000	0.000000	0.000000	0	0.000000	0	0	0.000000	-0.000000	0.000000	0.000000	0.000000	0.000000	0.000000	0.000000	6.770383	0.372371	0.000000
D:	11038.55	-9.660383	1.722509	-0.000192	-0.000192	-0.000192	-0.000192	1.722509	1.522960	-1.500000	1.104597	3.222509	0.019000	1.104597	-5.889373	5.494674	0.000000	0.000000	0.000000	0.000000	0.000000	0.000000	0.000000	0.000000	0.000000	0	0.000000	0	0	0.000000	-0.000000	0.000000	0.000000	0.000000	0.000000	0.000000	0.000000	6.770383	0.372371	0.000000
D:	11050.69	-9.359638	1.847716	-0.000192	-0.000192	-0.000192	-0.000192	1.847716	2.543146	-1.500000	1.499476	3.347716	0.018000	1.499476	-5.978261	5.309119	0.000000	0.000000	0.000000	0.000000	0.000000	0.000000	0.000000	0.000000	0.000000	0	0.000000	0	0	0.000000	-0.000000	0.000000	0.000000	0.000000	0.000000	0.000000	0.000000	6.469638	0.355830	0.000000
D:	11062.53	-9.359638	1.847716	-0.000192	-0.000192	-0.000192	-0.000192	1.847716	2.543146	-1.500000	2.484560	3.492523	0.018000	2.484560	-5.978261	5.738339	0.000000	0.000000	0.000000	0.000000	0.000000	0.000000	0.000000	0.000000	0.000000	0	0.000000	0	0	0.000000	-0.000000	0.000000	0.000000	0.000000	0.000000	0.000000	0.000000	6.796034	0.373782	0.000000
D:	11074.07	-9.686034	1.992523	-0.000192	-0.000192	-0.000192	-0.000192	1.992523	3.151625	-1.500000	2.484560	3.492523	0.018000	2.484560	-6.075289	5.738339	0.000000	0.000000	0.000000	0.000000	0.000000	0.000000	0.000000	0.000000	0.000000	0	0.000000	0	0	0.000000	-0.000000	0.000000	0.000000	0.000000	0.000000	0.000000	0.000000	6.796034	0.373782	0.000000
D:	11085.32	-9.686034	1.992523	-0.000192	-0.000192	-0.000192	-0.000192	2.143380	3.266746	-1.500000	3.114179	3.643380	0.018000	3.114179	-6.175143	6.556115	0.000000	0.000000	0.000000	0.000000	0.000000	0.000000	0.000000	0.000000	0.000000	0	0.000000	0	0	0.000000	-0.000000	0.000000	0.000000	0.000000	0.000000	0.000000	0.000000	7.651984	0.420859	0.000000
D:	11096.59	-10.541984	2.143380	-0.000192	-0.000192	-0.000192	-0.000192	2.143380	3.266746	-1.500000	3.114179	3.643380	0.018000	3.114179	-6.175143	6.556115	0.000000	0.000000	0.000000	0.000000	0.000000	0.000000	0.000000	0.000000	0.000000	0	0.000000	0	0	0.000000	-0.000000	0.000000	0.000000	0.000000	0.000000	0.000000	0.000000	7.651984	0.420859	0.000000
D:	11108.04	-10.541984	2.143380	-0.000192	-0.000192	-0.000192	-0.000192	2.288840	2.770514	-1.500000	3.259448	3.788840	0.018000	3.259448	-6.274331	6.267548	0.000000	0.000000	0.000000	0.000000	0.000000	0.000000	0.000000	0.000000	0.000000	0	0.000000	0	0	0.000000	-0.000000	0.000000	0.000000	0.000000	0.000000	0.000000	0.000000	7.489840	0.411941	0.000000
D:	11118.69	-10.379840	2.288840	-0.000192	-0.000192	-0.000192	-0.000192	2.288840	2.770514	-1.500000	3.259448	3.788840	0.019000	3.259448	-6.274331	6.267548	0.000000	0.000000	0.000000	0.000000	0.000000	0.000000	0.000000	0.000000	0.000000	0	0.000000	0	0	0.000000	-0.000000	0.000000	0.000000	0.000000	0.000000	0.000000	0.000000	7.489840	0.411941	0.000000
D:	11127.48	-10.379840	2.288840	-0.000192	-0.000192	-0.000192	-0.000192	2.431197	2.566301	-1.500000	2.797960	3.931197	0.019000	2.797960	-6.375461	6.433781	0.000000	0.000000	0.000000	0.000000	0.000000	0.000000	0.000000	0.000000	0.000000	0	0.000000	0	0	0.000000	-0.000000	0.000000	0.000000	0.000000	0.000000	0.000000	0.000000	7.788250	0.428354	0.000000
D:	11136.66	-10.678250	2.431197	-0.000192	-0.000192	-0.000192	-0.000192	2.431197	2.566301	-1.500000	2.797960	3.931197	0.018000	2.797960	-6.375461	6.433781	0.000000	0.000000	0.000000	0.000000	0.000000	0.000000	0.000000	0.000000	0.000000	0	0.000000	0	0	0.000000	-0.000000	0.000000	0.000000	0.000000	0.000000	0.000000	0.000000	7.788250	0.428354	0.000000
D:	11144.74	-10.678250	2.431197	-0.000192	-0.000192	-0.000192	-0.000192	2.431197	2.566301	-1.500000	2.797960	3.931197	0.018000	2.797960	-6.375461	6.191424	0.000000	0.000000	0.000000	0.000000	0.000000	0.000000	0.000000	0.000000	0.000000	0	0.000000	0	0	0.000000	-0.000000	0.000000	0.000000	0.000000	0.000000	0.000000	0.000000	7.707826	0.423930	0.000000
D:	11153.56	-10.597826	2.590998	-0.000192	-0.000192	-0.000192	-0.000192	2.590998	3.198951	-1.500000	2.579305	4.090998	0.018000	2.579305	-6.481394	6.191424	0.000000	0.000000	0.000000	0.000000	0.000000	0.000000	0.000000	0.000000	0.000000	0	0.000000	0	0	0.000000	-0.000000	0.000000	0.000000	0.000000	0.000000	0.000000	0.000000	7.707826	0.423930	0.000000
D:	11162.84	-10.597826	2.590998	-0.000192	-0.000192	-0.000192	-0.000192	2.590998	3.198951	-1.500000	2.579305	4.090998	0.018000	2.579305	-6.481394	6.191424	0.000000	0.000000	0.000000	0.000000	0.000000	0.000000	0.000000	0.000000	0.000000	0	0.000000	0	0	0.000000	-0.000000	0.000000	0.000000	0.000000	0.000000	0.000000	0.000000	7.707826	0.423930	0.000000
D:	11171.15	-11.010421	2.736615	-0.000192	-0.000192	-0.000192	-0.000192	2.736615	2.140401	-1.500000	3.164167	4.236615	0.018000	3.164167	-6.590783	6.363880	0.000000	0.000000	0.000000	0.000000	0.000000	0.000000	0.000000	0.000000	0.000000	0	0.000000	0	0	0.000000	-0.000000	0.000000	0.000000	0.000000	0.000000	0.000000	0.000000	8.120421	0.446623	0.000000
D:	11179.72	-11.010421	2.736615	-0.000192	-0.000192	-0.000192	-0.000192	2.736615	2.140401	-1.500000	3.164167	4.236615	0.018000	3.164167	-6.590783	6.363880	0.000000	0.000000	0.000000	0.000000	0.000000	0.000000	0.000000	0.000000	0.000000	0	0.000000	0	0	0.000000	-0.000000	0.000000	0.000000	0.000000	0.000000	0.000000	0.000000	8.120421	0.446623	0.000000
D:	11188.06	-11.010421	2.736615	-0.000192	-0.000192	-0.000192	-0.000192	2.890658	2.439714	-1.500000	2.189373	4.390658	0.018000	2.189373	-6.699256	6.261133	0.000000	0.000000	0.000000	0.000000	0.000000	0.000000	0.000000	0.000000	0.000000	0	0.000000	0	0	0.000000	-0.000000	0.000000	0.000000	0.000000	0.000000	0.000000	0.000000	8.296687	0.456318	0.000000
D:	11197.08	-11.186688	2.890658	-0.000192	-0.000192	-0.000192	-0.000192	2.890658	2.439714	-1.500000	2.189373	4.390658	0.019000	2.189373	-6.699256	6.261133	0.000000	0.000000	0.000000	0.000000	0.000000	0.000000	0.000000	0.000000	0.000000	0	0.000000	0	0	0.000000	-0.000000	0.000000	0.000000	0.000000	0.000000	0.000000	0.000000	8.296687	0.456318	0.000000
D:	11205.83	-11.186688	2.890658	-0.000192	-0.000192	-0.000192	-0.000192	2.890658	2.172607	-1.500000	2.427739	4.539680	0.019000	2.427739	-6.699256	6.187413	0.000000	0.000000	0.000000	0.000000	0.000000	0.000000	0.000000	0.000000	0.000000	0	0.000000	0	0	0.000000	-0.000000	0.000000	0.000000	0.000000	0.000000	0.000000	0.000000	8.431111	0.463711	0.000000
D:	11215.09	-11.321111	3.039680	-0.000192	-0.000192	-0.000192	-0.000192	3.039680	2.172607	-1.500000	2.427739	4.539680	0.019000	2.427739	-6.806195	6.187413	0.000000	0.000000	0.000000	0.000000	0.000000	0.000000	0.000000	0.000000	0.000000	0	0.000000	0	0	0.000000	-0.000000	0.000000	0.000000	0.000000	0.000000	0.000000	0.000000	8.431111	0.463711	0.000000
D:	11222.93	-11.321111	3.039680	-0.000192	-0.000192	-0.000192	-0.000192	3.039680	2.172607	-1.500000	2.427739	4.539680	0.019000	2.427739	-6.806195	6.187413	0.000000	0.000000	0.000000	0.000000	0.000000	0.000000	0.000000	0.000000	0.000000	0	0.000000	0	0	0.000000	-0.000000	0.000000	0.000000	0.000000	0.000000	0.000000	0.000000	8.431111	0.463711	0.000000
D:	11231.45	-11.301058	3.207672	-0.000192	-0.000192	-0.000192	-0.000192	3.207672	3.391702	-1.500000	2.186929	4.707672	0.018000	2.186929	-6.910786	6.083677	0.000000	0.000000	0.000000	0.000000	0.000000	0.000000	0.000000	0.000000	0.000000	0	0.000000	0	0	0.000000	-0.000000	0.000000	0.000000	0.000000	0.000000	0.000000	0.000000	8.411058	0.462608	0.000000
D:	11240.45	-11.301058	3.207672	-0.000192	-0.000192	-0.000192	-0.000192	3.207672	3.391702	-1.500000	2.186929	4.707672	0.018000	2.186929	-6.910786	6.083677	0.000000	0.000000	0.000000	0.000000	0.000000	0.000000	0.000000	0.000000	0.000000	0	0.000000	0	0	0.000000	-0.000000	0.000000	0.000000	0.000000	0.000000	0.000000	0.000000	8.411058	0.462608	0.000000
D:	11249.63	-11.301058	3.207672	-0.000192	-0.000192	-0.000192	-0.000192	3.385047	3.269425	-1.500000	3.324073	4.885047	0.018000	3.324073	-7.025150	5.989497	0.000000	0.000000	0.000000	0.000000	0.000000	0.000000	0.000000	0.000000	0.000000	0	0.000000	0	0	0.000000	-0.000000	0.000000	0.000000	0.000000	0.000000	0.000000	0.000000	8.374979	0.460624	0.000000
D:	11259.27	-11.264979	3.385047	-0.000192	-0.000192	-0.000192	-0.000192	3.385047	3.269425	-1.500000	3.324073	4.885047	0.018000	3.324073	-7.025150	5.989497	0.000000	0.000000	0.000000	0.000000	0.000000	0.000000	0.000000	0.000000	0.000000	0	0.000000	0	0	0.000000	-0.000000	0.000000	0.000000	0.000000	0.000000	0.000000	0.000000	8.374979	0.460624	0.000000
D:	11268.36	-11.264979	3.385047	-0.000192	-0.000192	-0.000192	-0.000192	3.600758	4.560277	-1.500000	3.272039	5.100758	0.018000	3.272039	-7.148064	5.454469	0.000000	0.000000	0.000000	0.000000	0.000000	0.000000	0.000000	0.000000	0.000000	0	0.000000	0	0	0.000000	-0.000000	0.000000	0.000000	0.000000	0.000000	0.000000	0.000000	7.926983	0.435984	0.000000
D:	11278.62	-10.816983	3.600758	-0.000192	-0.000192	-0.000192	-0.000192	3.600758	4.560277	-1.500000	3.272039	5.100758	0.019000	3.272039	-7.148064	5.454469	0.000000	0.000000	0.000000	0.000000	0.000000	0.000000	0.000000	0.000000	0.000000	0	0.000000	0	0	0.000000	-0.000000	0.000000	0.000000	0.000000	0.000000	0.000000	0.000000	7.926983	0.435984	0.000000
D:	11289.14	-10.816983	3.600758	-0.000192	-0.000192	-0.000192	-0.000192	3.796219	3.625724	-1.500000	4.498655	5.296219	0.019000	4.498655	-7.266945	5.330519	0.000000	0.000000	0.000000	0.000000	0.000000	0.000000	0.000000	0.000000	0.000000	0	0.000000	0	0	0.000000	-0.000000	0.000000	0.000000	0.000000	0.000000	0.000000	0.000000	7.898698	0.434428	0.000000
D:	11298.50	-10.788698	3.796219	-0.000192	-0.000192	-0.000192	-0.000192	3.796219	3.625724	-1.500000	4.498655	5.296219	0.019000	4.498655	-7.266945	5.330519	0.000000	0.000000	0.000000	0.000000	0.000000	0.000000	0.000000	0.000000	0.000000	0	0.000000	0	0	0.000000	-0.000000	0.000000	0.000000	0.000000	0.000000	0.000000	0.000000	7.898698	0.434428	0.000000
D:	11307.60	-10.788698	3.796219	-0.000192	-0.000192	-0.000192	-0.000192	3.973154	2.728855	-1.500000	3.674725	5.473154	0.019000	3.674725	-7.385344	5.528303	0.000000	0.000000	0.000000	0.000000	0.000000	0.000000	0.000000	0.000000	0.000000	0	0.000000	0	0	0.000000	-0.000000	0.000000	0.000000	0.000000	0.000000	0.000000	0.000000	8.205192	0.451286	0.000000
D:	11316.50	-11.095192	3.973154	-0.000192	-0.000192	-0.000192	-0.000192	3.973154	2.728855	-1.500000	3.674725	5.473154	0.018000	3.674725	-7.385344	5.528303	0.000000	0.000000	0.000000	0.000000	0.000000	0.000000	0.000000	0.000000	0.000000	0	0.000000	0	0	0.000000	-0.000000	0.000000	0.000000	0.000000	0.000000	0.000000	0.000000	8.205192	0.451286	0.000000
D:	11325.51	-11.095192	3.973154	-0.000192	-0.000192	-0.000192	-0.000192	3.973154	2.728855	-1.500000	3.674725	5.473154	0.018000	3.674725	-7.385344	5.262678	0.000000	0.000000	0.000000	0.000000	0.000000	0.000000	0.000000	0.000000	0.000000	0	0.000000	0	0	0.000000	-0.000000	0.000000	0.000000	0.000000	0.000000	0.000000	0.000000	8.205192	0.451286	0.000000
D:	11334.56	-10.902022	4.181603	-0.000192	-0.000192	-0.000192	-0.000192	4.181603	4.193975	-1.500000	2.781952	5.681603	0.018000	2.781952	-7.506952	5.262678	0.000000	0.000000	0.000000	0.000000	0.000000	0.000000	0.000000	0.000000	0.000000	0	0.000000	0	0	0.000000	-0.000000	0.000000	0.000000	0.000000	0.000000	0.000000	0.000000	8.012022	0.440661	0.000000
D:	11343.85	-10.902022	4.181603	-0.000192	-0.000192	-0.000192	-0.000192	4.181603	4.193975	-1.500000	2.781952	5.681603	0.018000	2.781952	-7.506952	5.262678	0.000000	0.000000	0.000000	0.000000	0.000000	0.000000	0.000000	0.000000	0.000000	0	0.000000	0	0	0.000000	-0.000000	0.000000	0.000000	0.000000	0.000000	0.000000	0.000000	8.012022	0.440661	0.000000
D:	11353.13	-10.900592	4.412943	-0.000192	-0.000192	-0.000192	-0.000192	4.412943	4.906539	-1.500000	4.126431	5.912943	0.019000	4.126431	-7.631730	5.183373	0.000000	0.000000	0.000000	0.000000	0.000000	0.000000	0.000000	0.000000	0.000000	0	0.000000	0	0	0.000000	-0.000000	0.000000	0.000000	0.000000	0.000000	0.000000	0.000000	8.010592	0.440583	0.000000
D:	11362.26	-10.900592	4.412943	-0.000192	-0.000192	-0.000192	-0.000192	4.412943	4.906539	-1.500000	4.126431	5.912943	0.019000	4.126431	-7.631730	5.183373	0.000000	0.000000	0.000000	0.000000	0.000000	0.000000	0.000000	0.000000	0.000000	0	0.000000	0	0	0.000000	-0.000000	0.000000	0.000000	0.000000	0.000000	0.000000	0.000000	8.010592	0.440583	0.000000
D:	11371.20	-10.852652	4.629437	-0.000192	-0.000192	-0.000192	-0.000192	4.629437	4.083838	-1.500000	4.869223	6.129437	0.019000	4.869223	-7.755594	5.039867	0.000000	0.000000	0.000000	0.000000	0.000000	0.000000	0.000000	0.000000	0.000000	0	0.000000	0	0	0.000000	-0.000000	0.000000	0.000000	0.000000	0.000000	0.000000	0.000000	7.962652	0.437946	0.000000
D:	11380.18	-10.852652	4.629437	-0.000192	-0.000192	-0.000192	-0.000192	4.629437	4.083838	-1.500000	4.869223	6.129437	0.019000	4.869223	-7.755594	5.039867	0.000000	0.000000	0.000000	0.000000	0.000000	0.000000	0.000000	0.000000	0.000000	0	0.000000	0	0	0.000000	-0.000000	0.000000	0.000000	0.000000	0.000000	0.000000	0.000000	7.962652	0.437946	0.000000
D:	11388.57	-10.852652	4.629437	-0.000192	-0.000192	-0.000192	-0.000192	4.862425	4.672892	-1.500000	4.127926	6.362425	0.019000	4.127926	-7.886633	5.056199	0.000000	0.000000	0.000000	0.000000	0.000000	0.000000	0.000000	0.000000	0.000000	0	0.000000	0	0	0.000000	-0.000000	0.000000	0.000000	0.000000	0.000000	0.000000	0.000000	8.109188	0.446005	0.000000
D:	11397.62	-10.999188	4.862425	-0.000192	-0.000192	-0.000192	-0.000192	4.862425	4.672892	-1.500000	4.127926	6.362425	0.018000	4.127926	-7.886633	5.056199	0.000000	0.000000	0.000000	0.000000	0.000000	0.000000	0.000000	0.000000	0.000000	0	0.000000	0	0	0.000000	-0.000000	0.000000	0.000000	0.000000	0.000000	0.000000	0.000000	8.109188	0.446005	0.000000
D:	11407.01	-10.999188	4.862425	-0.000192	-0.000192	-0.000192	-0.000192	4.862425	4.672892	-1.500000	4.127926	6.362425	0.018000	4.127926	-7.886633	4.788748	0.000000	0.000000	0.000000	0.000000	0.000000	0.000000	0.000000	0.000000	0.000000	0	0.000000	0	0	0.000000	-0.000000	0.000000	0.000000	0.000000	0.000000	0.000000	0.000000	7.984963	0.439173	0.000000
D:	11415.35	-10.874964	5.090604	-0.000192	-0.000192	-0.000192	-0.000192	5.090604	4.149888	-1.500000	4.642301	6.590604	0.018000	4.642301	-8.020117	4.788748	0.000000	0.000000	0.000000	0.000000	0.000000	0.000000	0.000000	0.000000	0.000000	0	0.000000	0	0	0.000000	-0.000000	0.000000	0.000000	0.000000	0.000000	0.000000	0.000000	7.984963	0.439173	0.000000
D:	11423.63	-10.874964	5.090604	-0.000192	-0.000192	-0.000192	-0.000192	5.090604	4.149888	-1.500000	4.642301	6.590604	0.018000	4.642301	-8.020117	4.788748	0.000000	0.000000	0.000000	0.000000	0.000000	0.000000	0.000000	0.000000	0.000000	0	0.000000	0	0	0.000000	-0.000000	0.000000	0.000000	0.000000	0.000000	0.000000	0.000000	7.984963	0.439173	0.000000
D:	11431.76	-10.862560	5.090604	-0.000192	-0.000192	-0.000192	-0.000192	5.314823	3.769619	-1.500000	4.173442	6.814823	0.018000	4.173442	-8.151298	4.627629	0.000000	0.000000	0.000000	0.000000	0.000000	0.000000	0.000000	0.000000	0.000000	0	0.000000	0	0	0.000000	-0.000000	0.000000	0.000000	0.000000	0.000000	0.000000	0.000000	7.972560	0.438491	0.000000
D:	11439.89	-10.862560	5.314823	-0.000192	-0.000192	-0.000192	-0.000192	5.314823	3.769619	-1.500000	4.173442	6.814823	0.019000	4.173442	-8.151298	4.627629	0.000000	0.000000	0.000000	0.000000	0.000000	0.000000	0.000000	0.000000	0.000000	0	0.000000	0	0	0.000000	-0.000000	0.000000	0.000000	0.000000	0.000000	0.000000	0.000000	7.972560	0.438491	0.000000
D:	11448.43	-10.862560	5.314823	-0.000192	-0.000192	-0.000192	-0.000192	5.314823	3.769619	-1.500000	3.788936	7.046949	0.019000	3.788936	-8.151298	4.595593	0.000000	0.000000	0.000000	0.000000	0.000000	0.000000	0.000000	0.000000	0.000000	0	0.000000	0	0	0.000000	-0.000000	0.000000	0.000000	0.000000	0.000000	0.000000	0.000000	8.087241	0.444798	0.000000
D:	11456.83	-10.977241	5.546949	-0.000192	-0.000192	-0.000192	-0.000192	5.546949	4.286879	-1.500000	3.788936	7.046949	0.019000	3.788936	-8.279245	4.595593	0.000000	0.000000	0.000000	0.000000	0.000000	0.000000	0.000000	0.000000	0.000000	0	0.000000	0	0	0.000000	-0.000000	0.000000	0.000000	0.000000	0.000000	0.000000	0.000000	8.087241	0.444798	0.000000
D:	11465.90	-10.977241	5.546949	-0.000192	-0.000192	-0.000192	-0.000192	5.546949	4.286879	-1.500000	3.788936	7.046949	0.019000	3.788936	-8.279245	4.508962	0.000000	0.000000	0.000000	0.000000	0.000000	0.000000	0.000000	0.000000	0.000000	0	0.000000	0	0	0.000000	-0.000000	0.000000	0.000000	0.000000	0.000000	0.000000	0.000000	8.087241	0.444798	0.000000
D:	11475.36	-11.011409	5.784786	-0.000192	-0.000192	-0.000192	-0.000192	5.784786	4.246679	-1.500000	4.258927	7.284786	0.018000	4.258927	-8.414618	4.508961	0.000000	0.000000	0.000000	0.000000	0.000000	0.000000	0.000000	0.000000	0.000000	0	0.000000	0	0	0.000000	-0.000000	0.000000	0.000000	0.000000	0.000000	0.000000	0.000000	8.121408	0.446677	0.000000
D:	11484.44	-11.011409	5.784786	-0.000192	-0.000192	-0.000192	-0.000192	5.784786	4.246679	-1.500000	4.258927	7.284786	0.018000	4.258927	-8.414618	4.508961	0.000000	0.000000	0.000000	0.000000	0.000000	0.000000	0.000000	0.000000	0.000000	0	0.000000	0	0	0.000000	-0.000000	0.000000	0.000000	0.000000	0.000000	0.000000	0.000000	8.121408	0.446677	0.000000
D:	11492.71	-11.016415	6.028791	-0.000192	-0.000192	-0.000192	-0.000192	6.028791	4.782228	-1.500000	4.247367	7.528791	0.018000	4.247367	-8.545587	4.421595	0.000000	0.000000	0.000000	0.000000	0.000000	0.000000	0.000000	0.000000	0.000000	0	0.000000	0	0	0.000000	-0.000000	0.000000	0.000000	0.000000	0.000000	0.000000	0.000000	8.126414	0.446953	0.000000
D:	11500.87	-11.016415	6.028791	-0.000192	-0.000192	-0.000192	-0.000192	6.028791	4.782228	-1.500000	4.247367	7.528791	0.018000	4.247367	-8.545587	4.421595	0.000000	0.000000	0.000000	0.000000	0.000000	0.000000	0.000000	0.000000	0.000000	0	0.000000	0	0	0.000000	-0.000000	0.000000	0.000000	0.000000	0.000000	0.000000	0.000000	8.126414	0.446953	0.000000
D:	11509.02	-11.016415	6.028791	-0.000192	-0.000192	-0.000192	-0.000192	6.028791	4.782228	-1.500000	4.752204	7.788979	0.018000	4.752204	-8.545587	4.316644	0.000000	0.000000	0.000000	0.000000	0.000000	0.000000	0.000000	0.000000	0.000000	0	0.000000	0	0	0.000000	-0.000000	0.000000	0.000000	0.000000	0.000000	0.000000	0.000000	8.092530	0.445089	0.000000
D:	11517.36	-10.982531	6.288979	-0.000192	-0.000192	-0.000192	-0.000192	6.288979	5.178702	-1.500000	4.752204	7.788979	0.018000	4.752204	-8.682519	4.316644	0.000000	0.000000	0.000000	0.000000	0.000000	0.000000	0.000000	0.000000	0.000000	0	0.000000	0	0	0.000000	-0.000000	0.000000	0.000000	0.000000	0.000000	0.000000	0.000000	8.092530	0.445089	0.000000
D:	11525.87	-10.982531	6.288979	-0.000192	-0.000192	-0.000192	-0.000192	6.288979	5.178702	-1.500000	4.752204	7.788979	0.018000	4.752204	-8.682519	4.316644	0.000000	0.000000	0.000000	0.000000	0.000000	0.000000	0.000000	0.000000	0.000000	0	0.000000	0	0	0.000000	-0.000000	0.000000	0.000000	0.000000	0.000000	0.000000	0.000000	8.092530	0.445089	0.000000
D:	11534.64	-11.251991	6.547200	-0.000192	-0.000192	-0.000192	-0.000192	6.547200	4.757602	-1.500000	5.158301	8.047200	0.019000	5.158301	-8.818671	4.495406	0.000000	0.000000	0.000000	0.000000	0.000000	0.000000	0.000000	0.000000	0.000000	0	0.000000	0	0	0.000000	-0.000000	0.000000	0.000000	0.000000	0.000000	0.000000	0.000000	8.361991	0.459909	0.000000
D:	11543.20	-11.251991	6.547200	-0.000192	-0.000192	-0.000192	-0.000192	6.547200	4.757602	-1.500000	5.158301	8.047200	0.019000	5.158301	-8.818671	4.495406	0.000000	0.000000	0.000000	0.000000	0.000000	0.000000	0.000000	0.000000	0.000000	0	0.000000	0	0	0.000000	-0.000000	0.000000	0.000000	0.000000	0.000000	0.000000	0.000000	8.361991	0.459909	0.000000
D:	11552.14	-11.251991	6.547200	-0.000192	-0.000192	-0.000192	-0.000192	6.825646	5.527053	-1.500000	4.780096	8.325646	0.019000	4.780096	-8.962167	4.166129	0.000000	0.000000	0.000000	0.000000	0.000000	0.000000	0.000000	0.000000	0.000000	0	0.000000	0	0	0.000000	-0.000000	0.000000	0.000000	0.000000	0.000000	0.000000	0.000000	8.091564	0.445036	0.000000
D:	11560.89	-10.981564	6.825646	-0.000192	-0.000192	-0.000192	-0.000192	6.825646	5.527053	-1.500000	4.780096	8.325646	0.018000	4.780096	-8.962167	4.166129	0.000000	0.000000	0.000000	0.000000	0.000000	0.000000	0.000000	0.000000	0.000000	0	0.000000	0	0	0.000000	-0.000000	0.000000	0.000000	0.000000	0.000000	0.000000	0.000000	8.091564	0.445036	0.000000
D:	11569.08	-10.981564	6.825646	-0.000192	-0.000192	-0.000192	-0.000192	6.825646	5.527053	-1.500000	5.485122	8.600524	0.018000	5.485122	-8.962167	4.088859	0.000000	0.000000	0.000000	0.000000	0.000000	0.000000	0.000000	0.000000	0.000000	0	0.000000	0	0	0.000000	-0.000000	0.000000	0.000000	0.000000	0.000000	0.000000	0.000000	8.073595	0.444048	0.000000
D:	11578.20	-10.963596	7.100524	-0.000192	-0.000192	-0.000192	-0.000192	7.100524	5.634123	-1.500000	5.485122	8.600524	0.018000	5.485122	-9.099772	4.088859	0.000000	0.000000	0.000000	0.000000	0.000000	0.000000	0.000000	0.000000	0.000000	0	0.000000	0	0	0.000000	-0.000000	0.000000	0.000000	0.000000	0.000000	0.000000	0.000000	8.073595	0.444048	0.000000
D:	11587.82	-10.963596	7.100524	-0.000192	-0.000192	-0.000192	-0.000192	7.100524	5.634123	-1.500000	5.485122	8.600524	0.018000	5.485122	-9.099772	3.722334	0.000000	0.000000	0.000000	0.000000	0.000000	0.000000	0.000000	0.000000	0.000000	0	0.000000	0	0	0.000000	-0.000000	0.000000	0.000000	0.000000	0.000000	0.000000	0.000000	7.752028	0.426362	0.000000
D:	11597.18	-10.642028	7.385750	-0.000192	-0.000192	-0.000192	-0.000192	7.385750	5.467773	-1.500000	5.625759	8.885750	0.018000	5.625759	-9.246398	3.722334	0.000000	0.000000	0.000000	0.000000	0.000000	0.000000	0.000000	0.000000	0.000000	0	0.000000	0	0	0.000000	-0.000000	0.000000	0.000000	0.000000	0.000000	0.000000	0.000000	7.752028	0.426362	0.000000
D:	11605.61	-10.642028	7.385750	-0.000192	-0.000192	-0.000192	-0.000192	7.385750	5.467773	-1.500000	5.625759	8.885750	0.018000	5.625759	-9.246398	3.722334	0.000000	0.000000	0.000000	0.000000	0.000000	0.000000	0.000000	0.000000	0.000000	0	0.000000	0	0	0.000000	-0.000000	0.000000	0.000000	0.000000	0.000000	0.000000	0.000000	7.752028	0.426362	0.000000
D:	11614.02	-10.256176	7.687803	-0.000192	-0.000192	-0.000192	-0.000192	7.687803	5.890298	-1.500000	5.475330	9.187803	0.019000	5.475330	-9.394115	3.302668	0.000000	0.000000	0.000000	0.000000	0.000000	0.000000	0.000000	0.000000	0.000000	0	0.000000	0	0	0.000000	-0.000000	0.000000	0.000000	0.000000	0.000000	0.000000	0.000000	7.366176	0.405140	0.000000
D:	11623.37	-10.256176	7.687803	-0.000192	-0.000192	-0.000192	-0.000192	7.687803	5.890298	-1.500000	5.475330	9.187803	0.019000	5.475330	-9.394115	3.302668	0.000000	0.000000	0.000000	0.000000	0.000000	0.000000	0.000000	0.000000	0.000000	0	0.000000	0	0	0.000000	-0.000000	0.000000	0.000000	0.000000	0.000000	0.000000	0.000000	7.366176	0.405140	0.000000
D:	11632.67	-10.256176	7.687803	-0.000192	-0.000192	-0.000192	-0.000192	7.990094	5.820680	-1.500000	5.867004	9.490094	0.019000	5.867004	-9.545871	3.413381	0.000000	0.000000	0.000000	0.000000	0.000000	0.000000	0.000000	0.000000	0.000000	0	0.000000	0	0	0.000000	-0.000000	0.000000	0.000000	0.000000	0.000000	0.000000	0.000000	7.535618	0.414459	0.000000
D:	11640.88	-10.425618	7.990094	-0.000192	-0.000192	-0.000192	-0.000192	7.990094	5.820680	-1.500000	5.867004	9.490094	0.018000	5.867004	-9.545871	3.413381	0.000000	0.000000	0.000000	0.000000	0.000000	0.000000	0.000000	0.000000	0.000000	0	0.000000	0	0	0.000000	-0.000000	0.000000	0.000000	0.000000	0.000000	0.000000	0.000000	7.535618	0.414459	0.000000
D:	11649.89	-10.425618	7.990094	-0.000192	-0.000192	-0.000192	-0.000192	7.990094	5.820680	-1.500000	5.823281	9.788308	0.018000	5.823281	-9.545871	3.246805	0.000000	0.000000	0.000000	0.000000	0.000000	0.000000	0.000000	0.000000	0.000000	0	0.000000	0	0	0.000000	-0.000000	0.000000	0.000000	0.000000	0.000000	0.000000	0.000000	7.416436	0.407904	0.000000
D:	11658.55	-10.306436	8.288308	-0.000192	-0.000192	-0.000192	-0.000192	8.288308	5.867914	-1.500000	5.823281	9.788308	0.018000	5.823281	-9.692341	3.246805	0.000000	0.000000	0.000000	0.000000	0.000000	0.000000	0.000000	0.000000	0.000000	0	0.000000	0	0	0.000000	-0.000000	0.000000	0.000000	0.000000	0.000000	0.000000	0.000000	7.416436	0.407904	0.000000
D:	11667.83	-10.306436	8.288308	-0.000192	-0.000192	-0.000192	-0.000192	8.288308	5.867914	-1.500000	5.823281	9.788308	0.018000	5.823281	-9.692341	3.246805	0.000000	0.000000	0.000000	0.000000	0.000000	0.000000	0.000000	0.000000	0.000000	0	0.000000	0	0	0.000000	-0.000000	0.000000	0.000000	0.000000	0.000000	0.000000	0.000000	7.416436	0.407904	0.000000
D:	11676.55	-10.221892	8.593939	-0.000192	-0.000192	-0.000192	-0.000192	8.593939	6.084269	-1.500000	5.865408	10.093939	0.018000	5.865408	-9.839995	3.116752	0.000000	0.000000	0.000000	0.000000	0.000000	0.000000	0.000000	0.000000	0.000000	0	0.000000	0	0	0.000000	-0.000000	0.000000	0.000000	0.000000	0.000000	0.000000	0.000000	7.331892	0.403254	0.000000
D:	11684.81	-10.221892	8.593939	-0.000192	-0.000192	-0.000192	-0.000192	8.593939	6.084269	-1.500000	5.865408	10.093939	0.018000	5.865408	-9.839995	3.116752	0.000000	0.000000	0.000000	0.000000	0.000000	0.000000	0.000000	0.000000	0.000000	0	0.000000	0	0	0.000000	-0.000000	0.000000	0.000000	0.000000	0.000000	0.000000	0.000000	7.331892	0.403254	0.000000
D:	11693.11	-10.221892	8.593939	-0.000192	-0.000192	-0.000192	-0.000192	8.924233	6.339955	-1.500000	6.073800	10.424233	0.018000	6.073800	-9.996444	3.082625	0.000000	0.000000	0.000000	0.000000	0.000000	0.000000	0.000000	0.000000	0.000000	0	0.000000	0	0	0.000000	-0.000000	0.000000	0.000000	0.000000	0.000000	0.000000	0.000000	7.347947	0.404137	0.000000
D:	11702.16	-10.237947	8.924233	-0.000192	-0.000192	-0.000192	-0.000192	8.924233	6.339955	-1.500000	6.073800	10.424233	0.019000	6.073800	-9.996444	3.082625	0.000000	0.000000	0.000000	0.000000	0.000000	0.000000	0.000000	0.000000	0.000000	0	0.000000	0	0	0.000000	-0.000000	0.000000	0.000000	0.000000	0.000000	0.000000	0.000000	7.347947	0.404137	0.000000
D:	11711.86	-10.237947	8.924233	-0.000192	-0.000192	-0.000192	-0.000192	9.252087	6.408065	-1.500000	6.327224	10.752087	0.019000	6.327224	-10.148523	3.423109	0.000000	0.000000	0.000000	0.000000	0.000000	0.000000	0.000000	0.000000	0.000000	0	0.000000	0	0	0.000000	-0.000000	0.000000	0.000000	0.000000	0.000000	0.000000	0.000000	7.763416	0.426988	0.000000
D:	11720.52	-10.653417	9.252087	-0.000192	-0.000192	-0.000192	-0.000192	9.252087	6.408065	-1.500000	6.327224	10.752087	0.019000	6.327224	-10.148523	3.423109	0.000000	0.000000	0.000000	0.000000	0.000000	0.000000	0.000000	0.000000	0.000000	0	0.000000	0	0	0.000000	-0.000000	0.000000	0.000000	0.000000	0.000000	0.000000	0.000000	7.763416	0.426988	0.000000
D:	11728.74	-10.653417	9.252087	-0.000192	-0.000192	-0.000192	-0.000192	9.252087	6.408065	-1.500000	6.327224	10.752087	0.019000	6.327224	-10.148523	3.423109	0.000000	0.000000	0.000000	0.000000	0.000000	0.000000	0.000000	0.000000	0.000000	0	0.000000	0	0	0.000000	-0.000000	0.000000	0.000000	0.000000	0.000000	0.000000	0.000000	7.763416	0.426988	0.000000
D:	11737.18	-10.806144	9.575460	-0.000192	-0.000192	-0.000192	-0.000192	9.575460	6.512794	-1.500000	6.403527	11.075460	0.018000	6.403527	-10.299054	3.513448	0.000000	0.000000	0.000000	0.000000	0.000000	0.000000	0.000000	0.000000	0.000000	0	0.000000	0	0	0.000000	-0.000000	0.000000	0.000000	0.000000	0.000000	0.000000	0.000000	7.916144	0.435388	0.000000
D:	11745.90	-10.806144	9.575460	-0.000192	-0.000192	-0.000192	-0.000192	9.575460	6.512794	-1.500000	6.403527	11.075460	0.018000	6.403527	-10.299054	3.513448	0.000000	0.000000	0.000000	0.000000	0.000000	0.000000	0.000000	0.000000	0.000000	0	0.000000	0	0	0.000000	-0.000000	0.000000	0.000000	0.000000	0.000000	0.000000	0.000000	7.916144	0.435388	0.000000
D:	11754.50	-10.806144	9.575460	-0.000192	-0.000192	-0.000192	-0.000192	9.900849	6.691554	-1.500000	6.506660	11.400849	0.018000	6.506660	-10.447279	3.196557	0.000000	0.000000	0.000000	0.000000	0.000000	0.000000	0.000000	0.000000	0.000000	0	0.000000	0	0	0.000000	-0.000000	0.000000	0.000000	0.000000	0.000000	0.000000	0.000000	7.636189	0.419990	0.000000
D:	11762.83	-10.526189	9.900849	-0.000192	-0.000192	-0.000192	-0.000192	9.900849	6.691554	-1.500000	6.506660	11.400849	0.018000	6.506660	-10.447279	3.196557	0.000000	0.000000	0.000000	0.000000	0.000000	0.000000	0.000000	0.000000	0.000000	0	0.000000	0	0	0.000000	-0.000000	0.000000	0.000000	0.000000	0.000000	0.000000	0.000000	7.636189	0.419990	0.000000
D:	11772.74	-10.526189	9.900849	-0.000192	-0.000192	-0.000192	-0.000192	10.239354	6.351460	-1.500000	6.682709	11.739354	0.018000	6.682709	-10.603369	3.134666	0.000000	0.000000	0.000000	0.000000	0.000000	0.000000	0.000000	0.000000	0.000000	0	0.000000	0	0	0.000000	-0.000000	0.000000	0.000000	0.000000	0.000000	0.000000	0.000000	7.624725	0.419360	0.000000
D:	11781.73	-10.514725	10.239354	-0.000192	-0.000192	-0.000192	-0.000192	10.239354	6.351460	-1.500000	6.682709	11.739354	0.019000	6.682709	-10.603369	3.134666	0.000000	0.000000	0.000000	0.000000	0.000000	0.000000	0.000000	0.000000	0.000000	0	0.000000	0	0	0.000000	-0.000000	0.000000	0.000000	0.000000	0.000000	0.000000	0.000000	7.624725	0.419360	0.000000
D:	11789.80	-10.514725	10.239354	-0.000192	-0.000192	-0.000192	-0.000192	10.239354	6.351460	-1.500000	6.682709	11.739354	0.019000	6.682709	-10.603369	2.677846	0.000000	0.000000	0.000000	0.000000	0.000000	0.000000	0.000000	0.000000	0.000000	0	0.000000	0	0	0.000000	-0.000000	0.000000	0.000000	0.000000	0.000000	0.000000	0.000000	7.624725	0.419360	0.000000
D:	11798.11	-10.106735	10.598926	-0.000192	-0.000192	-0.000192	-0.000192	10.598926	7.482810	-1.500000	6.367305	12.098926	0.019000	6.367305	-10.757619	2.677846	0.000000	0.000000	0.000000	0.000000	0.000000	0.000000	0.000000	0.000000	0.000000	0	0.000000	0	0	0.000000	-0.000000	0.000000	0.000000	0.000000	0.000000	0.000000	0.000000	7.216734	0.396920	0.000000
D:	11806.41	-10.106735	10.598926	-0.000192	-0.000192	-0.000192	-0.000192	10.598926	7.482810	-1.500000	6.367305	12.098926	0.019000	6.367305	-10.757619	2.677846	0.000000	0.000000	0.000000	0.000000	0.000000	0.000000	0.000000	0.000000	0.000000	0	0.000000	0	0	0.000000	-0.000000	0.000000	0.000000	0.000000	0.000000	0.000000	0.000000	7.216734	0.396920	0.000000
D:	11814.59	-10.106735	10.598926	-0.000192	-0.000192	-0.000192	-0.000192	10.942410	6.964289	-1.500000	7.420191	12.442410	0.019000	7.420191	-10.910854	2.857839	0.000000	0.000000	0.000000	0.000000	0.000000	0.000000	0.000000	0.000000	0.000000	0	0.000000	0	0	0.000000	-0.000000	0.000000	0.000000	0.000000	0.000000	0.000000	0.000000	7.494599	0.412203	0.000000
D:	11822.64	-10.384599	10.942410	-0.000192	-0.000192	-0.000192	-0.000192	10.942410	6.964289	-1.500000	7.420191	12.442410	0.018000	7.420191	-10.910854	2.857839	0.000000	0.000000	0.000000	0.000000	0.000000	0.000000	0.000000	0.000000	0.000000	0	0.000000	0	0	0.000000	-0.000000	0.000000	0.000000	0.000000	0.000000	0.000000	0.000000	7.494599	0.412203	0.000000
D:	11831.29	-10.384599	10.942410	-0.000192	-0.000192	-0.000192	-0.000192	10.942410	6.964289	-1.500000	6.989881	12.801991	0.018000	6.989881	-10.910854	2.838727	0.000000	0.000000	0.000000	0.000000	0.000000	0.000000	0.000000	0.000000	0.000000	0	0.000000	0	0	0.000000	-0.000000	0.000000	0.000000	0.000000	0.000000	0.000000	0.000000	7.521666	0.413692	0.000000
D:	11839.77	-10.411666	11.301991	-0.000192	-0.000192	-0.000192	-0.000192	11.301991	7.042389	-1.500000	6.989881	12.801991	0.018000	6.989881	-11.072923	2.838727	0.000000	0.000000	0.000000	0.000000	0.000000	0.000000	0.000000	0.000000	0.000000	0	0.000000	0	0	0.000000	-0.000000	0.000000	0.000000	0.000000	0.000000	0.000000	0.000000	7.521666	0.413692	0.000000
D:	11848.62	-10.411666	11.301991	-0.000192	-0.000192	-0.000192	-0.000192	11.301991	7.042389	-1.500000	6.989881	12.801991	0.018000	6.989881	-11.072923	2.838727	0.000000	0.000000	0.000000	0.000000	0.000000	0.000000	0.000000	0.000000	0.000000	0	0.000000	0	0	0.000000	-0.000000	0.000000	0.000000	0.000000	0.000000	0.000000	0.000000	7.521666	0.413692	0.000000
D:	11856.81	-10.559148	11.679777	-0.000192	-0.000192	-0.000192	-0.000192	11.679777	7.690781	-1.500000	7.039877	13.179777	0.019000	7.039877	-11.232766	2.924659	0.000000	0.000000	0.000000	0.000000	0.000000	0.000000	0.000000	0.000000	0.000000	0	0.000000	0	0	0.000000	-0.000000	0.000000	0.000000	0.000000	0.000000	0.000000	0.000000	7.669148	0.421803	0.000000
D:	11864.99	-10.559148	11.679777	-0.000192	-0.000192	-0.000192	-0.000192	11.679777	7.690781	-1.500000	7.039877	13.179777	0.019000	7.039877	-11.232766	2.924659	0.000000	0.000000	0.000000	0.000000	0.000000	0.000000	0.000000	0.000000	0.000000	0	0.000000	0	0	0.000000	-0.000000	0.000000	0.000000	0.000000	0.000000	0.000000	0.000000	7.669148	0.421803	0.000000
D:	11873.25	-10.559148	11.679777	-0.000192	-0.000192	-0.000192	-0.000192	12.042755	7.445246	-1.500000	7.659645	13.542755	0.019000	7.659645	-11.384177	2.818512	0.000000	0.000000	0.000000	0.000000	0.000000	0.000000	0.000000	0.000000	0.000000	0	0.000000	0	0	0.000000	-0.000000	0.000000	0.000000	0.000000	0.000000	0.000000	0.000000	7.605260	0.418289	0.000000
D:	11881.52	-10.495261	12.042755	-0.000192	-0.000192	-0.000192	-0.000192	12.042755	7.445246	-1.500000	7.659645	13.542755	0.019000	7.659645	-11.384177	2.818512	0.000000	0.000000	0.000000	0.000000	0.000000	0.000000	0.000000	0.000000	0.000000	0	0.000000	0	0	0.000000	-0.000000	0.000000	0.000000	0.000000	0.000000	0.000000	0.000000	7.605260	0.418289	0.000000
D:	11889.87	-10.495261	12.042755	-0.000192	-0.000192	-0.000192	-0.000192	12.042755	7.445246	-1.500000	7.659645	13.542755	0.019000	7.659645	-11.384177	2.818512	0.000000	0.000000	0.000000	0.000000	0.000000	0.000000	0.000000	0.000000	0.000000	0	0.000000	0	0	0.000000	-0.000000	0.000000	0.000000	0.000000	0.000000	0.000000	0.000000	7.605260	0.418289	0.000000
D:	11898.19	-10.445900	12.418967	-0.000192	-0.000192	-0.000192	-0.000192	12.418967	7.931544	-1.500000	7.457281	13.918967	0.018000	7.457281	-11.542231	2.721252	0.000000	0.000000	0.000000	0.000000	0.000000	0.000000	0.000000	0.000000	0.000000	0	0.000000	0	0	0.000000	-0.000000	0.000000	0.000000	0.000000	0.000000	0.000000	0.000000	7.555900	0.415574	0.000000
D:	11906.45	-10.445900	12.418967	-0.000192	-0.000192	-0.000192	-0.000192	12.418967	7.931544	-1.500000	7.457281	13.918967	0.018000	7.457281	-11.542231	2.721252	0.000000	0.000000	0.000000	0.000000	0.000000	0.000000	0.000000	0.000000	0.000000	0	0.000000	0	0	0.000000	-0.000000	0.000000	0.000000	0.000000	0.000000	0.000000	0.000000	7.555900	0.415574	0.000000
D:	11915.26	-10.445900	12.418967	-0.000192	-0.000192	-0.000192	-0.000192	12.814019	7.880118	-1.500000	7.904922	14.314019	0.018000	7.904922	-11.712180	2.716937	0.000000	0.000000	0.000000	0.000000	0.000000	0.000000	0.000000	0.000000	0.000000	0	0.000000	0	0	0.000000	-0.000000	0.000000	0.000000	0.000000	0.000000	0.000000	0.000000	7.603253	0.418179	0.000000
D:	11924.39	-10.493253	12.814019	-0.000192	-0.000192	-0.000192	-0.000192	12.814019	7.880118	-1.500000	7.904922	14.314019	0.018000	7.904922	-11.712180	2.716937	0.000000	0.000000	0.000000	0.000000	0.000000	0.000000	0.000000	0.000000	0.000000	0	0.000000	0	0	0.000000	-0.000000	0.000000	0.000000	0.000000	0.000000	0.000000	0.000000	7.603253	0.418179	0.000000
D:	11933.34	-10.493253	12.814019	-0.000192	-0.000192	-0.000192	-0.000192	13.227379	8.475531	-1.500000	7.881305	14.727379	0.018000	7.881305	-11.880111	2.837875	0.000000	0.000000	0.000000	0.000000	0.000000	0.000000	0.000000	0.000000	0.000000	0	0.000000	0	0	0.000000	-0.000000	0.000000	0.000000	0.000000	0.000000	0.000000	0.000000	7.792912	0.428610	0.000000
D:	11942.28	-10.682912	13.227379	-0.000192	-0.000192	-0.000192	-0.000192	13.227379	8.475531	-1.500000	7.881305	14.727379	0.019000	7.881305	-11.880111	2.837875	0.000000	0.000000	0.000000	0.000000	0.000000	0.000000	0.000000	0.000000	0.000000	0	0.000000	0	0	0.000000	-0.000000	0.000000	0.000000	0.000000	0.000000	0.000000	0.000000	7.792912	0.428610	0.000000
D:	11950.98	-10.682912	13.227379	-0.000192	-0.000192	-0.000192	-0.000192	13.227379	8.475531	-1.500000	7.881305	14.727379	0.019000	7.881305	-11.880111	2.703126	0.000000	0.000000	0.000000	0.000000	0.000000	0.000000	0.000000	0.000000	0.000000	0	0.000000	0	0	0.000000	-0.000000	0.000000	0.000000	0.000000	0.000000	0.000000	0.000000	7.741486	0.425782	0.000000
D:	11960.88	-10.631486	13.638879	-0.000192	-0.000192	-0.000192	-0.000192	13.638879	8.691461	-1.500000	8.447106	15.138879	0.019000	8.447106	-12.042606	2.703126	0.000000	0.000000	0.000000	0.000000	0.000000	0.000000	0.000000	0.000000	0.000000	0	0.000000	0	0	0.000000	-0.000000	0.000000	0.000000	0.000000	0.000000	0.000000	0.000000	7.741486	0.425782	0.000000
D:	11972.54	-10.631486	13.638879	-0.000192	-0.000192	-0.000192	-0.000192	14.062014	9.308890	-1.500000	8.677744	15.562014	0.019000	8.677744	-12.209654	2.282271	0.000000	0.000000	0.000000	0.000000	0.000000	0.000000	0.000000	0.000000	0.000000	0	0.000000	0	0	0.000000	-0.000000	0.000000	0.000000	0.000000	0.000000	0.000000	0.000000	7.390402	0.406472	0.000000
D:	11983.70	-10.280402	14.062014	-0.000192	-0.000192	-0.000192	-0.000192	14.062014	9.308890	-1.500000	8.677744	15.562014	0.018000	8.677744	-12.209654	2.282271	0.000000	0.000000	0.000000	0.000000	0.000000	0.000000	0.000000	0.000000	0.000000	0	0.000000	0	0	0.000000	-0.000000	0.000000	0.000000	0.000000	0.000000	0.000000	0.000000	7.390402	0.406472	0.000000
D:	11993.04	-10.280402	14.062014	-0.000192	-0.000192	-0.000192	-0.000192	14.062014	9.308890	-1.500000	9.273461	15.994229	0.018000	9.273461	-12.209654	2.138262	0.000000	0.000000	0.000000	0.000000	0.000000	0.000000	0.000000	0.000000	0.000000	0	0.000000	0	0	0.000000	-0.000000	0.000000	0.000000	0.000000	0.000000	0.000000	0.000000	7.363950	0.405017	0.000000
D:	12001.68	-10.253950	14.494229	-0.000192	-0.000192	-0.000192	-0.000192	14.494229	9.553914	-1.500000	9.273461	15.994229	0.018000	9.273461	-12.378342	2.138262	0.000000	0.000000	0.000000	0.000000	0.000000	0.000000	0.000000	0.000000	0.000000	0	0.000000	0	0	0.000000	-0.000000	0.000000	0.000000	0.000000	0.000000	0.000000	0.000000	7.363950	0.405017	0.000000
D:	12009.95	-10.253950	14.494229	-0.000192	-0.000192	-0.000192	-0.000192	14.494229	9.553914	-1.500000	9.273461	15.994229	0.018000	9.273461	-12.378342	2.138262	0.000000	0.000000	0.000000	0.000000	0.000000	0.000000	0.000000	0.000000	0.000000	0	0.000000	0	0	0.000000	-0.000000	0.000000	0.000000	0.000000	0.000000	0.000000	0.000000	7.363950	0.405017	0.000000
D:	12018.35	-10.273850	14.904298	-0.000192	-0.000192	-0.000192	-0.000192	14.904298	8.837410	-1.500000	9.538171	16.404298	0.018000	9.538171	-12.539700	2.044523	0.000000	0.000000	0.000000	0.000000	0.000000	0.000000	0.000000	0.000000	0.000000	0	0.000000	0	0	0.000000	-0.000000	0.000000	0.000000	0.000000	0.000000	0.000000	0.000000	7.383850	0.406112	0.000000
D:	12026.45	-10.273850	14.904298	-0.000192	-0.000192	-0.000192	-0.000192	14.904298	8.837410	-1.500000	9.538171	16.404298	0.018000	9.538171	-12.539700	2.044523	0.000000	0.000000	0.000000	0.000000	0.000000	0.000000	0.000000	0.000000	0.000000	0	0.000000	0	0	0.000000	-0.000000	0.000000	0.000000	0.000000	0.000000	0.000000	0.000000	7.383850	0.406112	0.000000
D:	12034.48	-10.273850	14.904298	-0.000192	-0.000192	-0.000192	-0.000192	15.338795	9.601229	-1.500000	8.870931	16.838795	0.018000	8.870931	-12.700466	1.810866	0.000000	0.000000	0.000000	0.000000	0.000000	0.000000	0.000000	0.000000	0.000000	0	0.000000	0	0	0.000000	-0.000000	0.000000	0.000000	0.000000	0.000000	0.000000	0.000000	7.209404	0.396517	0.000000
D:	12042.40	-10.099404	15.338795	-0.000192	-0.000192	-0.000192	-0.000192	15.338795	9.601229	-1.500000	8.870931	16.838795	0.019000	8.870931	-12.700466	1.810866	0.000000	0.000000	0.000000	0.000000	0.000000	0.000000	0.000000	0.000000	0.000000	0	0.000000	0	0	0.000000	-0.000000	0.000000	0.000000	0.000000	0.000000	0.000000	0.000000	7.209404	0.396517	0.000000
D:	12050.73	-10.099404	15.338795	-0.000192	-0.000192	-0.000192	-0.000192	15.338795	9.601229	-1.500000	8.870931	16.838795	0.019000	8.870931	-12.700466	1.810866	0.000000	0.000000	0.000000	0.000000	0.000000	0.000000	0.000000	0.000000	0.000000	0	0.000000	0	0	0.000000	-0.000000	0.000000	0.000000	0.000000	0.000000	0.000000	0.000000	7.209404	0.396517	0.000000
D:	12059.87	-9.872880	15.780435	-0.000192	-0.000192	-0.000192	-0.000192	15.780435	9.844755	-1.500000	9.560234	17.280435	0.018000	9.560234	-12.867656	1.560061	0.000000	0.000000	0.000000	0.000000	0.000000	0.000000	0.000000	0.000000	0.000000	0	0.000000	0	0	0.000000	-0.000000	0.000000	0.000000	0.000000	0.000000	0.000000	0.000000	6.982880	0.384058	0.000000
D:	12068.77	-9.872880	15.780435	-0.000192	-0.000192	-0.000192	-0.000192	15.780435	9.844755	-1.500000	9.560234	17.280435	0.018000	9.560234	-12.867656	1.560061	0.000000	0.000000	0.000000	0.000000	0.000000	0.000000	0.000000	0.000000	0.000000	0	0.000000	0	0	0.000000	-0.000000	0.000000	0.000000	0.000000	0.000000	0.000000	0.000000	6.982880	0.384058	0.000000
D:	12079.95	-10.016935	16.211120	-0.000192	-0.000192	-0.000192	-0.000192	16.211120	9.405650	-1.500000	9.828784	17.711120	0.018000	9.828784	-13.031604	1.670583	0.000000	0.000000	0.000000	0.000000	0.000000	0.000000	0.000000	0.000000	0.000000	0	0.000000	0	0	0.000000	-0.000000	0.000000	0.000000	0.000000	0.000000	0.000000	0.000000	7.126935	0.391981	0.000000
D:	12092.34	-10.016935	16.211120	-0.000192	-0.000192	-0.000192	-0.000192	16.643403	9.484453	-1.500000	9.429402	18.143403	0.018000	9.429402	-13.194376	1.374220	0.000000	0.000000	0.000000	0.000000	0.000000	0.000000	0.000000	0.000000	0.000000	0	0.000000	0	0	0.000000	-0.000000	0.000000	0.000000	0.000000	0.000000	0.000000	0.000000	6.827718	0.375524	0.000000
D:	12105.20	-9.717718	16.643403	-0.000192	-0.000192	-0.000192	-0.000192	16.643403	9.484453	-1.500000	9.429402	18.143403	0.018000	9.429402	-13.194376	1.374220	0.000000	0.000000	0.000000	0.000000	0.000000	0.000000	0.000000	0.000000	0.000000	0	0.000000	0	0	0.000000	-0.000000	0.000000	0.000000	0.000000	0.000000	0.000000	0.000000	6.827718	0.375524	0.000000
D:	12117.83	-10.171584	17.116343	-0.000192	-0.000192	-0.000192	-0.000192	17.116343	9.489609	-1.500000	9.481819	18.616343	0.019000	9.481819	-13.375105	1.780144	0.000000	0.000000	0.000000	0.000000	0.000000	0.000000	0.000000	0.000000	0.000000	0	0.000000	0	0	0.000000	-0.000000	0.000000	0.000000	0.000000	0.000000	0.000000	0.000000	7.281584	0.400487	0.000000
D:	12130.08	-10.171584	17.116343	-0.000192	-0.000192	-0.000192	-0.000192	17.116343	9.489609	-1.500000	9.481819	18.616343	0.019000	9.481819	-13.375105	1.670950	0.000000	0.000000	0.000000	0.000000	0.000000	0.000000	0.000000	0.000000	0.000000	0	0.000000	0	0	0.000000	-0.000000	0.000000	0.000000	0.000000	0.000000	0.000000	0.000000	7.281584	0.400487	0.000000
D:	12141.80	-10.068174	17.550575	-0.000192	-0.000192	-0.000192	-0.000192	17.550575	9.634083	-1.500000	9.489171	19.050575	0.018000	9.489171	-13.534846	1.670950	0.000000	0.000000	0.000000	0.000000	0.000000	0.000000	0.000000	0.000000	0.000000	0	0.000000	0	0	0.000000	-0.000000	0.000000	0.000000	0.000000	0.000000	0.000000	0.000000	7.178174	0.394800	0.000000
D:	12153.44	-10.068174	17.550575	-0.000192	-0.000192	-0.000192	-0.000192	17.982157	9.434404	-1.500000	9.625948	19.482157	0.018000	9.625948	-13.693946	1.651779	0.000000	0.000000	0.000000	0.000000	0.000000	0.000000	0.000000	0.000000	0.000000	0	0.000000	0	0	0.000000	-0.000000	0.000000	0.000000	0.000000	0.000000	0.000000	0.000000	7.180695	0.394938	0.000000
D:	12164.80	-10.070695	17.982157	-0.000192	-0.000192	-0.000192	-0.000192	17.982157	9.434404	-1.500000	9.625948	19.482157	0.018000	9.625948	-13.693946	1.651779	0.000000	0.000000	0.000000	0.000000	0.000000	0.000000	0.000000	0.000000	0.000000	0	0.000000	0	0	0.000000	-0.000000	0.000000	0.000000	0.000000	0.000000	0.000000	0.000000	7.180695	0.394938	0.000000
D:	12174.66	-10.070695	17.982157	-0.000192	-0.000192	-0.000192	-0.000192	18.153910	9.711371	-1.500000	9.445156	19.938939	0.018000	9.445156	-13.864043	1.570354	0.000000	0.000000	0.000000	0.000000	0.000000	0.000000	0.000000	0.000000	0.000000	0	0.000000	0	0	0.000000	-0.000000	0.000000	0.000000	0.000000	0.000000	0.000000	0.000000	7.114673	0.391307	0.000000
D:	12183.97	-10.004673	18.438939	-0.000192	-0.000192	-0.000192	-0.000192	18.438939	9.711371	-1.500000	9.445156	19.938939	0.018000	9.445156	-13.864043	1.570354	0.000000	0.000000	0.000000	0.000000	0.000000	0.000000	0.000000	0.000000	0.000000	0	0.000000	0	0	0.000000	-0.000000	0.000000	0.000000	0.000000	0.000000	0.000000	0.000000	7.114673	0.391307	0.000000
D:	12193.13	-10.004673	18.438939	-0.000192	-0.000192	-0.000192	-0.000192	18.438939	9.711371	-1.500000	9.445156	19.938939	0.018000	9.445156	-13.864043	1.668788	0.000000	0.000000	0.000000	0.000000	0.000000	0.000000	0.000000	0.000000	0.000000	0	0.000000	0	0	0.000000	-0.000000	0.000000	0.000000	0.000000	0.000000	0.000000	0.000000	7.114673	0.391307	0.000000
D:	12202.15	-10.135268	18.898371	-0.000192	-0.000192	-0.000192	-0.000192	18.898371	9.896795	-1.500000	9.698636	20.398371	0.019000	9.698636	-14.026566	1.668788	0.000000	0.000000	0.000000	0.000000	0.000000	0.000000	0.000000	0.000000	0.000000	0	0.000000	0	0	0.000000	-0.000000	0.000000	0.000000	0.000000	0.000000	0.000000	0.000000	7.245268	0.398490	0.000000
D:	12211.05	-10.135268	18.898371	-0.000192	-0.000192	-0.000192	-0.000192	18.898371	9.896795	-1.500000	9.698636	20.398371	0.019000	9.698636	-14.026566	1.668788	0.000000	0.000000	0.000000	0.000000	0.000000	0.000000	0.000000	0.000000	0.000000	0	0.000000	0	0	0.000000	-0.000000	0.000000	0.000000	0.000000	0.000000	0.000000	0.000000	7.245268	0.398490	0.000000
D:	12220.21	-9.966061	19.387738	-0.000192	-0.000192	-0.000192	-0.000192	19.387738	10.262550	-1.500000	9.887316	20.887738	0.019000	9.887316	-14.201482	1.485357	0.000000	0.000000	0.000000	0.000000	0.000000	0.000000	0.000000	0.000000	0.000000	0	0.000000	0	0	0.000000	-0.000000	0.000000	0.000000	0.000000	0.000000	0.000000	0.000000	7.076061	0.389183	0.000000
D:	12229.35	-9.966061	19.387738	-0.000192	-0.000192	-0.000192	-0.000192	19.387738	10.262550	-1.500000	9.887316	20.887738	0.019000	9.887316	-14.201482	1.485357	0.000000	0.000000	0.000000	0.000000	0.000000	0.000000	0.000000	0.000000	0.000000	0	0.000000	0	0	0.000000	-0.000000	0.000000	0.000000	0.000000	0.000000	0.000000	0.000000	7.076061	0.389183	0.000000
D:	12238.42	-9.966061	19.387738	-0.000192	-0.000192	-0.000192	-0.000192	19.852491	10.448556	-1.500000	10.241487	21.352491	0.019000	10.241487	-14.364587	1.552482	0.000000	0.000000	0.000000	0.000000	0.000000	0.000000	0.000000	0.000000	0.000000	0	0.000000	0	0	0.000000	-0.000000	0.000000	0.000000	0.000000	0.000000	0.000000	0.000000	7.164958	0.394073	0.000000
D:	12247.51	-10.054958	19.852491	-0.000192	-0.000192	-0.000192	-0.000192	19.852491	10.448556	-1.500000	10.241487	21.352491	0.018000	10.241487	-14.364587	1.552482	0.000000	0.000000	0.000000	0.000000	0.000000	0.000000	0.000000	0.000000	0.000000	0	0.000000	0	0	0.000000	-0.000000	0.000000	0.000000	0.000000	0.000000	0.000000	0.000000	7.164958	0.394073	0.000000
D:	12255.54	-10.054958	19.852491	-0.000192	-0.000192	-0.000192	-0.000192	19.852491	10.448556	-1.500000	10.436933	21.822750	0.018000	10.436933	-14.364587	1.476927	0.000000	0.000000	0.000000	0.000000	0.000000	0.000000	0.000000	0.000000	0.000000	0	0.000000	0	0	0.000000	-0.000000	0.000000	0.000000	0.000000	0.000000	0.000000	0.000000	7.102997	0.390665	0.000000
D:	12264.18	-9.992997	20.322750	-0.000192	-0.000192	-0.000192	-0.000192	20.322750	10.544000	-1.500000	10.436933	21.822750	0.018000	10.436933	-14.528732	1.476927	0.000000	0.000000	0.000000	0.000000	0.000000	0.000000	0.000000	0.000000	0.000000	0	0.000000	0	0	0.000000	-0.000000	0.000000	0.000000	0.000000	0.000000	0.000000	0.000000	7.102997	0.390665	0.000000
D:	12272.57	-9.992997	20.322750	-0.000192	-0.000192	-0.000192	-0.000192	20.322750	10.544000	-1.500000	10.436933	21.822750	0.018000	10.436933	-14.528732	1.476927	0.000000	0.000000	0.000000	0.000000	0.000000	0.000000	0.000000	0.000000	0.000000	0	0.000000	0	0	0.000000	-0.000000	0.000000	0.000000	0.000000	0.000000	0.000000	0.000000	7.102997	0.390665	0.000000
D:	12280.88	-9.728731	20.796325	-0.000192	-0.000192	-0.000192	-0.000192	20.796325	10.648217	-1.500000	10.538878	22.296325	0.019000	10.538878	-14.686385	1.215149	0.000000	0.000000	0.000000	0.000000	0.000000	0.000000	0.000000	0.000000	0.000000	0	0.000000	0	0	0.000000	-0.000000	0.000000	0.000000	0.000000	0.000000	0.000000	0.000000	6.838730	0.376130	0.000000
D:	12289.17	-9.728731	20.796325	-0.000192	-0.000192	-0.000192	-0.000192	20.796325	10.648217	-1.500000	10.538878	22.296325	0.019000	10.538878	-14.686385	1.215149	0.000000	0.000000	0.000000	0.000000	0.000000	0.000000	0.000000	0.000000	0.000000	0	0.000000	0	0	0.000000	-0.000000	0.000000	0.000000	0.000000	0.000000	0.000000	0.000000	6.838730	0.376130	0.000000
D:	12297.37	-9.728731	20.796325	-0.000192	-0.000192	-0.000192	-0.000192	21.270311	10.538953	-1.500000	10.642987	22.770311	0.019000	10.642987	-14.844296	1.303350	0.000000	0.000000	0.000000	0.000000	0.000000	0.000000	0.000000	0.000000	0.000000	0	0.000000	0	0	0.000000	-0.000000	0.000000	0.000000	0.000000	0.000000	0.000000	0.000000	6.947989	0.382139	0.000000
D:	12305.43	-9.837989	21.270311	-0.000192	-0.000192	-0.000192	-0.000192	21.270311	10.538953	-1.500000	10.642987	22.770311	0.019000	10.642987	-14.844296	1.303350	0.000000	0.000000	0.000000	0.000000	0.000000	0.000000	0.000000	0.000000	0.000000	0	0.000000	0	0	0.000000	-0.000000	0.000000	0.000000	0.000000	0.000000	0.000000	0.000000	6.947989	0.382139	0.000000
D:	12314.14	-9.837989	21.270311	-0.000192	-0.000192	-0.000192	-0.000192	21.270311	10.538953	-1.500000	10.642987	22.770311	0.019000	10.642987	-14.844296	1.214473	0.000000	0.000000	0.000000	0.000000	0.000000	0.000000	0.000000	0.000000	0.000000	0	0.000000	0	0	0.000000	-0.000000	0.000000	0.000000	0.000000	0.000000	0.000000	0.000000	6.947989	0.382139	0.000000
D:	12323.33	-9.754624	21.750052	-0.000192	-0.000192	-0.000192	-0.000192	21.750052	11.050869	-1.500000	10.544793	23.250052	0.018000	10.544793	-15.005067	1.214473	0.000000	0.000000	0.000000	0.000000	0.000000	0.000000	0.000000	0.000000	0.000000	0	0.000000	0	0	0.000000	-0.000000	0.000000	0.000000	0.000000	0.000000	0.000000	0.000000	6.864624	0.377554	0.000000
D:	12332.93	-9.754624	21.750052	-0.000192	-0.000192	-0.000192	-0.000192	21.750052	11.050869	-1.500000	10.544793	23.250052	0.018000	10.544793	-15.005067	1.214473	0.000000	0.000000	0.000000	0.000000	0.000000	0.000000	0.000000	0.000000	0.000000	0	0.000000	0	0	0.000000	-0.000000	0.000000	0.000000	0.000000	0.000000	0.000000	0.000000	6.864624	0.377554	0.000000
D:	12342.22	-9.743378	22.234867	-0.000192	-0.000192	-0.000192	-0.000192	22.234867	11.710480	-1.500000	11.022460	23.734867	0.018000	11.022460	-15.160862	1.193038	0.000000	0.000000	0.000000	0.000000	0.000000	0.000000	0.000000	0.000000	0.000000	0	0.000000	0	0	0.000000	-0.000000	0.000000	0.000000	0.000000	0.000000	0.000000	0.000000	6.853377	0.376936	0.000000
D:	12350.74	-9.743378	22.234867	-0.000192	-0.000192	-0.000192	-0.000192	22.234867	11.710480	-1.500000	11.022460	23.734867	0.018000	11.022460	-15.160862	1.193038	0.000000	0.000000	0.000000	0.000000	0.000000	0.000000	0.000000	0.000000	0.000000	0	0.000000	0	0	0.000000	-0.000000	0.000000	0.000000	0.000000	0.000000	0.000000	0.000000	6.853377	0.376936	0.000000
D:	12359.04	-9.743378	22.234867	-0.000192	-0.000192	-0.000192	-0.000192	22.753449	11.536053	-1.500000	11.677569	24.253449	0.018000	11.677569	-15.329946	1.130844	0.000000	0.000000	0.000000	0.000000	0.000000	0.000000	0.000000	0.000000	0.000000	0	0.000000	0	0	0.000000	-0.000000	0.000000	0.000000	0.000000	0.000000	0.000000	0.000000	6.797979	0.373889	0.000000
D:	12367.40	-9.687980	22.753449	-0.000192	-0.000192	-0.000192	-0.000192	22.753449	11.536053	-1.500000	11.677569	24.253449	0.019000	11.677569	-15.329946	1.130844	0.000000	0.000000	0.000000	0.000000	0.000000	0.000000	0.000000	0.000000	0.000000	0	0.000000	0	0	0.000000	-0.000000	0.000000	0.000000	0.000000	0.000000	0.000000	0.000000	6.797979	0.373889	0.000000
D:	12375.97	-9.687980	22.753449	-0.000192	-0.000192	-0.000192	-0.000192	22.753449	11.536053	-1.500000	11.677569	24.253449	0.019000	11.677569	-15.329946	0.994545	0.000000	0.000000	0.000000	0.000000	0.000000	0.000000	0.000000	0.000000	0.000000	0	0.000000	0	0	0.000000	-0.000000	0.000000	0.000000	0.000000	0.000000	0.000000	0.000000	6.672215	0.366972	0.000000
D:	12384.09	-9.562215	23.252917	-0.000192	-0.000192	-0.000192	-0.000192	23.252917	11.585810	-1.500000	11.542822	24.752917	0.019000	11.542822	-15.486573	0.994545	0.000000	0.000000	0.000000	0.000000	0.000000	0.000000	0.000000	0.000000	0.000000	0	0.000000	0	0	0.000000	-0.000000	0.000000	0.000000	0.000000	0.000000	0.000000	0.000000	6.672215	0.366972	0.000000
D:	12392.83	-9.562215	23.252917	-0.000192	-0.000192	-0.000192	-0.000192	23.252917	11.585810	-1.500000	11.542822	24.752917	0.019000	11.542822	-15.486573	0.994545	0.000000	0.000000	0.000000	0.000000	0.000000	0.000000	0.000000	0.000000	0.000000	0	0.000000	0	0	0.000000	-0.000000	0.000000	0.000000	0.000000	0.000000	0.000000	0.000000	6.672215	0.366972	0.000000
D:	12400.58	-9.196832	23.769619	-0.000192	-0.000192	-0.000192	-0.000192	23.769619	11.831221	-1.500000	11.583396	25.269619	0.018000	11.583396	-15.655648	0.655060	0.000000	0.000000	0.000000	0.000000	0.000000	0.000000	0.000000	0.000000	0.000000	0	0.000000	0	0	0.000000	-0.000000	0.000000	0.000000	0.000000	0.000000	0.000000	0.000000	6.306832	0.346876	0.000000
D:	12409.07	-9.196832	23.769619	-0.000192	-0.000192	-0.000192	-0.000192	23.769619	11.831221	-1.500000	11.583396	25.269619	0.018000	11.583396	-15.655648	0.655060	0.000000	0.000000	0.000000	0.000000	0.000000	0.000000	0.000000	0.000000	0.000000	0	0.000000	0	0	0.000000	-0.000000	0.000000	0.000000	0.000000	0.000000	0.000000	0.000000	6.306832	0.346876	0.000000
D:	12418.15	-9.196832	23.769619	-0.000192	-0.000192	-0.000192	-0.000192	24.264041	11.463794	-1.500000	11.817309	25.764041	0.018000	11.817309	-15.814939	0.468371	0.000000	0.000000	0.000000	0.000000	0.000000	0.000000	0.000000	0.000000	0.000000	0	0.000000	0	0	0.000000	-0.000000	0.000000	0.000000	0.000000	0.000000	0.000000	0.000000	6.103660	0.335701	0.000000
D:	12427.42	-8.993660	24.264041	-0.000192	-0.000192	-0.000192	-0.000192	24.264041	11.463794	-1.500000	11.817309	25.764041	0.018000	11.817309	-15.814939	0.468371	0.000000	0.000000	0.000000	0.000000	0.000000	0.000000	0.000000	0.000000	0.000000	0	0.000000	0	0	0.000000	-0.000000	0.000000	0.000000	0.000000	0.000000	0.000000	0.000000	6.103660	0.335701	0.000000
D:	12438.01	-8.993660	24.264041	-0.000192	-0.000192	-0.000192	-0.000192	24.779187	12.237400	-1.500000	11.480704	26.279187	0.018000	11.480704	-15.970225	0.206858	0.000000	0.000000	0.000000	0.000000	0.000000	0.000000	0.000000	0.000000	0.000000	0	0.000000	0	0	0.000000	-0.000000	0.000000	0.000000	0.000000	0.000000	0.000000	0.000000	5.812707	0.319699	0.000000
D:	12449.29	-8.702707	24.779187	-0.000192	-0.000192	-0.000192	-0.000192	24.779187	12.237400	-1.500000	11.480704	26.279187	0.019000	11.480704	-15.970225	0.206858	0.000000	0.000000	0.000000	0.000000	0.000000	0.000000	0.000000	0.000000	0.000000	0	0.000000	0	0	0.000000	-0.000000	0.000000	0.000000	0.000000	0.000000	0.000000	0.000000	5.812707	0.319699	0.000000
D:	12461.42	-8.759031	25.287129	-0.000192	-0.000192	-0.000192	-0.000192	25.287129	11.759061	-1.500000	12.201204	26.787129	0.019000	12.201204	-16.125474	0.268717	0.000000	0.000000	0.000000	0.000000	0.000000	0.000000	0.000000	0.000000	0.000000	0	0.000000	0	0	0.000000	-0.000000	0.000000	0.000000	0.000000	0.000000	0.000000	0.000000	5.869030	0.322797	0.000000
D:	12474.39	-8.759031	25.287129	-0.000192	-0.000192	-0.000192	-0.000192	25.287129	11.759061	-1.500000	11.783881	27.295347	0.019000	11.783881	-16.125474	0.404101	0.000000	0.000000	0.000000	0.000000	0.000000	0.000000	0.000000	0.000000	0.000000	0	0.000000	0	0	0.000000	-0.000000	0.000000	0.000000	0.000000	0.000000	0.000000	0.000000	6.006320	0.330348	0.000000
D:	12487.04	-8.896320	25.795347	-0.000192	-0.000192	-0.000192	-0.000192	25.795347	12.129873	-1.500000	11.783881	27.295347	0.018000	11.783881	-16.282545	0.404101	0.000000	0.000000	0.000000	0.000000	0.000000	0.000000	0.000000	0.000000	0.000000	0	0.000000	0	0	0.000000	-0.000000	0.000000	0.000000	0.000000	0.000000	0.000000	0.000000	6.006320	0.330348	0.000000
D:	12498.96	-8.896320	25.795347	-0.000192	-0.000192	-0.000192	-0.000192	26.295009	12.695702	-1.500000	12.110451	27.795009	0.018000	12.110451	-16.428527	0.263308	0.000000	0.000000	0.000000	0.000000	0.000000	0.000000	0.000000	0.000000	0.000000	0	0.000000	0	0	0.000000	-0.000000	0.000000	0.000000	0.000000	0.000000	0.000000	0.000000	5.855982	0.322079	0.000000
D:	12510.16	-8.745982	26.295009	-0.000192	-0.000192	-0.000192	-0.000192	26.295009	12.695702	-1.500000	12.110451	27.795009	0.018000	12.110451	-16.428527	0.263308	0.000000	0.000000	0.000000	0.000000	0.000000	0.000000	0.000000	0.000000	0.000000	0	0.000000	0	0	0.000000	-0.000000	0.000000	0.000000	0.000000	0.000000	0.000000	0.000000	5.855982	0.322079	0.000000
D:	12521.49	-8.926593	26.828891	-0.000192	-0.000192	-0.000192	-0.000192	26.828891	13.001169	-1.500000	12.662849	28.328891	0.018000	12.662849	-16.588956	0.425729	0.000000	0.000000	0.000000	0.000000	0.000000	0.000000	0.000000	0.000000	0.000000	0	0.000000	0	0	0.000000	-0.000000	0.000000	0.000000	0.000000	0.000000	0.000000	0.000000	6.036593	0.332013	0.000000
D:	12531.05	-8.926593	26.828891	-0.000192	-0.000192	-0.000192	-0.000192	26.828891	13.001169	-1.500000	12.662849	28.328891	0.018000	12.662849	-16.588956	0.425729	0.000000	0.000000	0.000000	0.000000	0.000000	0.000000	0.000000	0.000000	0.000000	0	0.000000	0	0	0.000000	-0.000000	0.000000	0.000000	0.000000	0.000000	0.000000	0.000000	6.036593	0.332013	0.000000
D:	12540.09	-8.926593	26.828891	-0.000192	-0.000192	-0.000192	-0.000192	27.365731	13.100845	-1.500000	12.984986	28.865731	0.018000	12.984986	-16.742066	0.386195	0.000000	0.000000	0.000000	0.000000	0.000000	0.000000	0.000000	0.000000	0.000000	0	0.000000	0	0	0.000000	-0.000000	0.000000	0.000000	0.000000	0.000000	0.000000	0.000000	5.998633	0.329925	0.000000
D:	12548.95	-8.888634	27.365731	-0.000192	-0.000192	-0.000192	-0.000192	27.365731	13.100845	-1.500000	12.984986	28.865731	0.019000	12.984986	-16.742066	0.386195	0.000000	0.000000	0.000000	0.000000	0.000000	0.000000	0.000000	0.000000	0.000000	0	0.000000	0	0	0.000000	-0.000000	0.000000	0.000000	0.000000	0.000000	0.000000	0.000000	5.998633	0.329925	0.000000
D:	12558.03	-8.888634	27.365731	-0.000192	-0.000192	-0.000192	-0.000192	27.918723	13.811244	-1.500000	13.094341	29.418723	0.019000	13.094341	-16.902847	0.282016	0.000000	0.000000	0.000000	0.000000	0.000000	0.000000	0.000000	0.000000	0.000000	0	0.000000	0	0	0.000000	-0.000000	0.000000	0.000000	0.000000	0.000000	0.000000	0.000000	5.896955	0.324333	0.000000
D:	12569.60	-8.786955	27.918723	-0.000192	-0.000192	-0.000192	-0.000192	27.918723	13.811244	-1.500000	13.094341	29.418723	0.018000	13.094341	-16.902847	0.282016	0.000000	0.000000	0.000000	0.000000	0.000000	0.000000	0.000000	0.000000	0.000000	0	0.000000	0	0	0.000000	-0.000000	0.000000	0.000000	0.000000	0.000000	0.000000	0.000000	5.896955	0.324333	0.000000
D:	12581.62	-8.966816	28.462933	-0.000192	-0.000192	-0.000192	-0.000192	28.462933	13.322200	-1.500000	13.771001	29.962933	0.018000	13.771001	-17.062658	0.447923	0.000000	0.000000	0.000000	0.000000	0.000000	0.000000	0.000000	0.000000	0.000000	0	0.000000	0	0	0.000000	-0.000000	0.000000	0.000000	0.000000	0.000000	0.000000	0.000000	6.076816	0.334225	0.000000
D:	12591.52	-8.966816	28.462933	-0.000192	-0.000192	-0.000192	-0.000192	28.462933	13.322200	-1.500000	13.771001	29.962933	0.018000	13.771001	-17.062658	0.447923	0.000000	0.000000	0.000000	0.000000	0.000000	0.000000	0.000000	0.000000	0.000000	0	0.000000	0	0	0.000000	-0.000000	0.000000	0.000000	0.000000	0.000000	0.000000	0.000000	6.076816	0.334225	0.000000
D:	12600.38	-8.966816	28.462933	-0.000192	-0.000192	-0.000192	-0.000192	28.991099	13.758648	-1.500000	13.347393	30.491099	0.018000	13.347393	-17.209030	0.593563	0.000000	0.000000	0.000000	0.000000	0.000000	0.000000	0.000000	0.000000	0.000000	0	0.000000	0	0	0.000000	-0.000000	0.000000	0.000000	0.000000	0.000000	0.000000	0.000000	6.243318	0.343382	0.000000
D:	12609.13	-9.133318	28.991099	-0.000192	-0.000192	-0.000192	-0.000192	28.991099	13.758648	-1.500000	13.347393	30.491099	0.018000	13.347393	-17.209030	0.593563	0.000000	0.000000	0.000000	0.000000	0.000000	0.000000	0.000000	0.000000	0.000000	0	0.000000	0	0	0.000000	-0.000000	0.000000	0.000000	0.000000	0.000000	0.000000	0.000000	6.243318	0.343382	0.000000
D:	12617.43	-9.133318	28.991099	-0.000192	-0.000192	-0.000192	-0.000192	28.991099	13.758648	-1.500000	13.347393	30.491099	0.018000	13.347393	-17.209030	0.030398	0.000000	0.000000	0.000000	0.000000	0.000000	0.000000	0.000000	0.000000	0.000000	0	0.000000	0	0	0.000000	-0.000000	0.000000	0.000000	0.000000	0.000000	0.000000	0.000000	5.645858	0.310522	0.000000
D:	12625.81	-8.535858	29.562715	-0.000192	-0.000192	-0.000192	-0.000192	29.562715	14.235486	-1.500000	13.738976	31.062715	0.019000	13.738976	-17.365257	0.030398	0.000000	0.000000	0.000000	0.000000	0.000000	0.000000	0.000000	0.000000	0.000000	0	0.000000	0	0	0.000000	-0.000000	0.000000	0.000000	0.000000	0.000000	0.000000	0.000000	5.645858	0.310522	0.000000
D:	12633.89	-8.535858	29.562715	-0.000192	-0.000192	-0.000192	-0.000192	29.562715	14.235486	-1.500000	13.738976	31.062715	0.019000	13.738976	-17.365257	0.030398	0.000000	0.000000	0.000000	0.000000	0.000000	0.000000	0.000000	0.000000	0.000000	0	0.000000	0	0	0.000000	-0.000000	0.000000	0.000000	0.000000	0.000000	0.000000	0.000000	5.645858	0.310522	0.000000
D:	12642.93	-8.397855	30.081271	-0.000192	-0.000192	-0.000192	-0.000192	30.081271	13.476968	-1.500000	14.207614	31.581271	0.018000	14.207614	-17.507502	-0.090085	0.000000	0.000000	0.000000	0.000000	0.000000	0.000000	0.000000	0.000000	0.000000	0	0.000000	0	0	0.000000	-0.000000	0.000000	0.000000	0.000000	0.000000	0.000000	0.000000	5.507854	0.302932	0.000000
D:	12651.82	-8.397855	30.081271	-0.000192	-0.000192	-0.000192	-0.000192	30.081271	13.476968	-1.500000	14.207614	31.581271	0.018000	14.207614	-17.507502	-0.090085	0.000000	0.000000	0.000000	0.000000	0.000000	0.000000	0.000000	0.000000	0.000000	0	0.000000	0	0	0.000000	-0.000000	0.000000	0.000000	0.000000	0.000000	0.000000	0.000000	5.507854	0.302932	0.000000
D:	12660.20	-8.397855	30.081271	-0.000192	-0.000192	-0.000192	-0.000192	30.657507	14.546469	-1.500000	13.517983	32.157507	0.018000	13.517983	-17.668606	-0.082771	0.000000	0.000000	0.000000	0.000000	0.000000	0.000000	0.000000	0.000000	0.000000	0	0.000000	0	0	0.000000	-0.000000	0.000000	0.000000	0.000000	0.000000	0.000000	0.000000	5.513531	0.303244	0.000000
D:	12669.03	-8.403531	30.657507	-0.000192	-0.000192	-0.000192	-0.000192	30.657507	14.546469	-1.500000	13.517983	32.157507	0.018000	13.517983	-17.668606	-0.082771	0.000000	0.000000	0.000000	0.000000	0.000000	0.000000	0.000000	0.000000	0.000000	0	0.000000	0	0	0.000000	-0.000000	0.000000	0.000000	0.000000	0.000000	0.000000	0.000000	5.513531	0.303244	0.000000
D:	12678.81	-8.403531	30.657507	-0.000192	-0.000192	-0.000192	-0.000192	30.657507	14.546469	-1.500000	14.488735	32.712589	0.018000	14.488735	-17.668606	-0.330642	0.000000	0.000000	0.000000	0.000000	0.000000	0.000000	0.000000	0.000000	0.000000	0	0.000000	0	0	0.000000	-0.000000	0.000000	0.000000	0.000000	0.000000	0.000000	0.000000	5.237563	0.288066	0.000000
D:	12688.00	-8.127563	31.212589	-0.000192	-0.000192	-0.000192	-0.000192	31.212589	14.452447	-1.500000	14.488735	32.712589	0.018000	14.488735	-17.818859	-0.330642	0.000000	0.000000	0.000000	0.000000	0.000000	0.000000	0.000000	0.000000	0.000000	0	0.000000	0	0	0.000000	-0.000000	0.000000	0.000000	0.000000	0.000000	0.000000	0.000000	5.237563	0.288066	0.000000
D:	12697.48	-8.127563	31.212589	-0.000192	-0.000192	-0.000192	-0.000192	31.212589	14.452447	-1.500000	14.488735	32.712589	0.018000	14.488735	-17.818859	0.080240	0.000000	0.000000	0.000000	0.000000	0.000000	0.000000	0.000000	0.000000	0.000000	0	0.000000	0	0	0.000000	-0.000000	0.000000	0.000000	0.000000	0.000000	0.000000	0.000000	5.682081	0.312514	0.000000
D:	12707.91	-8.572081	31.756694	-0.000192	-0.000192	-0.000192	-0.000192	31.756694	14.602802	-1.500000	14.454183	33.256694	0.019000	14.454183	-17.953947	0.080240	0.000000	0.000000	0.000000	0.000000	0.000000	0.000000	0.000000	0.000000	0.000000	0	0.000000	0	0	0.000000	-0.000000	0.000000	0.000000	0.000000	0.000000	0.000000	0.000000	5.682081	0.312514	0.000000
D:	12719.86	-8.572081	31.756694	-0.000192	-0.000192	-0.000192	-0.000192	32.322906	14.414137	-1.500000	14.595693	33.822906	0.019000	14.595693	-18.101160	0.111093	0.000000	0.000000	0.000000	0.000000	0.000000	0.000000	0.000000	0.000000	0.000000	0	0.000000	0	0	0.000000	-0.000000	0.000000	0.000000	0.000000	0.000000	0.000000	0.000000	5.724547	0.314850	0.000000
D:	12731.96	-8.614547	32.322906	-0.000192	-0.000192	-0.000192	-0.000192	32.322906	14.414137	-1.500000	14.595693	33.822906	0.019000	14.595693	-18.101160	0.111093	0.000000	0.000000	0.000000	0.000000	0.000000	0.000000	0.000000	0.000000	0.000000	0	0.000000	0	0	0.000000	-0.000000	0.000000	0.000000	0.000000	0.000000	0.000000	0.000000	5.724547	0.314850	0.000000
D:	12743.93	-8.591967	32.838681	-0.000192	-0.000192	-0.000192	-0.000192	32.838681	14.412661	-1.500000	14.424328	34.338681	0.018000	14.424328	-18.229455	0.079019	0.000000	0.000000	0.000000	0.000000	0.000000	0.000000	0.000000	0.000000	0.000000	0	0.000000	0	0	0.000000	-0.000000	0.000000	0.000000	0.000000	0.000000	0.000000	0.000000	5.701966	0.313608	0.000000
D:	12754.99	-8.591967	32.838681	-0.000192	-0.000192	-0.000192	-0.000192	32.838681	14.412661	-1.500000	14.424328	34.338681	0.018000	14.424328	-18.229455	0.079019	0.000000	0.000000	0.000000	0.000000	0.000000	0.000000	0.000000	0.000000	0.000000	0	0.000000	0	0	0.000000	-0.000000	0.000000	0.000000	0.000000	0.000000	0.000000	0.000000	5.701966	0.313608	0.000000
D:	12766.41	-8.532614	33.398898	-0.000192	-0.000192	-0.000192	-0.000192	33.398898	14.833400	-1.500000	14.413316	34.898898	0.018000	14.413316	-18.375385	0.011660	0.000000	0.000000	0.000000	0.000000	0.000000	0.000000	0.000000	0.000000	0.000000	0	0.000000	0	0	0.000000	-0.000000	0.000000	0.000000	0.000000	0.000000	0.000000	0.000000	5.642614	0.310344	0.000000
D:	12778.01	-8.532614	33.398898	-0.000192	-0.000192	-0.000192	-0.000192	33.398898	14.833400	-1.500000	14.813305	35.465502	0.018000	14.813305	-18.375385	0.150697	0.000000	0.000000	0.000000	0.000000	0.000000	0.000000	0.000000	0.000000	0.000000	0	0.000000	0	0	0.000000	-0.000000	0.000000	0.000000	0.000000	0.000000	0.000000	0.000000	5.797563	0.318866	0.000000
D:	12789.94	-8.687563	33.965502	-0.000192	-0.000192	-0.000192	-0.000192	33.965502	14.814245	-1.500000	14.813305	35.465502	0.019000	14.813305	-18.516535	0.150697	0.000000	0.000000	0.000000	0.000000	0.000000	0.000000	0.000000	0.000000	0.000000	0	0.000000	0	0	0.000000	-0.000000	0.000000	0.000000	0.000000	0.000000	0.000000	0.000000	5.797563	0.318866	0.000000
D:	12802.03	-8.687563	33.965502	-0.000192	-0.000192	-0.000192	-0.000192	34.524587	14.730292	-1.500000	14.814200	36.024587	0.019000	14.814200	-18.653956	0.158763	0.000000	0.000000	0.000000	0.000000	0.000000	0.000000	0.000000	0.000000	0.000000	0	0.000000	0	0	0.000000	-0.000000	0.000000	0.000000	0.000000	0.000000	0.000000	0.000000	5.812136	0.319667	0.000000
D:	12813.74	-8.702136	34.524587	-0.000192	-0.000192	-0.000192	-0.000192	34.524587	14.730292	-1.500000	14.814200	36.024587	0.019000	14.814200	-18.653956	0.158763	0.000000	0.000000	0.000000	0.000000	0.000000	0.000000	0.000000	0.000000	0.000000	0	0.000000	0	0	0.000000	-0.000000	0.000000	0.000000	0.000000	0.000000	0.000000	0.000000	5.812136	0.319667	0.000000
D:	12824.78	-8.755522	35.104704	-0.000192	-0.000192	-0.000192	-0.000192	35.104704	15.579215	-1.500000	14.735002	36.604704	0.018000	14.735002	-18.800589	0.181502	0.000000	0.000000	0.000000	0.000000	0.000000	0.000000	0.000000	0.000000	0.000000	0	0.000000	0	0	0.000000	-0.000000	0.000000	0.000000	0.000000	0.000000	0.000000	0.000000	5.865521	0.322604	0.000000
D:	12834.64	-8.755522	35.104704	-0.000192	-0.000192	-0.000192	-0.000192	35.104704	15.579215	-1.500000	14.735002	36.604704	0.018000	14.735002	-18.800589	0.181502	0.000000	0.000000	0.000000	0.000000	0.000000	0.000000	0.000000	0.000000	0.000000	0	0.000000	0	0	0.000000	-0.000000	0.000000	0.000000	0.000000	0.000000	0.000000	0.000000	5.865521	0.322604	0.000000
D:	12844.15	-8.629626	35.657836	-0.000192	-0.000192	-0.000192	-0.000192	35.657836	15.718345	-1.500000	15.531825	37.157836	0.018000	15.531825	-18.932086	-0.015531	0.000000	0.000000	0.000000	0.000000	0.000000	0.000000	0.000000	0.000000	0.000000	0	0.000000	0	0	0.000000	-0.000000	0.000000	0.000000	0.000000	0.000000	0.000000	0.000000	5.739625	0.315679	0.000000
D:	12853.54	-8.629626	35.657836	-0.000192	-0.000192	-0.000192	-0.000192	35.657836	15.718345	-1.500000	15.531825	37.157836	0.018000	15.531825	-18.932086	-0.015531	0.000000	0.000000	0.000000	0.000000	0.000000	0.000000	0.000000	0.000000	0.000000	0	0.000000	0	0	0.000000	-0.000000	0.000000	0.000000	0.000000	0.000000	0.000000	0.000000	5.739625	0.315679	0.000000
D:	12862.66	-8.629626	35.657836	-0.000192	-0.000192	-0.000192	-0.000192	36.234671	15.859373	-1.500000	15.709423	37.734671	0.018000	15.709423	-19.065480	0.223161	0.000000	0.000000	0.000000	0.000000	0.000000	0.000000	0.000000	0.000000	0.000000	0	0.000000	0	0	0.000000	-0.000000	0.000000	0.000000	0.000000	0.000000	0.000000	0.000000	6.137363	0.337555	0.000000
D:	12871.19	-9.027363	36.234671	-0.000192	-0.000192	-0.000192	-0.000192	36.234671	15.859373	-1.500000	15.709423	37.734671	0.019000	15.709423	-19.065480	0.223161	0.000000	0.000000	0.000000	0.000000	0.000000	0.000000	0.000000	0.000000	0.000000	0	0.000000	0	0	0.000000	-0.000000	0.000000	0.000000	0.000000	0.000000	0.000000	0.000000	6.137363	0.337555	0.000000
D:	12879.57	-9.027363	36.234671	-0.000192	-0.000192	-0.000192	-0.000192	36.234671	15.859373	-1.500000	15.709423	38.326424	0.019000	15.852200	-19.065480	0.567875	0.000000	0.000000	0.000000	0.000000	0.000000	0.000000	0.000000	0.000000	0.000000	0	0.000000	0	0	0.000000	-0.000000	0.000000	0.000000	0.000000	0.000000	0.000000	0.000000	6.618459	0.364015	0.000000
D:	12889.46	-9.508459	36.826424	-0.000192	-0.000192	-0.000192	-0.000192	36.826424	15.899607	-1.500000	15.852200	38.326424	0.019000	15.852200	-19.204951	0.567875	0.000000	0.000000	0.000000	0.000000	0.000000	0.000000	0.000000	0.000000	0.000000	0	0.000000	0	0	0.000000	-0.000000	0.000000	0.000000	0.000000	0.000000	0.000000	0.000000	6.618459	0.364015	0.000000
D:	12898.76	-9.508459	36.826424	-0.000192	-0.000192	-0.000192	-0.000192	36.826424	15.899607	-1.500000	15.852200	38.326424	0.019000	15.852200	-19.204951	0.706385	0.000000	0.000000	0.000000	0.000000	0.000000	0.000000	0.000000	0.000000	0.000000	0	0.000000	0	0	0.000000	-0.000000	0.000000	0.000000	0.000000	0.000000	0.000000	0.000000	6.618459	0.364015	0.000000
D:	12908.20	-9.663505	37.371035	-0.000192	-0.000192	-0.000192	-0.000192	37.371035	15.961726	-1.500000	15.896946	38.871035	0.018000	15.896946	-19.328138	0.706385	0.000000	0.000000	0.000000	0.000000	0.000000	0.000000	0.000000	0.000000	0.000000	0	0.000000	0	0	0.000000	-0.000000	0.000000	0.000000	0.000000	0.000000	0.000000	0.000000	6.773505	0.372543	0.000000
D:	12918.05	-9.663505	37.371035	-0.000192	-0.000192	-0.000192	-0.000192	37.371035	15.961726	-1.500000	15.896946	38.871035	0.018000	15.896946	-19.328138	0.637771	0.000000	0.000000	0.000000	0.000000	0.000000	0.000000	0.000000	0.000000	0.000000	0	0.000000	0	0	0.000000	-0.000000	0.000000	0.000000	0.000000	0.000000	0.000000	0.000000	6.773505	0.372543	0.000000
D:	12928.47	-9.605264	37.918691	-0.000192	-0.000192	-0.000192	-0.000192	37.918691	15.910598	-1.500000	15.958089	39.418691	0.018000	15.958089	-19.452583	0.637771	0.000000	0.000000	0.000000	0.000000	0.000000	0.000000	0.000000	0.000000	0.000000	0	0.000000	0	0	0.000000	-0.000000	0.000000	0.000000	0.000000	0.000000	0.000000	0.000000	6.715264	0.369339	0.000000
D:	12940.01	-9.605264	37.918691	-0.000192	-0.000192	-0.000192	-0.000192	38.485859	16.095544	-1.500000	15.912870	39.985859	0.018000	15.912870	-19.576460	0.640662	0.000000	0.000000	0.000000	0.000000	0.000000	0.000000	0.000000	0.000000	0.000000	0	0.000000	0	0	0.000000	-0.000000	0.000000	0.000000	0.000000	0.000000	0.000000	0.000000	6.729959	0.370148	0.000000
D:	12952.41	-9.619959	38.485859	-0.000192	-0.000192	-0.000192	-0.000192	38.485859	16.095544	-1.500000	15.912870	39.985859	0.019000	15.912870	-19.576460	0.640662	0.000000	0.000000	0.000000	0.000000	0.000000	0.000000	0.000000	0.000000	0.000000	0	0.000000	0	0	0.000000	-0.000000	0.000000	0.000000	0.000000	0.000000	0.000000	0.000000	6.729959	0.370148	0.000000
D:	12964.74	-9.389892	39.066721	-0.000192	-0.000192	-0.000192	-0.000192	39.066721	16.768807	-1.500000	16.086806	40.566721	0.019000	16.086806	-19.700104	0.404950	0.000000	0.000000	0.000000	0.000000	0.000000	0.000000	0.000000	0.000000	0.000000	0	0.000000	0	0	0.000000	-0.000000	0.000000	0.000000	0.000000	0.000000	0.000000	0.000000	6.499892	0.357494	0.000000
D:	12977.83	-9.389892	39.066721	-0.000192	-0.000192	-0.000192	-0.000192	39.066721	16.768807	-1.500000	16.086806	40.566721	0.019000	16.086806	-19.700104	0.405594	0.000000	0.000000	0.000000	0.000000	0.000000	0.000000	0.000000	0.000000	0.000000	0	0.000000	0	0	0.000000	-0.000000	0.000000	0.000000	0.000000	0.000000	0.000000	0.000000	6.499892	0.357494	0.000000
D:	12990.12	-9.408464	39.608502	-0.000192	-0.000192	-0.000192	-0.000192	39.608502	16.161254	-1.500000	16.730523	41.108502	0.018000	16.730523	-19.817742	0.405594	0.000000	0.000000	0.000000	0.000000	0.000000	0.000000	0.000000	0.000000	0.000000	0	0.000000	0	0	0.000000	-0.000000	0.000000	0.000000	0.000000	0.000000	0.000000	0.000000	6.518464	0.358516	0.000000
D:	13002.26	-9.408464	39.608502	-0.000192	-0.000192	-0.000192	-0.000192	40.155579	16.416048	-1.500000	16.193210	41.655579	0.018000	16.193210	-19.935132	0.444912	0.000000	0.000000	0.000000	0.000000	0.000000	0.000000	0.000000	0.000000	0.000000	0	0.000000	0	0	0.000000	-0.000000	0.000000	0.000000	0.000000	0.000000	0.000000	0.000000	6.568988	0.361294	0.000000
D:	13013.58	-9.458989	40.155579	-0.000192	-0.000192	-0.000192	-0.000192	40.155579	16.416048	-1.500000	16.193210	41.655579	0.018000	16.193210	-19.935132	0.444912	0.000000	0.000000	0.000000	0.000000	0.000000	0.000000	0.000000	0.000000	0.000000	0	0.000000	0	0	0.000000	-0.000000	0.000000	0.000000	0.000000	0.000000	0.000000	0.000000	6.568988	0.361294	0.000000
D:	13024.46	-9.458989	40.155579	-0.000192	-0.000192	-0.000192	-0.000192	40.699331	16.681773	-1.500000	16.403539	42.199331	0.018000	16.403539	-20.048185	0.470838	0.000000	0.000000	0.000000	0.000000	0.000000	0.000000	0.000000	0.000000	0.000000	0	0.000000	0	0	0.000000	-0.000000	0.000000	0.000000	0.000000	0.000000	0.000000	0.000000	6.609850	0.363542	0.000000
D:	13036.41	-9.499850	40.699331	-0.000192	-0.000192	-0.000192	-0.000192	40.699331	16.681773	-1.500000	16.403539	42.199331	0.018000	16.403539	-20.048185	0.470838	0.000000	0.000000	0.000000	0.000000	0.000000	0.000000	0.000000	0.000000	0.000000	0	0.000000	0	0	0.000000	-0.000000	0.000000	0.000000	0.000000	0.000000	0.000000	0.000000	6.609850	0.363542	0.000000
D:	13048.35	-9.448859	41.231166	-0.000192	-0.000192	-0.000192	-0.000192	41.231166	16.515371	-1.500000	16.668464	42.731166	0.019000	16.668464	-20.148959	0.414905	0.000000	0.000000	0.000000	0.000000	0.000000	0.000000	0.000000	0.000000	0.000000	0	0.000000	0	0	0.000000	-0.000000	0.000000	0.000000	0.000000	0.000000	0.000000	0.000000	6.558859	0.360737	0.000000
D:	13060.05	-9.448859	41.231166	-0.000192	-0.000192	-0.000192	-0.000192	41.231166	16.515371	-1.500000	16.523963	43.287230	0.019000	16.523965	-20.148959	0.301653	0.000000	0.000000	0.000000	0.000000	0.000000	0.000000	0.000000	0.000000	0.000000	0	0.000000	0	0	0.000000	-0.000000	0.000000	0.000000	0.000000	0.000000	0.000000	0.000000	6.444546	0.354450	0.000000
D:	13071.34	-9.334546	41.787230	-0.000192	-0.000192	-0.000192	-0.000192	41.787230	17.072488	-1.500000	16.523965	43.287230	0.018000	16.523965	-20.263328	0.301653	0.000000	0.000000	0.000000	0.000000	0.000000	0.000000	0.000000	0.000000	0.000000	0	0.000000	0	0	0.000000	-0.000000	0.000000	0.000000	0.000000	0.000000	0.000000	0.000000	6.444546	0.354450	0.000000
D:	13082.79	-9.334546	41.787230	-0.000192	-0.000192	-0.000192	-0.000192	42.364044	16.573964	-1.500000	17.041697	43.864044	0.018000	17.041697	-20.390758	0.382687	0.000000	0.000000	0.000000	0.000000	0.000000	0.000000	0.000000	0.000000	0.000000	0	0.000000	0	0	0.000000	-0.000000	0.000000	0.000000	0.000000	0.000000	0.000000	0.000000	6.522410	0.358733	0.000000
D:	13094.03	-9.412411	42.364044	-0.000192	-0.000192	-0.000192	-0.000192	42.364044	16.573964	-1.500000	17.041697	43.864044	0.018000	17.041697	-20.390758	0.382687	0.000000	0.000000	0.000000	0.000000	0.000000	0.000000	0.000000	0.000000	0.000000	0	0.000000	0	0	0.000000	-0.000000	0.000000	0.000000	0.000000	0.000000	0.000000	0.000000	6.522410	0.358733	0.000000
D:	13103.20	-9.412411	42.364044	-0.000192	-0.000192	-0.000192	-0.000192	42.897984	16.506254	-1.500000	16.600220	44.397984	0.018000	16.600220	-20.498620	0.593739	0.000000	0.000000	0.000000	0.000000	0.000000	0.000000	0.000000	0.000000	0.000000	0	0.000000	0	0	0.000000	-0.000000	0.000000	0.000000	0.000000	0.000000	0.000000	0.000000	6.733021	0.370316	0.000000
D:	13112.11	-9.623021	42.897984	-0.000192	-0.000192	-0.000192	-0.000192	42.897984	16.506254	-1.500000	16.600220	44.397984	0.018000	16.600220	-20.498620	0.593739	0.000000	0.000000	0.000000	0.000000	0.000000	0.000000	0.000000	0.000000	0.000000	0	0.000000	0	0	0.000000	-0.000000	0.000000	0.000000	0.000000	0.000000	0.000000	0.000000	6.733021	0.370316	0.000000
D:	13121.13	-9.623021	42.897984	-0.000192	-0.000192	-0.000192	-0.000192	42.897984	16.506254	-1.500000	16.600220	44.397984	0.018000	16.600220	-20.498620	0.790399	0.000000	0.000000	0.000000	0.000000	0.000000	0.000000	0.000000	0.000000	0.000000	0	0.000000	0	0	0.000000	-0.000000	0.000000	0.000000	0.000000	0.000000	0.000000	0.000000	6.733021	0.370316	0.000000
D:	13129.80	-9.787454	43.477260	-0.000192	-0.000192	-0.000192	-0.000192	43.477260	16.837597	-1.500000	16.510749	44.977260	0.019000	16.510749	-20.616223	0.790399	0.000000	0.000000	0.000000	0.000000	0.000000	0.000000	0.000000	0.000000	0.000000	0	0.000000	0	0	0.000000	-0.000000	0.000000	0.000000	0.000000	0.000000	0.000000	0.000000	6.897454	0.379360	0.000000
D:	13138.61	-9.787454	43.477260	-0.000192	-0.000192	-0.000192	-0.000192	43.477260	16.837597	-1.500000	16.510749	44.977260	0.019000	16.510749	-20.616223	0.790399	0.000000	0.000000	0.000000	0.000000	0.000000	0.000000	0.000000	0.000000	0.000000	0	0.000000	0	0	0.000000	-0.000000	0.000000	0.000000	0.000000	0.000000	0.000000	0.000000	6.897454	0.379360	0.000000
D:	13147.48	-9.787353	44.005263	-0.000192	-0.000192	-0.000192	-0.000192	44.005263	16.930684	-1.500000	16.819249	45.505263	0.018000	16.819249	-20.716943	0.837417	0.000000	0.000000	0.000000	0.000000	0.000000	0.000000	0.000000	0.000000	0.000000	0	0.000000	0	0	0.000000	-0.000000	0.000000	0.000000	0.000000	0.000000	0.000000	0.000000	6.897353	0.379354	0.000000
D:	13156.15	-9.787353	44.005263	-0.000192	-0.000192	-0.000192	-0.000192	44.005263	16.930684	-1.500000	16.819249	45.505263	0.018000	16.819249	-20.716943	0.837417	0.000000	0.000000	0.000000	0.000000	0.000000	0.000000	0.000000	0.000000	0.000000	0	0.000000	0	0	0.000000	-0.000000	0.000000	0.000000	0.000000	0.000000	0.000000	0.000000	6.897353	0.379354	0.000000
D:	13165.02	-9.787353	44.005263	-0.000192	-0.000192	-0.000192	-0.000192	44.546939	16.422874	-1.500000	16.924428	46.046939	0.018000	16.924428	-20.827454	0.710121	0.000000	0.000000	0.000000	0.000000	0.000000	0.000000	0.000000	0.000000	0.000000	0	0.000000	0	0	0.000000	-0.000000	0.000000	0.000000	0.000000	0.000000	0.000000	0.000000	6.751832	0.371351	0.000000
D:	13174.03	-9.641832	44.546939	-0.000192	-0.000192	-0.000192	-0.000192	44.546939	16.422874	-1.500000	16.924428	46.046939	0.018000	16.924428	-20.827454	0.710121	0.000000	0.000000	0.000000	0.000000	0.000000	0.000000	0.000000	0.000000	0.000000	0	0.000000	0	0	0.000000	-0.000000	0.000000	0.000000	0.000000	0.000000	0.000000	0.000000	6.751832	0.371351	0.000000
D:	13182.99	-9.641832	44.546939	-0.000192	-0.000192	-0.000192	-0.000192	45.048766	16.817243	-1.500000	16.451029	46.548766	0.018000	16.451029	-20.916479	0.989126	0.000000	0.000000	0.000000	0.000000	0.000000	0.000000	0.000000	0.000000	0.000000	0	0.000000	0	0	0.000000	-0.000000	0.000000	0.000000	0.000000	0.000000	0.000000	0.000000	7.058170	0.388199	0.000000
D:	13193.50	-9.948170	45.048766	-0.000192	-0.000192	-0.000192	-0.000192	45.048766	16.817243	-1.500000	16.451029	46.548766	0.018000	16.451029	-20.916479	0.989126	0.000000	0.000000	0.000000	0.000000	0.000000	0.000000	0.000000	0.000000	0.000000	0	0.000000	0	0	0.000000	-0.000000	0.000000	0.000000	0.000000	0.000000	0.000000	0.000000	7.058170	0.388199	0.000000
D:	13203.97	-9.948170	45.048766	-0.000192	-0.000192	-0.000192	-0.000192	45.600958	16.980515	-1.500000	16.799725	47.100958	0.018000	16.799725	-21.018683	0.650007	0.000000	0.000000	0.000000	0.000000	0.000000	0.000000	0.000000	0.000000	0.000000	0	0.000000	0	0	0.000000	-0.000000	0.000000	0.000000	0.000000	0.000000	0.000000	0.000000	6.689965	0.367948	0.000000
D:	13214.51	-9.579965	45.600958	-0.000192	-0.000192	-0.000192	-0.000192	45.600958	16.980515	-1.500000	16.799725	47.100958	0.019000	16.799725	-21.018683	0.650007	0.000000	0.000000	0.000000	0.000000	0.000000	0.000000	0.000000	0.000000	0.000000	0	0.000000	0	0	0.000000	-0.000000	0.000000	0.000000	0.000000	0.000000	0.000000	0.000000	6.689965	0.367948	0.000000
D:	13223.96	-9.579965	45.600958	-0.000192	-0.000192	-0.000192	-0.000192	45.600958	16.980515	-1.500000	16.971867	47.661915	0.019000	16.971867	-21.018683	0.359762	0.000000	0.000000	0.000000	0.000000	0.000000	0.000000	0.000000	0.000000	0.000000	0	0.000000	0	0	0.000000	-0.000000	0.000000	0.000000	0.000000	0.000000	0.000000	0.000000	6.372749	0.350501	0.000000
D:	13232.60	-9.262750	46.161915	-0.000192	-0.000192	-0.000192	-0.000192	46.161915	17.047398	-1.500000	16.971867	47.661915	0.019000	16.971867	-21.123734	0.359762	0.000000	0.000000	0.000000	0.000000	0.000000	0.000000	0.000000	0.000000	0.000000	0	0.000000	0	0	0.000000	-0.000000	0.000000	0.000000	0.000000	0.000000	0.000000	0.000000	6.372749	0.350501	0.000000
D:	13241.46	-9.262750	46.161915	-0.000192	-0.000192	-0.000192	-0.000192	46.161915	17.047398	-1.500000	16.971867	47.661915	0.019000	16.971867	-21.123734	0.359762	0.000000	0.000000	0.000000	0.000000	0.000000	0.000000	0.000000	0.000000	0.000000	0	0.000000	0	0	0.000000	-0.000000	0.000000	0.000000	0.000000	0.000000	0.000000	0.000000	6.372749	0.350501	0.000000
D:	13250.37	-9.186389	46.670976	-0.000192	-0.000192	-0.000192	-0.000192	46.670976	17.052568	-1.500000	17.043158	48.170976	0.018000	17.043158	-21.212873	0.288307	0.000000	0.000000	0.000000	0.000000	0.000000	0.000000	0.000000	0.000000	0.000000	0	0.000000	0	0	0.000000	-0.000000	0.000000	0.000000	0.000000	0.000000	0.000000	0.000000	6.296389	0.346301	0.000000
D:	13259.81	-9.186389	46.670976	-0.000192	-0.000192	-0.000192	-0.000192	46.670976	17.052568	-1.500000	17.043158	48.170976	0.018000	17.043158	-21.212873	0.288307	0.000000	0.000000	0.000000	0.000000	0.000000	0.000000	0.000000	0.000000	0.000000	0	0.000000	0	0	0.000000	-0.000000	0.000000	0.000000	0.000000	0.000000	0.000000	0.000000	6.296389	0.346301	0.000000
D:	13269.48	-9.040277	47.197524	-0.000192	-0.000192	-0.000192	-0.000192	47.197524	17.367886	-1.500000	17.052040	48.697524	0.018000	17.052040	-21.306818	0.157419	0.000000	0.000000	0.000000	0.000000	0.000000	0.000000	0.000000	0.000000	0.000000	0	0.000000	0	0	0.000000	-0.000000	0.000000	0.000000	0.000000	0.000000	0.000000	0.000000	6.150277	0.338265	0.000000
D:	13279.03	-9.040277	47.197524	-0.000192	-0.000192	-0.000192	-0.000192	47.197524	17.367886	-1.500000	17.052040	48.697524	0.018000	17.052040	-21.306818	0.157419	0.000000	0.000000	0.000000	0.000000	0.000000	0.000000	0.000000	0.000000	0.000000	0	0.000000	0	0	0.000000	-0.000000	0.000000	0.000000	0.000000	0.000000	0.000000	0.000000	6.150277	0.338265	0.000000
D:	13287.52	-9.040277	47.197524	-0.000192	-0.000192	-0.000192	-0.000192	47.704214	17.452103	-1.500000	17.352778	49.204214	0.018000	17.352778	-21.383400	0.021631	0.000000	0.000000	0.000000	0.000000	0.000000	0.000000	0.000000	0.000000	0.000000	0	0.000000	0	0	0.000000	-0.000000	0.000000	0.000000	0.000000	0.000000	0.000000	0.000000	5.994555	0.329701	0.000000
D:	13295.98	-8.884556	47.704214	-0.000192	-0.000192	-0.000192	-0.000192	47.704214	17.452103	-1.500000	17.352778	49.204214	0.019000	17.352778	-21.383400	0.021631	0.000000	0.000000	0.000000	0.000000	0.000000	0.000000	0.000000	0.000000	0.000000	0	0.000000	0	0	0.000000	-0.000000	0.000000	0.000000	0.000000	0.000000	0.000000	0.000000	5.994555	0.329701	0.000000
D:	13304.85	-8.884556	47.704214	-0.000192	-0.000192	-0.000192	-0.000192	48.214207	17.052177	-1.500000	17.447351	49.714207	0.019000	17.447351	-21.464391	0.141646	0.000000	0.000000	0.000000	0.000000	0.000000	0.000000	0.000000	0.000000	0.000000	0	0.000000	0	0	0.000000	-0.000000	0.000000	0.000000	0.000000	0.000000	0.000000	0.000000	6.121663	0.336691	0.000000
D:	13316.70	-9.011663	48.214207	-0.000192	-0.000192	-0.000192	-0.000192	48.214207	17.052177	-1.500000	17.447351	49.714207	0.019000	17.447351	-21.464391	0.141646	0.000000	0.000000	0.000000	0.000000	0.000000	0.000000	0.000000	0.000000	0.000000	0	0.000000	0	0	0.000000	-0.000000	0.000000	0.000000	0.000000	0.000000	0.000000	0.000000	6.121663	0.336691	0.000000
D:	13329.02	-9.039234	48.749936	-0.000192	-0.000192	-0.000192	-0.000192	48.749936	17.620194	-1.500000	17.074360	50.249936	0.018000	17.074360	-21.559125	0.173620	0.000000	0.000000	0.000000	0.000000	0.000000	0.000000	0.000000	0.000000	0.000000	0	0.000000	0	0	0.000000	-0.000000	0.000000	0.000000	0.000000	0.000000	0.000000	0.000000	6.149234	0.338208	0.000000
D:	13340.12	-9.039234	48.749936	-0.000192	-0.000192	-0.000192	-0.000192	48.749936	17.620194	-1.500000	17.074360	50.249936	0.018000	17.074360	-21.559125	0.173620	0.000000	0.000000	0.000000	0.000000	0.000000	0.000000	0.000000	0.000000	0.000000	0	0.000000	0	0	0.000000	-0.000000	0.000000	0.000000	0.000000	0.000000	0.000000	0.000000	6.149234	0.338208	0.000000
D:	13349.02	-9.115816	49.236984	-0.000192	-0.000192	-0.000192	-0.000192	49.236984	17.632362	-1.500000	17.589554	50.736984	0.018000	17.589554	-21.632362	0.248571	0.000000	0.000000	0.000000	0.000000	0.000000	0.000000	0.000000	0.000000	0.000000	0	0.000000	0	0	0.000000	-0.000000	0.000000	0.000000	0.000000	0.000000	0.000000	0.000000	6.225816	0.342420	0.000000
D:	13357.53	-9.115816	49.236984	-0.000192	-0.000192	-0.000192	-0.000192	49.236984	17.632362	-1.500000	17.589554	50.736984	0.018000	17.589554	-21.632362	0.248571	0.000000	0.000000	0.000000	0.000000	0.000000	0.000000	0.000000	0.000000	0.000000	0	0.000000	0	0	0.000000	-0.000000	0.000000	0.000000	0.000000	0.000000	0.000000	0.000000	6.225816	0.342420	0.000000
D:	13365.98	-9.115816	49.236984	-0.000192	-0.000192	-0.000192	-0.000192	49.737129	17.899656	-1.500000	17.630315	51.237129	0.018000	17.630315	-21.701183	0.277859	0.000000	0.000000	0.000000	0.000000	0.000000	0.000000	0.000000	0.000000	0.000000	0	0.000000	0	0	0.000000	-0.000000	0.000000	0.000000	0.000000	0.000000	0.000000	0.000000	6.251350	0.343824	0.000000
D:	13374.65	-9.141350	49.737129	-0.000192	-0.000192	-0.000192	-0.000192	49.737129	17.899656	-1.500000	17.630315	51.237129	0.019000	17.630315	-21.701183	0.277859	0.000000	0.000000	0.000000	0.000000	0.000000	0.000000	0.000000	0.000000	0.000000	0	0.000000	0	0	0.000000	-0.000000	0.000000	0.000000	0.000000	0.000000	0.000000	0.000000	6.251350	0.343824	0.000000
D:	13383.13	-9.141350	49.737129	-0.000192	-0.000192	-0.000192	-0.000192	49.737129	17.899656	-1.500000	17.630315	51.237129	0.019000	17.630315	-21.701183	0.452696	0.000000	0.000000	0.000000	0.000000	0.000000	0.000000	0.000000	0.000000	0.000000	0	0.000000	0	0	0.000000	-0.000000	0.000000	0.000000	0.000000	0.000000	0.000000	0.000000	6.251350	0.343824	0.000000
D:	13392.00	-9.335654	50.294451	-0.000192	-0.000192	-0.000192	-0.000192	50.294451	18.347800	-1.500000	17.886772	51.794451	0.019000	17.886772	-21.790548	0.452696	0.000000	0.000000	0.000000	0.000000	0.000000	0.000000	0.000000	0.000000	0.000000	0	0.000000	0	0	0.000000	-0.000000	0.000000	0.000000	0.000000	0.000000	0.000000	0.000000	6.445654	0.354511	0.000000
D:	13400.75	-9.335654	50.294451	-0.000192	-0.000192	-0.000192	-0.000192	50.294451	18.347800	-1.500000	17.886772	51.794451	0.019000	17.886772	-21.790548	0.452696	0.000000	0.000000	0.000000	0.000000	0.000000	0.000000	0.000000	0.000000	0.000000	0	0.000000	0	0	0.000000	-0.000000	0.000000	0.000000	0.000000	0.000000	0.000000	0.000000	6.445654	0.354511	0.000000
D:	13409.34	-9.742450	50.804804	-0.000192	-0.000192	-0.000192	-0.000192	50.804804	18.401260	-1.500000	18.321920	52.304804	0.018000	18.321920	-21.866909	0.820171	0.000000	0.000000	0.000000	0.000000	0.000000	0.000000	0.000000	0.000000	0.000000	0	0.000000	0	0	0.000000	-0.000000	0.000000	0.000000	0.000000	0.000000	0.000000	0.000000	6.852449	0.376885	0.000000
D:	13418.02	-9.742450	50.804804	-0.000192	-0.000192	-0.000192	-0.000192	50.804804	18.401260	-1.500000	18.321920	52.304804	0.018000	18.321920	-21.866909	0.820171	0.000000	0.000000	0.000000	0.000000	0.000000	0.000000	0.000000	0.000000	0.000000	0	0.000000	0	0	0.000000	-0.000000	0.000000	0.000000	0.000000	0.000000	0.000000	0.000000	6.852449	0.376885	0.000000
D:	13426.43	-9.742450	50.804804	-0.000192	-0.000192	-0.000192	-0.000192	51.275429	17.687283	-1.500000	18.396806	52.775429	0.018000	18.396806	-21.931558	0.630035	0.000000	0.000000	0.000000	0.000000	0.000000	0.000000	0.000000	0.000000	0.000000	0	0.000000	0	0	0.000000	-0.000000	0.000000	0.000000	0.000000	0.000000	0.000000	0.000000	6.650119	0.365757	0.000000
D:	13434.77	-9.540119	51.275429	-0.000192	-0.000192	-0.000192	-0.000192	51.275429	17.687283	-1.500000	18.396806	52.775429	0.018000	18.396806	-21.931558	0.630035	0.000000	0.000000	0.000000	0.000000	0.000000	0.000000	0.000000	0.000000	0.000000	0	0.000000	0	0	0.000000	-0.000000	0.000000	0.000000	0.000000	0.000000	0.000000	0.000000	6.650119	0.365757	0.000000
D:	13443.72	-9.540119	51.275429	-0.000192	-0.000192	-0.000192	-0.000192	51.275429	17.687283	-1.500000	18.396806	52.775429	0.018000	18.396806	-21.931558	0.562287	0.000000	0.000000	0.000000	0.000000	0.000000	0.000000	0.000000	0.000000	0.000000	0	0.000000	0	0	0.000000	-0.000000	0.000000	0.000000	0.000000	0.000000	0.000000	0.000000	6.650119	0.365757	0.000000
D:	13452.52	-9.466075	51.810830	-0.000192	-0.000192	-0.000192	-0.000192	51.810830	18.066280	-1.500000	17.721223	53.310830	0.019000	17.721223	-22.012845	0.562287	0.000000	0.000000	0.000000	0.000000	0.000000	0.000000	0.000000	0.000000	0.000000	0	0.000000	0	0	0.000000	-0.000000	0.000000	0.000000	0.000000	0.000000	0.000000	0.000000	6.576075	0.361684	0.000000
D:	13461.58	-9.466075	51.810830	-0.000192	-0.000192	-0.000192	-0.000192	51.810830	18.066280	-1.500000	17.721223	53.310830	0.019000	17.721223	-22.012845	0.562287	0.000000	0.000000	0.000000	0.000000	0.000000	0.000000	0.000000	0.000000	0.000000	0	0.000000	0	0	0.000000	-0.000000	0.000000	0.000000	0.000000	0.000000	0.000000	0.000000	6.576075	0.361684	0.000000
D:	13471.25	-9.191844	52.326064	-0.000192	-0.000192	-0.000192	-0.000192	52.326064	18.123018	-1.500000	18.049774	53.826064	0.019000	18.049774	-22.084850	0.312792	0.000000	0.000000	0.000000	0.000000	0.000000	0.000000	0.000000	0.000000	0.000000	0	0.000000	0	0	0.000000	-0.000000	0.000000	0.000000	0.000000	0.000000	0.000000	0.000000	6.301844	0.346601	0.000000
D:	13481.31	-9.191844	52.326064	-0.000192	-0.000192	-0.000192	-0.000192	52.326064	18.123018	-1.500000	18.049774	53.826064	0.019000	18.049774	-22.084850	0.312792	0.000000	0.000000	0.000000	0.000000	0.000000	0.000000	0.000000	0.000000	0.000000	0	0.000000	0	0	0.000000	-0.000000	0.000000	0.000000	0.000000	0.000000	0.000000	0.000000	6.301844	0.346601	0.000000
D:	13491.05	-9.266585	52.801514	-0.000192	-0.000192	-0.000192	-0.000192	52.801514	18.177587	-1.500000	18.118907	54.301514	0.018000	18.118907	-22.147052	0.388916	0.000000	0.000000	0.000000	0.000000	0.000000	0.000000	0.000000	0.000000	0.000000	0	0.000000	0	0	0.000000	-0.000000	0.000000	0.000000	0.000000	0.000000	0.000000	0.000000	6.376585	0.350712	0.000000
D:	13500.22	-9.266585	52.801514	-0.000192	-0.000192	-0.000192	-0.000192	52.801514	18.177587	-1.500000	18.118907	54.301514	0.018000	18.118907	-22.147052	0.388916	0.000000	0.000000	0.000000	0.000000	0.000000	0.000000	0.000000	0.000000	0.000000	0	0.000000	0	0	0.000000	-0.000000	0.000000	0.000000	0.000000	0.000000	0.000000	0.000000	6.376585	0.350712	0.000000
D:	13509.76	-9.318038	53.276674	-0.000192	-0.000192	-0.000192	-0.000192	53.276674	17.670729	-1.500000	18.174293	54.776674	0.018000	18.174293	-22.212714	0.434280	0.000000	0.000000	0.000000	0.000000	0.000000	0.000000	0.000000	0.000000	0.000000	0	0.000000	0	0	0.000000	-0.000000	0.000000	0.000000	0.000000	0.000000	0.000000	0.000000	6.428038	0.353542	0.000000
D:	13519.06	-9.318038	53.276674	-0.000192	-0.000192	-0.000192	-0.000192	53.276674	17.670729	-1.500000	18.174293	54.776674	0.018000	18.174293	-22.212714	0.434280	0.000000	0.000000	0.000000	0.000000	0.000000	0.000000	0.000000	0.000000	0.000000	0	0.000000	0	0	0.000000	-0.000000	0.000000	0.000000	0.000000	0.000000	0.000000	0.000000	6.428038	0.353542	0.000000
D:	13528.41	-9.318038	53.276674	-0.000192	-0.000192	-0.000192	-0.000192	53.741571	18.739131	-1.500000	17.698996	55.241571	0.018000	17.698996	-22.265848	0.371386	0.000000	0.000000	0.000000	0.000000	0.000000	0.000000	0.000000	0.000000	0.000000	0	0.000000	0	0	0.000000	-0.000000	0.000000	0.000000	0.000000	0.000000	0.000000	0.000000	6.371987	0.350459	0.000000
D:	13538.30	-9.261987	53.741571	-0.000192	-0.000192	-0.000192	-0.000192	53.741571	18.739131	-1.500000	17.698996	55.241571	0.018000	17.698996	-22.265848	0.371386	0.000000	0.000000	0.000000	0.000000	0.000000	0.000000	0.000000	0.000000	0.000000	0	0.000000	0	0	0.000000	-0.000000	0.000000	0.000000	0.000000	0.000000	0.000000	0.000000	6.371987	0.350459	0.000000
D:	13547.54	-9.261987	53.741571	-0.000192	-0.000192	-0.000192	-0.000192	54.256908	19.918080	-1.500000	18.689376	55.756908	0.018000	18.689376	-22.322660	0.516838	0.000000	0.000000	0.000000	0.000000	0.000000	0.000000	0.000000	0.000000	0.000000	0	0.000000	0	0	0.000000	-0.000000	0.000000	0.000000	0.000000	0.000000	0.000000	0.000000	6.571229	0.361418	0.000000
D:	13557.04	-9.461228	54.256908	-0.000192	-0.000192	-0.000192	-0.000192	54.256908	19.918080	-1.500000	18.689376	55.756908	0.019000	18.689376	-22.322660	0.516838	0.000000	0.000000	0.000000	0.000000	0.000000	0.000000	0.000000	0.000000	0.000000	0	0.000000	0	0	0.000000	-0.000000	0.000000	0.000000	0.000000	0.000000	0.000000	0.000000	6.571229	0.361418	0.000000
D:	13566.16	-9.461228	54.256908	-0.000192	-0.000192	-0.000192	-0.000192	54.256908	19.918080	-1.500000	19.849107	56.270384	0.019000	19.849107	-22.322660	0.079076	0.000000	0.000000	0.000000	0.000000	0.000000	0.000000	0.000000	0.000000	0.000000	0	0.000000	0	0	0.000000	-0.000000	0.000000	0.000000	0.000000	0.000000	0.000000	0.000000	6.115716	0.336364	0.000000
D:	13576.43	-9.005715	54.770384	-0.000192	-0.000192	-0.000192	-0.000192	54.770384	19.110273	-1.500000	19.849107	56.270384	0.018000	19.849107	-22.392716	0.079076	0.000000	0.000000	0.000000	0.000000	0.000000	0.000000	0.000000	0.000000	0.000000	0	0.000000	0	0	0.000000	-0.000000	0.000000	0.000000	0.000000	0.000000	0.000000	0.000000	6.115716	0.336364	0.000000
D:	13587.63	-9.005715	54.770384	-0.000192	-0.000192	-0.000192	-0.000192	55.219398	18.925889	-1.500000	19.151748	56.719398	0.018000	19.151748	-22.437339	0.147853	0.000000	0.000000	0.000000	0.000000	0.000000	0.000000	0.000000	0.000000	0.000000	0	0.000000	0	0	0.000000	-0.000000	0.000000	0.000000	0.000000	0.000000	0.000000	0.000000	6.190038	0.340452	0.000000
D:	13599.20	-9.080038	55.219398	-0.000192	-0.000192	-0.000192	-0.000192	55.219398	18.925889	-1.500000	19.151748	56.719398	0.018000	19.151748	-22.437339	0.147853	0.000000	0.000000	0.000000	0.000000	0.000000	0.000000	0.000000	0.000000	0.000000	0	0.000000	0	0	0.000000	-0.000000	0.000000	0.000000	0.000000	0.000000	0.000000	0.000000	6.190038	0.340452	0.000000
D:	13610.55	-9.208203	55.695682	-0.000192	-0.000192	-0.000192	-0.000192	55.695682	19.163000	-1.500000	18.938568	57.195682	0.018000	18.938568	-22.491245	0.246314	0.000000	0.000000	0.000000	0.000000	0.000000	0.000000	0.000000	0.000000	0.000000	0	0.000000	0	0	0.000000	-0.000000	0.000000	0.000000	0.000000	0.000000	0.000000	0.000000	6.318203	0.347501	0.000000
D:	13621.83	-9.208203	55.695682	-0.000192	-0.000192	-0.000192	-0.000192	55.695682	19.163000	-1.500000	18.938568	57.195682	0.018000	18.938568	-22.491245	0.246314	0.000000	0.000000	0.000000	0.000000	0.000000	0.000000	0.000000	0.000000	0.000000	0	0.000000	0	0	0.000000	-0.000000	0.000000	0.000000	0.000000	0.000000	0.000000	0.000000	6.318203	0.347501	0.000000
D:	13633.71	-9.295923	56.172417	-0.000192	-0.000192	-0.000192	-0.000192	56.172417	19.026926	-1.500000	19.152265	57.672417	0.019000	19.152265	-22.538377	0.324096	0.000000	0.000000	0.000000	0.000000	0.000000	0.000000	0.000000	0.000000	0.000000	0	0.000000	0	0	0.000000	-0.000000	0.000000	0.000000	0.000000	0.000000	0.000000	0.000000	6.405923	0.352326	0.000000
D:	13645.61	-9.295923	56.172417	-0.000192	-0.000192	-0.000192	-0.000192	56.172417	19.026926	-1.500000	19.033962	58.157859	0.019000	19.033962	-22.538377	0.371837	0.000000	0.000000	0.000000	0.000000	0.000000	0.000000	0.000000	0.000000	0.000000	0	0.000000	0	0	0.000000	-0.000000	0.000000	0.000000	0.000000	0.000000	0.000000	0.000000	6.472398	0.355982	0.000000
D:	13657.41	-9.362399	56.657859	-0.000192	-0.000192	-0.000192	-0.000192	56.657859	19.236312	-1.500000	19.033962	58.157859	0.018000	19.033962	-22.595091	0.371837	0.000000	0.000000	0.000000	0.000000	0.000000	0.000000	0.000000	0.000000	0.000000	0	0.000000	0	0	0.000000	-0.000000	0.000000	0.000000	0.000000	0.000000	0.000000	0.000000	6.472398	0.355982	0.000000
D:	13668.34	-9.362399	56.657859	-0.000192	-0.000192	-0.000192	-0.000192	57.117467	18.933412	-1.500000	19.224953	58.617467	0.018000	19.224953	-22.643335	0.936045	0.000000	0.000000	0.000000	0.000000	0.000000	0.000000	0.000000	0.000000	0.000000	0	0.000000	0	0	0.000000	-0.000000	0.000000	0.000000	0.000000	0.000000	0.000000	0.000000	7.111273	0.391120	0.000000
D:	13677.63	-10.001273	57.117467	-0.000192	-0.000192	-0.000192	-0.000192	57.117467	18.933412	-1.500000	19.224953	58.617467	0.018000	19.224953	-22.643335	0.936045	0.000000	0.000000	0.000000	0.000000	0.000000	0.000000	0.000000	0.000000	0.000000	0	0.000000	0	0	0.000000	-0.000000	0.000000	0.000000	0.000000	0.000000	0.000000	0.000000	7.111273	0.391120	0.000000
D:	13686.68	-10.001273	57.117467	-0.000192	-0.000192	-0.000192	-0.000192	57.117467	18.933412	-1.500000	19.224953	58.617467	0.018000	19.224953	-22.643335	0.801431	0.000000	0.000000	0.000000	0.000000	0.000000	0.000000	0.000000	0.000000	0.000000	0	0.000000	0	0	0.000000	-0.000000	0.000000	0.000000	0.000000	0.000000	0.000000	0.000000	7.013595	0.385748	0.000000
D:	13695.36	-9.903595	57.580521	-0.000192	-0.000192	-0.000192	-0.000192	57.580521	19.369028	-1.500000	18.949777	59.080521	0.018000	18.949777	-22.689639	0.801431	0.000000	0.000000	0.000000	0.000000	0.000000	0.000000	0.000000	0.000000	0.000000	0	0.000000	0	0	0.000000	-0.000000	0.000000	0.000000	0.000000	0.000000	0.000000	0.000000	7.013595	0.385748	0.000000
D:	13704.13	-9.903595	57.580521	-0.000192	-0.000192	-0.000192	-0.000192	57.580521	19.369028	-1.500000	18.949777	59.080521	0.018000	18.949777	-22.689639	0.801431	0.000000	0.000000	0.000000	0.000000	0.000000	0.000000	0.000000	0.000000	0.000000	0	0.000000	0	0	0.000000	-0.000000	0.000000	0.000000	0.000000	0.000000	0.000000	0.000000	7.013595	0.385748	0.000000
D:	13712.65	-10.060679	58.076229	-0.000192	-0.000192	-0.000192	-0.000192	58.076229	19.458032	-1.500000	19.348973	59.576229	0.019000	19.348973	-22.740475	0.904408	0.000000	0.000000	0.000000	0.000000	0.000000	0.000000	0.000000	0.000000	0.000000	0	0.000000	0	0	0.000000	-0.000000	0.000000	0.000000	0.000000	0.000000	0.000000	0.000000	7.170679	0.394387	0.000000
D:	13720.55	-10.060679	58.076229	-0.000192	-0.000192	-0.000192	-0.000192	58.076229	19.458032	-1.500000	19.348973	59.576229	0.019000	19.348973	-22.740475	0.904408	0.000000	0.000000	0.000000	0.000000	0.000000	0.000000	0.000000	0.000000	0.000000	0	0.000000	0	0	0.000000	-0.000000	0.000000	0.000000	0.000000	0.000000	0.000000	0.000000	7.170679	0.394387	0.000000
D:	13728.77	-10.060679	58.076229	-0.000192	-0.000192	-0.000192	-0.000192	58.525506	19.050390	-1.500000	19.452816	60.025506	0.019000	19.452816	-22.775581	0.830496	0.000000	0.000000	0.000000	0.000000	0.000000	0.000000	0.000000	0.000000	0.000000	0	0.000000	0	0	0.000000	-0.000000	0.000000	0.000000	0.000000	0.000000	0.000000	0.000000	7.101086	0.390560	0.000000
D:	13738.15	-9.991086	58.525506	-0.000192	-0.000192	-0.000192	-0.000192	58.525506	19.050390	-1.500000	19.452816	60.025506	0.019000	19.452816	-22.775581	0.830496	0.000000	0.000000	0.000000	0.000000	0.000000	0.000000	0.000000	0.000000	0.000000	0	0.000000	0	0	0.000000	-0.000000	0.000000	0.000000	0.000000	0.000000	0.000000	0.000000	7.101086	0.390560	0.000000
D:	13747.04	-9.991086	58.525506	-0.000192	-0.000192	-0.000192	-0.000192	58.525506	19.050390	-1.500000	19.452816	60.025506	0.019000	19.452816	-22.775581	0.698290	0.000000	0.000000	0.000000	0.000000	0.000000	0.000000	0.000000	0.000000	0.000000	0	0.000000	0	0	0.000000	-0.000000	0.000000	0.000000	0.000000	0.000000	0.000000	0.000000	6.971579	0.383437	0.000000
D:	13756.32	-9.861579	58.982147	-0.000192	-0.000192	-0.000192	-0.000192	58.982147	19.489728	-1.500000	19.072980	60.482147	0.018000	19.072980	-22.817972	0.698290	0.000000	0.000000	0.000000	0.000000	0.000000	0.000000	0.000000	0.000000	0.000000	0	0.000000	0	0	0.000000	-0.000000	0.000000	0.000000	0.000000	0.000000	0.000000	0.000000	6.971579	0.383437	0.000000
D:	13768.00	-9.861579	58.982147	-0.000192	-0.000192	-0.000192	-0.000192	59.409531	19.262393	-1.500000	19.466334	60.909531	0.018000	19.466334	-22.850179	0.388807	0.000000	0.000000	0.000000	0.000000	0.000000	0.000000	0.000000	0.000000	0.000000	0	0.000000	0	0	0.000000	-0.000000	0.000000	0.000000	0.000000	0.000000	0.000000	0.000000	6.651269	0.365820	0.000000
D:	13779.32	-9.541269	59.409531	-0.000192	-0.000192	-0.000192	-0.000192	59.409531	19.262393	-1.500000	19.466334	60.909531	0.018000	19.466334	-22.850179	0.388807	0.000000	0.000000	0.000000	0.000000	0.000000	0.000000	0.000000	0.000000	0.000000	0	0.000000	0	0	0.000000	-0.000000	0.000000	0.000000	0.000000	0.000000	0.000000	0.000000	6.651269	0.365820	0.000000
D:	13791.32	-9.541269	59.409531	-0.000192	-0.000192	-0.000192	-0.000192	59.875849	19.521748	-1.500000	19.272148	61.375849	0.018000	19.272148	-22.888161	0.327119	0.000000	0.000000	0.000000	0.000000	0.000000	0.000000	0.000000	0.000000	0.000000	0	0.000000	0	0	0.000000	-0.000000	0.000000	0.000000	0.000000	0.000000	0.000000	0.000000	6.585663	0.362211	0.000000
D:	13802.63	-9.475664	59.875849	-0.000192	-0.000192	-0.000192	-0.000192	59.875849	19.521748	-1.500000	19.272148	61.375849	0.019000	19.272148	-22.888161	0.327119	0.000000	0.000000	0.000000	0.000000	0.000000	0.000000	0.000000	0.000000	0.000000	0	0.000000	0	0	0.000000	-0.000000	0.000000	0.000000	0.000000	0.000000	0.000000	0.000000	6.585663	0.362211	0.000000
D:	13814.15	-9.271688	60.320192	-0.000192	-0.000192	-0.000192	-0.000192	60.320192	19.550667	-1.500000	19.509809	61.820192	0.019000	19.509809	-22.917079	0.130845	0.000000	0.000000	0.000000	0.000000	0.000000	0.000000	0.000000	0.000000	0.000000	0	0.000000	0	0	0.000000	-0.000000	0.000000	0.000000	0.000000	0.000000	0.000000	0.000000	6.381688	0.350993	0.000000
D:	13825.26	-9.271688	60.320192	-0.000192	-0.000192	-0.000192	-0.000192	60.320192	19.550667	-1.500000	19.509809	61.820192	0.019000	19.509809	-22.917079	0.198888	0.000000	0.000000	0.000000	0.000000	0.000000	0.000000	0.000000	0.000000	0.000000	0	0.000000	0	0	0.000000	-0.000000	0.000000	0.000000	0.000000	0.000000	0.000000	0.000000	6.381688	0.350993	0.000000
D:	13836.69	-9.345158	60.779319	-0.000192	-0.000192	-0.000192	-0.000192	60.779319	19.357791	-1.500000	19.548373	62.279319	0.018000	19.548373	-22.960845	0.198888	0.000000	0.000000	0.000000	0.000000	0.000000	0.000000	0.000000	0.000000	0.000000	0	0.000000	0	0	0.000000	-0.000000	0.000000	0.000000	0.000000	0.000000	0.000000	0.000000	6.455158	0.355034	0.000000
D:	13847.64	-9.345158	60.779319	-0.000192	-0.000192	-0.000192	-0.000192	60.779319	19.357791	-1.500000	19.548373	62.279319	0.018000	19.548373	-22.960845	0.086991	0.000000	0.000000	0.000000	0.000000	0.000000	0.000000	0.000000	0.000000	0.000000	0	0.000000	0	0	0.000000	-0.000000	0.000000	0.000000	0.000000	0.000000	0.000000	0.000000	6.455158	0.355034	0.000000
D:	13856.88	-9.222746	61.199916	-0.000192	-0.000192	-0.000192	-0.000192	61.199916	19.711966	-1.500000	19.368489	62.699916	0.018000	19.368489	-22.986776	0.086991	0.000000	0.000000	0.000000	0.000000	0.000000	0.000000	0.000000	0.000000	0.000000	0	0.000000	0	0	0.000000	-0.000000	0.000000	0.000000	0.000000	0.000000	0.000000	0.000000	6.332747	0.348301	0.000000
D:	13865.90	-9.222746	61.199916	-0.000192	-0.000192	-0.000192	-0.000192	61.199916	19.711966	-1.500000	19.368489	62.699916	0.018000	19.368489	-22.986776	0.086991	0.000000	0.000000	0.000000	0.000000	0.000000	0.000000	0.000000	0.000000	0.000000	0	0.000000	0	0	0.000000	-0.000000	0.000000	0.000000	0.000000	0.000000	0.000000	0.000000	6.332747	0.348301	0.000000
D:	13874.82	-9.347401	61.627090	-0.000192	-0.000192	-0.000192	-0.000192	61.627090	19.520353	-1.500000	19.695536	63.127090	0.019000	19.695536	-23.008902	0.204988	0.000000	0.000000	0.000000	0.000000	0.000000	0.000000	0.000000	0.000000	0.000000	0	0.000000	0	0	0.000000	-0.000000	0.000000	0.000000	0.000000	0.000000	0.000000	0.000000	6.457401	0.355157	0.000000
D:	13883.62	-9.347401	61.627090	-0.000192	-0.000192	-0.000192	-0.000192	61.627090	19.520353	-1.500000	19.695536	63.127090	0.019000	19.695536	-23.008902	0.204988	0.000000	0.000000	0.000000	0.000000	0.000000	0.000000	0.000000	0.000000	0.000000	0	0.000000	0	0	0.000000	-0.000000	0.000000	0.000000	0.000000	0.000000	0.000000	0.000000	6.457401	0.355157	0.000000
D:	13892.60	-9.347401	61.627090	-0.000192	-0.000192	-0.000192	-0.000192	62.065791	19.486112	-1.500000	19.528732	63.565791	0.019000	19.528732	-23.035731	0.157179	0.000000	0.000000	0.000000	0.000000	0.000000	0.000000	0.000000	0.000000	0.000000	0	0.000000	0	0	0.000000	-0.000000	0.000000	0.000000	0.000000	0.000000	0.000000	0.000000	6.416648	0.352916	0.000000
D:	13901.72	-9.306648	62.065791	-0.000192	-0.000192	-0.000192	-0.000192	62.065791	19.486112	-1.500000	19.528732	63.565791	0.019000	19.528732	-23.035731	0.157179	0.000000	0.000000	0.000000	0.000000	0.000000	0.000000	0.000000	0.000000	0.000000	0	0.000000	0	0	0.000000	-0.000000	0.000000	0.000000	0.000000	0.000000	0.000000	0.000000	6.416648	0.352916	0.000000
D:	13910.69	-9.306648	62.065791	-0.000192	-0.000192	-0.000192	-0.000192	62.465245	19.702089	-1.500000	19.488505	63.965245	0.019000	19.488505	-23.053234	0.185009	0.000000	0.000000	0.000000	0.000000	0.000000	0.000000	0.000000	0.000000	0.000000	0	0.000000	0	0	0.000000	-0.000000	0.000000	0.000000	0.000000	0.000000	0.000000	0.000000	6.448348	0.354659	0.000000
D:	13919.69	-9.338348	62.465245	-0.000192	-0.000192	-0.000192	-0.000192	62.465245	19.702089	-1.500000	19.488505	63.965245	0.018000	19.488505	-23.053234	0.185009	0.000000	0.000000	0.000000	0.000000	0.000000	0.000000	0.000000	0.000000	0.000000	0	0.000000	0	0	0.000000	-0.000000	0.000000	0.000000	0.000000	0.000000	0.000000	0.000000	6.448348	0.354659	0.000000
D:	13928.39	-9.338348	62.465245	-0.000192	-0.000192	-0.000192	-0.000192	62.465245	19.702089	-1.500000	19.488505	63.965245	0.018000	19.488505	-23.053234	0.105597	0.000000	0.000000	0.000000	0.000000	0.000000	0.000000	0.000000	0.000000	0.000000	0	0.000000	0	0	0.000000	-0.000000	0.000000	0.000000	0.000000	0.000000	0.000000	0.000000	6.448348	0.354659	0.000000
D:	13937.90	-9.259248	62.875296	-0.000192	-0.000192	-0.000192	-0.000192	62.875296	19.958511	-1.500000	19.690099	64.375296	0.018000	19.690099	-23.073015	0.105597	0.000000	0.000000	0.000000	0.000000	0.000000	0.000000	0.000000	0.000000	0.000000	0	0.000000	0	0	0.000000	-0.000000	0.000000	0.000000	0.000000	0.000000	0.000000	0.000000	6.369248	0.350309	0.000000
D:	13948.78	-9.259248	62.875296	-0.000192	-0.000192	-0.000192	-0.000192	62.875296	19.846113	-1.500000	19.945672	64.797101	0.018000	19.945672	-23.073015	-0.274371	0.000000	0.000000	0.000000	0.000000	0.000000	0.000000	0.000000	0.000000	0.000000	0	0.000000	0	0	0.000000	-0.000000	0.000000	0.000000	0.000000	0.000000	0.000000	0.000000	5.971108	0.328411	0.000000
D:	13960.80	-8.861108	63.297101	-0.000192	-0.000192	-0.000192	-0.000192	63.297101	19.846113	-1.500000	19.945672	64.797101	0.019000	19.945672	-23.090388	-0.274371	0.000000	0.000000	0.000000	0.000000	0.000000	0.000000	0.000000	0.000000	0.000000	0	0.000000	0	0	0.000000	-0.000000	0.000000	0.000000	0.000000	0.000000	0.000000	0.000000	5.971108	0.328411	0.000000
D:	13971.32	-8.861108	63.297101	-0.000192	-0.000192	-0.000192	-0.000192	63.710067	19.822020	-1.500000	19.850875	65.210067	0.019000	19.850875	-23.104463	-0.040713	0.000000	0.000000	0.000000	0.000000	0.000000	0.000000	0.000000	0.000000	0.000000	0	0.000000	0	0	0.000000	-0.000000	0.000000	0.000000	0.000000	0.000000	0.000000	0.000000	6.268989	0.344794	0.000000
D:	13980.24	-9.158989	63.710067	-0.000192	-0.000192	-0.000192	-0.000192	63.710067	19.822020	-1.500000	19.850875	65.210067	0.019000	19.850875	-23.104463	-0.040713	0.000000	0.000000	0.000000	0.000000	0.000000	0.000000	0.000000	0.000000	0.000000	0	0.000000	0	0	0.000000	-0.000000	0.000000	0.000000	0.000000	0.000000	0.000000	0.000000	6.268989	0.344794	0.000000
D:	13989.01	-9.158989	63.710067	-0.000192	-0.000192	-0.000192	-0.000192	63.710067	19.822020	-1.500000	19.850875	65.210067	0.019000	19.850875	-23.104463	-0.200381	0.000000	0.000000	0.000000	0.000000	0.000000	0.000000	0.000000	0.000000	0.000000	0	0.000000	0	0	0.000000	-0.000000	0.000000	0.000000	0.000000	0.000000	0.000000	0.000000	6.129666	0.337132	0.000000
D:	13999.21	-9.019666	64.126835	-0.000192	-0.000192	-0.000192	-0.000192	64.126835	19.374992	-1.500000	19.823640	65.626835	0.018000	19.823640	-23.130718	-0.200381	0.000000	0.000000	0.000000	0.000000	0.000000	0.000000	0.000000	0.000000	0.000000	0	0.000000	0	0	0.000000	-0.000000	0.000000	0.000000	0.000000	0.000000	0.000000	0.000000	6.129666	0.337132	0.000000
D:	14010.64	-9.019666	64.126835	-0.000192	-0.000192	-0.000192	-0.000192	64.529999	18.569459	-1.500000	19.400177	66.029999	0.018000	19.400177	-23.157245	-0.241032	0.000000	0.000000	0.000000	0.000000	0.000000	0.000000	0.000000	0.000000	0.000000	0	0.000000	0	0	0.000000	-0.000000	0.000000	0.000000	0.000000	0.000000	0.000000	0.000000	6.049252	0.332709	0.000000
D:	14022.76	-8.939252	64.529999	-0.000192	-0.000192	-0.000192	-0.000192	64.529999	18.569459	-1.500000	19.400177	66.029999	0.018000	19.400177	-23.157245	-0.241032	0.000000	0.000000	0.000000	0.000000	0.000000	0.000000	0.000000	0.000000	0.000000	0	0.000000	0	0	0.000000	-0.000000	0.000000	0.000000	0.000000	0.000000	0.000000	0.000000	6.049252	0.332709	0.000000
D:	14031.98	-8.939252	64.529999	-0.000192	-0.000192	-0.000192	-0.000192	64.963585	18.902998	-1.500000	18.616091	66.463585	0.018000	18.616091	-23.193074	-0.533775	0.000000	0.000000	0.000000	0.000000	0.000000	0.000000	0.000000	0.000000	0.000000	0	0.000000	0	0	0.000000	-0.000000	0.000000	0.000000	0.000000	0.000000	0.000000	0.000000	5.653460	0.310940	0.000000
D:	14040.59	-8.543460	64.963585	-0.000192	-0.000192	-0.000192	-0.000192	64.963585	18.902998	-1.500000	18.616091	66.463585	0.018000	18.616091	-23.193074	-0.533775	0.000000	0.000000	0.000000	0.000000	0.000000	0.000000	0.000000	0.000000	0.000000	0	0.000000	0	0	0.000000	-0.000000	0.000000	0.000000	0.000000	0.000000	0.000000	0.000000	5.653460	0.310940	0.000000
D:	14049.79	-8.543460	64.963585	-0.000192	-0.000192	-0.000192	-0.000192	64.963585	18.902998	-1.500000	18.616091	66.463585	0.018000	18.616091	-23.193074	-0.260428	0.000000	0.000000	0.000000	0.000000	0.000000	0.000000	0.000000	0.000000	0.000000	0	0.000000	0	0	0.000000	-0.000000	0.000000	0.000000	0.000000	0.000000	0.000000	0.000000	5.653460	0.310940	0.000000
D:	14058.69	-8.691630	65.332919	-0.000192	-0.000192	-0.000192	-0.000192	65.332919	18.815926	-1.500000	18.889274	66.832919	0.019000	18.889274	-23.197605	-0.260428	0.000000	0.000000	0.000000	0.000000	0.000000	0.000000	0.000000	0.000000	0.000000	0	0.000000	0	0	0.000000	-0.000000	0.000000	0.000000	0.000000	0.000000	0.000000	0.000000	5.801630	0.319090	0.000000
D:	14068.25	-8.691630	65.332919	-0.000192	-0.000192	-0.000192	-0.000192	65.332919	18.815926	-1.500000	18.889274	66.832919	0.019000	18.889274	-23.197605	-0.260428	0.000000	0.000000	0.000000	0.000000	0.000000	0.000000	0.000000	0.000000	0.000000	0	0.000000	0	0	0.000000	-0.000000	0.000000	0.000000	0.000000	0.000000	0.000000	0.000000	5.801630	0.319090	0.000000
D:	14077.57	-8.499215	65.692831	-0.000192	-0.000192	-0.000192	-0.000192	65.692831	18.710252	-1.500000	18.820043	67.192831	0.018000	18.820043	-23.206435	-0.325529	0.000000	0.000000	0.000000	0.000000	0.000000	0.000000	0.000000	0.000000	0.000000	0	0.000000	0	0	0.000000	-0.000000	0.000000	0.000000	0.000000	0.000000	0.000000	0.000000	5.609215	0.308507	0.000000
D:	14087.93	-8.499215	65.692831	-0.000192	-0.000192	-0.000192	-0.000192	65.692831	18.710252	-1.500000	18.820043	67.192831	0.018000	18.820043	-23.206435	-0.325529	0.000000	0.000000	0.000000	0.000000	0.000000	0.000000	0.000000	0.000000	0.000000	0	0.000000	0	0	0.000000	-0.000000	0.000000	0.000000	0.000000	0.000000	0.000000	0.000000	5.609215	0.308507	0.000000
D:	14097.16	-8.796269	66.092836	-0.000192	-0.000192	-0.000192	-0.000192	66.092836	19.848660	-1.500000	18.716415	67.592836	0.018000	18.716415	-23.222706	-0.049314	0.000000	0.000000	0.000000	0.000000	0.000000	0.000000	0.000000	0.000000	0.000000	0	0.000000	0	0	0.000000	-0.000000	0.000000	0.000000	0.000000	0.000000	0.000000	0.000000	5.906270	0.324845	0.000000
D:	14106.33	-8.796269	66.092836	-0.000192	-0.000192	-0.000192	-0.000192	66.092836	19.848660	-1.500000	18.716415	67.592836	0.018000	18.716415	-23.222706	-0.049314	0.000000	0.000000	0.000000	0.000000	0.000000	0.000000	0.000000	0.000000	0.000000	0	0.000000	0	0	0.000000	-0.000000	0.000000	0.000000	0.000000	0.000000	0.000000	0.000000	5.906270	0.324845	0.000000
D:	14115.64	-8.651960	66.438104	-0.000192	-0.000192	-0.000192	-0.000192	66.438104	18.737194	-1.500000	19.785102	67.938104	0.018000	19.785102	-23.225744	-0.171129	0.000000	0.000000	0.000000	0.000000	0.000000	0.000000	0.000000	0.000000	0.000000	0	0.000000	0	0	0.000000	-0.000000	0.000000	0.000000	0.000000	0.000000	0.000000	0.000000	5.761961	0.316908	0.000000
D:	14124.71	-8.651960	66.438104	-0.000192	-0.000192	-0.000192	-0.000192	66.438104	18.737194	-1.500000	19.785102	67.938104	0.018000	19.785102	-23.225744	-0.171129	0.000000	0.000000	0.000000	0.000000	0.000000	0.000000	0.000000	0.000000	0.000000	0	0.000000	0	0	0.000000	-0.000000	0.000000	0.000000	0.000000	0.000000	0.000000	0.000000	5.761961	0.316908	0.000000
D:	14133.81	-8.651960	66.438104	-0.000192	-0.000192	-0.000192	-0.000192	66.818787	19.155745	-1.500000	18.787321	68.318787	0.018000	18.787321	-23.232081	-0.286670	0.000000	0.000000	0.000000	0.000000	0.000000	0.000000	0.000000	0.000000	0.000000	0	0.000000	0	0	0.000000	-0.000000	0.000000	0.000000	0.000000	0.000000	0.000000	0.000000	5.632001	0.309760	0.000000
D:	14143.19	-8.522001	66.818787	-0.000192	-0.000192	-0.000192	-0.000192	66.818787	19.155745	-1.500000	18.787321	68.318787	0.019000	18.787321	-23.232081	-0.286670	0.000000	0.000000	0.000000	0.000000	0.000000	0.000000	0.000000	0.000000	0.000000	0	0.000000	0	0	0.000000	-0.000000	0.000000	0.000000	0.000000	0.000000	0.000000	0.000000	5.632001	0.309760	0.000000
D:	14152.51	-8.522001	66.818787	-0.000192	-0.000192	-0.000192	-0.000192	67.189550	19.870616	-1.500000	19.135064	68.689550	0.019000	19.135064	-23.237028	-0.191599	0.000000	0.000000	0.000000	0.000000	0.000000	0.000000	0.000000	0.000000	0.000000	0	0.000000	0	0	0.000000	-0.000000	0.000000	0.000000	0.000000	0.000000	0.000000	0.000000	5.728148	0.315048	0.000000
D:	14161.77	-8.618148	67.189550	-0.000192	-0.000192	-0.000192	-0.000192	67.189550	19.870616	-1.500000	19.135064	68.689550	0.018000	19.135064	-23.237028	-0.191599	0.000000	0.000000	0.000000	0.000000	0.000000	0.000000	0.000000	0.000000	0.000000	0	0.000000	0	0	0.000000	-0.000000	0.000000	0.000000	0.000000	0.000000	0.000000	0.000000	5.728148	0.315048	0.000000
D:	14171.53	-8.618148	67.189550	-0.000192	-0.000192	-0.000192	-0.000192	67.189550	19.870616	-1.500000	19.829326	69.034790	0.018000	19.829326	-23.237028	-0.037045	0.000000	0.000000	0.000000	0.000000	0.000000	0.000000	0.000000	0.000000	0.000000	0	0.000000	0	0	0.000000	-0.000000	0.000000	0.000000	0.000000	0.000000	0.000000	0.000000	5.886533	0.323759	0.000000
D:	14181.14	-8.776533	67.534790	-0.000192	-0.000192	-0.000192	-0.000192	67.534790	19.145658	-1.500000	19.829326	69.034790	0.018000	19.829326	-23.237261	-0.037045	0.000000	0.000000	0.000000	0.000000	0.000000	0.000000	0.000000	0.000000	0.000000	0	0.000000	0	0	0.000000	-0.000000	0.000000	0.000000	0.000000	0.000000	0.000000	0.000000	5.886533	0.323759	0.000000
D:	14190.96	-8.776533	67.534790	-0.000192	-0.000192	-0.000192	-0.000192	67.534790	19.145658	-1.500000	19.829326	69.034790	0.018000	19.829326	-23.237261	-0.139193	0.000000	0.000000	0.000000	0.000000	0.000000	0.000000	0.000000	0.000000	0.000000	0	0.000000	0	0	0.000000	-0.000000	0.000000	0.000000	0.000000	0.000000	0.000000	0.000000	5.759669	0.316782	0.000000
D:	14200.59	-8.649669	67.849020	-0.000192	-0.000192	-0.000192	-0.000192	67.849020	19.035738	-1.500000	19.184036	69.349020	0.018000	19.184036	-23.226578	-0.139193	0.000000	0.000000	0.000000	0.000000	0.000000	0.000000	0.000000	0.000000	0.000000	0	0.000000	0	0	0.000000	-0.000000	0.000000	0.000000	0.000000	0.000000	0.000000	0.000000	5.759669	0.316782	0.000000
D:	14210.50	-8.649669	67.849020	-0.000192	-0.000192	-0.000192	-0.000192	67.849020	19.035738	-1.500000	19.184036	69.349020	0.018000	19.184036	-23.226578	-0.236838	0.000000	0.000000	0.000000	0.000000	0.000000	0.000000	0.000000	0.000000	0.000000	0	0.000000	0	0	0.000000	-0.000000	0.000000	0.000000	0.000000	0.000000	0.000000	0.000000	5.759669	0.316782	0.000000
D:	14220.08	-8.523768	68.200104	-0.000192	-0.000192	-0.000192	-0.000192	68.200104	19.130325	-1.500000	19.042832	69.700104	0.019000	19.042832	-23.221929	-0.236838	0.000000	0.000000	0.000000	0.000000	0.000000	0.000000	0.000000	0.000000	0.000000	0	0.000000	0	0	0.000000	-0.000000	0.000000	0.000000	0.000000	0.000000	0.000000	0.000000	5.633768	0.309857	0.000000
D:	14229.37	-8.523768	68.200104	-0.000192	-0.000192	-0.000192	-0.000192	68.200104	19.130325	-1.500000	19.042832	69.700104	0.019000	19.042832	-23.221929	-0.236838	0.000000	0.000000	0.000000	0.000000	0.000000	0.000000	0.000000	0.000000	0.000000	0	0.000000	0	0	0.000000	-0.000000	0.000000	0.000000	0.000000	0.000000	0.000000	0.000000	5.633768	0.309857	0.000000
D:	14237.60	-8.500214	68.554117	-0.000192	-0.000192	-0.000192	-0.000192	68.554117	18.914577	-1.500000	19.126140	70.054117	0.019000	19.126140	-23.219921	-0.239280	0.000000	0.000000	0.000000	0.000000	0.000000	0.000000	0.000000	0.000000	0.000000	0	0.000000	0	0	0.000000	-0.000000	0.000000	0.000000	0.000000	0.000000	0.000000	0.000000	5.610213	0.308562	0.000000
D:	14246.51	-8.500214	68.554117	-0.000192	-0.000192	-0.000192	-0.000192	68.554117	18.914577	-1.500000	19.126140	70.054117	0.019000	19.126140	-23.219921	-0.239280	0.000000	0.000000	0.000000	0.000000	0.000000	0.000000	0.000000	0.000000	0.000000	0	0.000000	0	0	0.000000	-0.000000	0.000000	0.000000	0.000000	0.000000	0.000000	0.000000	5.610213	0.308562	0.000000
D:	14255.52	-8.500214	68.554117	-0.000192	-0.000192	-0.000192	-0.000192	68.887182	19.556360	-1.500000	18.926453	70.387182	0.019000	18.926453	-23.212848	0.115508	0.000000	0.000000	0.000000	0.000000	0.000000	0.000000	0.000000	0.000000	0.000000	0	0.000000	0	0	0.000000	-0.000000	0.000000	0.000000	0.000000	0.000000	0.000000	0.000000	5.988475	0.329366	0.000000
D:	14264.78	-8.878476	68.887182	-0.000192	-0.000192	-0.000192	-0.000192	68.887182	19.556360	-1.500000	18.926453	70.387182	0.018000	18.926453	-23.212848	0.115508	0.000000	0.000000	0.000000	0.000000	0.000000	0.000000	0.000000	0.000000	0.000000	0	0.000000	0	0	0.000000	-0.000000	0.000000	0.000000	0.000000	0.000000	0.000000	0.000000	5.988475	0.329366	0.000000
D:	14273.39	-8.878476	68.887182	-0.000192	-0.000192	-0.000192	-0.000192	68.887182	19.556360	-1.500000	19.521000	70.716443	0.018000	19.521000	-23.212848	0.189055	0.000000	0.000000	0.000000	0.000000	0.000000	0.000000	0.000000	0.000000	0.000000	0	0.000000	0	0	0.000000	-0.000000	0.000000	0.000000	0.000000	0.000000	0.000000	0.000000	6.062170	0.333419	0.000000
D:	14281.91	-8.952170	69.216443	-0.000192	-0.000192	-0.000192	-0.000192	69.216443	19.540360	-1.500000	19.521000	70.716443	0.018000	19.521000	-23.204482	0.189055	0.000000	0.000000	0.000000	0.000000	0.000000	0.000000	0.000000	0.000000	0.000000	0	0.000000	0	0	0.000000	-0.000000	0.000000	0.000000	0.000000	0.000000	0.000000	0.000000	6.062170	0.333419	0.000000
D:	14290.48	-8.952170	69.216443	-0.000192	-0.000192	-0.000192	-0.000192	69.216443	19.540360	-1.500000	19.521000	70.716443	0.018000	19.521000	-23.204482	0.189055	0.000000	0.000000	0.000000	0.000000	0.000000	0.000000	0.000000	0.000000	0.000000	0	0.000000	0	0	0.000000	-0.000000	0.000000	0.000000	0.000000	0.000000	0.000000	0.000000	6.062170	0.333419	0.000000
D:	14300.03	-8.894652	69.585885	-0.000192	-0.000192	-0.000192	-0.000192	69.585885	19.660968	-1.500000	19.539434	71.085885	0.019000	19.539434	-23.202953	0.139842	0.000000	0.000000	0.000000	0.000000	0.000000	0.000000	0.000000	0.000000	0.000000	0	0.000000	0	0	0.000000	-0.000000	0.000000	0.000000	0.000000	0.000000	0.000000	0.000000	6.004652	0.330256	0.000000
D:	14309.17	-8.894652	69.585885	-0.000192	-0.000192	-0.000192	-0.000192	69.585885	19.660968	-1.500000	19.539434	71.085885	0.019000	19.539434	-23.202953	0.139842	0.000000	0.000000	0.000000	0.000000	0.000000	0.000000	0.000000	0.000000	0.000000	0	0.000000	0	0	0.000000	-0.000000	0.000000	0.000000	0.000000	0.000000	0.000000	0.000000	6.004652	0.330256	0.000000
D:	14318.30	-8.808834	69.905818	-0.000192	-0.000192	-0.000192	-0.000192	69.905818	19.421400	-1.500000	19.655154	71.405818	0.019000	19.655154	-23.184758	0.058648	0.000000	0.000000	0.000000	0.000000	0.000000	0.000000	0.000000	0.000000	0.000000	0	0.000000	0	0	0.000000	-0.000000	0.000000	0.000000	0.000000	0.000000	0.000000	0.000000	5.918833	0.325536	0.000000
D:	14327.35	-8.808834	69.905818	-0.000192	-0.000192	-0.000192	-0.000192	69.905818	19.421400	-1.500000	19.655154	71.405818	0.019000	19.655154	-23.184758	0.058648	0.000000	0.000000	0.000000	0.000000	0.000000	0.000000	0.000000	0.000000	0.000000	0	0.000000	0	0	0.000000	-0.000000	0.000000	0.000000	0.000000	0.000000	0.000000	0.000000	5.918833	0.325536	0.000000
D:	14335.92	-8.808834	69.905818	-0.000192	-0.000192	-0.000192	-0.000192	70.210728	19.291241	-1.500000	19.434521	71.710728	0.019000	19.434521	-23.169104	0.203075	0.000000	0.000000	0.000000	0.000000	0.000000	0.000000	0.000000	0.000000	0.000000	0	0.000000	0	0	0.000000	-0.000000	0.000000	0.000000	0.000000	0.000000	0.000000	0.000000	6.075054	0.334128	0.000000
D:	14344.57	-8.965054	70.210728	-0.000192	-0.000192	-0.000192	-0.000192	70.210728	19.291241	-1.500000	19.434521	71.710728	0.018000	19.434521	-23.169104	0.203075	0.000000	0.000000	0.000000	0.000000	0.000000	0.000000	0.000000	0.000000	0.000000	0	0.000000	0	0	0.000000	-0.000000	0.000000	0.000000	0.000000	0.000000	0.000000	0.000000	6.075054	0.334128	0.000000
D:	14354.25	-8.965054	70.210728	-0.000192	-0.000192	-0.000192	-0.000192	70.553422	19.357823	-1.500000	19.299284	72.053422	0.018000	19.299284	-23.166983	0.007307	0.000000	0.000000	0.000000	0.000000	0.000000	0.000000	0.000000	0.000000	0.000000	0	0.000000	0	0	0.000000	-0.000000	0.000000	0.000000	0.000000	0.000000	0.000000	0.000000	5.856517	0.322108	0.000000
D:	14363.69	-8.746517	70.553422	-0.000192	-0.000192	-0.000192	-0.000192	70.553422	19.357823	-1.500000	19.299284	72.053422	0.018000	19.299284	-23.166983	0.007307	0.000000	0.000000	0.000000	0.000000	0.000000	0.000000	0.000000	0.000000	0.000000	0	0.000000	0	0	0.000000	-0.000000	0.000000	0.000000	0.000000	0.000000	0.000000	0.000000	5.856517	0.322108	0.000000
D:	14372.68	-8.746517	70.553422	-0.000192	-0.000192	-0.000192	-0.000192	70.553422	19.357823	-1.500000	19.299284	72.053422	0.018000	19.299284	-23.166983	0.219358	0.000000	0.000000	0.000000	0.000000	0.000000	0.000000	0.000000	0.000000	0.000000	0	0.000000	0	0	0.000000	-0.000000	0.000000	0.000000	0.000000	0.000000	0.000000	0.000000	6.076357	0.334200	0.000000
D:	14381.83	-8.966357	70.926177	-0.000192	-0.000192	-0.000192	-0.000192	70.926177	19.564310	-1.500000	19.355022	72.426177	0.019000	19.355022	-23.167363	0.219358	0.000000	0.000000	0.000000	0.000000	0.000000	0.000000	0.000000	0.000000	0.000000	0	0.000000	0	0	0.000000	-0.000000	0.000000	0.000000	0.000000	0.000000	0.000000	0.000000	6.076357	0.334200	0.000000
D:	14390.61	-8.966357	70.926177	-0.000192	-0.000192	-0.000192	-0.000192	70.926177	19.564310	-1.500000	19.355022	72.426177	0.019000	19.355022	-23.167363	0.219358	0.000000	0.000000	0.000000	0.000000	0.000000	0.000000	0.000000	0.000000	0.000000	0	0.000000	0	0	0.000000	-0.000000	0.000000	0.000000	0.000000	0.000000	0.000000	0.000000	6.076357	0.334200	0.000000
D:	14399.65	-9.226587	71.228862	-0.000192	-0.000192	-0.000192	-0.000192	71.228862	19.076695	-1.500000	19.554299	72.728862	0.019000	19.554299	-23.145398	0.454214	0.000000	0.000000	0.000000	0.000000	0.000000	0.000000	0.000000	0.000000	0.000000	0	0.000000	0	0	0.000000	-0.000000	0.000000	0.000000	0.000000	0.000000	0.000000	0.000000	6.336586	0.348512	0.000000
D:	14408.05	-9.226587	71.228862	-0.000192	-0.000192	-0.000192	-0.000192	71.228862	19.076695	-1.500000	19.554299	72.728862	0.019000	19.554299	-23.145398	0.454214	0.000000	0.000000	0.000000	0.000000	0.000000	0.000000	0.000000	0.000000	0.000000	0	0.000000	0	0	0.000000	-0.000000	0.000000	0.000000	0.000000	0.000000	0.000000	0.000000	6.336586	0.348512	0.000000
D:	14416.24	-9.226587	71.228862	-0.000192	-0.000192	-0.000192	-0.000192	71.506521	19.121012	-1.500000	19.103505	73.006521	0.019000	19.103505	-23.121012	0.706294	0.000000	0.000000	0.000000	0.000000	0.000000	0.000000	0.000000	0.000000	0.000000	0	0.000000	0	0	0.000000	-0.000000	0.000000	0.000000	0.000000	0.000000	0.000000	0.000000	6.627890	0.364534	0.000000
D:	14424.39	-9.517890	71.506521	-0.000192	-0.000192	-0.000192	-0.000192	71.506521	19.121012	-1.500000	19.103505	73.006521	0.018000	19.103505	-23.121012	0.706294	0.000000	0.000000	0.000000	0.000000	0.000000	0.000000	0.000000	0.000000	0.000000	0	0.000000	0	0	0.000000	-0.000000	0.000000	0.000000	0.000000	0.000000	0.000000	0.000000	6.627890	0.364534	0.000000
D:	14432.58	-9.517890	71.506521	-0.000192	-0.000192	-0.000192	-0.000192	71.506521	19.121012	-1.500000	19.103505	73.006521	0.018000	19.103505	-23.121012	0.706294	0.000000	0.000000	0.000000	0.000000	0.000000	0.000000	0.000000	0.000000	0.000000	0	0.000000	0	0	0.000000	-0.000000	0.000000	0.000000	0.000000	0.000000	0.000000	0.000000	6.627890	0.364534	0.000000
D:	14440.91	-9.305308	71.786862	-0.000192	-0.000192	-0.000192	-0.000192	71.786862	19.393571	-1.500000	19.120029	73.286862	0.018000	19.120029	-23.095862	0.504174	0.000000	0.000000	0.000000	0.000000	0.000000	0.000000	0.000000	0.000000	0.000000	0	0.000000	0	0	0.000000	-0.000000	0.000000	0.000000	0.000000	0.000000	0.000000	0.000000	6.415308	0.352842	0.000000
D:	14449.36	-9.305308	71.786862	-0.000192	-0.000192	-0.000192	-0.000192	71.786862	19.393571	-1.500000	19.120029	73.286862	0.018000	19.120029	-23.095862	0.504174	0.000000	0.000000	0.000000	0.000000	0.000000	0.000000	0.000000	0.000000	0.000000	0	0.000000	0	0	0.000000	-0.000000	0.000000	0.000000	0.000000	0.000000	0.000000	0.000000	6.415308	0.352842	0.000000
D:	14458.41	-9.646747	72.129757	-0.000192	-0.000192	-0.000192	-0.000192	72.129755	19.149281	-1.500000	19.380487	73.629755	0.019000	19.380487	-23.088213	0.812977	0.000000	0.000000	0.000000	0.000000	0.000000	0.000000	0.000000	0.000000	0.000000	0	0.000000	0	0	0.000000	-0.000000	0.000000	0.000000	0.000000	0.000000	0.000000	0.000000	6.756747	0.371621	0.000000
D:	14467.22	-9.646747	72.129755	-0.000192	-0.000192	-0.000192	-0.000192	72.129755	19.149281	-1.500000	19.380487	73.629755	0.019000	19.380487	-23.088213	0.812977	0.000000	0.000000	0.000000	0.000000	0.000000	0.000000	0.000000	0.000000	0.000000	0	0.000000	0	0	0.000000	-0.000000	0.000000	0.000000	0.000000	0.000000	0.000000	0.000000	6.756747	0.371621	0.000000
D:	14476.45	-9.646747	72.129755	-0.000192	-0.000192	-0.000192	-0.000192	72.443553	19.343441	-1.500000	19.160341	73.943553	0.019000	19.160341	-23.068632	0.724781	0.000000	0.000000	0.000000	0.000000	0.000000	0.000000	0.000000	0.000000	0.000000	0	0.000000	0	0	0.000000	-0.000000	0.000000	0.000000	0.000000	0.000000	0.000000	0.000000	6.669390	0.366816	0.000000
D:	14485.04	-9.559390	72.443553	-0.000192	-0.000192	-0.000192	-0.000192	72.443553	19.343441	-1.500000	19.160341	73.943553	0.019000	19.160341	-23.068632	0.724781	0.000000	0.000000	0.000000	0.000000	0.000000	0.000000	0.000000	0.000000	0.000000	0	0.000000	0	0	0.000000	-0.000000	0.000000	0.000000	0.000000	0.000000	0.000000	0.000000	6.669390	0.366816	0.000000
D:	14493.40	-9.559390	72.443553	-0.000192	-0.000192	-0.000192	-0.000192	72.443553	19.343441	-1.500000	19.160341	73.943553	0.019000	19.160341	-23.068632	0.725716	0.000000	0.000000	0.000000	0.000000	0.000000	0.000000	0.000000	0.000000	0.000000	0	0.000000	0	0	0.000000	-0.000000	0.000000	0.000000	0.000000	0.000000	0.000000	0.000000	6.669390	0.366816	0.000000
D:	14502.09	-9.574830	72.727486	-0.000192	-0.000192	-0.000192	-0.000192	72.727486	19.312647	-1.500000	19.333163	74.227486	0.018000	19.333163	-23.045472	0.725716	0.000000	0.000000	0.000000	0.000000	0.000000	0.000000	0.000000	0.000000	0.000000	0	0.000000	0	0	0.000000	-0.000000	0.000000	0.000000	0.000000	0.000000	0.000000	0.000000	6.684830	0.367666	0.000000
D:	14513.28	-9.574830	72.727486	-0.000192	-0.000192	-0.000192	-0.000192	72.727486	19.312647	-1.500000	19.313799	74.502785	0.018000	19.313799	-23.045472	1.074802	0.000000	0.000000	0.000000	0.000000	0.000000	0.000000	0.000000	0.000000	0.000000	0	0.000000	0	0	0.000000	-0.000000	0.000000	0.000000	0.000000	0.000000	0.000000	0.000000	7.083786	0.389608	0.000000
D:	14525.80	-9.973786	73.002785	-0.000192	-0.000192	-0.000192	-0.000192	73.002785	19.309321	-1.500000	19.313799	74.502785	0.018000	19.313799	-23.019244	1.074802	0.000000	0.000000	0.000000	0.000000	0.000000	0.000000	0.000000	0.000000	0.000000	0	0.000000	0	0	0.000000	-0.000000	0.000000	0.000000	0.000000	0.000000	0.000000	0.000000	7.083786	0.389608	0.000000
D:	14537.89	-9.973786	73.002785	-0.000192	-0.000192	-0.000192	-0.000192	73.259281	19.314465	-1.500000	19.309572	74.759281	0.018000	19.309572	-22.986221	1.082282	0.000000	0.000000	0.000000	0.000000	0.000000	0.000000	0.000000	0.000000	0.000000	0	0.000000	0	0	0.000000	-0.000000	0.000000	0.000000	0.000000	0.000000	0.000000	0.000000	7.117344	0.391454	0.000000
D:	14549.79	-10.007345	73.259281	-0.000192	-0.000192	-0.000192	-0.000192	73.259281	19.314465	-1.500000	19.309572	74.759281	0.018000	19.309572	-22.986221	1.082282	0.000000	0.000000	0.000000	0.000000	0.000000	0.000000	0.000000	0.000000	0.000000	0	0.000000	0	0	0.000000	-0.000000	0.000000	0.000000	0.000000	0.000000	0.000000	0.000000	7.117344	0.391454	0.000000
D:	14561.14	-9.725079	73.583780	-0.000192	-0.000192	-0.000192	-0.000192	73.583780	19.200649	-1.500000	19.314231	75.083780	0.019000	19.314231	-22.971642	0.792923	0.000000	0.000000	0.000000	0.000000	0.000000	0.000000	0.000000	0.000000	0.000000	0	0.000000	0	0	0.000000	-0.000000	0.000000	0.000000	0.000000	0.000000	0.000000	0.000000	6.835079	0.375929	0.000000
D:	14572.21	-9.725079	73.583780	-0.000192	-0.000192	-0.000192	-0.000192	73.583780	19.200649	-1.500000	19.314231	75.083780	0.019000	19.314231	-22.971642	1.082297	0.000000	0.000000	0.000000	0.000000	0.000000	0.000000	0.000000	0.000000	0.000000	0	0.000000	0	0	0.000000	-0.000000	0.000000	0.000000	0.000000	0.000000	0.000000	0.000000	6.835079	0.375929	0.000000
D:	14583.63	-10.068165	73.875385	-0.000192	-0.000192	-0.000192	-0.000192	73.875385	19.552917	-1.500000	19.207025	75.375385	0.018000	19.207025	-22.949864	1.082297	0.000000	0.000000	0.000000	0.000000	0.000000	0.000000	0.000000	0.000000	0.000000	0	0.000000	0	0	0.000000	-0.000000	0.000000	0.000000	0.000000	0.000000	0.000000	0.000000	7.178164	0.394799	0.000000
D:	14595.41	0.000000	0.000000	0.000000	0.000000	0.000000	0.000000	0.000000	0.000000	0.000000	0.000000	0.000000	0.000000	0.000000	0.000000	0.000000	0.000000	0.000000	0.000000	0.000000	0.000000	0.000000	0.000000	0.000000	0.000000	0	0.000000	0	0	0.000000	0.000000	0.000000	0.000000	0.000000	0.000000	0.000000	0.000000	0.000000	0.000000	0.000000
D:	14607.04	0.000000	0.000000	0.000000	0.000000	0.000000	0.000000	0.000000	0.000000	0.000000	0.000000	0.000000	0.000000	0.000000	0.000000	0.000000	0.000000	0.000000	0.000000	0.000000	0.000000	0.000000	0.000000	0.000000	0.000000	0	0.000000	0	0	0.000000	0.000000	0.000000	0.000000	0.000000	0.000000	0.000000	0.000000	0.000000	0.000000	0.000000
D:	14618.49	0.000000	0.000000	0.000000	0.000000	0.000000	0.000000	0.000000	0.000000	0.000000	0.000000	0.000000	0.000000	0.000000	0.000000	0.000000	0.000000	0.000000	0.000000	0.000000	0.000000	0.000000	0.000000	0.000000	0.000000	0	0.000000	0	0	0.000000	0.000000	0.000000	0.000000	0.000000	0.000000	0.000000	0.000000	0.000000	0.000000	0.000000
D:	14628.90	0.000000	0.000000	0.000000	0.000000	0.000000	0.000000	0.000000	0.000000	0.000000	0.000000	0.000000	0.000000	0.000000	0.000000	0.000000	0.000000	0.000000	0.000000	0.000000	0.000000	0.000000	0.000000	0.000000	0.000000	0	0.000000	0	0	0.000000	0.000000	0.000000	0.000000	0.000000	0.000000	0.000000	0.000000	0.000000	0.000000	0.000000
D:	14640.22	0.000000	0.000000	0.000000	0.000000	0.000000	0.000000	0.000000	0.000000	0.000000	0.000000	0.000000	0.000000	0.000000	0.000000	0.000000	0.000000	0.000000	0.000000	0.000000	0.000000	0.000000	0.000000	0.000000	0.000000	0	0.000000	0	0	0.000000	0.000000	0.000000	0.000000	0.000000	0.000000	0.000000	0.000000	0.000000	0.000000	0.000000
D:	14652.32	0.000000	0.000000	0.000000	0.000000	0.000000	0.000000	0.000000	0.000000	0.000000	0.000000	0.000000	0.000000	0.000000	0.000000	0.000000	0.000000	0.000000	0.000000	0.000000	0.000000	0.000000	0.000000	0.000000	0.000000	0	0.000000	0	0	0.000000	0.000000	0.000000	0.000000	0.000000	0.000000	0.000000	0.000000	0.000000	0.000000	0.000000
D:	14664.16	0.000000	0.000000	0.000000	0.000000	0.000000	0.000000	0.000000	0.000000	0.000000	0.000000	0.000000	0.000000	0.000000	0.000000	0.000000	0.000000	0.000000	0.000000	0.000000	0.000000	0.000000	0.000000	0.000000	0.000000	0	0.000000	0	0	0.000000	0.000000	0.000000	0.000000	0.000000	0.000000	0.000000	0.000000	0.000000	0.000000	0.000000
D:	14676.69	0.000000	0.000000	0.000000	0.000000	0.000000	0.000000	0.000000	0.000000	0.000000	0.000000	0.000000	0.000000	0.000000	0.000000	0.000000	0.000000	0.000000	0.000000	0.000000	0.000000	0.000000	0.000000	0.000000	0.000000	0	0.000000	0	0	0.000000	0.000000	0.000000	0.000000	0.000000	0.000000	0.000000	0.000000	0.000000	0.000000	0.000000
D:	14688.20	0.000000	0.000000	0.000000	0.000000	0.000000	0.000000	0.000000	0.000000	0.000000	0.000000	0.000000	0.000000	0.000000	0.000000	0.000000	0.000000	0.000000	0.000000	0.000000	0.000000	0.000000	0.000000	0.000000	0.000000	0	0.000000	0	0	0.000000	0.000000	0.000000	0.000000	0.000000	0.000000	0.000000	0.000000	0.000000	0.000000	0.000000
D:	14699.34	0.000000	0.000000	0.000000	0.000000	0.000000	0.000000	0.000000	0.000000	0.000000	0.000000	0.000000	0.000000	0.000000	0.000000	0.000000	0.000000	0.000000	0.000000	0.000000	0.000000	0.000000	0.000000	0.000000	0.000000	0	0.000000	0	0	0.000000	0.000000	0.000000	0.000000	0.000000	0.000000	0.000000	0.000000	0.000000	0.000000	0.000000
D:	14710.25	0.000000	0.000000	0.000000	0.000000	0.000000	0.000000	0.000000	0.000000	0.000000	0.000000	0.000000	0.000000	0.000000	0.000000	0.000000	0.000000	0.000000	0.000000	0.000000	0.000000	0.000000	0.000000	0.000000	0.000000	0	0.000000	0	0	0.000000	0.000000	0.000000	0.000000	0.000000	0.000000	0.000000	0.000000	0.000000	0.000000	0.000000
D:	14720.18	0.000000	0.000000	0.000000	0.000000	0.000000	0.000000	0.000000	0.000000	0.000000	0.000000	0.000000	0.000000	0.000000	0.000000	0.000000	0.000000	0.000000	0.000000	0.000000	0.000000	0.000000	0.000000	0.000000	0.000000	0	0.000000	0	0	0.000000	0.000000	0.000000	0.000000	0.000000	0.000000	0.000000	0.000000	0.000000	0.000000	0.000000
D:	14729.37	0.000000	0.000000	0.000000	0.000000	0.000000	0.000000	0.000000	0.000000	0.000000	0.000000	0.000000	0.000000	0.000000	0.000000	0.000000	0.000000	0.000000	0.000000	0.000000	0.000000	0.000000	0.000000	0.000000	0.000000	0	0.000000	0	0	0.000000	0.000000	0.000000	0.000000	0.000000	0.000000	0.000000	0.000000	0.000000	0.000000	0.000000
D:	14738.21	0.000000	0.000000	0.000000	0.000000	0.000000	0.000000	0.000000	0.000000	0.000000	0.000000	0.000000	0.000000	0.000000	0.000000	0.000000	0.000000	0.000000	0.000000	0.000000	0.000000	0.000000	0.000000	0.000000	0.000000	0	0.000000	0	0	0.000000	0.000000	0.000000	0.000000	0.000000	0.000000	0.000000	0.000000	0.000000	0.000000	0.000000
D:	14746.95	0.000000	0.000000	0.000000	0.000000	0.000000	0.000000	0.000000	0.000000	0.000000	0.000000	0.000000	0.000000	0.000000	0.000000	0.000000	0.000000	0.000000	0.000000	0.000000	0.000000	0.000000	0.000000	0.000000	0.000000	0	0.000000	0	0	0.000000	0.000000	0.000000	0.000000	0.000000	0.000000	0.000000	0.000000	0.000000	0.000000	0.000000
D:	14755.49	0.000000	0.000000	0.000000	0.000000	0.000000	0.000000	0.000000	0.000000	0.000000	0.000000	0.000000	0.000000	0.000000	0.000000	0.000000	0.000000	0.000000	0.000000	0.000000	0.000000	0.000000	0.000000	0.000000	0.000000	0	0.000000	0	0	0.000000	0.000000	0.000000	0.000000	0.000000	0.000000	0.000000	0.000000	0.000000	0.000000	0.000000
D:	14763.99	0.000000	0.000000	0.000000	0.000000	0.000000	0.000000	0.000000	0.000000	0.000000	0.000000	0.000000	0.000000	0.000000	0.000000	0.000000	0.000000	0.000000	0.000000	0.000000	0.000000	0.000000	0.000000	0.000000	0.000000	0	0.000000	0	0	0.000000	0.000000	0.000000	0.000000	0.000000	0.000000	0.000000	0.000000	0.000000	0.000000	0.000000
D:	14772.65	0.000000	0.000000	0.000000	0.000000	0.000000	0.000000	0.000000	0.000000	0.000000	0.000000	0.000000	0.000000	0.000000	0.000000	0.000000	0.000000	0.000000	0.000000	0.000000	0.000000	0.000000	0.000000	0.000000	0.000000	0	0.000000	0	0	0.000000	0.000000	0.000000	0.000000	0.000000	0.000000	0.000000	0.000000	0.000000	0.000000	0.000000
D:	14781.26	0.000000	0.000000	0.000000	0.000000	0.000000	0.000000	0.000000	0.000000	0.000000	0.000000	0.000000	0.000000	0.000000	0.000000	0.000000	0.000000	0.000000	0.000000	0.000000	0.000000	0.000000	0.000000	0.000000	0.000000	0	0.000000	0	0	0.000000	0.000000	0.000000	0.000000	0.000000	0.000000	0.000000	0.000000	0.000000	0.000000	0.000000
D:	14789.51	0.000000	0.000000	0.000000	0.000000	0.000000	0.000000	0.000000	0.000000	0.000000	0.000000	0.000000	0.000000	0.000000	0.000000	1.200000	0.000000	0.000000	0.000000	0.000000	0.000000	0.000000	0.000000	0.000000	0.000000	0	0.000000	0	0	0.000000	0.000000	0.000000	0.000000	0.000000	0.000000	0.000000	0.000000	0.000000	0.000000	0.000000
D:	14797.70	0.000000	0.000000	0.000000	-0.001726	0.000000	0.000000	0.000000	0.000000	-1.500000	0.000000	0.000000	0.000000	0.000000	-3.560000	1.200000	0.000000	0.000000	0.000000	0.000000	0.000000	0.000000	0.000000	0.000000	0.000000	0	0.000000	0	0	0.000000	0.000000	0.000000	0.000000	0.000000	0.000000	0.000000	0.000000	0.000000	0.000000	0.000000
D:	14806.04	0.000000	0.000000	0.000000	-0.001726	0.000000	-0.000192	0.000000	0.000000	-1.500000	0.000000	0.000000	0.000000	0.000000	-3.560000	1.200000	0.000000	0.000000	0.000000	0.000000	0.000000	0.000000	0.000000	0.000000	0.000000	0	0.000000	0	0	0.000000	0.000000	0.000000	0.000000	0.000000	0.000000	0.000000	0.000000	0.000000	0.000000	0.000000
D:	14814.47	0.000000	0.000000	0.000000	-0.001726	0.000000	-0.000192	0.000000	0.000000	-1.500000	0.000000	0.000000	0.000000	0.000000	-3.560000	1.200000	0.000000	0.000000	0.000000	0.000000	0.000000	0.000000	0.000000	0.000000	0.000000	0	0.000000	0	0	0.000000	0.000000	0.000000	0.000000	0.000000	0.000000	0.000000	0.000000	0.000000	0.000000	0.000000
D:	14823.07	0.000000	0.000000	-0.000192	-0.001726	0.000000	-0.000192	0.000000	0.000000	-1.500000	0.000000	0.000000	0.000000	0.000000	-3.560000	1.200000	0.000000	0.000000	0.000000	0.000000	0.000000	0.000000	0.000000	0.000000	0.000000	0	0.000000	0	0	0.000000	0.000000	0.000000	0.000000	0.000000	0.000000	0.000000	0.000000	0.000000	0.000000	0.000000
D:	14831.82	0.000000	0.000000	-0.000192	-0.001726	-0.000192	-0.000192	0.000000	0.000000	-1.500000	0.000000	0.000000	0.000000	0.000000	-3.560000	1.200000	0.000000	0.000000	0.000000	0.000000	0.000000	0.000000	0.000000	0.000000	0.000000	0	0.000000	0	0	0.000000	0.000000	0.000000	0.000000	0.000000	0.000000	0.000000	0.000000	0.000000	0.000000	0.000000
D:	14840.35	0.000000	0.000000	-0.000192	-0.002110	-0.000192	-0.000192	0.000000	0.000000	-1.500000	0.000000	0.000000	0.000000	0.000000	-3.560000	1.200000	0.000000	0.000000	0.000000	0.000000	0.000000	0.000000	0.000000	0.000000	0.000000	0	0.000000	0	0	0.000000	0.000000	0.000000	0.000000	0.000000	0.000000	0.000000	0.000000	0.000000	0.000000	0.000000
D:	14848.72	0.000000	0.000000	-0.000192	-0.002110	-0.000192	-0.000192	0.000000	0.000000	-1.500000	0.000000	0.000000	0.000000	0.000000	-3.560000	1.200000	0.000000	0.000000	0.000000	0.000000	0.000000	0.000000	0.000000	0.000000	0.000000	0	0.000000	0	0	0.000000	0.000000	0.000000	0.000000	0.000000	0.000000	0.000000	0.000000	0.000000	0.000000	0.000000
D:	14857.29	0.000000	0.000000	-0.000192	-0.002110	-0.000192	-0.000192	0.000000	0.000000	-1.500000	0.000000	0.000000	0.000000	0.000000	-3.560000	1.200000	0.000000	0.000000	0.000000	0.000000	0.000000	0.000000	0.000000	0.000000	0.000000	0	0.000000	0	0	0.000000	0.000000	0.000000	0.000000	0.000000	0.000000	0.000000	0.000000	0.000000	0.000000	0.000000
D:	14865.64	0.000000	0.000000	-0.000192	-0.002110	-0.000192	-0.000192	0.000000	0.000000	-1.500000	0.000000	0.000000	0.000000	0.000000	-3.560000	1.200000	0.000000	0.000000	0.000000	0.000000	0.000000	0.000000	0.000000	0.000000	0.000000	0	0.000000	0	0	0.000000	0.000000	0.000000	0.000000	0.000000	0.000000	0.000000	0.000000	0.000000	0.000000	0.000000
D:	14874.04	0.000000	0.000000	-0.000192	-0.002110	-0.000192	-0.000192	0.000000	0.000000	-1.500000	0.000000	0.000000	0.000000	0.000000	-3.560000	1.200000	0.000000	0.000000	0.000000	0.000000	0.000000	0.000000	0.000000	0.000000	0.000000	0	0.000000	0	0	0.000000	0.000000	0.000000	0.000000	0.000000	0.000000	0.000000	0.000000	0.000000	0.000000	0.000000
D:	14882.60	0.000000	0.000000	-0.000192	-0.002110	-0.000192	-0.000192	0.000000	0.000000	-1.500000	0.000000	0.000000	0.000000	0.000000	-3.560000	1.200000	0.000000	0.000000	0.000000	0.000000	0.000000	0.000000	0.000000	0.000000	0.000000	0	0.000000	0	0	0.000000	0.000000	0.000000	0.000000	0.000000	0.000000	0.000000	0.000000	0.000000	0.000000	0.000000
D:	14891.06	0.000000	0.000000	-0.000192	-0.002110	-0.000192	-0.000192	0.000000	0.000000	-1.500000	0.000000	0.000000	0.000000	0.000000	-3.560000	1.200000	0.000000	0.000000	0.000000	0.000000	0.000000	0.000000	0.000000	0.000000	0.000000	0	0.000000	0	0	0.000000	0.000000	0.000000	0.000000	0.000000	0.000000	0.000000	0.000000	0.000000	0.000000	0.000000
D:	14899.76	0.000000	0.000000	-0.000192	-0.002110	-0.000192	-0.000192	0.000000	0.000000	-1.500000	0.000000	0.000000	0.000000	0.000000	-3.560000	1.200000	0.000000	0.000000	0.000000	0.000000	0.000000	0.000000	0.000000	0.000000	0.000000	0	0.000000	0	0	0.000000	0.000000	0.000000	0.000000	0.000000	0.000000	0.000000	0.000000	0.000000	0.000000	0.000000
D:	14908.39	0.000000	0.000000	-0.000192	-0.002110	-0.000192	-0.000192	0.000000	0.000000	-1.500000	0.000000	0.000000	0.000000	0.000000	-3.560000	1.200000	0.000000	0.000000	0.000000	0.000000	0.000000	0.000000	0.000000	0.000000	0.000000	0	0.000000	0	0	0.000000	0.000000	0.000000	0.000000	0.000000	0.000000	0.000000	0.000000	0.000000	0.000000	0.000000
D:	14916.90	0.000000	0.000000	-0.000192	-0.002110	-0.000192	-0.000192	0.000000	0.000000	-1.500000	0.000000	0.000000	0.000000	0.000000	-3.560000	1.200000	0.000000	0.000000	0.000000	0.000000	0.000000	0.000000	0.000000	0.000000	0.000000	0	0.000000	0	0	0.000000	0.000000	0.000000	0.000000	0.000000	0.000000	0.000000	0.000000	0.000000	0.000000	0.000000
D:	14925.07	0.000000	0.000000	-0.000192	-0.002110	-0.000192	-0.000192	0.000000	0.000000	-1.500000	0.000000	0.000000	0.000000	0.000000	-3.560000	1.200000	0.000000	0.000000	0.000000	0.000000	0.000000	0.000000	0.000000	0.000000	0.000000	0	0.000000	0	0	0.000000	0.000000	0.000000	0.000000	0.000000	0.000000	0.000000	0.000000	0.000000	0.000000	0.000000
D:	14933.51	0.000000	0.000000	-0.000192	-0.002110	-0.000192	-0.000192	0.000000	0.000000	-1.500000	0.000000	0.000000	0.000000	0.000000	-3.560000	1.200000	0.000000	0.000000	0.000000	0.000000	0.000000	0.000000	0.000000	0.000000	0.000000	0	0.000000	0	0	0.000000	0.000000	0.000000	0.000000	0.000000	0.000000	0.000000	0.000000	0.000000	0.000000	0.000000
D:	14942.04	0.000000	0.000000	-0.000192	-0.002110	-0.000192	-0.000192	0.000000	0.000000	-1.500000	0.000000	0.000000	0.000000	0.000000	-3.560000	1.200000	0.000000	0.000000	0.000000	0.000000	0.000000	0.000000	0.000000	0.000000	0.000000	0	0.000000	0	0	0.000000	0.000000	0.000000	0.000000	0.000000	0.000000	0.000000	0.000000	0.000000	0.000000	0.000000
D:	14950.83	0.000000	0.000000	-0.000192	-0.002110	-0.000192	-0.000192	0.000000	0.000000	-1.500000	0.000000	0.000000	0.000000	0.000000	-3.560000	1.200000	0.000000	0.000000	0.000000	0.000000	0.000000	0.000000	0.000000	0.000000	0.000000	0	0.000000	0	0	0.000000	0.000000	0.000000	0.000000	0.000000	0.000000	0.000000	0.000000	0.000000	0.000000	0.000000
D:	14959.40	0.000000	0.000000	-0.000192	-0.002110	-0.000192	-0.000192	0.000000	0.000000	-1.500000	0.000000	0.000000	0.000000	0.000000	-3.560000	1.200000	0.000000	0.000000	0.000000	0.000000	0.000000	0.000000	0.000000	0.000000	0.000000	0	0.000000	0	0	0.000000	0.000000	0.000000	0.000000	0.000000	0.000000	0.000000	0.000000	0.000000	0.000000	0.000000
D:	14967.65	0.000000	0.000000	-0.000192	-0.002110	-0.000192	-0.000192	0.000000	0.000000	-1.500000	0.000000	0.000000	0.000000	0.000000	-3.560000	1.200000	0.000000	0.000000	0.000000	0.000000	0.000000	0.000000	0.000000	0.000000	0.000000	0	0.000000	0	0	0.000000	0.000000	0.000000	0.000000	0.000000	0.000000	0.000000	0.000000	0.000000	0.000000	0.000000
D:	14976.81	0.000000	0.000000	-0.000192	-0.002110	-0.000192	-0.000192	0.000000	0.000000	-1.500000	0.000000	0.000000	0.000000	0.000000	-3.560000	1.200000	0.000000	0.000000	0.000000	0.000000	0.000000	0.000000	0.000000	0.000000	0.000000	0	0.000000	0	0	0.000000	0.000000	0.000000	0.000000	0.000000	0.000000	0.000000	0.000000	0.000000	0.000000	0.000000
D:	14985.99	0.000000	0.000000	-0.000192	-0.002110	-0.000192	-0.000192	0.000000	0.000000	-1.500000	0.000000	0.000000	0.000000	0.000000	-3.560000	1.200000	0.000000	0.000000	0.000000	0.000000	0.000000	0.000000	0.000000	0.000000	0.000000	0	0.000000	0	0	0.000000	0.000000	0.000000	0.000000	0.000000	0.000000	0.000000	0.000000	0.000000	0.000000	0.000000
D:	14994.86	0.000000	0.000000	0.000192	-0.002110	-0.000192	-0.000192	0.000000	0.000000	-1.500000	0.000000	0.000000	0.000000	0.000000	-3.560000	1.200000	0.000000	0.000000	0.000000	0.000000	0.000000	0.000000	0.000000	0.000000	0.000000	0	0.000000	0	0	0.000000	0.000000	0.000000	0.000000	0.000000	0.000000	0.000000	0.000000	0.000000	0.000000	0.000000
D:	15004.09	0.000000	0.000000	0.000192	-0.002110	-0.000192	-0.000192	0.000000	0.000000	-1.500000	0.000000	0.000000	0.000000	0.000000	-3.560000	1.200000	0.000000	0.000000	0.000000	0.000000	0.000000	0.000000	0.000000	0.000000	0.000000	0	0.000000	0	0	0.000000	0.000000	0.000000	0.000000	0.000000	0.000000	0.000000	0.000000	0.000000	0.000000	0.000000
D:	15013.58	0.000000	0.000000	0.000192	-0.002110	-0.000192	-0.000192	0.000000	0.000000	-1.500000	0.000000	0.000000	0.000000	0.000000	-3.560000	1.200000	0.000000	0.000000	0.000000	0.000000	0.000000	0.000000	0.000000	0.000000	0.000000	0	0.000000	0	0	0.000000	0.000000	0.000000	0.000000	0.000000	0.000000	0.000000	0.000000	0.000000	0.000000	0.000000
D:	15023.19	0.000000	0.000000	0.000192	-0.002110	-0.000192	-0.000192	0.000000	0.000000	-1.500000	0.000000	0.000000	0.000000	0.000000	-3.560000	1.200000	0.000000	0.000000	0.000000	0.000000	0.000000	0.000000	0.000000	0.000000	0.000000	0	0.000000	0	0	0.000000	0.000000	0.000000	0.000000	0.000000	0.000000	0.000000	0.000000	0.000000	0.000000	0.000000
D:	15031.97	0.000000	0.000000	0.000192	-0.002110	-0.000192	-0.000192	0.000000	0.000000	-1.500000	0.000000	0.000000	0.000000	0.000000	-3.560000	1.200000	0.000000	0.000000	0.000000	0.000000	0.000000	0.000000	0.000000	0.000000	0.000000	0	0.000000	0	0	0.000000	0.000000	0.000000	0.000000	0.000000	0.000000	0.000000	0.000000	0.000000	0.000000	0.000000
D:	15041.20	0.000000	0.000000	0.000192	-0.002110	-0.000192	-0.000192	0.000000	0.000000	-1.500000	0.000000	0.000000	0.000000	0.000000	-3.560000	1.200000	0.000000	0.000000	0.000000	0.000000	0.000000	0.000000	0.000000	0.000000	0.000000	0	0.000000	0	0	0.000000	0.000000	0.000000	0.000000	0.000000	0.000000	0.000000	0.000000	0.000000	0.000000	0.000000
D:	15050.38	0.000000	0.000000	0.000192	-0.003260	-0.000192	-0.000192	0.000000	0.000000	-1.500000	0.000000	0.000000	0.000000	0.000000	-3.560000	1.200000	0.000000	0.000000	0.000000	0.000000	0.000000	0.000000	0.000000	0.000000	0.000000	0	0.000000	0	0	0.000000	0.000000	0.000000	0.000000	0.000000	0.000000	0.000000	0.000000	0.000000	0.000000	0.000000
D:	15059.17	0.000000	0.000000	0.000192	-0.003260	-0.000192	-0.000192	0.000000	0.000000	-1.500000	0.000000	0.000000	0.000000	0.000000	-3.560000	1.200000	0.000000	0.000000	0.000000	0.000000	0.000000	0.000000	0.000000	0.000000	0.000000	0	0.000000	0	0	0.000000	0.000000	0.000000	0.000000	0.000000	0.000000	0.000000	0.000000	0.000000	0.000000	0.000000
D:	15068.52	0.000000	0.000000	0.000192	-0.003260	-0.000192	-0.000192	0.000000	0.000000	-1.500000	0.000000	0.000000	0.000000	0.000000	-3.560000	1.200000	0.000000	0.000000	0.000000	0.000000	0.000000	0.000000	0.000000	0.000000	0.000000	0	0.000000	0	0	0.000000	0.000000	0.000000	0.000000	0.000000	0.000000	0.000000	0.000000	0.000000	0.000000	0.000000
D:	15077.49	0.000000	0.000000	0.000192	-0.003260	-0.000192	-0.000192	0.000000	0.000000	-1.500000	0.000000	0.000000	0.000000	0.000000	-3.560000	1.200000	0.000000	0.000000	0.000000	0.000000	0.000000	0.000000	0.000000	0.000000	0.000000	0	0.000000	0	0	0.000000	0.000000	0.000000	0.000000	0.000000	0.000000	0.000000	0.000000	0.000000	0.000000	0.000000
D:	15086.55	0.000000	0.000000	0.000192	-0.003260	-0.000192	-0.000192	0.000000	0.000000	-1.500000	0.000000	0.000000	0.000000	0.000000	-3.560000	1.200000	0.000000	0.000000	0.000000	0.000000	0.000000	0.000000	0.000000	0.000000	0.000000	0	0.000000	0	0	0.000000	0.000000	0.000000	0.000000	0.000000	0.000000	0.000000	0.000000	0.000000	0.000000	0.000000
D:	15095.88	0.000000	0.000000	0.000192	-0.003260	-0.000192	-0.000575	0.000000	0.000000	-1.500000	0.000000	0.000000	0.000000	0.000000	-3.560000	1.200000	0.000000	0.000000	0.000000	0.000000	0.000000	0.000000	0.000000	0.000000	0.000000	0	0.000000	0	0	0.000000	0.000000	0.000000	0.000000	0.000000	0.000000	0.000000	0.000000	0.000000	0.000000	0.000000
D:	15104.84	0.000000	0.000000	0.000192	-0.003260	-0.000192	-0.000575	0.000000	0.000000	-1.500000	0.000000	0.000000	0.000000	0.000000	-3.560000	1.200000	0.000000	0.000000	0.000000	0.000000	0.000000	0.000000	0.000000	0.000000	0.000000	0	0.000000	0	0	0.000000	0.000000	0.000000	0.000000	0.000000	0.000000	0.000000	0.000000	0.000000	0.000000	0.000000
D:	15113.70	0.000000	0.000000	0.000192	-0.003260	-0.000192	-0.000575	0.000000	0.000000	-1.500000	0.000000	0.000000	0.000000	0.000000	-3.560000	1.200000	0.000000	0.000000	0.000000	0.000000	0.000000	0.000000	0.000000	0.000000	0.000000	0	0.000000	0	0	0.000000	0.000000	0.000000	0.000000	0.000000	0.000000	0.000000	0.000000	0.000000	0.000000	0.000000
D:	15122.64	0.000000	0.000000	0.000192	-0.003260	-0.000192	-0.000575	0.000000	0.000000	-1.500000	0.000000	0.000000	0.000000	0.000000	-3.560000	1.200000	0.000000	0.000000	0.000000	0.000000	0.000000	0.000000	0.000000	0.000000	0.000000	0	0.000000	0	0	0.000000	0.000000	0.000000	0.000000	0.000000	0.000000	0.000000	0.000000	0.000000	0.000000	0.000000
D:	15131.81	0.000000	0.000000	0.000192	-0.003260	-0.000192	-0.000575	0.000000	0.000000	-1.500000	0.000000	0.000000	0.000000	0.000000	-3.560000	1.200000	0.000000	0.000000	0.000000	0.000000	0.000000	0.000000	0.000000	0.000000	0.000000	0	0.000000	0	0	0.000000	0.000000	0.000000	0.000000	0.000000	0.000000	0.000000	0.000000	0.000000	0.000000	0.000000
D:	15140.69	0.000000	0.000000	0.000192	-0.003260	-0.000192	-0.000575	0.000000	0.000000	-1.500000	0.000000	0.000000	0.000000	0.000000	-3.560000	1.200000	0.000000	0.000000	0.000000	0.000000	0.000000	0.000000	0.000000	0.000000	0.000000	0	0.000000	0	0	0.000000	0.000000	0.000000	0.000000	0.000000	0.000000	0.000000	0.000000	0.000000	0.000000	0.000000
D:	15149.59	0.000000	0.000000	0.000192	-0.003260	-0.000192	-0.000575	0.000000	0.000000	-1.500000	0.000000	0.000000	0.000000	0.000000	-3.560000	1.200000	0.000000	0.000000	0.000000	0.000000	0.000000	0.000000	0.000000	0.000000	0.000000	0	0.000000	0	0	0.000000	0.000000	0.000000	0.000000	0.000000	0.000000	0.000000	0.000000	0.000000	0.000000	0.000000
D:	15158.41	0.000000	0.000000	0.000192	-0.003260	-0.000192	-0.000575	0.000000	0.000000	-1.500000	0.000000	0.000000	0.000000	0.000000	-3.560000	1.200000	0.000000	0.000000	0.000000	0.000000	0.000000	0.000000	0.000000	0.000000	0.000000	0	0.000000	0	0	0.000000	0.000000	0.000000	0.000000	0.000000	0.000000	0.000000	0.000000	0.000000	0.000000	0.000000
D:	15167.62	0.000000	0.000000	0.000192	-0.003260	-0.000192	-0.000575	0.000000	0.000000	-1.500000	0.000000	0.000000	0.000000	0.000000	-3.560000	1.200000	0.000000	0.000000	0.000000	0.000000	0.000000	0.000000	0.000000	0.000000	0.000000	0	0.000000	0	0	0.000000	0.000000	0.000000	0.000000	0.000000	0.000000	0.000000	0.000000	0.000000	0.000000	0.000000
D:	15176.48	0.000000	0.000000	0.000192	-0.003260	-0.000192	-0.000575	0.000000	0.000000	-1.500000	0.000000	0.000000	0.000000	0.000000	-3.560000	1.200000	0.000000	0.000000	0.000000	0.000000	0.000000	0.000000	0.000000	0.000000	0.000000	0	0.000000	0	0	0.000000	0.000000	0.000000	0.000000	0.000000	0.000000	0.000000	0.000000	0.000000	0.000000	0.000000
D:	15185.25	0.000000	0.000000	0.000192	-0.003260	-0.000192	-0.000575	0.000000	0.000000	-1.500000	0.000000	0.000000	0.000000	0.000000	-3.560000	1.200000	0.000000	0.000000	0.000000	0.000000	0.000000	0.000000	0.000000	0.000000	0.000000	0	0.000000	0	0	0.000000	0.000000	0.000000	0.000000	0.000000	0.000000	0.000000	0.000000	0.000000	0.000000	0.000000
D:	15194.51	0.000000	0.000000	0.000192	-0.003260	-0.000192	-0.000575	0.000000	0.000000	-1.500000	0.000000	0.000000	0.000000	0.000000	-3.560000	1.200000	0.000000	0.000000	0.000000	0.000000	0.000000	0.000000	0.000000	0.000000	0.000000	0	0.000000	0	0	0.000000	0.000000	0.000000	0.000000	0.000000	0.000000	0.000000	0.000000	0.000000	0.000000	0.000000
D:	15203.47	0.000000	0.000000	0.000192	-0.003260	-0.000192	-0.000575	0.000000	0.000000	-1.500000	0.000000	0.000000	0.000000	0.000000	-3.560000	1.200000	0.000000	0.000000	0.000000	0.000000	0.000000	0.000000	0.000000	0.000000	0.000000	0	0.000000	0	0	0.000000	0.000000	0.000000	0.000000	0.000000	0.000000	0.000000	0.000000	0.000000	0.000000	0.000000
D:	15212.32	0.000000	0.000000	0.000192	-0.003260	-0.000192	-0.000575	0.000000	0.000000	-1.500000	0.000000	0.000000	0.000000	0.000000	-3.560000	1.200000	0.000000	0.000000	0.000000	0.000000	0.000000	0.000000	0.000000	0.000000	0.000000	0	0.000000	0	0	0.000000	0.000000	0.000000	0.000000	0.000000	0.000000	0.000000	0.000000	0.000000	0.000000	0.000000
D:	15221.16	0.000000	0.000000	0.000192	-0.003260	-0.000192	-0.000575	0.000000	0.000000	-1.500000	0.000000	0.000000	0.000000	0.000000	-3.560000	1.200000	0.000000	0.000000	0.000000	0.000000	0.000000	0.000000	0.000000	0.000000	0.000000	0	0.000000	0	0	0.000000	0.000000	0.000000	0.000000	0.000000	0.000000	0.000000	0.000000	0.000000	0.000000	0.000000
D:	15230.51	0.000000	0.000000	0.000192	-0.003260	-0.000192	-0.000575	0.000000	0.000000	-1.500000	0.000000	0.000000	0.000000	0.000000	-3.560000	1.200000	0.000000	0.000000	0.000000	0.000000	0.000000	0.000000	0.000000	0.000000	0.000000	0	0.000000	0	0	0.000000	0.000000	0.000000	0.000000	0.000000	0.000000	0.000000	0.000000	0.000000	0.000000	0.000000
D:	15239.25	0.000000	0.000000	0.000192	-0.003260	-0.000192	-0.000575	0.000000	0.000000	-1.500000	0.000000	0.000000	0.000000	0.000000	-3.560000	1.200000	0.000000	0.000000	0.000000	0.000000	0.000000	0.000000	0.000000	0.000000	0.000000	0	0.000000	0	0	0.000000	0.000000	0.000000	0.000000	0.000000	0.000000	0.000000	0.000000	0.000000	0.000000	0.000000
D:	15248.37	0.000000	0.000000	0.000192	-0.000575	-0.000192	-0.000575	0.000000	0.000000	-1.500000	0.000000	0.000000	0.000000	0.000000	-3.560000	1.200000	0.000000	0.000000	0.000000	0.000000	0.000000	0.000000	0.000000	0.000000	0.000000	0	0.000000	0	0	0.000000	0.000000	0.000000	0.000000	0.000000	0.000000	0.000000	0.000000	0.000000	0.000000	0.000000
D:	15257.50	0.000000	0.000000	0.000192	-0.000575	-0.000192	-0.000575	0.000000	0.000000	-1.500000	0.000000	0.000000	0.000000	0.000000	-3.560000	1.200000	0.000000	0.000000	0.000000	0.000000	0.000000	0.000000	0.000000	0.000000	0.000000	0	0.000000	0	0	0.000000	0.000000	0.000000	0.000000	0.000000	0.000000	0.000000	0.000000	0.000000	0.000000	0.000000
D:	15266.38	0.000000	0.000000	0.000192	-0.000575	-0.000192	-0.000575	0.000000	0.000000	-1.500000	0.000000	0.000000	0.000000	0.000000	-3.560000	1.200000	0.000000	0.000000	0.000000	0.000000	0.000000	0.000000	0.000000	0.000000	0.000000	0	0.000000	0	0	0.000000	0.000000	0.000000	0.000000	0.000000	0.000000	0.000000	0.000000	0.000000	0.000000	0.000000
D:	15275.27	0.000000	0.000000	0.000192	-0.000575	-0.000192	-0.000575	0.000000	0.000000	-1.500000	0.000000	0.000000	0.000000	0.000000	-3.560000	1.200000	0.000000	0.000000	0.000000	0.000000	0.000000	0.000000	0.000000	0.000000	0.000000	0	0.000000	0	0	0.000000	0.000000	0.000000	0.000000	0.000000	0.000000	0.000000	0.000000	0.000000	0.000000	0.000000
D:	15284.18	0.000000	0.000000	0.000192	-0.000575	-0.000192	-0.000575	0.000000	0.000000	-1.500000	0.000000	0.000000	0.000000	0.000000	-3.560000	1.200000	0.000000	0.000000	0.000000	0.000000	0.000000	0.000000	0.000000	0.000000	0.000000	0	0.000000	0	0	0.000000	0.000000	0.000000	0.000000	0.000000	0.000000	0.000000	0.000000	0.000000	0.000000	0.000000
D:	15293.18	0.000000	0.000000	0.000192	-0.000575	-0.000192	-0.000575	0.000000	0.000000	-1.500000	0.000000	0.000000	0.000000	0.000000	-3.560000	1.200000	0.000000	0.000000	0.000000	0.000000	0.000000	0.000000	0.000000	0.000000	0.000000	0	0.000000	0	0	0.000000	0.000000	0.000000	0.000000	0.000000	0.000000	0.000000	0.000000	0.000000	0.000000	0.000000
D:	15302.08	0.000000	0.000000	0.000192	-0.000575	-0.000192	-0.000192	0.000000	0.000000	-1.500000	0.000000	0.000000	0.000000	0.000000	-3.560000	1.200000	0.000000	0.000000	0.000000	0.000000	0.000000	0.000000	0.000000	0.000000	0.000000	0	0.000000	0	0	0.000000	0.000000	0.000000	0.000000	0.000000	0.000000	0.000000	0.000000	0.000000	0.000000	0.000000
D:	15311.20	0.000000	0.000000	0.000192	-0.000575	-0.000192	-0.000192	0.000000	0.000000	-1.500000	0.000000	0.000000	0.000000	0.000000	-3.560000	1.200000	0.000000	0.000000	0.000000	0.000000	0.000000	0.000000	0.000000	0.000000	0.000000	0	0.000000	0	0	0.000000	0.000000	0.000000	0.000000	0.000000	0.000000	0.000000	0.000000	0.000000	0.000000	0.000000
D:	15320.92	0.000000	0.000000	0.000192	-0.000575	-0.000192	-0.000192	0.000000	0.000000	-1.500000	0.000000	0.000000	0.000000	0.000000	-3.560000	1.200000	0.000000	0.000000	0.000000	0.000000	0.000000	0.000000	0.000000	0.000000	0.000000	0	0.000000	0	0	0.000000	0.000000	0.000000	0.000000	0.000000	0.000000	0.000000	0.000000	0.000000	0.000000	0.000000
D:	15331.51	0.000000	0.000000	0.000192	-0.000575	-0.000192	-0.000192	0.000000	0.000000	-1.500000	0.000000	0.000000	0.000000	0.000000	-3.560000	1.200000	0.000000	0.000000	0.000000	0.000000	0.000000	0.000000	0.000000	0.000000	0.000000	0	0.000000	0	0	0.000000	0.000000	0.000000	0.000000	0.000000	0.000000	0.000000	0.000000	0.000000	0.000000	0.000000
D:	15342.23	0.000000	0.000000	0.000192	-0.000575	-0.000192	-0.000192	0.000000	0.000000	-1.500000	0.000000	0.000000	0.000000	0.000000	-3.560000	1.200000	0.000000	0.000000	0.000000	0.000000	0.000000	0.000000	0.000000	0.000000	0.000000	0	0.000000	0	0	0.000000	0.000000	0.000000	0.000000	0.000000	0.000000	0.000000	0.000000	0.000000	0.000000	0.000000
D:	15354.12	0.000000	0.000000	0.000192	-0.000575	-0.000192	-0.000192	0.000000	0.000000	-1.500000	0.000000	0.000000	0.000000	0.000000	-3.560000	1.200000	0.000000	0.000000	0.000000	0.000000	0.000000	0.000000	0.000000	0.000000	0.000000	0	0.000000	0	0	0.000000	0.000000	0.000000	0.000000	0.000000	0.000000	0.000000	0.000000	0.000000	0.000000	0.000000
D:	15365.95	0.000000	0.000000	0.000192	-0.000575	-0.000192	-0.000192	0.000000	0.000000	-1.500000	0.000000	0.000000	0.000000	0.000000	-3.560000	1.200000	0.000000	0.000000	0.000000	0.000000	0.000000	0.000000	0.000000	0.000000	0.000000	0	0.000000	0	0	0.000000	0.000000	0.000000	0.000000	0.000000	0.000000	0.000000	0.000000	0.000000	0.000000	0.000000
D:	15376.50	0.000000	0.000000	0.000192	-0.000575	-0.000192	-0.000192	0.000000	0.000000	-1.500000	0.000000	0.000000	0.000000	0.000000	-3.560000	1.200000	0.000000	0.000000	0.000000	0.000000	0.000000	0.000000	0.000000	0.000000	0.000000	0	0.000000	0	0	0.000000	0.000000	0.000000	0.000000	0.000000	0.000000	0.000000	0.000000	0.000000	0.000000	0.000000
D:	15385.93	0.000000	0.000000	0.000192	-0.000575	-0.000192	-0.000192	0.000000	0.000000	-1.500000	0.000000	0.000000	0.000000	0.000000	-3.560000	1.200000	0.000000	0.000000	0.000000	0.000000	0.000000	0.000000	0.000000	0.000000	0.000000	0	0.000000	0	0	0.000000	0.000000	0.000000	0.000000	0.000000	0.000000	0.000000	0.000000	0.000000	0.000000	0.000000
D:	15395.14	0.000000	0.000000	0.000192	-0.000575	-0.000192	-0.000192	0.000000	0.000000	-1.500000	0.000000	0.000000	0.000000	0.000000	-3.560000	1.200000	0.000000	0.000000	0.000000	0.000000	0.000000	0.000000	0.000000	0.000000	0.000000	0	0.000000	0	0	0.000000	0.000000	0.000000	0.000000	0.000000	0.000000	0.000000	0.000000	0.000000	0.000000	0.000000
D:	15404.26	0.000000	0.000000	-0.000192	-0.000575	-0.000192	-0.000192	0.000000	0.000000	-1.500000	0.000000	0.000000	0.000000	0.000000	-3.560000	1.200000	0.000000	0.000000	0.000000	0.000000	0.000000	0.000000	0.000000	0.000000	0.000000	0	0.000000	0	0	0.000000	0.000000	0.000000	0.000000	0.000000	0.000000	0.000000	0.000000	0.000000	0.000000	0.000000
D:	15413.13	0.000000	0.000000	-0.000192	-0.000575	-0.000192	-0.000192	0.000000	0.000000	-1.500000	0.000000	0.000000	0.000000	0.000000	-3.560000	1.200000	0.000000	0.000000	0.000000	0.000000	0.000000	0.000000	0.000000	0.000000	0.000000	0	0.000000	0	0	0.000000	0.000000	0.000000	0.000000	0.000000	0.000000	0.000000	0.000000	0.000000	0.000000	0.000000
D:	15422.14	0.000000	0.000000	-0.000192	-0.000575	-0.000192	-0.000192	0.000000	0.000000	-1.500000	0.000000	0.000000	0.000000	0.000000	-3.560000	1.200000	0.000000	0.000000	0.000000	0.000000	0.000000	0.000000	0.000000	0.000000	0.000000	0	0.000000	0	0	0.000000	0.000000	0.000000	0.000000	0.000000	0.000000	0.000000	0.000000	0.000000	0.000000	0.000000
D:	15431.30	0.000000	0.000000	-0.000192	-0.000575	-0.000192	-0.000192	0.000000	0.000000	-1.500000	0.000000	0.000000	0.000000	0.000000	-3.560000	1.200000	0.000000	0.000000	0.000000	0.000000	0.000000	0.000000	0.000000	0.000000	0.000000	0	0.000000	0	0	0.000000	0.000000	0.000000	0.000000	0.000000	0.000000	0.000000	0.000000	0.000000	0.000000	0.000000
D:	15440.61	0.000000	0.000000	-0.000192	-0.000575	-0.000192	-0.000192	0.000000	0.000000	-1.500000	0.000000	0.000000	0.000000	0.000000	-3.560000	1.200000	0.000000	0.000000	0.000000	0.000000	0.000000	0.000000	0.000000	0.000000	0.000000	0	0.000000	0	0	0.000000	0.000000	0.000000	0.000000	0.000000	0.000000	0.000000	0.000000	0.000000	0.000000	0.000000
D:	15449.76	0.000000	0.000000	-0.000192	-0.000575	-0.000192	-0.000192	0.000000	0.000000	-1.500000	0.000000	0.000000	0.000000	0.000000	-3.560000	1.200000	0.000000	0.000000	0.000000	0.000000	0.000000	0.000000	0.000000	0.000000	0.000000	0	0.000000	0	0	0.000000	0.000000	0.000000	0.000000	0.000000	0.000000	0.000000	0.000000	0.000000	0.000000	0.000000
D:	15458.89	0.000000	0.000000	-0.000192	-0.000575	-0.000192	-0.000192	0.000000	0.000000	-1.500000	0.000000	0.000000	0.000000	0.000000	-3.560000	1.200000	0.000000	0.000000	0.000000	0.000000	0.000000	0.000000	0.000000	0.000000	0.000000	0	0.000000	0	0	0.000000	0.000000	0.000000	0.000000	0.000000	0.000000	0.000000	0.000000	0.000000	0.000000	0.000000
D:	15468.84	0.000000	0.000000	-0.000192	-0.000575	-0.000192	-0.000192	0.000000	0.000000	-1.500000	0.000000	0.000000	0.000000	0.000000	-3.560000	1.200000	0.000000	0.000000	0.000000	0.000000	0.000000	0.000000	0.000000	0.000000	0.000000	0	0.000000	0	0	0.000000	0.000000	0.000000	0.000000	0.000000	0.000000	0.000000	0.000000	0.000000	0.000000	0.000000
D:	15479.12	0.000000	0.000000	-0.000192	-0.000575	-0.000192	-0.000192	0.000000	0.000000	-1.500000	0.000000	0.000000	0.000000	0.000000	-3.560000	1.200000	0.000000	0.000000	0.000000	0.000000	0.000000	0.000000	0.000000	0.000000	0.000000	0	0.000000	0	0	0.000000	0.000000	0.000000	0.000000	0.000000	0.000000	0.000000	0.000000	0.000000	0.000000	0.000000
D:	15489.54	0.000000	0.000000	-0.000192	-0.000575	-0.000192	-0.000192	0.000000	0.000000	-1.500000	0.000000	0.000000	0.000000	0.000000	-3.560000	1.200000	0.000000	0.000000	0.000000	0.000000	0.000000	0.000000	0.000000	0.000000	0.000000	0	0.000000	0	0	0.000000	0.000000	0.000000	0.000000	0.000000	0.000000	0.000000	0.000000	0.000000	0.000000	0.000000
D:	15500.96	0.000000	0.000000	-0.000192	-0.000575	-0.000192	-0.000192	0.000000	0.000000	-1.500000	0.000000	0.000000	0.000000	0.000000	-3.560000	1.200000	0.000000	0.000000	0.000000	0.000000	0.000000	0.000000	0.000000	0.000000	0.000000	0	0.000000	0	0	0.000000	0.000000	0.000000	0.000000	0.000000	0.000000	0.000000	0.000000	0.000000	0.000000	0.000000
D:	15513.68	0.000000	0.000000	-0.000192	-0.000575	-0.000192	-0.000192	0.000000	0.000000	-1.500000	0.000000	0.000000	0.000000	0.000000	-3.560000	1.200000	0.000000	0.000000	0.000000	0.000000	0.000000	0.000000	0.000000	0.000000	0.000000	0	0.000000	0	0	0.000000	0.000000	0.000000	0.000000	0.000000	0.000000	0.000000	0.000000	0.000000	0.000000	0.000000
D:	15526.24	0.000000	0.000000	-0.000192	-0.000575	-0.000192	-0.000192	0.000000	0.000000	-1.500000	0.000000	0.000000	0.000000	0.000000	-3.560000	1.200000	0.000000	0.000000	0.000000	0.000000	0.000000	0.000000	0.000000	0.000000	0.000000	0	0.000000	0	0	0.000000	0.000000	0.000000	0.000000	0.000000	0.000000	0.000000	0.000000	0.000000	0.000000	0.000000
D:	15538.19	0.000000	0.000000	-0.000192	-0.000575	-0.000192	-0.000192	0.000000	0.000000	-1.500000	0.000000	0.000000	0.000000	0.000000	-3.560000	1.200000	0.000000	0.000000	0.000000	0.000000	0.000000	0.000000	0.000000	0.000000	0.000000	0	0.000000	0	0	0.000000	0.000000	0.000000	0.000000	0.000000	0.000000	0.000000	0.000000	0.000000	0.000000	0.000000
D:	15549.04	0.000000	0.000000	-0.000192	-0.000575	-0.000192	-0.000192	0.000000	0.000000	-1.500000	0.000000	0.000000	0.000000	0.000000	-3.560000	1.200000	0.000000	0.000000	0.000000	0.000000	0.000000	0.000000	0.000000	0.000000	0.000000	0	0.000000	0	0	0.000000	0.000000	0.000000	0.000000	0.000000	0.000000	0.000000	0.000000	0.000000	0.000000	0.000000
D:	15559.95	0.000000	0.000000	-0.000192	-0.000575	-0.000192	-0.000192	0.000000	0.000000	-1.500000	0.000000	0.000000	0.000000	0.000000	-3.560000	1.200000	0.000000	0.000000	0.000000	0.000000	0.000000	0.000000	0.000000	0.000000	0.000000	0	0.000000	0	0	0.000000	0.000000	0.000000	0.000000	0.000000	0.000000	0.000000	0.000000	0.000000	0.000000	0.000000
D:	15571.32	0.000000	0.000000	-0.000192	-0.000575	-0.000192	-0.000192	0.000000	0.000000	-1.500000	0.000000	0.000000	0.000000	0.000000	-3.560000	1.200000	0.000000	0.000000	0.000000	0.000000	0.000000	0.000000	0.000000	0.000000	0.000000	0	0.000000	0	0	0.000000	0.000000	0.000000	0.000000	0.000000	0.000000	0.000000	0.000000	0.000000	0.000000	0.000000
D:	15583.41	0.000000	0.000000	-0.000192	-0.000575	-0.000192	-0.000192	0.000000	0.000000	-1.500000	0.000000	0.000000	0.000000	0.000000	-3.560000	1.200000	0.000000	0.000000	0.000000	0.000000	0.000000	0.000000	0.000000	0.000000	0.000000	0	0.000000	0	0	0.000000	0.000000	0.000000	0.000000	0.000000	0.000000	0.000000	0.000000	0.000000	0.000000	0.000000
D:	15595.32	0.000000	0.000000	-0.000192	-0.000575	-0.000192	-0.000192	0.000000	0.000000	-1.500000	0.000000	0.000000	0.000000	0.000000	-3.560000	1.200000	0.000000	0.000000	0.000000	0.000000	0.000000	0.000000	0.000000	0.000000	0.000000	0	0.000000	0	0	0.000000	0.000000	0.000000	0.000000	0.000000	0.000000	0.000000	0.000000	0.000000	0.000000	0.000000
D:	15606.70	0.000000	0.000000	-0.000192	-0.000575	-0.000192	-0.000192	0.000000	0.000000	-1.500000	0.000000	0.000000	0.000000	0.000000	-3.560000	1.200000	0.000000	0.000000	0.000000	0.000000	0.000000	0.000000	0.000000	0.000000	0.000000	0	0.000000	0	0	0.000000	0.000000	0.000000	0.000000	0.000000	0.000000	0.000000	0.000000	0.000000	0.000000	0.000000
D:	15617.98	0.000000	0.000000	-0.000192	-0.000575	-0.000192	-0.000192	0.000000	0.000000	-1.500000	0.000000	0.000000	0.000000	0.000000	-3.560000	1.200000	0.000000	0.000000	0.000000	0.000000	0.000000	0.000000	0.000000	0.000000	0.000000	0	0.000000	0	0	0.000000	0.000000	0.000000	0.000000	0.000000	0.000000	0.000000	0.000000	0.000000	0.000000	0.000000
D:	15629.17	0.000000	0.000000	-0.000192	-0.000575	-0.000192	-0.000192	0.000000	0.000000	-1.500000	0.000000	0.000000	0.000000	0.000000	-3.560000	1.200000	0.000000	0.000000	0.000000	0.000000	0.000000	0.000000	0.000000	0.000000	0.000000	0	0.000000	0	0	0.000000	0.000000	0.000000	0.000000	0.000000	0.000000	0.000000	0.000000	0.000000	0.000000	0.000000
D:	15640.86	0.000000	0.000000	-0.000192	-0.000575	-0.000192	-0.000192	0.000000	0.000000	-1.500000	0.000000	0.000000	0.000000	0.000000	-3.560000	1.200000	0.000000	0.000000	0.000000	0.000000	0.000000	0.000000	0.000000	0.000000	0.000000	0	0.000000	0	0	0.000000	0.000000	0.000000	0.000000	0.000000	0.000000	0.000000	0.000000	0.000000	0.000000	0.000000
D:	15652.16	0.000000	0.000000	-0.000192	-0.000575	-0.000192	-0.000192	0.000000	0.000000	-1.500000	0.000000	0.000000	0.000000	0.000000	-3.560000	1.200000	0.000000	0.000000	0.000000	0.000000	0.000000	0.000000	0.000000	0.000000	0.000000	0	0.000000	0	0	0.000000	0.000000	0.000000	0.000000	0.000000	0.000000	0.000000	0.000000	0.000000	0.000000	0.000000
D:	15663.44	0.000000	0.000000	-0.000192	-0.000575	-0.000192	-0.000192	0.000000	0.000000	-1.500000	0.000000	0.000000	0.000000	0.000000	-3.560000	1.200000	0.000000	0.000000	0.000000	0.000000	0.000000	0.000000	0.000000	0.000000	0.000000	0	0.000000	0	0	0.000000	0.000000	0.000000	0.000000	0.000000	0.000000	0.000000	0.000000	0.000000	0.000000	0.000000
D:	15674.70	0.000000	0.000000	-0.000192	-0.000575	-0.000192	-0.000192	0.000000	0.000000	-1.500000	0.000000	0.000000	0.000000	0.000000	-3.560000	1.200000	0.000000	0.000000	0.000000	0.000000	0.000000	0.000000	0.000000	0.000000	0.000000	0	0.000000	0	0	0.000000	0.000000	0.000000	0.000000	0.000000	0.000000	0.000000	0.000000	0.000000	0.000000	0.000000
D:	15686.15	0.000000	0.000000	-0.000192	-0.000575	-0.000192	-0.000192	0.000000	0.000000	-1.500000	0.000000	0.000000	0.000000	0.000000	-3.560000	1.200000	0.000000	0.000000	0.000000	0.000000	0.000000	0.000000	0.000000	0.000000	0.000000	0	0.000000	0	0	0.000000	0.000000	0.000000	0.000000	0.000000	0.000000	0.000000	0.000000	0.000000	0.000000	0.000000
D:	15697.54	0.000000	0.000000	-0.000192	-0.000575	-0.000192	-0.000192	0.000000	0.000000	-1.500000	0.000000	0.000000	0.000000	0.000000	-3.560000	1.200000	0.000000	0.000000	0.000000	0.000000	0.000000	0.000000	0.000000	0.000000	0.000000	0	0.000000	0	0	0.000000	0.000000	0.000000	0.000000	0.000000	0.000000	0.000000	0.000000	0.000000	0.000000	0.000000
D:	15708.89	0.000000	0.000000	-0.000192	-0.000575	-0.000192	-0.000192	0.000000	0.000000	-1.500000	0.000000	0.000000	0.000000	0.000000	-3.560000	1.200000	0.000000	0.000000	0.000000	0.000000	0.000000	0.000000	0.000000	0.000000	0.000000	0	0.000000	0	0	0.000000	0.000000	0.000000	0.000000	0.000000	0.000000	0.000000	0.000000	0.000000	0.000000	0.000000
D:	15718.82	0.000000	0.000000	-0.000192	-0.000575	-0.000192	-0.000192	0.000000	0.000000	-1.500000	0.000000	0.000000	0.000000	0.000000	-3.560000	1.200000	0.000000	0.000000	0.000000	0.000000	0.000000	0.000000	0.000000	0.000000	0.000000	0	0.000000	0	0	0.000000	0.000000	0.000000	0.000000	0.000000	0.000000	0.000000	0.000000	0.000000	0.000000	0.000000
D:	15728.40	0.000000	0.000000	-0.000192	-0.000575	-0.000192	-0.000192	0.000000	0.000000	-1.500000	0.000000	0.000000	0.000000	0.000000	-3.560000	1.200000	0.000000	0.000000	0.000000	0.000000	0.000000	0.000000	0.000000	0.000000	0.000000	0	0.000000	0	0	0.000000	0.000000	0.000000	0.000000	0.000000	0.000000	0.000000	0.000000	0.000000	0.000000	0.000000
D:	15737.68	0.000000	0.000000	-0.000192	-0.000575	-0.000192	-0.000192	0.000000	0.000000	-1.500000	0.000000	0.000000	0.000000	0.000000	-3.560000	1.200000	0.000000	0.000000	0.000000	0.000000	0.000000	0.000000	0.000000	0.000000	0.000000	0	0.000000	0	0	0.000000	0.000000	0.000000	0.000000	0.000000	0.000000	0.000000	0.000000	0.000000	0.000000	0.000000
D:	15747.30	-1.108494	-0.243518	-0.000192	0.000192	-0.000192	0.000192	-0.243518	-0.256794	-1.500000	0.000000	1.256482	0.952000	0.000000	-3.560000	1.200000	0.000000	0.000000	0.000000	0.000000	0.000000	0.000000	0.000000	0.000000	0.000000	0	0.000000	0	0	0.000000	-0.000000	0.000000	0.000000	0.000000	0.000000	0.000000	0.000000	-1.781506	-0.097983	0.000000
D:	15756.64	-1.108494	-0.243518	-0.000192	0.000192	-0.000192	0.000192	-0.243518	-0.256794	-1.500000	0.000000	1.256482	0.952000	0.000000	-3.560000	1.200000	0.000000	0.000000	0.000000	0.000000	0.000000	0.000000	0.000000	0.000000	0.000000	0	0.000000	0	0	0.000000	-0.000000	0.000000	0.000000	0.000000	0.000000	0.000000	0.000000	-1.781506	-0.097983	0.000000
D:	15765.90	-1.462541	-0.247442	-0.000192	0.000192	-0.000192	0.000192	-0.247442	-0.270884	-1.500000	-0.242379	1.252558	0.018000	-0.242379	-3.561177	1.218352	0.000000	0.000000	0.000000	0.000000	0.000000	0.000000	0.000000	0.000000	0.000000	0	0.000000	0	0	0.000000	-0.000000	0.000000	0.000000	0.000000	0.000000	0.000000	0.000000	-1.427459	-0.078510	0.000000
D:	15775.67	-1.462541	-0.247442	-0.000192	0.000192	-0.000192	0.000192	-0.247442	-0.270884	-1.500000	-0.242379	1.252558	0.018000	-0.242379	-3.561177	1.218352	0.000000	0.000000	0.000000	0.000000	0.000000	0.000000	0.000000	0.000000	0.000000	0	0.000000	0	0	0.000000	-0.000000	0.000000	0.000000	0.000000	0.000000	0.000000	0.000000	-1.427459	-0.078510	0.000000
D:	15785.53	-1.555308	-0.252234	-0.000192	0.000192	-0.000192	0.000192	-0.252234	-0.321962	-1.500000	-0.269284	1.247766	0.018000	-0.269284	-3.563534	1.226152	0.000000	0.000000	0.000000	0.000000	0.000000	0.000000	0.000000	0.000000	0.000000	0	0.000000	0	0	0.000000	-0.000000	0.000000	0.000000	0.000000	0.000000	0.000000	0.000000	-1.334692	-0.073408	0.000000
D:	15794.66	-1.555308	-0.252234	-0.000192	0.000192	-0.000192	0.000192	-0.252234	-0.321962	-1.500000	-0.269284	1.247766	0.018000	-0.269284	-3.563534	1.226152	0.000000	0.000000	0.000000	0.000000	0.000000	0.000000	0.000000	0.000000	0.000000	0	0.000000	0	0	0.000000	-0.000000	0.000000	0.000000	0.000000	0.000000	0.000000	0.000000	-1.334692	-0.073408	0.000000
D:	15804.80	-1.555308	-0.252234	-0.000192	0.000192	-0.000192	0.000192	-0.256016	-0.272536	-1.500000	-0.319005	1.243984	0.018000	-0.319005	-3.567159	1.242660	0.000000	0.000000	0.000000	0.000000	0.000000	0.000000	0.000000	0.000000	0.000000	0	0.000000	0	0	0.000000	-0.000000	0.000000	0.000000	0.000000	0.000000	0.000000	0.000000	-1.211735	-0.066645	0.000000
D:	15815.69	-1.678265	-0.256016	-0.000192	0.000192	-0.000192	0.000192	-0.256016	-0.272536	-1.500000	-0.319005	1.243984	0.018000	-0.319005	-3.567159	1.242660	0.000000	0.000000	0.000000	0.000000	0.000000	0.000000	0.000000	0.000000	0.000000	0	0.000000	0	0	0.000000	-0.000000	0.000000	0.000000	0.000000	0.000000	0.000000	0.000000	-1.211735	-0.066645	0.000000
D:	15825.93	-1.914789	-0.257800	-0.000192	0.000192	-0.000192	0.000192	-0.257800	-0.160743	-1.500000	-0.274759	1.242200	0.019000	-0.274759	-3.572082	1.291587	0.000000	0.000000	0.000000	0.000000	0.000000	0.000000	0.000000	0.000000	0.000000	0	0.000000	0	0	0.000000	-0.000000	0.000000	0.000000	0.000000	0.000000	0.000000	0.000000	-0.975211	-0.053637	0.000000
D:	15835.66	-1.914789	-0.257800	-0.000192	0.000192	-0.000192	0.000192	-0.257800	-0.160743	-1.500000	-0.274759	1.242200	0.019000	-0.274759	-3.572082	1.291587	0.000000	0.000000	0.000000	0.000000	0.000000	0.000000	0.000000	0.000000	0.000000	0	0.000000	0	0	0.000000	-0.000000	0.000000	0.000000	0.000000	0.000000	0.000000	0.000000	-0.975211	-0.053637	0.000000
D:	15845.13	-1.914789	-0.257800	-0.000192	0.000192	-0.000192	0.000192	-0.259540	-0.177510	-1.500000	-0.167143	1.240460	0.019000	-0.167143	-3.578216	1.356306	0.000000	0.000000	0.000000	0.000000	0.000000	0.000000	0.000000	0.000000	0.000000	0	0.000000	0	0	0.000000	-0.000000	0.000000	0.000000	0.000000	0.000000	0.000000	0.000000	-0.720636	-0.039635	0.000000
D:	15854.33	-2.169364	-0.259540	-0.000192	0.000192	-0.000192	0.000192	-0.259540	-0.177510	-1.500000	-0.167143	1.240460	0.018000	-0.167143	-3.578216	1.356306	0.000000	0.000000	0.000000	0.000000	0.000000	0.000000	0.000000	0.000000	0.000000	0	0.000000	0	0	0.000000	-0.000000	0.000000	0.000000	0.000000	0.000000	0.000000	0.000000	-0.720636	-0.039635	0.000000
D:	15863.76	-2.169364	-0.259540	-0.000192	0.000192	-0.000192	0.000192	-0.260153	-0.131655	-1.500000	-0.176928	1.239847	0.018000	-0.176928	-3.585902	1.376060	0.000000	0.000000	0.000000	0.000000	0.000000	0.000000	0.000000	0.000000	0.000000	0	0.000000	0	0	0.000000	-0.000000	0.000000	0.000000	0.000000	0.000000	0.000000	0.000000	-0.641855	-0.035302	0.000000
D:	15873.53	-2.248145	-0.260153	-0.000192	0.000192	-0.000192	0.000192	-0.260153	-0.131655	-1.500000	-0.176928	1.239847	0.018000	-0.176928	-3.585902	1.376060	0.000000	0.000000	0.000000	0.000000	0.000000	0.000000	0.000000	0.000000	0.000000	0	0.000000	0	0	0.000000	-0.000000	0.000000	0.000000	0.000000	0.000000	0.000000	0.000000	-0.641855	-0.035302	0.000000
D:	15883.05	-2.248145	-0.260153	-0.000192	0.000192	-0.000192	0.000192	-0.259136	-0.054176	-1.500000	-0.134196	1.240864	0.018000	-0.134196	-3.594679	1.493337	0.000000	0.000000	0.000000	0.000000	0.000000	0.000000	0.000000	0.000000	0.000000	0	0.000000	0	0	0.000000	-0.000000	0.000000	0.000000	0.000000	0.000000	0.000000	0.000000	-0.314734	-0.017310	0.000000
D:	15892.67	-2.575266	-0.259136	-0.000192	0.000192	-0.000192	0.000192	-0.259136	-0.054176	-1.500000	-0.134196	1.240864	0.018000	-0.134196	-3.594679	1.493337	0.000000	0.000000	0.000000	0.000000	0.000000	0.000000	0.000000	0.000000	0.000000	0	0.000000	0	0	0.000000	-0.000000	0.000000	0.000000	0.000000	0.000000	0.000000	0.000000	-0.314734	-0.017310	0.000000
D:	15902.44	-2.575266	-0.259136	-0.000192	0.000192	-0.000192	0.000192	-0.259136	-0.054176	-1.500000	-0.058004	1.244300	0.018000	-0.058004	-3.594679	1.600716	0.000000	0.000000	0.000000	0.000000	0.000000	0.000000	0.000000	0.000000	0.000000	0	0.000000	0	0	0.000000	-0.000000	0.000000	0.000000	0.000000	0.000000	0.000000	0.000000	-0.043735	-0.002405	0.000000
D:	15911.78	-2.846265	-0.255700	-0.000192	0.000192	-0.000192	0.000192	-0.255700	0.055451	-1.500000	-0.058004	1.244300	0.019000	-0.058004	-3.605069	1.600716	0.000000	0.000000	0.000000	0.000000	0.000000	0.000000	0.000000	0.000000	0.000000	0	0.000000	0	0	0.000000	-0.000000	0.000000	0.000000	0.000000	0.000000	0.000000	0.000000	-0.043735	-0.002405	0.000000
D:	15921.04	-2.846265	-0.255700	-0.000192	0.000192	-0.000192	0.000192	-0.255700	0.055451	-1.500000	-0.058004	1.244300	0.019000	-0.058004	-3.605069	1.802176	0.000000	0.000000	0.000000	0.000000	0.000000	0.000000	0.000000	0.000000	0.000000	0	0.000000	0	0	0.000000	-0.000000	0.000000	0.000000	0.000000	0.000000	0.000000	0.000000	-0.043735	-0.002405	0.000000
D:	15930.43	-3.288009	-0.256950	-0.000192	0.000192	-0.000192	0.000192	-0.256950	-0.222943	-1.500000	0.049082	1.243050	0.018000	0.049082	-3.616751	1.802176	0.000000	0.000000	0.000000	0.000000	0.000000	0.000000	0.000000	0.000000	0.000000	0	0.000000	0	0	0.000000	-0.000000	0.000000	0.000000	0.000000	0.000000	0.000000	0.000000	0.398008	0.021890	0.000000
D:	15940.10	-3.288009	-0.256950	-0.000192	0.000192	-0.000192	0.000192	-0.256950	-0.222943	-1.500000	0.049082	1.243050	0.018000	0.049082	-3.616751	1.802176	0.000000	0.000000	0.000000	0.000000	0.000000	0.000000	0.000000	0.000000	0.000000	0	0.000000	0	0	0.000000	-0.000000	0.000000	0.000000	0.000000	0.000000	0.000000	0.000000	0.398008	0.021890	0.000000
D:	15949.10	-3.361055	-0.256226	-0.000192	0.000192	-0.000192	0.000192	-0.256226	-0.133811	-1.500000	-0.207673	1.243774	0.018000	-0.207673	-3.629548	1.825215	0.000000	0.000000	0.000000	0.000000	0.000000	0.000000	0.000000	0.000000	0.000000	0	0.000000	0	0	0.000000	-0.000000	0.000000	0.000000	0.000000	0.000000	0.000000	0.000000	0.471055	0.025908	0.000000
D:	15957.76	-3.361055	-0.256226	-0.000192	0.000192	-0.000192	0.000192	-0.256226	-0.133811	-1.500000	-0.207673	1.243774	0.018000	-0.207673	-3.629548	1.825215	0.000000	0.000000	0.000000	0.000000	0.000000	0.000000	0.000000	0.000000	0.000000	0	0.000000	0	0	0.000000	-0.000000	0.000000	0.000000	0.000000	0.000000	0.000000	0.000000	0.471055	0.025908	0.000000
D:	15966.71	-3.531842	-0.256428	-0.000192	0.000192	-0.000192	0.000192	-0.256428	-0.211270	-1.500000	-0.137957	1.243572	0.018000	-0.137957	-3.643692	1.906674	0.000000	0.000000	0.000000	0.000000	0.000000	0.000000	0.000000	0.000000	0.000000	0	0.000000	0	0	0.000000	-0.000000	0.000000	0.000000	0.000000	0.000000	0.000000	0.000000	0.641842	0.035301	0.000000
D:	15976.07	-3.531842	-0.256428	-0.000192	0.000192	-0.000192	0.000192	-0.256428	-0.211270	-1.500000	-0.137957	1.243572	0.018000	-0.137957	-3.643692	1.906674	0.000000	0.000000	0.000000	0.000000	0.000000	0.000000	0.000000	0.000000	0.000000	0	0.000000	0	0	0.000000	-0.000000	0.000000	0.000000	0.000000	0.000000	0.000000	0.000000	0.641842	0.035301	0.000000
D:	15985.11	-3.531842	-0.256428	-0.000192	0.000192	-0.000192	0.000192	-0.252948	-0.035302	-1.500000	-0.207763	1.247052	0.018000	-0.207763	-3.659354	1.974502	0.000000	0.000000	0.000000	0.000000	0.000000	0.000000	0.000000	0.000000	0.000000	0	0.000000	0	0	0.000000	-0.000000	0.000000	0.000000	0.000000	0.000000	0.000000	0.000000	0.784216	0.043132	0.000000
D:	15993.88	-3.674216	-0.252948	-0.000192	0.000192	-0.000192	0.000192	-0.252948	-0.035302	-1.500000	-0.207763	1.247052	0.019000	-0.207763	-3.659354	1.974502	0.000000	0.000000	0.000000	0.000000	0.000000	0.000000	0.000000	0.000000	0.000000	0	0.000000	0	0	0.000000	-0.000000	0.000000	0.000000	0.000000	0.000000	0.000000	0.000000	0.784216	0.043132	0.000000
D:	16003.33	-3.674216	-0.252948	-0.000192	0.000192	-0.000192	0.000192	-0.247251	0.050478	-1.500000	-0.043552	1.252749	0.019000	-0.043552	-3.676432	2.086536	0.000000	0.000000	0.000000	0.000000	0.000000	0.000000	0.000000	0.000000	0.000000	0	0.000000	0	0	0.000000	-0.000000	0.000000	0.000000	0.000000	0.000000	0.000000	0.000000	0.987106	0.054291	0.000000
D:	16014.12	-3.877106	-0.247251	-0.000192	0.000192	-0.000192	0.000192	-0.247251	0.050478	-1.500000	-0.043552	1.252749	0.019000	-0.043552	-3.676432	2.086536	0.000000	0.000000	0.000000	0.000000	0.000000	0.000000	0.000000	0.000000	0.000000	0	0.000000	0	0	0.000000	-0.000000	0.000000	0.000000	0.000000	0.000000	0.000000	0.000000	0.987106	0.054291	0.000000
D:	16026.19	-3.877106	-0.247251	-0.000192	0.000192	-0.000192	0.000192	-0.243096	-0.068405	-1.500000	0.045200	1.256904	0.019000	0.045200	-3.694953	2.070294	0.000000	0.000000	0.000000	0.000000	0.000000	0.000000	0.000000	0.000000	0.000000	0	0.000000	0	0	0.000000	-0.000000	0.000000	0.000000	0.000000	0.000000	0.000000	0.000000	0.995354	0.054744	0.000000
D:	16037.72	-3.885354	-0.243096	-0.000192	0.000192	-0.000192	0.000192	-0.243096	-0.068405	-1.500000	0.045200	1.256904	0.018000	0.045200	-3.694953	2.070294	0.000000	0.000000	0.000000	0.000000	0.000000	0.000000	0.000000	0.000000	0.000000	0	0.000000	0	0	0.000000	-0.000000	0.000000	0.000000	0.000000	0.000000	0.000000	0.000000	0.995354	0.054744	0.000000
D:	16049.26	-4.255042	-0.237865	-0.000192	0.000192	-0.000192	0.000192	-0.237865	-0.041105	-1.500000	-0.062028	1.262135	0.018000	-0.062028	-3.714620	2.312598	0.000000	0.000000	0.000000	0.000000	0.000000	0.000000	0.000000	0.000000	0.000000	0	0.000000	0	0	0.000000	-0.000000	0.000000	0.000000	0.000000	0.000000	0.000000	0.000000	1.365042	0.075077	0.000000
D:	16060.58	-4.255042	-0.237865	-0.000192	0.000192	-0.000192	0.000192	-0.237865	-0.041105	-1.500000	-0.062028	1.262135	0.018000	-0.062028	-3.714620	2.347820	0.000000	0.000000	0.000000	0.000000	0.000000	0.000000	0.000000	0.000000	0.000000	0	0.000000	0	0	0.000000	-0.000000	0.000000	0.000000	0.000000	0.000000	0.000000	0.000000	1.365042	0.075077	0.000000
D:	16070.80	-4.339781	-0.232987	-0.000192	0.000192	-0.000192	0.000192	-0.232987	-0.081859	-1.500000	-0.042106	1.267013	0.019000	-0.042106	-3.734935	2.347820	0.000000	0.000000	0.000000	0.000000	0.000000	0.000000	0.000000	0.000000	0.000000	0	0.000000	0	0	0.000000	-0.000000	0.000000	0.000000	0.000000	0.000000	0.000000	0.000000	1.449781	0.079738	0.000000
D:	16079.76	-4.339781	-0.232987	-0.000192	0.000192	-0.000192	0.000192	-0.232987	-0.081859	-1.500000	-0.042106	1.267013	0.019000	-0.042106	-3.734935	2.347820	0.000000	0.000000	0.000000	0.000000	0.000000	0.000000	0.000000	0.000000	0.000000	0	0.000000	0	0	0.000000	-0.000000	0.000000	0.000000	0.000000	0.000000	0.000000	0.000000	1.449781	0.079738	0.000000
D:	16088.34	-4.582045	-0.226273	-0.000192	0.000192	-0.000192	0.000192	-0.226273	-0.043789	-1.500000	-0.079957	1.273727	0.019000	-0.079957	-3.757738	2.506815	0.000000	0.000000	0.000000	0.000000	0.000000	0.000000	0.000000	0.000000	0.000000	0	0.000000	0	0	0.000000	-0.000000	0.000000	0.000000	0.000000	0.000000	0.000000	0.000000	1.692045	0.093062	0.000000
D:	16098.40	-4.582045	-0.226273	-0.000192	0.000192	-0.000192	0.000192	-0.226273	-0.043789	-1.500000	-0.079957	1.273727	0.019000	-0.079957	-3.757738	2.506815	0.000000	0.000000	0.000000	0.000000	0.000000	0.000000	0.000000	0.000000	0.000000	0	0.000000	0	0	0.000000	-0.000000	0.000000	0.000000	0.000000	0.000000	0.000000	0.000000	1.692045	0.093062	0.000000
D:	16110.98	-4.641635	-0.222373	-0.000192	0.000192	-0.000192	0.000192	-0.222373	-0.255833	-1.500000	-0.045819	1.277627	0.018000	-0.045819	-3.782335	2.519190	0.000000	0.000000	0.000000	0.000000	0.000000	0.000000	0.000000	0.000000	0.000000	0	0.000000	0	0	0.000000	-0.000000	0.000000	0.000000	0.000000	0.000000	0.000000	0.000000	1.751635	0.096340	0.000000
D:	16123.13	-4.641635	-0.222373	-0.000192	0.000192	-0.000192	0.000192	-0.222373	-0.255833	-1.500000	-0.045819	1.277627	0.018000	-0.244044	-3.782335	2.699083	0.000000	0.000000	0.000000	0.000000	0.000000	0.000000	0.000000	0.000000	0.000000	0	0.000000	0	0	0.000000	-0.000000	0.000000	0.000000	0.000000	0.000000	0.000000	0.000000	2.010535	0.110579	0.000000
D:	16132.76	-4.900535	-0.218824	-0.000192	0.000192	-0.000192	0.000192	-0.218824	-0.328754	-1.500000	-0.244044	1.281176	0.018000	-0.244044	-3.808650	2.699083	0.000000	0.000000	0.000000	0.000000	0.000000	0.000000	0.000000	0.000000	0.000000	0	0.000000	0	0	0.000000	-0.000000	0.000000	0.000000	0.000000	0.000000	0.000000	0.000000	2.010535	0.110579	0.000000
D:	16142.11	-4.900535	-0.218824	-0.000192	0.000192	-0.000192	0.000192	-0.218824	-0.328754	-1.500000	-0.244044	1.281176	0.018000	-0.244044	-3.808650	2.861549	0.000000	0.000000	0.000000	0.000000	0.000000	0.000000	0.000000	0.000000	0.000000	0	0.000000	0	0	0.000000	-0.000000	0.000000	0.000000	0.000000	0.000000	0.000000	0.000000	2.010535	0.110579	0.000000
D:	16151.73	-5.144902	-0.216714	-0.000192	0.000192	-0.000192	0.000192	-0.216714	-0.452758	-1.500000	-0.324702	1.283286	0.019000	-0.324702	-3.837319	2.861549	0.000000	0.000000	0.000000	0.000000	0.000000	0.000000	0.000000	0.000000	0.000000	0	0.000000	0	0	0.000000	-0.000000	0.000000	0.000000	0.000000	0.000000	0.000000	0.000000	2.254902	0.124020	0.000000
D:	16160.35	-5.144902	-0.216714	-0.000192	0.000192	-0.000192	0.000192	-0.216714	-0.452758	-1.500000	-0.324702	1.283286	0.019000	-0.324702	-3.837319	2.861549	0.000000	0.000000	0.000000	0.000000	0.000000	0.000000	0.000000	0.000000	0.000000	0	0.000000	0	0	0.000000	-0.000000	0.000000	0.000000	0.000000	0.000000	0.000000	0.000000	2.254902	0.124020	0.000000
D:	16168.98	-5.461342	-0.212281	-0.000192	0.000192	-0.000192	0.000192	-0.212281	-0.391680	-1.500000	-0.446632	1.287719	0.019000	-0.446632	-3.867862	3.090976	0.000000	0.000000	0.000000	0.000000	0.000000	0.000000	0.000000	0.000000	0.000000	0	0.000000	0	0	0.000000	-0.000000	0.000000	0.000000	0.000000	0.000000	0.000000	0.000000	2.571342	0.141424	0.000000
D:	16177.97	-5.461342	-0.212281	-0.000192	0.000192	-0.000192	0.000192	-0.212281	-0.391680	-1.500000	-0.446632	1.287719	0.019000	-0.446632	-3.867862	3.090976	0.000000	0.000000	0.000000	0.000000	0.000000	0.000000	0.000000	0.000000	0.000000	0	0.000000	0	0	0.000000	-0.000000	0.000000	0.000000	0.000000	0.000000	0.000000	0.000000	2.571342	0.141424	0.000000
D:	16186.85	-5.461342	-0.212281	-0.000192	0.000192	-0.000192	0.000192	-0.201268	-0.056567	-1.500000	-0.394765	1.298732	0.019000	-0.394765	-3.897632	2.982547	0.000000	0.000000	0.000000	0.000000	0.000000	0.000000	0.000000	0.000000	0.000000	0	0.000000	0	0	0.000000	-0.000000	0.000000	0.000000	0.000000	0.000000	0.000000	0.000000	2.502655	0.137646	0.000000
D:	16195.52	-5.392655	-0.201268	-0.000192	0.000192	-0.000192	0.000192	-0.201268	-0.056567	-1.500000	-0.394765	1.298732	0.018000	-0.394765	-3.897632	2.982547	0.000000	0.000000	0.000000	0.000000	0.000000	0.000000	0.000000	0.000000	0.000000	0	0.000000	0	0	0.000000	-0.000000	0.000000	0.000000	0.000000	0.000000	0.000000	0.000000	2.502655	0.137646	0.000000
D:	16204.37	-5.392655	-0.201268	-0.000192	0.000192	-0.000192	0.000192	-0.201268	-0.056567	-1.500000	-0.394765	1.298732	0.018000	-0.394765	-3.897632	3.548798	0.000000	0.000000	0.000000	0.000000	0.000000	0.000000	0.000000	0.000000	0.000000	0	0.000000	0	0	0.000000	-0.000000	0.000000	0.000000	0.000000	0.000000	0.000000	0.000000	3.161146	0.173863	0.000000
D:	16212.93	-6.051146	-0.180138	-0.000192	0.000192	-0.000192	0.000192	-0.180138	0.345467	-1.500000	-0.075551	1.319862	0.018000	-0.075551	-3.933253	3.548798	0.000000	0.000000	0.000000	0.000000	0.000000	0.000000	0.000000	0.000000	0.000000	0	0.000000	0	0	0.000000	-0.000000	0.000000	0.000000	0.000000	0.000000	0.000000	0.000000	3.161146	0.173863	0.000000
D:	16221.56	-6.051146	-0.180138	-0.000192	0.000192	-0.000192	0.000192	-0.180138	0.345467	-1.500000	-0.075551	1.319862	0.018000	-0.075551	-3.933253	3.548798	0.000000	0.000000	0.000000	0.000000	0.000000	0.000000	0.000000	0.000000	0.000000	0	0.000000	0	0	0.000000	-0.000000	0.000000	0.000000	0.000000	0.000000	0.000000	0.000000	3.161146	0.173863	0.000000
D:	16229.92	-6.118992	-0.163289	-0.000192	0.000192	-0.000192	0.000192	-0.163289	0.104968	-1.500000	0.325328	1.336711	0.019000	0.325328	-3.967564	3.551648	0.000000	0.000000	0.000000	0.000000	0.000000	0.000000	0.000000	0.000000	0.000000	0	0.000000	0	0	0.000000	-0.000000	0.000000	0.000000	0.000000	0.000000	0.000000	0.000000	3.228992	0.177595	0.000000
D:	16238.58	-6.118992	-0.163289	-0.000192	0.000192	-0.000192	0.000192	-0.163289	0.104968	-1.500000	0.325328	1.336711	0.019000	0.325328	-3.967564	3.551648	0.000000	0.000000	0.000000	0.000000	0.000000	0.000000	0.000000	0.000000	0.000000	0	0.000000	0	0	0.000000	-0.000000	0.000000	0.000000	0.000000	0.000000	0.000000	0.000000	3.228992	0.177595	0.000000
D:	16247.01	-6.118992	-0.163289	-0.000192	0.000192	-0.000192	0.000192	-0.158107	-0.649826	-1.500000	0.115509	1.341893	0.019000	0.115509	-4.006663	3.422915	0.000000	0.000000	0.000000	0.000000	0.000000	0.000000	0.000000	0.000000	0.000000	0	0.000000	0	0	0.000000	-0.000000	0.000000	0.000000	0.000000	0.000000	0.000000	0.000000	3.171162	0.174414	0.000000
D:	16255.59	-6.061162	-0.158107	-0.000192	0.000192	-0.000192	0.000192	-0.158107	-0.649826	-1.500000	0.115509	1.341893	0.019000	0.115509	-4.006663	3.422915	0.000000	0.000000	0.000000	0.000000	0.000000	0.000000	0.000000	0.000000	0.000000	0	0.000000	0	0	0.000000	-0.000000	0.000000	0.000000	0.000000	0.000000	0.000000	0.000000	3.171162	0.174414	0.000000
D:	16264.37	-6.061162	-0.158107	-0.000192	0.000192	-0.000192	0.000192	-0.158107	-0.649826	-1.500000	0.115509	1.341893	0.019000	0.115509	-4.006663	3.719730	0.000000	0.000000	0.000000	0.000000	0.000000	0.000000	0.000000	0.000000	0.000000	0	0.000000	0	0	0.000000	-0.000000	0.000000	0.000000	0.000000	0.000000	0.000000	0.000000	3.171162	0.174414	0.000000
D:	16273.08	-6.437314	-0.170604	-0.000192	0.000192	-0.000192	0.000192	-0.170604	-1.672925	-1.500000	-0.606864	1.329396	0.018000	-0.606864	-4.044632	3.719730	0.000000	0.000000	0.000000	0.000000	0.000000	0.000000	0.000000	0.000000	0.000000	0	0.000000	0	0	0.000000	-0.000000	0.000000	0.000000	0.000000	0.000000	0.000000	0.000000	3.547313	0.195102	0.000000
D:	16281.43	-6.437314	-0.170604	-0.000192	0.000192	-0.000192	0.000192	-0.170604	-1.672925	-1.500000	-0.606864	1.329396	0.018000	-0.606864	-4.044632	3.719730	0.000000	0.000000	0.000000	0.000000	0.000000	0.000000	0.000000	0.000000	0.000000	0	0.000000	0	0	0.000000	-0.000000	0.000000	0.000000	0.000000	0.000000	0.000000	0.000000	3.547313	0.195102	0.000000
D:	16289.95	-6.938344	-0.145267	-0.000192	0.000192	-0.000192	0.000192	-0.145267	0.344172	-1.500000	-1.613082	1.354733	0.018000	-1.613082	-4.084630	4.151157	0.000000	0.000000	0.000000	0.000000	0.000000	0.000000	0.000000	0.000000	0.000000	0	0.000000	0	0	0.000000	-0.000000	0.000000	0.000000	0.000000	0.000000	0.000000	0.000000	4.048344	0.222659	0.000000
D:	16298.79	-6.938344	-0.145267	-0.000192	0.000192	-0.000192	0.000192	-0.145267	0.344172	-1.500000	-1.613082	1.354733	0.018000	-1.613082	-4.084630	4.151157	0.000000	0.000000	0.000000	0.000000	0.000000	0.000000	0.000000	0.000000	0.000000	0	0.000000	0	0	0.000000	-0.000000	0.000000	0.000000	0.000000	0.000000	0.000000	0.000000	4.048344	0.222659	0.000000
D:	16307.50	-6.938344	-0.145267	-0.000192	0.000192	-0.000192	0.000192	-0.107396	0.921667	-1.500000	0.234302	1.392604	0.018000	0.234302	-4.127774	4.180062	0.000000	0.000000	0.000000	0.000000	0.000000	0.000000	0.000000	0.000000	0.000000	0	0.000000	0	0	0.000000	-0.000000	0.000000	0.000000	0.000000	0.000000	0.000000	0.000000	4.139940	0.227697	0.000000
D:	16316.22	-7.029940	-0.107396	-0.000192	0.000192	-0.000192	0.000192	-0.107396	0.921667	-1.500000	0.234302	1.392604	0.018000	0.234302	-4.127774	4.180062	0.000000	0.000000	0.000000	0.000000	0.000000	0.000000	0.000000	0.000000	0.000000	0	0.000000	0	0	0.000000	-0.000000	0.000000	0.000000	0.000000	0.000000	0.000000	0.000000	4.139940	0.227697	0.000000
D:	16324.90	-7.029940	-0.107396	-0.000192	0.000192	-0.000192	0.000192	-0.107396	0.921667	-1.500000	0.234302	1.392604	0.018000	0.234302	-4.127774	4.264674	0.000000	0.000000	0.000000	0.000000	0.000000	0.000000	0.000000	0.000000	0.000000	0	0.000000	0	0	0.000000	-0.000000	0.000000	0.000000	0.000000	0.000000	0.000000	0.000000	4.139940	0.227697	0.000000
D:	16333.49	-7.188106	-0.072230	-0.000192	0.000192	-0.000192	0.000192	-0.072230	0.705004	-1.500000	0.888787	1.427770	0.019000	0.888787	-4.170653	4.264674	0.000000	0.000000	0.000000	0.000000	0.000000	0.000000	0.000000	0.000000	0.000000	0	0.000000	0	0	0.000000	-0.000000	0.000000	0.000000	0.000000	0.000000	0.000000	0.000000	4.298106	0.236396	0.000000
D:	16342.23	-7.188106	-0.072230	-0.000192	0.000192	-0.000192	0.000192	-0.072230	0.705004	-1.500000	0.888787	1.427770	0.019000	0.888787	-4.170653	4.264674	0.000000	0.000000	0.000000	0.000000	0.000000	0.000000	0.000000	0.000000	0.000000	0	0.000000	0	0	0.000000	-0.000000	0.000000	0.000000	0.000000	0.000000	0.000000	0.000000	4.298106	0.236396	0.000000
D:	16350.94	-7.319818	-0.039245	-0.000192	0.000192	-0.000192	0.000192	-0.039245	0.528476	-1.500000	0.715321	1.460755	0.018000	0.715321	-4.215499	4.323746	0.000000	0.000000	0.000000	0.000000	0.000000	0.000000	0.000000	0.000000	0.000000	0	0.000000	0	0	0.000000	-0.000000	0.000000	0.000000	0.000000	0.000000	0.000000	0.000000	4.429818	0.243640	0.000000
D:	16359.51	-7.319818	-0.039245	-0.000192	0.000192	-0.000192	0.000192	-0.039245	0.528476	-1.500000	0.715321	1.460755	0.018000	0.715321	-4.215499	4.323746	0.000000	0.000000	0.000000	0.000000	0.000000	0.000000	0.000000	0.000000	0.000000	0	0.000000	0	0	0.000000	-0.000000	0.000000	0.000000	0.000000	0.000000	0.000000	0.000000	4.429818	0.243640	0.000000
D:	16367.69	-7.319818	-0.039245	-0.000192	0.000192	-0.000192	0.000192	-0.005323	0.468958	-1.500000	0.538964	1.494677	0.018000	0.538964	-4.262852	4.615777	0.000000	0.000000	0.000000	0.000000	0.000000	0.000000	0.000000	0.000000	0.000000	0	0.000000	0	0	0.000000	-0.000000	0.000000	0.000000	0.000000	0.000000	0.000000	0.000000	4.790845	0.263496	0.000000
D:	16376.49	-7.680845	-0.005323	-0.000192	0.000192	-0.000192	0.000192	-0.005323	0.468958	-1.500000	0.538964	1.494677	0.018000	0.538964	-4.262852	4.615777	0.000000	0.000000	0.000000	0.000000	0.000000	0.000000	0.000000	0.000000	0.000000	0	0.000000	0	0	0.000000	-0.000000	0.000000	0.000000	0.000000	0.000000	0.000000	0.000000	4.790845	0.263496	0.000000
D:	16385.19	-7.680845	-0.005323	-0.000192	0.000192	-0.000192	0.000192	-0.005323	0.468958	-1.500000	0.538964	1.494677	0.018000	0.538964	-4.262852	4.638546	0.000000	0.000000	0.000000	0.000000	0.000000	0.000000	0.000000	0.000000	0.000000	0	0.000000	0	0	0.000000	-0.000000	0.000000	0.000000	0.000000	0.000000	0.000000	0.000000	4.790845	0.263496	0.000000
D:	16393.93	-7.785916	0.028859	-0.000192	0.000192	-0.000192	0.000192	0.028859	0.380984	-1.500000	0.472888	1.528859	0.018000	0.472888	-4.312282	4.638546	0.000000	0.000000	0.000000	0.000000	0.000000	0.000000	0.000000	0.000000	0.000000	0	0.000000	0	0	0.000000	-0.000000	0.000000	0.000000	0.000000	0.000000	0.000000	0.000000	4.895916	0.269275	0.000000
D:	16402.60	-7.785916	0.028859	-0.000192	0.000192	-0.000192	0.000192	0.028859	0.380984	-1.500000	0.472888	1.528859	0.018000	0.472888	-4.312282	4.638546	0.000000	0.000000	0.000000	0.000000	0.000000	0.000000	0.000000	0.000000	0.000000	0	0.000000	0	0	0.000000	-0.000000	0.000000	0.000000	0.000000	0.000000	0.000000	0.000000	4.895916	0.269275	0.000000
D:	16411.09	-7.876598	0.065312	-0.000192	0.000192	-0.000192	0.000192	0.065312	0.386498	-1.500000	0.385381	1.565312	0.019000	0.385381	-4.363598	4.650333	0.000000	0.000000	0.000000	0.000000	0.000000	0.000000	0.000000	0.000000	0.000000	0	0.000000	0	0	0.000000	-0.000000	0.000000	0.000000	0.000000	0.000000	0.000000	0.000000	4.986598	0.274263	0.000000
D:	16419.99	-7.876598	0.065312	-0.000192	0.000192	-0.000192	0.000192	0.065312	0.386498	-1.500000	0.385381	1.565312	0.019000	0.385381	-4.363598	4.650333	0.000000	0.000000	0.000000	0.000000	0.000000	0.000000	0.000000	0.000000	0.000000	0	0.000000	0	0	0.000000	-0.000000	0.000000	0.000000	0.000000	0.000000	0.000000	0.000000	4.986598	0.274263	0.000000
D:	16428.68	-7.876598	0.065312	-0.000192	0.000192	-0.000192	0.000192	0.116227	1.163115	-1.500000	0.386436	1.616227	0.019000	0.386436	-4.415024	4.657585	0.000000	0.000000	0.000000	0.000000	0.000000	0.000000	0.000000	0.000000	0.000000	0	0.000000	0	0	0.000000	-0.000000	0.000000	0.000000	0.000000	0.000000	0.000000	0.000000	5.067348	0.278704	0.000000
D:	16437.26	-7.957348	0.116227	-0.000192	0.000192	-0.000192	0.000192	0.116227	1.163115	-1.500000	0.386436	1.616227	0.018000	0.386436	-4.415024	4.657585	0.000000	0.000000	0.000000	0.000000	0.000000	0.000000	0.000000	0.000000	0.000000	0	0.000000	0	0	0.000000	-0.000000	0.000000	0.000000	0.000000	0.000000	0.000000	0.000000	5.067348	0.278704	0.000000
D:	16445.86	-7.957348	0.116227	-0.000192	0.000192	-0.000192	0.000192	0.116227	1.163115	-1.500000	0.386436	1.616227	0.018000	0.386436	-4.415024	4.895939	0.000000	0.000000	0.000000	0.000000	0.000000	0.000000	0.000000	0.000000	0.000000	0	0.000000	0	0	0.000000	-0.000000	0.000000	0.000000	0.000000	0.000000	0.000000	0.000000	5.067348	0.278704	0.000000
D:	16454.57	-8.259155	0.170559	-0.000192	0.000192	-0.000192	0.000192	0.170559	1.209956	-1.500000	1.119517	1.670559	0.018000	1.119517	-4.469498	4.895939	0.000000	0.000000	0.000000	0.000000	0.000000	0.000000	0.000000	0.000000	0.000000	0	0.000000	0	0	0.000000	-0.000000	0.000000	0.000000	0.000000	0.000000	0.000000	0.000000	5.369154	0.295303	0.000000
D:	16463.09	-8.259155	0.170559	-0.000192	0.000192	-0.000192	0.000192	0.170559	1.209956	-1.500000	1.119517	1.670559	0.018000	1.119517	-4.469498	4.895939	0.000000	0.000000	0.000000	0.000000	0.000000	0.000000	0.000000	0.000000	0.000000	0	0.000000	0	0	0.000000	-0.000000	0.000000	0.000000	0.000000	0.000000	0.000000	0.000000	5.369154	0.295303	0.000000
D:	16471.67	-8.565508	0.219975	-0.000192	0.000192	-0.000192	0.000192	0.219975	0.957185	-1.500000	1.204879	1.719975	0.018000	1.204879	-4.522070	5.198545	0.000000	0.000000	0.000000	0.000000	0.000000	0.000000	0.000000	0.000000	0.000000	0	0.000000	0	0	0.000000	-0.000000	0.000000	0.000000	0.000000	0.000000	0.000000	0.000000	5.675508	0.312153	0.000000
D:	16480.37	-8.565508	0.219975	-0.000192	0.000192	-0.000192	0.000192	0.219975	0.957185	-1.500000	1.204879	1.719975	0.018000	1.204879	-4.522070	5.198545	0.000000	0.000000	0.000000	0.000000	0.000000	0.000000	0.000000	0.000000	0.000000	0	0.000000	0	0	0.000000	-0.000000	0.000000	0.000000	0.000000	0.000000	0.000000	0.000000	5.675508	0.312153	0.000000
D:	16489.08	-8.565508	0.219975	-0.000192	0.000192	-0.000192	0.000192	0.286707	1.662130	-1.500000	0.969033	1.786707	0.018000	0.969033	-4.578160	5.288710	0.000000	0.000000	0.000000	0.000000	0.000000	0.000000	0.000000	0.000000	0.000000	0	0.000000	0	0	0.000000	-0.000000	0.000000	0.000000	0.000000	0.000000	0.000000	0.000000	5.702517	0.313638	0.000000
D:	16497.93	-8.592517	0.286707	-0.000192	0.000192	-0.000192	0.000192	0.286707	1.662130	-1.500000	0.969033	1.786707	0.019000	0.969033	-4.578160	5.288710	0.000000	0.000000	0.000000	0.000000	0.000000	0.000000	0.000000	0.000000	0.000000	0	0.000000	0	0	0.000000	-0.000000	0.000000	0.000000	0.000000	0.000000	0.000000	0.000000	5.702517	0.313638	0.000000
D:	16506.59	-8.592517	0.286707	-0.000192	0.000192	-0.000192	0.000192	0.286707	1.662130	-1.500000	0.969033	1.786707	0.019000	0.969033	-4.578160	5.185481	0.000000	0.000000	0.000000	0.000000	0.000000	0.000000	0.000000	0.000000	0.000000	0	0.000000	0	0	0.000000	-0.000000	0.000000	0.000000	0.000000	0.000000	0.000000	0.000000	5.702517	0.313638	0.000000
D:	16514.80	-8.421542	0.355678	-0.000192	0.000192	-0.000192	0.000192	0.355678	1.607474	-1.500000	1.628975	1.855678	0.019000	1.628975	-4.638009	5.185481	0.000000	0.000000	0.000000	0.000000	0.000000	0.000000	0.000000	0.000000	0.000000	0	0.000000	0	0	0.000000	-0.000000	0.000000	0.000000	0.000000	0.000000	0.000000	0.000000	5.531542	0.304235	0.000000
D:	16523.17	-8.421542	0.355678	-0.000192	0.000192	-0.000192	0.000192	0.355678	1.607474	-1.500000	1.628975	1.855678	0.019000	1.628975	-4.638009	5.185481	0.000000	0.000000	0.000000	0.000000	0.000000	0.000000	0.000000	0.000000	0.000000	0	0.000000	0	0	0.000000	-0.000000	0.000000	0.000000	0.000000	0.000000	0.000000	0.000000	5.531542	0.304235	0.000000
D:	16531.60	-8.421542	0.355678	-0.000192	0.000192	-0.000192	0.000192	0.425048	1.541002	-1.500000	1.608681	1.925048	0.019000	1.608681	-4.701307	5.126124	0.000000	0.000000	0.000000	0.000000	0.000000	0.000000	0.000000	0.000000	0.000000	0	0.000000	0	0	0.000000	-0.000000	0.000000	0.000000	0.000000	0.000000	0.000000	0.000000	5.417028	0.297937	0.000000
D:	16540.39	-8.307028	0.425048	-0.000192	0.000192	-0.000192	0.000192	0.425048	1.541002	-1.500000	1.608681	1.925048	0.018000	1.608681	-4.701307	5.126124	0.000000	0.000000	0.000000	0.000000	0.000000	0.000000	0.000000	0.000000	0.000000	0	0.000000	0	0	0.000000	-0.000000	0.000000	0.000000	0.000000	0.000000	0.000000	0.000000	5.417028	0.297937	0.000000
D:	16549.18	-8.307028	0.425048	-0.000192	0.000192	-0.000192	0.000192	0.504687	1.980482	-1.500000	1.544801	2.004687	0.018000	1.544801	-4.766742	5.333380	0.000000	0.000000	0.000000	0.000000	0.000000	0.000000	0.000000	0.000000	0.000000	0	0.000000	0	0	0.000000	-0.000000	0.000000	0.000000	0.000000	0.000000	0.000000	0.000000	5.585851	0.307222	0.000000
D:	16558.36	-8.475851	0.504687	-0.000192	0.000192	-0.000192	0.000192	0.504687	1.980482	-1.500000	1.544801	2.004687	0.018000	1.544801	-4.766742	5.333380	0.000000	0.000000	0.000000	0.000000	0.000000	0.000000	0.000000	0.000000	0.000000	0	0.000000	0	0	0.000000	-0.000000	0.000000	0.000000	0.000000	0.000000	0.000000	0.000000	5.585851	0.307222	0.000000
D:	16567.60	-8.475851	0.504687	-0.000192	0.000192	-0.000192	0.000192	0.504687	1.980482	-1.500000	1.959642	2.097857	0.018000	1.959642	-4.766742	5.083051	0.000000	0.000000	0.000000	0.000000	0.000000	0.000000	0.000000	0.000000	0.000000	0	0.000000	0	0	0.000000	-0.000000	0.000000	0.000000	0.000000	0.000000	0.000000	0.000000	5.406423	0.297353	0.000000
D:	16577.61	-8.296423	0.597857	-0.000192	0.000192	-0.000192	0.000192	0.597857	2.363741	-1.500000	1.959642	2.097857	0.019000	1.959642	-4.837023	5.083051	0.000000	0.000000	0.000000	0.000000	0.000000	0.000000	0.000000	0.000000	0.000000	0	0.000000	0	0	0.000000	-0.000000	0.000000	0.000000	0.000000	0.000000	0.000000	0.000000	5.406423	0.297353	0.000000
D:	16586.74	-8.296423	0.597857	-0.000192	0.000192	-0.000192	0.000192	0.597857	2.363741	-1.500000	1.959642	2.097857	0.019000	1.959642	-4.837023	4.997665	0.000000	0.000000	0.000000	0.000000	0.000000	0.000000	0.000000	0.000000	0.000000	0	0.000000	0	0	0.000000	-0.000000	0.000000	0.000000	0.000000	0.000000	0.000000	0.000000	5.406423	0.297353	0.000000
D:	16595.71	-8.312426	0.668359	-0.000192	0.000192	-0.000192	0.000192	0.668359	1.165454	-1.500000	2.344411	2.168359	0.019000	2.344411	-4.905912	4.997665	0.000000	0.000000	0.000000	0.000000	0.000000	0.000000	0.000000	0.000000	0.000000	0	0.000000	0	0	0.000000	-0.000000	0.000000	0.000000	0.000000	0.000000	0.000000	0.000000	5.422426	0.298233	0.000000
D:	16604.98	-8.312426	0.668359	-0.000192	0.000192	-0.000192	0.000192	0.668359	1.165454	-1.500000	2.344411	2.168359	0.019000	2.344411	-4.905912	4.997665	0.000000	0.000000	0.000000	0.000000	0.000000	0.000000	0.000000	0.000000	0.000000	0	0.000000	0	0	0.000000	-0.000000	0.000000	0.000000	0.000000	0.000000	0.000000	0.000000	5.422426	0.298233	0.000000
D:	16614.32	-8.474870	0.736439	-0.000192	0.000192	-0.000192	0.000192	0.736439	1.058219	-1.500000	1.231635	2.236439	0.018000	1.231635	-4.974250	5.057059	0.000000	0.000000	0.000000	0.000000	0.000000	0.000000	0.000000	0.000000	0.000000	0	0.000000	0	0	0.000000	-0.000000	0.000000	0.000000	0.000000	0.000000	0.000000	0.000000	5.584870	0.307168	0.000000
D:	16623.63	-8.474870	0.736439	-0.000192	0.000192	-0.000192	0.000192	0.736439	1.058219	-1.500000	1.231635	2.236439	0.018000	1.231635	-4.974250	5.057059	0.000000	0.000000	0.000000	0.000000	0.000000	0.000000	0.000000	0.000000	0.000000	0	0.000000	0	0	0.000000	-0.000000	0.000000	0.000000	0.000000	0.000000	0.000000	0.000000	5.584870	0.307168	0.000000
D:	16632.83	-8.281179	0.816212	-0.000192	0.000192	-0.000192	0.000192	0.816212	1.467005	-1.500000	1.067954	2.316212	0.018000	1.067954	-5.047158	4.766449	0.000000	0.000000	0.000000	0.000000	0.000000	0.000000	0.000000	0.000000	0.000000	0	0.000000	0	0	0.000000	-0.000000	0.000000	0.000000	0.000000	0.000000	0.000000	0.000000	5.391179	0.296515	0.000000
D:	16642.48	-8.281179	0.816212	-0.000192	0.000192	-0.000192	0.000192	0.816212	1.467005	-1.500000	1.067954	2.316212	0.018000	1.067954	-5.047158	4.766449	0.000000	0.000000	0.000000	0.000000	0.000000	0.000000	0.000000	0.000000	0.000000	0	0.000000	0	0	0.000000	-0.000000	0.000000	0.000000	0.000000	0.000000	0.000000	0.000000	5.391179	0.296515	0.000000
D:	16653.90	-8.557373	0.898048	-0.000192	0.000192	-0.000192	0.000192	0.898048	1.500303	-1.500000	1.447917	2.398048	0.019000	1.447917	-5.118624	4.959173	0.000000	0.000000	0.000000	0.000000	0.000000	0.000000	0.000000	0.000000	0.000000	0	0.000000	0	0	0.000000	-0.000000	0.000000	0.000000	0.000000	0.000000	0.000000	0.000000	5.667373	0.311706	0.000000
D:	16665.65	-8.557373	0.898048	-0.000192	0.000192	-0.000192	0.000192	0.898048	1.500303	-1.500000	1.447917	2.398048	0.019000	1.447917	-5.118624	4.753731	0.000000	0.000000	0.000000	0.000000	0.000000	0.000000	0.000000	0.000000	0.000000	0	0.000000	0	0	0.000000	-0.000000	0.000000	0.000000	0.000000	0.000000	0.000000	0.000000	5.667373	0.311706	0.000000
D:	16678.19	-8.451250	0.988375	-0.000192	0.000192	-0.000192	0.000192	0.988375	1.668886	-1.500000	1.497797	2.488375	0.019000	1.497797	-5.195604	4.753731	0.000000	0.000000	0.000000	0.000000	0.000000	0.000000	0.000000	0.000000	0.000000	0	0.000000	0	0	0.000000	-0.000000	0.000000	0.000000	0.000000	0.000000	0.000000	0.000000	5.561250	0.305869	0.000000
D:	16690.87	-8.451250	0.988375	-0.000192	0.000192	-0.000192	0.000192	1.083943	1.855773	-1.500000	1.659282	2.583943	0.019000	1.659282	-5.275621	4.917468	0.000000	0.000000	0.000000	0.000000	0.000000	0.000000	0.000000	0.000000	0.000000	0	0.000000	0	0	0.000000	-0.000000	0.000000	0.000000	0.000000	0.000000	0.000000	0.000000	5.805354	0.319294	0.000000
D:	16703.09	-8.695354	1.083943	-0.000192	0.000192	-0.000192	0.000192	1.083943	1.855773	-1.500000	1.659282	2.583943	0.018000	1.659282	-5.275621	4.917468	0.000000	0.000000	0.000000	0.000000	0.000000	0.000000	0.000000	0.000000	0.000000	0	0.000000	0	0	0.000000	-0.000000	0.000000	0.000000	0.000000	0.000000	0.000000	0.000000	5.805354	0.319294	0.000000
D:	16715.40	-8.587138	1.177749	-0.000192	0.000192	-0.000192	0.000192	1.177749	1.699033	-1.500000	1.844743	2.677749	0.018000	1.844743	-5.355522	4.723923	0.000000	0.000000	0.000000	0.000000	0.000000	0.000000	0.000000	0.000000	0.000000	0	0.000000	0	0	0.000000	-0.000000	0.000000	0.000000	0.000000	0.000000	0.000000	0.000000	5.697137	0.313343	0.000000
D:	16727.68	-8.587138	1.177749	-0.000192	0.000192	-0.000192	0.000192	1.177749	1.699033	-1.500000	1.706003	2.778445	0.018000	1.706003	-5.355522	4.740056	0.000000	0.000000	0.000000	0.000000	0.000000	0.000000	0.000000	0.000000	0.000000	0	0.000000	0	0	0.000000	-0.000000	0.000000	0.000000	0.000000	0.000000	0.000000	0.000000	5.797451	0.318860	0.000000
D:	16740.23	-8.687451	1.278445	-0.000192	0.000192	-0.000192	0.000192	1.278445	1.729814	-1.500000	1.706003	2.778445	0.019000	1.706003	-5.439738	4.740056	0.000000	0.000000	0.000000	0.000000	0.000000	0.000000	0.000000	0.000000	0.000000	0	0.000000	0	0	0.000000	-0.000000	0.000000	0.000000	0.000000	0.000000	0.000000	0.000000	5.797451	0.318860	0.000000
D:	16752.56	-8.687451	1.278445	-0.000192	0.000192	-0.000192	0.000192	1.378871	1.728216	-1.500000	1.728675	2.878871	0.019000	1.728675	-5.522109	4.762554	0.000000	0.000000	0.000000	0.000000	0.000000	0.000000	0.000000	0.000000	0.000000	0	0.000000	0	0	0.000000	-0.000000	0.000000	0.000000	0.000000	0.000000	0.000000	0.000000	5.914648	0.325306	0.000000
D:	16764.66	-8.804648	1.378871	-0.000192	0.000192	-0.000192	0.000192	1.378871	1.728216	-1.500000	1.728675	2.878871	0.019000	1.728675	-5.522109	4.762554	0.000000	0.000000	0.000000	0.000000	0.000000	0.000000	0.000000	0.000000	0.000000	0	0.000000	0	0	0.000000	-0.000000	0.000000	0.000000	0.000000	0.000000	0.000000	0.000000	5.914648	0.325306	0.000000
D:	16775.56	-8.722117	1.493648	-0.000192	0.000192	-0.000192	0.000192	1.493648	2.386656	-1.500000	1.728242	2.993648	0.018000	1.728242	-5.608030	4.577502	0.000000	0.000000	0.000000	0.000000	0.000000	0.000000	0.000000	0.000000	0.000000	0	0.000000	0	0	0.000000	-0.000000	0.000000	0.000000	0.000000	0.000000	0.000000	0.000000	5.832117	0.320766	0.000000
D:	16786.50	-8.722117	1.493648	-0.000192	0.000192	-0.000192	0.000192	1.493648	2.386656	-1.500000	1.728242	2.993648	0.018000	1.728242	-5.608030	5.039546	0.000000	0.000000	0.000000	0.000000	0.000000	0.000000	0.000000	0.000000	0.000000	0	0.000000	0	0	0.000000	-0.000000	0.000000	0.000000	0.000000	0.000000	0.000000	0.000000	5.832117	0.320766	0.000000
D:	16797.75	-9.277810	1.591713	-0.000192	0.000192	-0.000192	0.000192	1.591713	1.246606	-1.500000	2.349696	3.091713	0.018000	2.349696	-5.696988	5.039546	0.000000	0.000000	0.000000	0.000000	0.000000	0.000000	0.000000	0.000000	0.000000	0	0.000000	0	0	0.000000	-0.000000	0.000000	0.000000	0.000000	0.000000	0.000000	0.000000	6.387810	0.351330	0.000000
D:	16809.84	-9.277810	1.591713	-0.000192	0.000192	-0.000192	0.000192	1.704686	1.962393	-1.500000	1.308528	3.204686	0.018000	1.308528	-5.786821	5.295405	0.000000	0.000000	0.000000	0.000000	0.000000	0.000000	0.000000	0.000000	0.000000	0	0.000000	0	0	0.000000	-0.000000	0.000000	0.000000	0.000000	0.000000	0.000000	0.000000	6.754270	0.371485	0.000000
D:	16820.80	-9.644270	1.704686	-0.000192	0.000192	-0.000192	0.000192	1.704686	1.962393	-1.500000	1.308528	3.204686	0.018000	1.308528	-5.786821	5.295405	0.000000	0.000000	0.000000	0.000000	0.000000	0.000000	0.000000	0.000000	0.000000	0	0.000000	0	0	0.000000	-0.000000	0.000000	0.000000	0.000000	0.000000	0.000000	0.000000	6.754270	0.371485	0.000000
D:	16830.30	-9.644270	1.704686	-0.000192	0.000192	-0.000192	0.000192	1.704686	1.962393	-1.500000	1.931116	3.332388	0.018000	1.931116	-5.786821	5.355525	0.000000	0.000000	0.000000	0.000000	0.000000	0.000000	0.000000	0.000000	0.000000	0	0.000000	0	0	0.000000	-0.000000	0.000000	0.000000	0.000000	0.000000	0.000000	0.000000	6.934571	0.381401	0.000000
D:	16839.28	-9.824571	1.832388	-0.000192	0.000192	-0.000192	0.000192	1.832388	2.511466	-1.500000	1.931116	3.332388	0.019000	1.931116	-5.877878	5.355525	0.000000	0.000000	0.000000	0.000000	0.000000	0.000000	0.000000	0.000000	0.000000	0	0.000000	0	0	0.000000	-0.000000	0.000000	0.000000	0.000000	0.000000	0.000000	0.000000	6.934571	0.381401	0.000000
D:	16848.26	-9.824571	1.832388	-0.000192	0.000192	-0.000192	0.000192	1.832388	2.511466	-1.500000	1.931116	3.332388	0.019000	1.931116	-5.877878	5.196889	0.000000	0.000000	0.000000	0.000000	0.000000	0.000000	0.000000	0.000000	0.000000	0	0.000000	0	0	0.000000	-0.000000	0.000000	0.000000	0.000000	0.000000	0.000000	0.000000	6.934571	0.381401	0.000000
D:	16858.33	-9.778883	1.952639	-0.000192	0.000192	-0.000192	0.000192	1.952639	2.122369	-1.500000	2.478888	3.452639	0.018000	2.478888	-5.969697	5.196889	0.000000	0.000000	0.000000	0.000000	0.000000	0.000000	0.000000	0.000000	0.000000	0	0.000000	0	0	0.000000	-0.000000	0.000000	0.000000	0.000000	0.000000	0.000000	0.000000	6.888883	0.378889	0.000000
D:	16868.20	-9.778883	1.952639	-0.000192	0.000192	-0.000192	0.000192	1.952639	2.122369	-1.500000	2.478888	3.452639	0.018000	2.478888	-5.969697	5.196889	0.000000	0.000000	0.000000	0.000000	0.000000	0.000000	0.000000	0.000000	0.000000	0	0.000000	0	0	0.000000	-0.000000	0.000000	0.000000	0.000000	0.000000	0.000000	0.000000	6.888883	0.378889	0.000000
D:	16877.32	-9.639484	2.076903	-0.000192	0.000192	-0.000192	0.000192	2.076903	2.020717	-1.500000	2.142382	3.576903	0.018000	2.142382	-6.066519	4.954827	0.000000	0.000000	0.000000	0.000000	0.000000	0.000000	0.000000	0.000000	0.000000	0	0.000000	0	0	0.000000	-0.000000	0.000000	0.000000	0.000000	0.000000	0.000000	0.000000	6.749484	0.371222	0.000000
D:	16886.73	-9.639484	2.076903	-0.000192	0.000192	-0.000192	0.000192	2.076903	2.020717	-1.500000	2.142382	3.576903	0.018000	2.142382	-6.066519	4.954827	0.000000	0.000000	0.000000	0.000000	0.000000	0.000000	0.000000	0.000000	0.000000	0	0.000000	0	0	0.000000	-0.000000	0.000000	0.000000	0.000000	0.000000	0.000000	0.000000	6.749484	0.371222	0.000000
D:	16895.76	-9.764561	2.199485	-0.000192	0.000192	-0.000192	0.000192	2.199485	1.820431	-1.500000	2.027547	3.699485	0.018000	2.027547	-6.163942	4.988317	0.000000	0.000000	0.000000	0.000000	0.000000	0.000000	0.000000	0.000000	0.000000	0	0.000000	0	0	0.000000	-0.000000	0.000000	0.000000	0.000000	0.000000	0.000000	0.000000	6.874561	0.378101	0.000000
D:	16904.86	-9.764561	2.199485	-0.000192	0.000192	-0.000192	0.000192	2.199485	1.820431	-1.500000	2.027547	3.699485	0.018000	2.027547	-6.163942	4.988317	0.000000	0.000000	0.000000	0.000000	0.000000	0.000000	0.000000	0.000000	0.000000	0	0.000000	0	0	0.000000	-0.000000	0.000000	0.000000	0.000000	0.000000	0.000000	0.000000	6.874561	0.378101	0.000000
D:	16914.29	-9.764561	2.199485	-0.000192	0.000192	-0.000192	0.000192	2.340965	2.710478	-1.500000	1.830338	3.840965	0.018000	1.830338	-6.260096	4.509301	0.000000	0.000000	0.000000	0.000000	0.000000	0.000000	0.000000	0.000000	0.000000	0	0.000000	0	0	0.000000	-0.000000	0.000000	0.000000	0.000000	0.000000	0.000000	0.000000	6.476399	0.356202	0.000000
D:	16923.88	-9.366400	2.340965	-0.000192	0.000192	-0.000192	0.000192	2.340965	2.710478	-1.500000	1.830338	3.840965	0.019000	1.830338	-6.260096	4.509301	0.000000	0.000000	0.000000	0.000000	0.000000	0.000000	0.000000	0.000000	0.000000	0	0.000000	0	0	0.000000	-0.000000	0.000000	0.000000	0.000000	0.000000	0.000000	0.000000	6.476399	0.356202	0.000000
D:	16933.83	-9.366400	2.340965	-0.000192	0.000192	-0.000192	0.000192	2.488053	2.617147	-1.500000	2.661071	3.988053	0.019000	2.661071	-6.365239	4.761126	0.000000	0.000000	0.000000	0.000000	0.000000	0.000000	0.000000	0.000000	0.000000	0	0.000000	0	0	0.000000	-0.000000	0.000000	0.000000	0.000000	0.000000	0.000000	0.000000	6.800999	0.374055	0.000000
D:	16943.10	-9.690999	2.488053	-0.000192	0.000192	-0.000192	0.000192	2.488053	2.617147	-1.500000	2.661071	3.988053	0.018000	2.661071	-6.365239	4.761126	0.000000	0.000000	0.000000	0.000000	0.000000	0.000000	0.000000	0.000000	0.000000	0	0.000000	0	0	0.000000	-0.000000	0.000000	0.000000	0.000000	0.000000	0.000000	0.000000	6.800999	0.374055	0.000000
D:	16952.41	-9.690999	2.488053	-0.000192	0.000192	-0.000192	0.000192	2.637528	2.556426	-1.500000	2.619613	4.137528	0.018000	2.619613	-6.472456	4.677896	0.000000	0.000000	0.000000	0.000000	0.000000	0.000000	0.000000	0.000000	0.000000	0	0.000000	0	0	0.000000	-0.000000	0.000000	0.000000	0.000000	0.000000	0.000000	0.000000	6.799960	0.373998	0.000000
D:	16962.01	-9.689960	2.637528	-0.000192	0.000192	-0.000192	0.000192	2.637528	2.556426	-1.500000	2.619613	4.137528	0.018000	2.619613	-6.472456	4.677896	0.000000	0.000000	0.000000	0.000000	0.000000	0.000000	0.000000	0.000000	0.000000	0	0.000000	0	0	0.000000	-0.000000	0.000000	0.000000	0.000000	0.000000	0.000000	0.000000	6.799960	0.373998	0.000000
D:	16971.15	-9.689960	2.637528	-0.000192	0.000192	-0.000192	0.000192	2.637528	2.556426	-1.500000	2.619613	4.291687	0.018000	2.559973	-6.472456	4.856050	0.000000	0.000000	0.000000	0.000000	0.000000	0.000000	0.000000	0.000000	0.000000	0	0.000000	0	0	0.000000	-0.000000	0.000000	0.000000	0.000000	0.000000	0.000000	0.000000	7.062585	0.388442	0.000000
D:	16980.55	-9.952585	2.791687	-0.000192	0.000192	-0.000192	0.000192	2.791687	2.664897	-1.500000	2.559973	4.291687	0.018000	2.559973	-6.580928	4.856050	0.000000	0.000000	0.000000	0.000000	0.000000	0.000000	0.000000	0.000000	0.000000	0	0.000000	0	0	0.000000	-0.000000	0.000000	0.000000	0.000000	0.000000	0.000000	0.000000	7.062585	0.388442	0.000000
D:	16989.97	-9.952585	2.791687	-0.000192	0.000192	-0.000192	0.000192	2.791687	2.664897	-1.500000	2.559973	4.291687	0.018000	2.559973	-6.580928	4.856050	0.000000	0.000000	0.000000	0.000000	0.000000	0.000000	0.000000	0.000000	0.000000	0	0.000000	0	0	0.000000	-0.000000	0.000000	0.000000	0.000000	0.000000	0.000000	0.000000	7.062585	0.388442	0.000000
D:	16998.98	-9.941292	2.941701	-0.000192	0.000192	-0.000192	0.000192	2.941701	2.381120	-1.500000	2.659878	4.441701	0.019000	2.659878	-6.686464	4.754215	0.000000	0.000000	0.000000	0.000000	0.000000	0.000000	0.000000	0.000000	0.000000	0	0.000000	0	0	0.000000	-0.000000	0.000000	0.000000	0.000000	0.000000	0.000000	0.000000	7.051291	0.387821	0.000000
D:	17007.98	-9.941292	2.941701	-0.000192	0.000192	-0.000192	0.000192	2.941701	2.381120	-1.500000	2.659878	4.441701	0.019000	2.659878	-6.686464	4.754215	0.000000	0.000000	0.000000	0.000000	0.000000	0.000000	0.000000	0.000000	0.000000	0	0.000000	0	0	0.000000	-0.000000	0.000000	0.000000	0.000000	0.000000	0.000000	0.000000	7.051291	0.387821	0.000000
D:	17016.98	-9.835584	3.105888	-0.000192	0.000192	-0.000192	0.000192	3.105888	2.931546	-1.500000	2.394455	4.605888	0.019000	2.394455	-6.794142	4.571753	0.000000	0.000000	0.000000	0.000000	0.000000	0.000000	0.000000	0.000000	0.000000	0	0.000000	0	0	0.000000	-0.000000	0.000000	0.000000	0.000000	0.000000	0.000000	0.000000	6.945583	0.382007	0.000000
D:	17026.02	-9.835584	3.105888	-0.000192	0.000192	-0.000192	0.000192	3.105888	2.931546	-1.500000	2.394455	4.605888	0.019000	2.394455	-6.794142	4.571753	0.000000	0.000000	0.000000	0.000000	0.000000	0.000000	0.000000	0.000000	0.000000	0	0.000000	0	0	0.000000	-0.000000	0.000000	0.000000	0.000000	0.000000	0.000000	0.000000	6.945583	0.382007	0.000000
D:	17035.07	-9.835584	3.105888	-0.000192	0.000192	-0.000192	0.000192	3.268701	2.527207	-1.500000	2.901397	4.768701	0.019000	2.901397	-6.908887	4.691065	0.000000	0.000000	0.000000	0.000000	0.000000	0.000000	0.000000	0.000000	0.000000	0	0.000000	0	0	0.000000	-0.000000	0.000000	0.000000	0.000000	0.000000	0.000000	0.000000	7.125808	0.391919	0.000000
D:	17044.42	-10.015808	3.268701	-0.000192	0.000192	-0.000192	0.000192	3.268701	2.527207	-1.500000	2.901397	4.768701	0.018000	2.901397	-6.908887	4.691065	0.000000	0.000000	0.000000	0.000000	0.000000	0.000000	0.000000	0.000000	0.000000	0	0.000000	0	0	0.000000	-0.000000	0.000000	0.000000	0.000000	0.000000	0.000000	0.000000	7.125808	0.391919	0.000000
D:	17053.74	-10.015808	3.268701	-0.000192	0.000192	-0.000192	0.000192	3.444842	3.423956	-1.500000	2.548212	4.944842	0.018000	2.548212	-7.019376	4.458412	0.000000	0.000000	0.000000	0.000000	0.000000	0.000000	0.000000	0.000000	0.000000	0	0.000000	0	0	0.000000	-0.000000	0.000000	0.000000	0.000000	0.000000	0.000000	0.000000	6.962835	0.382956	0.000000
D:	17063.28	-9.852835	3.444842	-0.000192	0.000192	-0.000192	0.000192	3.444842	3.423956	-1.500000	2.548212	4.944842	0.018000	2.548212	-7.019376	4.458412	0.000000	0.000000	0.000000	0.000000	0.000000	0.000000	0.000000	0.000000	0.000000	0	0.000000	0	0	0.000000	-0.000000	0.000000	0.000000	0.000000	0.000000	0.000000	0.000000	6.962835	0.382956	0.000000
D:	17072.49	-9.852835	3.444842	-0.000192	0.000192	-0.000192	0.000192	3.444842	3.423956	-1.500000	3.382065	5.139077	0.018000	3.382065	-7.019376	4.210589	0.000000	0.000000	0.000000	0.000000	0.000000	0.000000	0.000000	0.000000	0.000000	0	0.000000	0	0	0.000000	-0.000000	0.000000	0.000000	0.000000	0.000000	0.000000	0.000000	6.792859	0.373607	0.000000
D:	17081.68	-9.682859	3.639077	-0.000192	0.000192	-0.000192	0.000192	3.639077	3.739737	-1.500000	3.382065	5.139077	0.019000	3.382065	-7.136684	4.210589	0.000000	0.000000	0.000000	0.000000	0.000000	0.000000	0.000000	0.000000	0.000000	0	0.000000	0	0	0.000000	-0.000000	0.000000	0.000000	0.000000	0.000000	0.000000	0.000000	6.792859	0.373607	0.000000
D:	17092.23	-9.682859	3.639077	-0.000192	0.000192	-0.000192	0.000192	3.837486	4.209744	-1.500000	3.722628	5.337486	0.019000	3.722628	-7.247912	4.114795	0.000000	0.000000	0.000000	0.000000	0.000000	0.000000	0.000000	0.000000	0.000000	0	0.000000	0	0	0.000000	-0.000000	0.000000	0.000000	0.000000	0.000000	0.000000	0.000000	6.774863	0.372617	0.000000
D:	17104.65	-9.664863	3.837486	-0.000192	0.000192	-0.000192	0.000192	3.837486	4.209744	-1.500000	3.722628	5.337486	0.019000	3.722628	-7.247912	4.114795	0.000000	0.000000	0.000000	0.000000	0.000000	0.000000	0.000000	0.000000	0.000000	0	0.000000	0	0	0.000000	-0.000000	0.000000	0.000000	0.000000	0.000000	0.000000	0.000000	6.774863	0.372617	0.000000
D:	17116.42	-9.664863	3.837486	-0.000192	0.000192	-0.000192	0.000192	4.033846	3.531232	-1.500000	4.182400	5.533846	0.019000	4.182400	-7.370927	4.304750	0.000000	0.000000	0.000000	0.000000	0.000000	0.000000	0.000000	0.000000	0.000000	0	0.000000	0	0	0.000000	-0.000000	0.000000	0.000000	0.000000	0.000000	0.000000	0.000000	7.036731	0.387020	0.000000
D:	17125.48	-9.926731	4.033846	-0.000192	0.000192	-0.000192	0.000192	4.033846	3.531232	-1.500000	4.182400	5.533846	0.018000	4.182400	-7.370927	4.304750	0.000000	0.000000	0.000000	0.000000	0.000000	0.000000	0.000000	0.000000	0.000000	0	0.000000	0	0	0.000000	-0.000000	0.000000	0.000000	0.000000	0.000000	0.000000	0.000000	7.036731	0.387020	0.000000
D:	17134.53	-9.926731	4.033846	-0.000192	0.000192	-0.000192	0.000192	4.219413	3.273027	-1.500000	3.567785	5.719413	0.018000	3.567785	-7.486767	3.834582	0.000000	0.000000	0.000000	0.000000	0.000000	0.000000	0.000000	0.000000	0.000000	0	0.000000	0	0	0.000000	-0.000000	0.000000	0.000000	0.000000	0.000000	0.000000	0.000000	6.631861	0.364752	0.000000
D:	17143.09	-9.521861	4.219413	-0.000192	0.000192	-0.000192	0.000192	4.219413	3.273027	-1.500000	3.567785	5.719413	0.018000	3.567785	-7.486767	3.834582	0.000000	0.000000	0.000000	0.000000	0.000000	0.000000	0.000000	0.000000	0.000000	0	0.000000	0	0	0.000000	-0.000000	0.000000	0.000000	0.000000	0.000000	0.000000	0.000000	6.631861	0.364752	0.000000
D:	17152.18	-9.521861	4.219413	-0.000192	0.000192	-0.000192	0.000192	4.219413	3.273027	-1.500000	3.567785	5.719413	0.018000	3.567785	-7.486767	4.083944	0.000000	0.000000	0.000000	0.000000	0.000000	0.000000	0.000000	0.000000	0.000000	0	0.000000	0	0	0.000000	-0.000000	0.000000	0.000000	0.000000	0.000000	0.000000	0.000000	6.631861	0.364752	0.000000
D:	17160.60	-9.860899	4.404455	-0.000192	0.000192	-0.000192	0.000192	4.404455	2.384012	-1.500000	3.287127	5.904455	0.019000	3.287127	-7.613019	4.083944	0.000000	0.000000	0.000000	0.000000	0.000000	0.000000	0.000000	0.000000	0.000000	0	0.000000	0	0	0.000000	-0.000000	0.000000	0.000000	0.000000	0.000000	0.000000	0.000000	6.970899	0.383399	0.000000
D:	17169.05	-9.860899	4.404455	-0.000192	0.000192	-0.000192	0.000192	4.404455	2.384012	-1.500000	3.287127	5.904455	0.019000	3.287127	-7.613019	4.083944	0.000000	0.000000	0.000000	0.000000	0.000000	0.000000	0.000000	0.000000	0.000000	0	0.000000	0	0	0.000000	-0.000000	0.000000	0.000000	0.000000	0.000000	0.000000	0.000000	6.970899	0.383399	0.000000
D:	17177.52	-9.887955	4.404455	-0.000192	0.000192	-0.000192	0.000192	4.616626	3.813937	-1.500000	2.427212	6.116626	0.019000	2.427212	-7.737601	4.039436	0.000000	0.000000	0.000000	0.000000	0.000000	0.000000	0.000000	0.000000	0.000000	0	0.000000	0	0	0.000000	-0.000000	0.000000	0.000000	0.000000	0.000000	0.000000	0.000000	6.997955	0.384888	0.000000
D:	17186.07	-9.887955	4.616626	-0.000192	0.000192	-0.000192	0.000192	4.616626	3.813937	-1.500000	2.427212	6.116626	0.019000	2.427212	-7.737601	4.039436	0.000000	0.000000	0.000000	0.000000	0.000000	0.000000	0.000000	0.000000	0.000000	0	0.000000	0	0	0.000000	-0.000000	0.000000	0.000000	0.000000	0.000000	0.000000	0.000000	6.997955	0.384888	0.000000
D:	17194.52	-9.887955	4.616626	-0.000192	0.000192	-0.000192	0.000192	4.616626	3.813937	-1.500000	3.736093	6.336180	0.019000	3.736093	-7.737601	3.915337	0.000000	0.000000	0.000000	0.000000	0.000000	0.000000	0.000000	0.000000	0.000000	0	0.000000	0	0	0.000000	-0.000000	0.000000	0.000000	0.000000	0.000000	0.000000	0.000000	6.927160	0.380994	0.000000
D:	17202.84	-9.817160	4.836180	-0.000192	0.000192	-0.000192	0.000192	4.836180	4.200182	-1.500000	3.736093	6.336180	0.018000	3.736093	-7.864304	3.915337	0.000000	0.000000	0.000000	0.000000	0.000000	0.000000	0.000000	0.000000	0.000000	0	0.000000	0	0	0.000000	-0.000000	0.000000	0.000000	0.000000	0.000000	0.000000	0.000000	6.927160	0.380994	0.000000
D:	17212.41	-9.817160	4.836180	-0.000192	0.000192	-0.000192	0.000192	4.836180	4.200182	-1.500000	3.736093	6.336180	0.018000	4.174130	-7.864304	3.837261	0.000000	0.000000	0.000000	0.000000	0.000000	0.000000	0.000000	0.000000	0.000000	0	0.000000	0	0	0.000000	-0.000000	0.000000	0.000000	0.000000	0.000000	0.000000	0.000000	6.869657	0.377831	0.000000
D:	17222.61	-9.759657	5.062016	-0.000192	0.000192	-0.000192	0.000192	5.062016	4.606916	-1.500000	4.174130	6.562016	0.018000	4.174130	-7.988596	3.837261	0.000000	0.000000	0.000000	0.000000	0.000000	0.000000	0.000000	0.000000	0.000000	0	0.000000	0	0	0.000000	-0.000000	0.000000	0.000000	0.000000	0.000000	0.000000	0.000000	6.869657	0.377831	0.000000
D:	17233.15	-9.759657	5.062016	-0.000192	0.000192	-0.000192	0.000192	5.062016	4.606916	-1.500000	4.174130	6.562016	0.018000	4.174130	-7.988596	3.769625	0.000000	0.000000	0.000000	0.000000	0.000000	0.000000	0.000000	0.000000	0.000000	0	0.000000	0	0	0.000000	-0.000000	0.000000	0.000000	0.000000	0.000000	0.000000	0.000000	6.790909	0.373500	0.000000
D:	17241.89	-9.680909	5.296939	-0.000192	0.000192	-0.000192	0.000192	5.296939	4.761631	-1.500000	4.586214	6.796939	0.019000	4.586214	-8.112776	3.769625	0.000000	0.000000	0.000000	0.000000	0.000000	0.000000	0.000000	0.000000	0.000000	0	0.000000	0	0	0.000000	-0.000000	0.000000	0.000000	0.000000	0.000000	0.000000	0.000000	6.790909	0.373500	0.000000
D:	17251.71	-9.680909	5.296939	-0.000192	0.000192	-0.000192	0.000192	5.296939	4.761631	-1.500000	4.586214	6.796939	0.019000	4.586214	-8.112776	3.873400	0.000000	0.000000	0.000000	0.000000	0.000000	0.000000	0.000000	0.000000	0.000000	0	0.000000	0	0	0.000000	-0.000000	0.000000	0.000000	0.000000	0.000000	0.000000	0.000000	6.790909	0.373500	0.000000
D:	17261.59	-9.785420	5.562874	-0.000192	0.000192	-0.000192	0.000192	5.562874	5.426616	-1.500000	4.753240	7.062874	0.019000	4.753240	-8.251043	3.873400	0.000000	0.000000	0.000000	0.000000	0.000000	0.000000	0.000000	0.000000	0.000000	0	0.000000	0	0	0.000000	-0.000000	0.000000	0.000000	0.000000	0.000000	0.000000	0.000000	6.895420	0.379248	0.000000
D:	17270.13	-9.785420	5.562874	-0.000192	0.000192	-0.000192	0.000192	5.562874	5.426616	-1.500000	4.753240	7.062874	0.019000	4.753240	-8.251043	3.873400	0.000000	0.000000	0.000000	0.000000	0.000000	0.000000	0.000000	0.000000	0.000000	0	0.000000	0	0	0.000000	-0.000000	0.000000	0.000000	0.000000	0.000000	0.000000	0.000000	6.895420	0.379248	0.000000
D:	17279.24	-10.822847	5.832741	-0.000192	0.000192	-0.000192	0.000192	5.832741	5.463611	-1.500000	5.388816	7.332741	0.018000	5.388816	-8.394909	4.826195	0.000000	0.000000	0.000000	0.000000	0.000000	0.000000	0.000000	0.000000	0.000000	0	0.000000	0	0	0.000000	-0.000000	0.000000	0.000000	0.000000	0.000000	0.000000	0.000000	7.932847	0.436307	0.000000
D:	17288.27	-10.822847	5.832741	-0.000192	0.000192	-0.000192	0.000192	5.832741	5.463611	-1.500000	5.388816	7.332741	0.018000	5.388816	-8.394909	4.826195	0.000000	0.000000	0.000000	0.000000	0.000000	0.000000	0.000000	0.000000	0.000000	0	0.000000	0	0	0.000000	-0.000000	0.000000	0.000000	0.000000	0.000000	0.000000	0.000000	7.932847	0.436307	0.000000
D:	17297.68	-10.822847	5.832741	-0.000192	0.000192	-0.000192	0.000192	6.087916	4.975011	-1.500000	5.459413	7.587916	0.018000	5.459413	-8.532263	4.877712	0.000000	0.000000	0.000000	0.000000	0.000000	0.000000	0.000000	0.000000	0.000000	0	0.000000	0	0	0.000000	-0.000000	0.000000	0.000000	0.000000	0.000000	0.000000	0.000000	8.106951	0.445882	0.000000
D:	17307.96	-10.996951	6.087916	-0.000192	0.000192	-0.000192	0.000192	6.087916	4.975011	-1.500000	5.459413	7.587916	0.018000	5.459413	-8.532263	4.877712	0.000000	0.000000	0.000000	0.000000	0.000000	0.000000	0.000000	0.000000	0.000000	0	0.000000	0	0	0.000000	-0.000000	0.000000	0.000000	0.000000	0.000000	0.000000	0.000000	8.106951	0.445882	0.000000
D:	17317.54	-10.996951	6.087916	-0.000192	0.000192	-0.000192	0.000192	6.328432	4.006248	-1.500000	5.002203	7.828432	0.018000	5.002203	-8.670370	4.685179	0.000000	0.000000	0.000000	0.000000	0.000000	0.000000	0.000000	0.000000	0.000000	0	0.000000	0	0	0.000000	-0.000000	0.000000	0.000000	0.000000	0.000000	0.000000	0.000000	8.063533	0.443494	0.000000
D:	17326.19	-10.953533	6.328432	-0.000192	0.000192	-0.000192	0.000192	6.328432	4.006248	-1.500000	5.002203	7.828432	0.018000	5.002203	-8.670370	4.685179	0.000000	0.000000	0.000000	0.000000	0.000000	0.000000	0.000000	0.000000	0.000000	0	0.000000	0	0	0.000000	-0.000000	0.000000	0.000000	0.000000	0.000000	0.000000	0.000000	8.063533	0.443494	0.000000
D:	17336.55	-10.953533	6.328432	-0.000192	0.000192	-0.000192	0.000192	6.605423	5.392122	-1.500000	4.053890	8.105423	0.018000	4.053890	-8.811969	4.597729	0.000000	0.000000	0.000000	0.000000	0.000000	0.000000	0.000000	0.000000	0.000000	0	0.000000	0	0	0.000000	-0.000000	0.000000	0.000000	0.000000	0.000000	0.000000	0.000000	8.143677	0.447902	0.000000
D:	17348.06	-11.033677	6.605423	-0.000192	0.000192	-0.000192	0.000192	6.605423	5.392122	-1.500000	4.053890	8.105423	0.019000	4.053890	-8.811969	4.597729	0.000000	0.000000	0.000000	0.000000	0.000000	0.000000	0.000000	0.000000	0.000000	0	0.000000	0	0	0.000000	-0.000000	0.000000	0.000000	0.000000	0.000000	0.000000	0.000000	8.143677	0.447902	0.000000
D:	17358.86	-11.033677	6.605423	-0.000192	0.000192	-0.000192	0.000192	6.858360	4.431736	-1.500000	5.317000	8.358360	0.019000	5.317000	-8.950820	4.696649	0.000000	0.000000	0.000000	0.000000	0.000000	0.000000	0.000000	0.000000	0.000000	0	0.000000	0	0	0.000000	-0.000000	0.000000	0.000000	0.000000	0.000000	0.000000	0.000000	8.408436	0.462464	0.000000
D:	17367.85	-11.298436	6.858360	-0.000192	0.000192	-0.000192	0.000192	6.858360	4.431736	-1.500000	5.317000	8.358360	0.018000	5.317000	-8.950820	4.696649	0.000000	0.000000	0.000000	0.000000	0.000000	0.000000	0.000000	0.000000	0.000000	0	0.000000	0	0	0.000000	-0.000000	0.000000	0.000000	0.000000	0.000000	0.000000	0.000000	8.408436	0.462464	0.000000
D:	17376.81	-11.298436	6.858360	-0.000192	0.000192	-0.000192	0.000192	7.126053	5.263588	-1.500000	4.481430	8.626053	0.018000	4.481430	-9.088015	4.387343	0.000000	0.000000	0.000000	0.000000	0.000000	0.000000	0.000000	0.000000	0.000000	0	0.000000	0	0	0.000000	-0.000000	0.000000	0.000000	0.000000	0.000000	0.000000	0.000000	8.206367	0.451350	0.000000
D:	17385.57	-11.096368	7.126053	-0.000192	0.000192	-0.000192	0.000192	7.126053	5.263588	-1.500000	4.481430	8.626053	0.018000	4.481430	-9.088015	4.387343	0.000000	0.000000	0.000000	0.000000	0.000000	0.000000	0.000000	0.000000	0.000000	0	0.000000	0	0	0.000000	-0.000000	0.000000	0.000000	0.000000	0.000000	0.000000	0.000000	8.206367	0.451350	0.000000
D:	17394.26	-11.096368	7.126053	-0.000192	0.000192	-0.000192	0.000192	7.126053	5.263588	-1.500000	4.481430	8.626053	0.018000	4.481430	-9.088015	4.209805	0.000000	0.000000	0.000000	0.000000	0.000000	0.000000	0.000000	0.000000	0.000000	0	0.000000	0	0	0.000000	-0.000000	0.000000	0.000000	0.000000	0.000000	0.000000	0.000000	8.206367	0.451350	0.000000
D:	17403.05	-10.986144	7.411954	-0.000192	0.000192	-0.000192	0.000192	7.411954	5.449175	-1.500000	5.219682	8.911954	0.018000	5.219682	-9.235434	4.209805	0.000000	0.000000	0.000000	0.000000	0.000000	0.000000	0.000000	0.000000	0.000000	0	0.000000	0	0	0.000000	-0.000000	0.000000	0.000000	0.000000	0.000000	0.000000	0.000000	8.096144	0.445288	0.000000
D:	17412.00	-10.986144	7.411954	-0.000192	0.000192	-0.000192	0.000192	7.411954	5.449175	-1.500000	5.219682	8.911954	0.018000	5.219682	-9.235434	4.209805	0.000000	0.000000	0.000000	0.000000	0.000000	0.000000	0.000000	0.000000	0.000000	0	0.000000	0	0	0.000000	-0.000000	0.000000	0.000000	0.000000	0.000000	0.000000	0.000000	8.096144	0.445288	0.000000
D:	17421.24	-10.847647	7.720980	-0.000192	0.000192	-0.000192	0.000192	7.720980	6.072896	-1.500000	5.438197	9.220980	0.019000	5.438197	-9.385873	4.014025	0.000000	0.000000	0.000000	0.000000	0.000000	0.000000	0.000000	0.000000	0.000000	0	0.000000	0	0	0.000000	-0.000000	0.000000	0.000000	0.000000	0.000000	0.000000	0.000000	7.957647	0.437671	0.000000
D:	17430.01	-10.847647	7.720980	-0.000192	0.000192	-0.000192	0.000192	7.720980	6.072896	-1.500000	5.438197	9.220980	0.019000	5.438197	-9.385873	4.014025	0.000000	0.000000	0.000000	0.000000	0.000000	0.000000	0.000000	0.000000	0.000000	0	0.000000	0	0	0.000000	-0.000000	0.000000	0.000000	0.000000	0.000000	0.000000	0.000000	7.957647	0.437671	0.000000
D:	17438.73	-10.847647	7.720980	-0.000192	0.000192	-0.000192	0.000192	8.016604	5.671968	-1.500000	6.037267	9.516604	0.019000	6.037267	-9.534564	4.233457	0.000000	0.000000	0.000000	0.000000	0.000000	0.000000	0.000000	0.000000	0.000000	0	0.000000	0	0	0.000000	-0.000000	0.000000	0.000000	0.000000	0.000000	0.000000	0.000000	8.258216	0.454202	0.000000
D:	17448.40	-11.148216	8.016604	-0.000192	0.000192	-0.000192	0.000192	8.016604	5.671968	-1.500000	6.037267	9.516604	0.018000	6.037267	-9.534564	4.233457	0.000000	0.000000	0.000000	0.000000	0.000000	0.000000	0.000000	0.000000	0.000000	0	0.000000	0	0	0.000000	-0.000000	0.000000	0.000000	0.000000	0.000000	0.000000	0.000000	8.258216	0.454202	0.000000
D:	17459.40	-10.861508	8.318831	-0.000192	0.000192	-0.000192	0.000192	8.318831	5.679038	-1.500000	5.692474	9.818831	0.018000	5.692474	-9.686671	3.893306	0.000000	0.000000	0.000000	0.000000	0.000000	0.000000	0.000000	0.000000	0.000000	0	0.000000	0	0	0.000000	-0.000000	0.000000	0.000000	0.000000	0.000000	0.000000	0.000000	7.971508	0.438433	0.000000
D:	17471.36	-10.861508	8.318831	-0.000192	0.000192	-0.000192	0.000192	8.318831	5.679038	-1.500000	5.692474	9.818831	0.018000	5.692474	-9.686671	3.893306	0.000000	0.000000	0.000000	0.000000	0.000000	0.000000	0.000000	0.000000	0.000000	0	0.000000	0	0	0.000000	-0.000000	0.000000	0.000000	0.000000	0.000000	0.000000	0.000000	7.971508	0.438433	0.000000
D:	17482.56	-10.760285	8.632601	-0.000192	0.000192	-0.000192	0.000192	8.632601	6.385982	-1.500000	5.679792	10.132601	0.018000	5.679792	-9.836363	3.741149	0.000000	0.000000	0.000000	0.000000	0.000000	0.000000	0.000000	0.000000	0.000000	0	0.000000	0	0	0.000000	-0.000000	0.000000	0.000000	0.000000	0.000000	0.000000	0.000000	7.870285	0.432866	0.000000
D:	17494.19	-10.760285	8.632601	-0.000192	0.000192	-0.000192	0.000192	8.632601	6.385982	-1.500000	6.352201	10.455323	0.018000	6.352201	-9.836363	3.149702	0.000000	0.000000	0.000000	0.000000	0.000000	0.000000	0.000000	0.000000	0.000000	0	0.000000	0	0	0.000000	-0.000000	0.000000	0.000000	0.000000	0.000000	0.000000	0.000000	7.305069	0.401779	0.000000
D:	17506.02	-10.195069	8.955323	-0.000192	0.000192	-0.000192	0.000192	8.955323	6.308228	-1.500000	6.352201	10.455323	0.019000	6.352201	-9.987617	3.149702	0.000000	0.000000	0.000000	0.000000	0.000000	0.000000	0.000000	0.000000	0.000000	0	0.000000	0	0	0.000000	-0.000000	0.000000	0.000000	0.000000	0.000000	0.000000	0.000000	7.305069	0.401779	0.000000
D:	17518.14	-10.195069	8.955323	-0.000192	0.000192	-0.000192	0.000192	9.277432	6.410235	-1.500000	6.310331	10.777432	0.019000	6.310331	-10.135426	2.942487	0.000000	0.000000	0.000000	0.000000	0.000000	0.000000	0.000000	0.000000	0.000000	0	0.000000	0	0	0.000000	-0.000000	0.000000	0.000000	0.000000	0.000000	0.000000	0.000000	7.140720	0.392740	0.000000
D:	17529.74	-10.030721	9.277432	-0.000192	0.000192	-0.000192	0.000192	9.277432	6.410235	-1.500000	6.310331	10.777432	0.019000	6.310331	-10.135426	2.942487	0.000000	0.000000	0.000000	0.000000	0.000000	0.000000	0.000000	0.000000	0.000000	0	0.000000	0	0	0.000000	-0.000000	0.000000	0.000000	0.000000	0.000000	0.000000	0.000000	7.140720	0.392740	0.000000
D:	17541.23	-9.746241	9.622740	-0.000192	0.000192	-0.000192	0.000192	9.622740	6.862266	-1.500000	6.404627	11.122740	0.018000	6.404627	-10.297381	2.616838	0.000000	0.000000	0.000000	0.000000	0.000000	0.000000	0.000000	0.000000	0.000000	0	0.000000	0	0	0.000000	-0.000000	0.000000	0.000000	0.000000	0.000000	0.000000	0.000000	6.856241	0.377093	0.000000
D:	17552.68	-9.746241	9.622740	-0.000192	0.000192	-0.000192	0.000192	9.622740	6.862266	-1.500000	6.404627	11.122740	0.018000	6.404627	-10.297381	2.633578	0.000000	0.000000	0.000000	0.000000	0.000000	0.000000	0.000000	0.000000	0.000000	0	0.000000	0	0	0.000000	-0.000000	0.000000	0.000000	0.000000	0.000000	0.000000	0.000000	6.856241	0.377093	0.000000
D:	17565.06	-9.838859	9.964165	-0.000192	0.000192	-0.000192	0.000192	9.964165	6.701351	-1.500000	6.836577	11.464165	0.018000	6.836577	-10.457077	2.633578	0.000000	0.000000	0.000000	0.000000	0.000000	0.000000	0.000000	0.000000	0.000000	0	0.000000	0	0	0.000000	-0.000000	0.000000	0.000000	0.000000	0.000000	0.000000	0.000000	6.948859	0.382187	0.000000
D:	17577.14	-9.838859	9.964165	-0.000192	0.000192	-0.000192	0.000192	10.313831	6.963970	-1.500000	6.707820	11.813831	0.018000	6.707820	-10.612825	2.661914	0.000000	0.000000	0.000000	0.000000	0.000000	0.000000	0.000000	0.000000	0.000000	0	0.000000	0	0	0.000000	-0.000000	0.000000	0.000000	0.000000	0.000000	0.000000	0.000000	7.066360	0.388650	0.000000
D:	17589.38	-9.956360	10.313831	-0.000192	0.000192	-0.000192	0.000192	10.313831	6.963970	-1.500000	6.707820	11.813831	0.019000	6.707820	-10.612825	2.661914	0.000000	0.000000	0.000000	0.000000	0.000000	0.000000	0.000000	0.000000	0.000000	0	0.000000	0	0	0.000000	-0.000000	0.000000	0.000000	0.000000	0.000000	0.000000	0.000000	7.066360	0.388650	0.000000
D:	17600.68	-10.070189	10.671764	-0.000192	0.000192	-0.000192	0.000192	10.671764	6.843237	-1.500000	6.951717	12.171764	0.019000	6.951717	-10.774535	2.666260	0.000000	0.000000	0.000000	0.000000	0.000000	0.000000	0.000000	0.000000	0.000000	0	0.000000	0	0	0.000000	-0.000000	0.000000	0.000000	0.000000	0.000000	0.000000	0.000000	7.180189	0.394910	0.000000
D:	17612.34	-10.070189	10.671764	-0.000192	0.000192	-0.000192	0.000192	10.671764	6.843237	-1.500000	6.951717	12.171764	0.019000	6.951717	-10.774535	2.666260	0.000000	0.000000	0.000000	0.000000	0.000000	0.000000	0.000000	0.000000	0.000000	0	0.000000	0	0	0.000000	-0.000000	0.000000	0.000000	0.000000	0.000000	0.000000	0.000000	7.180189	0.394910	0.000000
D:	17624.57	-10.002025	11.026885	-0.000192	0.000192	-0.000192	0.000192	11.026885	7.117217	-1.500000	6.849327	12.526885	0.018000	6.849327	-10.934011	2.483587	0.000000	0.000000	0.000000	0.000000	0.000000	0.000000	0.000000	0.000000	0.000000	0	0.000000	0	0	0.000000	-0.000000	0.000000	0.000000	0.000000	0.000000	0.000000	0.000000	7.112025	0.391161	0.000000
D:	17636.59	-10.002025	11.026885	-0.000192	0.000192	-0.000192	0.000192	11.380020	7.324696	-1.500000	7.102179	12.880020	0.018000	7.102179	-11.088055	2.778366	0.000000	0.000000	0.000000	0.000000	0.000000	0.000000	0.000000	0.000000	0.000000	0	0.000000	0	0	0.000000	-0.000000	0.000000	0.000000	0.000000	0.000000	0.000000	0.000000	7.561117	0.415861	0.000000
D:	17648.55	-10.451117	11.380020	-0.000192	0.000192	-0.000192	0.000192	11.380020	7.324696	-1.500000	7.102179	12.880020	0.018000	7.102179	-11.088055	2.778366	0.000000	0.000000	0.000000	0.000000	0.000000	0.000000	0.000000	0.000000	0.000000	0	0.000000	0	0	0.000000	-0.000000	0.000000	0.000000	0.000000	0.000000	0.000000	0.000000	7.561117	0.415861	0.000000
D:	17659.93	-10.451117	11.380020	-0.000192	0.000192	-0.000192	0.000192	11.751215	7.520394	-1.500000	7.314052	13.251215	0.018000	7.314052	-11.245585	2.759908	0.000000	0.000000	0.000000	0.000000	0.000000	0.000000	0.000000	0.000000	0.000000	0	0.000000	0	0	0.000000	-0.000000	0.000000	0.000000	0.000000	0.000000	0.000000	0.000000	7.693413	0.423138	0.000000
D:	17671.37	-10.583414	11.751215	-0.000192	0.000192	-0.000192	0.000192	11.751215	7.520394	-1.500000	7.314052	13.251215	0.019000	7.314052	-11.245585	2.759908	0.000000	0.000000	0.000000	0.000000	0.000000	0.000000	0.000000	0.000000	0.000000	0	0.000000	0	0	0.000000	-0.000000	0.000000	0.000000	0.000000	0.000000	0.000000	0.000000	7.693413	0.423138	0.000000
D:	17683.40	-10.660397	12.119139	-0.000192	0.000192	-0.000192	0.000192	12.119139	7.227630	-1.500000	7.510523	13.619139	0.019000	7.510523	-11.403202	2.685412	0.000000	0.000000	0.000000	0.000000	0.000000	0.000000	0.000000	0.000000	0.000000	0	0.000000	0	0	0.000000	-0.000000	0.000000	0.000000	0.000000	0.000000	0.000000	0.000000	7.770397	0.427372	0.000000
D:	17695.79	-10.660397	12.119139	-0.000192	0.000192	-0.000192	0.000192	12.119139	7.227630	-1.500000	7.243510	13.997976	0.019000	7.243510	-11.403202	2.850746	0.000000	0.000000	0.000000	0.000000	0.000000	0.000000	0.000000	0.000000	0.000000	0	0.000000	0	0	0.000000	-0.000000	0.000000	0.000000	0.000000	0.000000	0.000000	0.000000	8.088063	0.444843	0.000000
D:	17708.40	-10.978064	12.497976	-0.000192	0.000192	-0.000192	0.000192	12.497976	8.155722	-1.500000	7.243510	13.997976	0.018000	7.243510	-11.560302	2.850746	0.000000	0.000000	0.000000	0.000000	0.000000	0.000000	0.000000	0.000000	0.000000	0	0.000000	0	0	0.000000	-0.000000	0.000000	0.000000	0.000000	0.000000	0.000000	0.000000	8.088063	0.444843	0.000000
D:	17720.43	-10.978064	12.497976	-0.000192	0.000192	-0.000192	0.000192	12.870047	7.882733	-1.500000	8.104515	14.370047	0.018000	8.104515	-11.714794	2.574179	0.000000	0.000000	0.000000	0.000000	0.000000	0.000000	0.000000	0.000000	0.000000	0	0.000000	0	0	0.000000	-0.000000	0.000000	0.000000	0.000000	0.000000	0.000000	0.000000	7.923933	0.435816	0.000000
D:	17732.58	-10.813933	12.870047	-0.000192	0.000192	-0.000192	0.000192	12.870047	7.882733	-1.500000	8.104515	14.370047	0.018000	8.104515	-11.714794	2.574179	0.000000	0.000000	0.000000	0.000000	0.000000	0.000000	0.000000	0.000000	0.000000	0	0.000000	0	0	0.000000	-0.000000	0.000000	0.000000	0.000000	0.000000	0.000000	0.000000	7.923933	0.435816	0.000000
D:	17744.11	-11.210584	13.261522	-0.000192	0.000192	-0.000192	0.000192	13.261522	8.335580	-1.500000	7.893342	14.761522	0.019000	7.893342	-11.869931	2.833950	0.000000	0.000000	0.000000	0.000000	0.000000	0.000000	0.000000	0.000000	0.000000	0	0.000000	0	0	0.000000	-0.000000	0.000000	0.000000	0.000000	0.000000	0.000000	0.000000	8.320583	0.457632	0.000000
D:	17753.91	-11.210584	13.261522	-0.000192	0.000192	-0.000192	0.000192	13.261522	8.335580	-1.500000	7.893342	14.761522	0.019000	7.893342	-11.869931	2.833950	0.000000	0.000000	0.000000	0.000000	0.000000	0.000000	0.000000	0.000000	0.000000	0	0.000000	0	0	0.000000	-0.000000	0.000000	0.000000	0.000000	0.000000	0.000000	0.000000	8.320583	0.457632	0.000000
D:	17762.93	-11.203724	13.670979	-0.000192	0.000192	-0.000192	0.000192	13.670979	8.582067	-1.500000	8.314425	15.170979	0.019000	8.314425	-12.032449	2.756116	0.000000	0.000000	0.000000	0.000000	0.000000	0.000000	0.000000	0.000000	0.000000	0	0.000000	0	0	0.000000	-0.000000	0.000000	0.000000	0.000000	0.000000	0.000000	0.000000	8.313724	0.457255	0.000000
D:	17772.39	-11.203724	13.670979	-0.000192	0.000192	-0.000192	0.000192	13.670979	8.582067	-1.500000	8.314425	15.170979	0.019000	8.314425	-12.032449	2.756116	0.000000	0.000000	0.000000	0.000000	0.000000	0.000000	0.000000	0.000000	0.000000	0	0.000000	0	0	0.000000	-0.000000	0.000000	0.000000	0.000000	0.000000	0.000000	0.000000	8.313724	0.457255	0.000000
D:	17782.49	-10.976102	13.670979	-0.000192	0.000192	-0.000192	0.000192	14.056365	8.391720	-1.500000	8.567043	15.556365	0.019000	8.567043	-12.185613	2.499471	0.000000	0.000000	0.000000	0.000000	0.000000	0.000000	0.000000	0.000000	0.000000	0	0.000000	0	0	0.000000	-0.000000	0.000000	0.000000	0.000000	0.000000	0.000000	0.000000	8.086102	0.444736	0.000000
D:	17792.83	-10.976102	14.056365	-0.000192	0.000192	-0.000192	0.000192	14.056365	8.391720	-1.500000	8.567043	15.556365	0.018000	8.567043	-12.185613	2.499471	0.000000	0.000000	0.000000	0.000000	0.000000	0.000000	0.000000	0.000000	0.000000	0	0.000000	0	0	0.000000	-0.000000	0.000000	0.000000	0.000000	0.000000	0.000000	0.000000	8.086102	0.444736	0.000000
D:	17804.17	-10.569219	14.458290	-0.000192	0.000192	-0.000192	0.000192	14.458290	8.492095	-1.500000	8.401562	15.958290	0.018000	8.401562	-12.347057	2.085336	0.000000	0.000000	0.000000	0.000000	0.000000	0.000000	0.000000	0.000000	0.000000	0	0.000000	0	0	0.000000	-0.000000	0.000000	0.000000	0.000000	0.000000	0.000000	0.000000	7.679219	0.422357	0.000000
D:	17813.43	-10.569219	14.458290	-0.000192	0.000192	-0.000192	0.000192	14.458290	8.492095	-1.500000	8.401562	15.958290	0.018000	8.401562	-12.347057	2.085336	0.000000	0.000000	0.000000	0.000000	0.000000	0.000000	0.000000	0.000000	0.000000	0	0.000000	0	0	0.000000	-0.000000	0.000000	0.000000	0.000000	0.000000	0.000000	0.000000	7.679219	0.422357	0.000000
D:	17822.01	-10.569219	14.458290	-0.000192	0.000192	-0.000192	0.000192	14.871450	8.582059	-1.500000	8.487013	16.371450	0.018000	8.487013	-12.513357	2.071617	0.000000	0.000000	0.000000	0.000000	0.000000	0.000000	0.000000	0.000000	0.000000	0	0.000000	0	0	0.000000	-0.000000	0.000000	0.000000	0.000000	0.000000	0.000000	0.000000	7.693940	0.423167	0.000000
D:	17830.94	-10.583940	14.871450	-0.000192	0.000192	-0.000192	0.000192	14.871450	8.582059	-1.500000	8.487013	16.371450	0.018000	8.487013	-12.513357	2.071617	0.000000	0.000000	0.000000	0.000000	0.000000	0.000000	0.000000	0.000000	0.000000	0	0.000000	0	0	0.000000	-0.000000	0.000000	0.000000	0.000000	0.000000	0.000000	0.000000	7.693940	0.423167	0.000000
D:	17839.47	-10.583940	14.871450	-0.000192	0.000192	-0.000192	0.000192	14.871450	8.582059	-1.500000	8.577513	16.778436	0.018000	8.577513	-12.513357	1.969245	0.000000	0.000000	0.000000	0.000000	0.000000	0.000000	0.000000	0.000000	0.000000	0	0.000000	0	0	0.000000	-0.000000	0.000000	0.000000	0.000000	0.000000	0.000000	0.000000	7.616492	0.418907	0.000000
D:	17848.10	-10.506492	15.278436	-0.000192	0.000192	-0.000192	0.000192	15.278436	8.539670	-1.500000	8.577513	16.778436	0.019000	8.577513	-12.669441	1.969245	0.000000	0.000000	0.000000	0.000000	0.000000	0.000000	0.000000	0.000000	0.000000	0	0.000000	0	0	0.000000	-0.000000	0.000000	0.000000	0.000000	0.000000	0.000000	0.000000	7.616492	0.418907	0.000000
D:	17856.79	-10.506492	15.278436	-0.000192	0.000192	-0.000192	0.000192	15.278436	8.539670	-1.500000	8.577513	16.778436	0.019000	8.577513	-12.669441	1.969245	0.000000	0.000000	0.000000	0.000000	0.000000	0.000000	0.000000	0.000000	0.000000	0	0.000000	0	0	0.000000	-0.000000	0.000000	0.000000	0.000000	0.000000	0.000000	0.000000	7.616492	0.418907	0.000000
D:	17865.06	-10.414522	15.699606	-0.000192	0.000192	-0.000192	0.000192	15.699606	9.386159	-1.500000	8.541794	17.199606	0.018000	8.541794	-12.828907	1.873845	0.000000	0.000000	0.000000	0.000000	0.000000	0.000000	0.000000	0.000000	0.000000	0	0.000000	0	0	0.000000	-0.000000	0.000000	0.000000	0.000000	0.000000	0.000000	0.000000	7.524522	0.413849	0.000000
D:	17873.55	-10.414522	15.699606	-0.000192	0.000192	-0.000192	0.000192	15.699606	9.386159	-1.500000	8.541794	17.199606	0.018000	8.541794	-12.828907	1.873845	0.000000	0.000000	0.000000	0.000000	0.000000	0.000000	0.000000	0.000000	0.000000	0	0.000000	0	0	0.000000	-0.000000	0.000000	0.000000	0.000000	0.000000	0.000000	0.000000	7.524522	0.413849	0.000000
D:	17881.93	-10.414522	15.699606	-0.000192	0.000192	-0.000192	0.000192	16.122055	8.886679	-1.500000	9.338761	17.622055	0.018000	9.338761	-12.993549	1.844155	0.000000	0.000000	0.000000	0.000000	0.000000	0.000000	0.000000	0.000000	0.000000	0	0.000000	0	0	0.000000	-0.000000	0.000000	0.000000	0.000000	0.000000	0.000000	0.000000	7.467529	0.410714	0.000000
D:	17890.47	-10.357530	16.122055	-0.000192	0.000192	-0.000192	0.000192	16.122055	8.886679	-1.500000	9.338761	17.622055	0.018000	9.338761	-12.993549	1.844155	0.000000	0.000000	0.000000	0.000000	0.000000	0.000000	0.000000	0.000000	0.000000	0	0.000000	0	0	0.000000	-0.000000	0.000000	0.000000	0.000000	0.000000	0.000000	0.000000	7.467529	0.410714	0.000000
D:	17901.33	-10.357530	16.122055	-0.000192	0.000192	-0.000192	0.000192	16.547535	9.352044	-1.500000	8.912056	18.047535	0.018000	8.912056	-13.153571	1.801786	0.000000	0.000000	0.000000	0.000000	0.000000	0.000000	0.000000	0.000000	0.000000	0	0.000000	0	0	0.000000	-0.000000	0.000000	0.000000	0.000000	0.000000	0.000000	0.000000	7.356112	0.404586	0.000000
D:	17913.45	-10.246112	16.547535	-0.000192	0.000192	-0.000192	0.000192	16.547535	9.352044	-1.500000	8.912056	18.047535	0.018000	8.912056	-13.153571	1.801786	0.000000	0.000000	0.000000	0.000000	0.000000	0.000000	0.000000	0.000000	0.000000	0	0.000000	0	0	0.000000	-0.000000	0.000000	0.000000	0.000000	0.000000	0.000000	0.000000	7.356112	0.404586	0.000000
D:	17925.22	-10.044015	17.009914	-0.000192	0.000192	-0.000192	0.000192	17.009914	10.257695	-1.500000	9.330998	18.509914	0.019000	9.330998	-13.318764	1.712451	0.000000	0.000000	0.000000	0.000000	0.000000	0.000000	0.000000	0.000000	0.000000	0	0.000000	0	0	0.000000	-0.000000	0.000000	0.000000	0.000000	0.000000	0.000000	0.000000	7.154015	0.393471	0.000000
D:	17934.41	-10.044015	17.009914	-0.000192	0.000192	-0.000192	0.000192	17.009914	10.257695	-1.500000	9.330998	18.509914	0.019000	9.330998	-13.318764	1.712451	0.000000	0.000000	0.000000	0.000000	0.000000	0.000000	0.000000	0.000000	0.000000	0	0.000000	0	0	0.000000	-0.000000	0.000000	0.000000	0.000000	0.000000	0.000000	0.000000	7.154015	0.393471	0.000000
D:	17943.17	-10.044015	17.009914	-0.000192	0.000192	-0.000192	0.000192	17.452188	9.953195	-1.500000	10.205675	18.952188	0.019000	10.205675	-13.479912	1.728845	0.000000	0.000000	0.000000	0.000000	0.000000	0.000000	0.000000	0.000000	0.000000	0	0.000000	0	0	0.000000	-0.000000	0.000000	0.000000	0.000000	0.000000	0.000000	0.000000	7.030057	0.386653	0.000000
D:	17951.75	-9.920058	17.452188	-0.000192	0.000192	-0.000192	0.000192	17.452188	9.953195	-1.500000	10.205675	18.952188	0.018000	10.205675	-13.479912	1.728845	0.000000	0.000000	0.000000	0.000000	0.000000	0.000000	0.000000	0.000000	0.000000	0	0.000000	0	0	0.000000	-0.000000	0.000000	0.000000	0.000000	0.000000	0.000000	0.000000	7.030057	0.386653	0.000000
D:	17961.60	-9.920058	17.452188	-0.000192	0.000192	-0.000192	0.000192	17.897122	10.143190	-1.500000	9.967368	19.397122	0.018000	9.967368	-13.639373	1.709047	0.000000	0.000000	0.000000	0.000000	0.000000	0.000000	0.000000	0.000000	0.000000	0	0.000000	0	0	0.000000	-0.000000	0.000000	0.000000	0.000000	0.000000	0.000000	0.000000	6.857338	0.377154	0.000000
D:	17973.75	-9.747338	17.897122	-0.000192	0.000192	-0.000192	0.000192	17.897122	10.143190	-1.500000	9.967368	19.397122	0.018000	9.967368	-13.639373	1.709047	0.000000	0.000000	0.000000	0.000000	0.000000	0.000000	0.000000	0.000000	0.000000	0	0.000000	0	0	0.000000	-0.000000	0.000000	0.000000	0.000000	0.000000	0.000000	0.000000	6.857338	0.377154	0.000000
D:	17986.04	-9.633234	18.351902	-0.000192	0.000192	-0.000192	0.000192	18.351902	10.736068	-1.500000	10.133320	19.851902	0.018000	10.133320	-13.797136	1.782987	0.000000	0.000000	0.000000	0.000000	0.000000	0.000000	0.000000	0.000000	0.000000	0	0.000000	0	0	0.000000	-0.000000	0.000000	0.000000	0.000000	0.000000	0.000000	0.000000	6.743234	0.370878	0.000000
D:	17998.58	-9.633234	18.351902	-0.000192	0.000192	-0.000192	0.000192	18.351902	10.736068	-1.500000	10.707235	20.337427	0.018000	10.707235	-13.797136	1.580055	0.000000	0.000000	0.000000	0.000000	0.000000	0.000000	0.000000	0.000000	0.000000	0	0.000000	0	0	0.000000	-0.000000	0.000000	0.000000	0.000000	0.000000	0.000000	0.000000	6.293574	0.346147	0.000000
D:	18011.28	-9.183574	18.837427	-0.000192	0.000192	-0.000192	0.000192	18.837427	10.729173	-1.500000	10.707235	20.337427	0.019000	10.707235	-13.965814	1.580055	0.000000	0.000000	0.000000	0.000000	0.000000	0.000000	0.000000	0.000000	0.000000	0	0.000000	0	0	0.000000	-0.000000	0.000000	0.000000	0.000000	0.000000	0.000000	0.000000	6.293574	0.346147	0.000000
D:	18023.28	-9.183574	18.837427	-0.000192	0.000192	-0.000192	0.000192	19.309599	10.328245	-1.500000	10.728123	20.809599	0.019000	10.728123	-14.129772	1.561775	0.000000	0.000000	0.000000	0.000000	0.000000	0.000000	0.000000	0.000000	0.000000	0	0.000000	0	0	0.000000	-0.000000	0.000000	0.000000	0.000000	0.000000	0.000000	0.000000	6.038443	0.332114	0.000000
D:	18034.78	-8.928443	19.309599	-0.000192	0.000192	-0.000192	0.000192	19.309599	10.328245	-1.500000	10.728123	20.809599	0.019000	10.728123	-14.129772	1.561775	0.000000	0.000000	0.000000	0.000000	0.000000	0.000000	0.000000	0.000000	0.000000	0	0.000000	0	0	0.000000	-0.000000	0.000000	0.000000	0.000000	0.000000	0.000000	0.000000	6.038443	0.332114	0.000000
D:	18045.56	-8.701392	19.800247	-0.000192	0.000192	-0.000192	0.000192	19.800247	11.064960	-1.500000	10.350692	21.300247	0.018000	10.350692	-14.301601	1.547373	0.000000	0.000000	0.000000	0.000000	0.000000	0.000000	0.000000	0.000000	0.000000	0	0.000000	0	0	0.000000	-0.000000	0.000000	0.000000	0.000000	0.000000	0.000000	0.000000	5.811392	0.319627	0.000000
D:	18054.97	-8.701392	19.800247	-0.000192	0.000192	-0.000192	0.000192	19.800247	11.064960	-1.500000	10.350692	21.300247	0.018000	10.350692	-14.301601	1.547373	0.000000	0.000000	0.000000	0.000000	0.000000	0.000000	0.000000	0.000000	0.000000	0	0.000000	0	0	0.000000	-0.000000	0.000000	0.000000	0.000000	0.000000	0.000000	0.000000	5.811392	0.319627	0.000000
D:	18063.85	-8.701392	19.800247	-0.000192	0.000192	-0.000192	0.000192	20.289442	11.844805	-1.500000	11.024865	21.789442	0.018000	11.024865	-14.463125	1.368740	0.000000	0.000000	0.000000	0.000000	0.000000	0.000000	0.000000	0.000000	0.000000	0	0.000000	0	0	0.000000	-0.000000	0.000000	0.000000	0.000000	0.000000	0.000000	0.000000	5.444676	0.299457	0.000000
D:	18072.66	-8.334676	20.289442	-0.000192	0.000192	-0.000192	0.000192	20.289442	11.844805	-1.500000	11.024865	21.789442	0.018000	11.024865	-14.463125	1.368740	0.000000	0.000000	0.000000	0.000000	0.000000	0.000000	0.000000	0.000000	0.000000	0	0.000000	0	0	0.000000	-0.000000	0.000000	0.000000	0.000000	0.000000	0.000000	0.000000	5.444676	0.299457	0.000000
D:	18081.27	-8.334676	20.289442	-0.000192	0.000192	-0.000192	0.000192	20.289442	11.844805	-1.500000	11.024865	21.789442	0.018000	11.024865	-14.463125	2.973943	0.000000	0.000000	0.000000	0.000000	0.000000	0.000000	0.000000	0.000000	0.000000	0	0.000000	0	0	0.000000	-0.000000	0.000000	0.000000	0.000000	0.000000	0.000000	0.000000	6.996965	0.384833	0.000000
D:	18089.63	-9.886966	20.763010	-0.000192	0.000192	-0.000192	0.000192	20.763010	11.708304	-1.500000	11.805583	22.263010	0.019000	11.805583	-14.609068	2.973943	0.000000	0.000000	0.000000	0.000000	0.000000	0.000000	0.000000	0.000000	0.000000	0	0.000000	0	0	0.000000	-0.000000	0.000000	0.000000	0.000000	0.000000	0.000000	0.000000	6.996965	0.384833	0.000000
D:	18098.14	-9.886966	20.763010	-0.000192	0.000192	-0.000192	0.000192	20.763010	11.708304	-1.500000	11.805583	22.263010	0.019000	11.805583	-14.609068	2.973943	0.000000	0.000000	0.000000	0.000000	0.000000	0.000000	0.000000	0.000000	0.000000	0	0.000000	0	0	0.000000	-0.000000	0.000000	0.000000	0.000000	0.000000	0.000000	0.000000	6.996965	0.384833	0.000000
D:	18106.98	-7.795158	21.274566	-0.000192	0.000192	-0.000192	0.000192	21.274566	10.944512	-1.500000	11.712958	22.774566	0.019000	11.712958	-14.784206	1.165623	0.000000	0.000000	0.000000	0.000000	0.000000	0.000000	0.000000	0.000000	0.000000	0	0.000000	0	0	0.000000	-0.000000	0.000000	0.000000	0.000000	0.000000	0.000000	0.000000	4.905158	0.269784	0.000000
D:	18115.47	-7.795158	21.274566	-0.000192	0.000192	-0.000192	0.000192	21.274566	10.944512	-1.500000	11.712958	22.774566	0.019000	11.712958	-14.784206	1.165623	0.000000	0.000000	0.000000	0.000000	0.000000	0.000000	0.000000	0.000000	0.000000	0	0.000000	0	0	0.000000	-0.000000	0.000000	0.000000	0.000000	0.000000	0.000000	0.000000	4.905158	0.269784	0.000000
D:	18123.96	-7.795158	21.274566	-0.000192	0.000192	-0.000192	0.000192	21.762654	11.608136	-1.500000	10.987648	23.262654	0.019000	10.987648	-14.944014	1.410254	0.000000	0.000000	0.000000	0.000000	0.000000	0.000000	0.000000	0.000000	0.000000	0	0.000000	0	0	0.000000	-0.000000	0.000000	0.000000	0.000000	0.000000	0.000000	0.000000	5.072200	0.278971	0.000000
D:	18132.64	-7.962200	21.762654	-0.000192	0.000192	-0.000192	0.000192	21.762654	11.608136	-1.500000	10.987648	23.262654	0.018000	10.987648	-14.944014	1.410254	0.000000	0.000000	0.000000	0.000000	0.000000	0.000000	0.000000	0.000000	0.000000	0	0.000000	0	0	0.000000	-0.000000	0.000000	0.000000	0.000000	0.000000	0.000000	0.000000	5.072200	0.278971	0.000000
D:	18140.82	-7.962200	21.762654	-0.000192	0.000192	-0.000192	0.000192	21.762654	11.608136	-1.500000	10.987648	23.262654	0.018000	10.987648	-14.944014	1.410254	0.000000	0.000000	0.000000	0.000000	0.000000	0.000000	0.000000	0.000000	0.000000	0	0.000000	0	0	0.000000	-0.000000	0.000000	0.000000	0.000000	0.000000	0.000000	0.000000	5.072200	0.278971	0.000000
D:	18149.02	-7.511916	22.276305	-0.000192	0.000192	-0.000192	0.000192	22.276305	11.091997	-1.500000	11.573305	23.776305	0.018000	11.573305	-15.122532	1.048652	0.000000	0.000000	0.000000	0.000000	0.000000	0.000000	0.000000	0.000000	0.000000	0	0.000000	0	0	0.000000	-0.000000	0.000000	0.000000	0.000000	0.000000	0.000000	0.000000	4.621916	0.254205	0.000000
D:	18157.79	-7.511916	22.276305	-0.000192	0.000192	-0.000192	0.000192	22.276305	11.091997	-1.500000	11.573305	23.776305	0.018000	11.573305	-15.122532	1.048652	0.000000	0.000000	0.000000	0.000000	0.000000	0.000000	0.000000	0.000000	0.000000	0	0.000000	0	0	0.000000	-0.000000	0.000000	0.000000	0.000000	0.000000	0.000000	0.000000	4.621916	0.254205	0.000000
D:	18166.60	-7.438338	22.783892	-0.000192	0.000192	-0.000192	0.000192	22.783892	11.839403	-1.500000	11.115021	24.283892	0.019000	11.115021	-15.282151	0.973623	0.000000	0.000000	0.000000	0.000000	0.000000	0.000000	0.000000	0.000000	0.000000	0	0.000000	0	0	0.000000	-0.000000	0.000000	0.000000	0.000000	0.000000	0.000000	0.000000	4.548337	0.250159	0.000000
D:	18175.20	-7.438338	22.783892	-0.000192	0.000192	-0.000192	0.000192	22.783892	11.839403	-1.500000	11.115021	24.283892	0.019000	11.115021	-15.282151	0.973623	0.000000	0.000000	0.000000	0.000000	0.000000	0.000000	0.000000	0.000000	0.000000	0	0.000000	0	0	0.000000	-0.000000	0.000000	0.000000	0.000000	0.000000	0.000000	0.000000	4.548337	0.250159	0.000000
D:	18184.57	-7.438338	22.783892	-0.000192	0.000192	-0.000192	0.000192	23.296235	11.538109	-1.500000	11.804752	24.796235	0.019000	11.804752	-15.446506	1.293514	0.000000	0.000000	0.000000	0.000000	0.000000	0.000000	0.000000	0.000000	0.000000	0	0.000000	0	0	0.000000	-0.000000	0.000000	0.000000	0.000000	0.000000	0.000000	0.000000	4.921151	0.270663	0.000000
D:	18194.28	-7.811151	23.296235	-0.000192	0.000192	-0.000192	0.000192	23.296235	11.538109	-1.500000	11.804752	24.796235	0.019000	11.804752	-15.446506	1.293514	0.000000	0.000000	0.000000	0.000000	0.000000	0.000000	0.000000	0.000000	0.000000	0	0.000000	0	0	0.000000	-0.000000	0.000000	0.000000	0.000000	0.000000	0.000000	0.000000	4.921151	0.270663	0.000000
D:	18203.48	-7.811151	23.296235	-0.000192	0.000192	-0.000192	0.000192	23.296235	12.103661	-1.500000	11.553077	25.303296	0.019000	11.553077	-15.446506	1.330951	0.000000	0.000000	0.000000	0.000000	0.000000	0.000000	0.000000	0.000000	0.000000	0	0.000000	0	0	0.000000	-0.000000	0.000000	0.000000	0.000000	0.000000	0.000000	0.000000	4.994178	0.274680	0.000000
D:	18212.13	-7.884178	23.803296	-0.000192	0.000192	-0.000192	0.000192	23.803296	12.103668	-1.500000	11.553077	25.303296	0.018000	11.553077	-15.607484	1.330951	0.000000	0.000000	0.000000	0.000000	0.000000	0.000000	0.000000	0.000000	0.000000	0	0.000000	0	0	0.000000	-0.000000	0.000000	0.000000	0.000000	0.000000	0.000000	0.000000	4.994178	0.274680	0.000000
D:	18221.70	-7.884178	23.803296	-0.000192	0.000192	-0.000192	0.000192	23.803296	12.103668	-1.500000	11.553077	25.303296	0.018000	11.553077	-15.607484	1.330060	0.000000	0.000000	0.000000	0.000000	0.000000	0.000000	0.000000	0.000000	0.000000	0	0.000000	0	0	0.000000	-0.000000	0.000000	0.000000	0.000000	0.000000	0.000000	0.000000	5.012218	0.275672	0.000000
D:	18231.77	-7.902217	24.294801	-0.000192	0.000192	-0.000192	0.000192	24.294801	11.724401	-1.500000	12.072760	25.794801	0.018000	12.072760	-15.762568	1.330060	0.000000	0.000000	0.000000	0.000000	0.000000	0.000000	0.000000	0.000000	0.000000	0	0.000000	0	0	0.000000	-0.000000	0.000000	0.000000	0.000000	0.000000	0.000000	0.000000	5.012218	0.275672	0.000000
D:	18242.02	-7.902217	24.294801	-0.000192	0.000192	-0.000192	0.000192	24.294801	11.724401	-1.500000	11.741065	26.346374	0.018000	11.741064	-15.762568	1.540027	0.000000	0.000000	0.000000	0.000000	0.000000	0.000000	0.000000	0.000000	0.000000	0	0.000000	0	0	0.000000	-0.000000	0.000000	0.000000	0.000000	0.000000	0.000000	0.000000	5.257918	0.289185	0.000000
D:	18251.97	-8.147919	24.846374	-0.000192	0.000192	-0.000192	0.000192	24.846374	12.945741	-1.500000	11.741064	26.346374	0.019000	11.741064	-15.930474	1.540027	0.000000	0.000000	0.000000	0.000000	0.000000	0.000000	0.000000	0.000000	0.000000	0	0.000000	0	0	0.000000	-0.000000	0.000000	0.000000	0.000000	0.000000	0.000000	0.000000	5.257918	0.289185	0.000000
D:	18262.09	-8.147919	24.846374	-0.000192	0.000192	-0.000192	0.000192	24.846374	12.945741	-1.500000	12.888116	26.873947	0.019000	12.888116	-15.930474	1.447177	0.000000	0.000000	0.000000	0.000000	0.000000	0.000000	0.000000	0.000000	0.000000	0	0.000000	0	0	0.000000	-0.000000	0.000000	0.000000	0.000000	0.000000	0.000000	0.000000	5.185316	0.285192	0.000000
D:	18273.89	-8.075316	25.373947	-0.000192	0.000192	-0.000192	0.000192	25.373947	12.130749	-1.500000	12.888116	26.873947	0.019000	12.888116	-16.092581	1.447177	0.000000	0.000000	0.000000	0.000000	0.000000	0.000000	0.000000	0.000000	0.000000	0	0.000000	0	0	0.000000	-0.000000	0.000000	0.000000	0.000000	0.000000	0.000000	0.000000	5.185316	0.285192	0.000000
D:	18285.03	-8.075316	25.373947	-0.000192	0.000192	-0.000192	0.000192	25.901864	12.697538	-1.500000	12.173264	27.401864	0.019000	12.173264	-16.254790	1.310174	0.000000	0.000000	0.000000	0.000000	0.000000	0.000000	0.000000	0.000000	0.000000	0	0.000000	0	0	0.000000	-0.000000	0.000000	0.000000	0.000000	0.000000	0.000000	0.000000	5.059696	0.278283	0.000000
D:	18294.30	-7.949696	25.901864	-0.000192	0.000192	-0.000192	0.000192	25.901864	12.697538	-1.500000	12.173264	27.401864	0.018000	12.173264	-16.254790	1.310174	0.000000	0.000000	0.000000	0.000000	0.000000	0.000000	0.000000	0.000000	0.000000	0	0.000000	0	0	0.000000	-0.000000	0.000000	0.000000	0.000000	0.000000	0.000000	0.000000	5.059696	0.278283	0.000000
D:	18303.73	-7.949696	25.901864	-0.000192	0.000192	-0.000192	0.000192	25.901864	12.697538	-1.500000	12.668108	27.900030	0.018000	12.668108	-16.254790	1.010041	0.000000	0.000000	0.000000	0.000000	0.000000	0.000000	0.000000	0.000000	0.000000	0	0.000000	0	0	0.000000	-0.000000	0.000000	0.000000	0.000000	0.000000	0.000000	0.000000	4.756612	0.261614	0.000000
D:	18313.11	-7.646612	26.400030	-0.000192	0.000192	-0.000192	0.000192	26.400030	12.365004	-1.500000	12.668108	27.900030	0.018000	12.668108	-16.403171	1.010041	0.000000	0.000000	0.000000	0.000000	0.000000	0.000000	0.000000	0.000000	0.000000	0	0.000000	0	0	0.000000	-0.000000	0.000000	0.000000	0.000000	0.000000	0.000000	0.000000	4.756612	0.261614	0.000000
D:	18322.28	-7.646612	26.400030	-0.000192	0.000192	-0.000192	0.000192	26.400030	12.365004	-1.500000	12.668108	27.900030	0.018000	12.668108	-16.403171	0.816223	0.000000	0.000000	0.000000	0.000000	0.000000	0.000000	0.000000	0.000000	0.000000	0	0.000000	0	0	0.000000	-0.000000	0.000000	0.000000	0.000000	0.000000	0.000000	0.000000	4.756612	0.261614	0.000000
D:	18331.53	-7.446276	26.906649	-0.000192	0.000192	-0.000192	0.000192	26.906649	12.923805	-1.500000	12.382018	28.406649	0.018000	12.382018	-16.549759	0.816223	0.000000	0.000000	0.000000	0.000000	0.000000	0.000000	0.000000	0.000000	0.000000	0	0.000000	0	0	0.000000	-0.000000	0.000000	0.000000	0.000000	0.000000	0.000000	0.000000	4.556276	0.250595	0.000000
D:	18340.66	-7.446276	26.906649	-0.000192	0.000192	-0.000192	0.000192	26.906649	12.923805	-1.500000	12.382018	28.406649	0.018000	12.382018	-16.549759	0.816223	0.000000	0.000000	0.000000	0.000000	0.000000	0.000000	0.000000	0.000000	0.000000	0	0.000000	0	0	0.000000	-0.000000	0.000000	0.000000	0.000000	0.000000	0.000000	0.000000	4.556276	0.250595	0.000000
D:	18349.97	-7.405571	27.482443	-0.000192	0.000192	-0.000192	0.000192	27.482443	13.014532	-1.500000	12.897888	28.982443	0.019000	12.897888	-16.724456	0.768838	0.000000	0.000000	0.000000	0.000000	0.000000	0.000000	0.000000	0.000000	0.000000	0	0.000000	0	0	0.000000	-0.000000	0.000000	0.000000	0.000000	0.000000	0.000000	0.000000	4.515571	0.248356	0.000000
D:	18359.20	-7.405571	27.482443	-0.000192	0.000192	-0.000192	0.000192	27.482443	13.014532	-1.500000	12.897888	28.982443	0.019000	12.897888	-16.724456	0.768838	0.000000	0.000000	0.000000	0.000000	0.000000	0.000000	0.000000	0.000000	0.000000	0	0.000000	0	0	0.000000	-0.000000	0.000000	0.000000	0.000000	0.000000	0.000000	0.000000	4.515571	0.248356	0.000000
D:	18367.75	-7.405571	27.482443	-0.000192	0.000192	-0.000192	0.000192	27.974655	13.043637	-1.500000	13.007984	29.474655	0.019000	13.007984	-16.860431	0.614003	0.000000	0.000000	0.000000	0.000000	0.000000	0.000000	0.000000	0.000000	0.000000	0	0.000000	0	0	0.000000	-0.000000	0.000000	0.000000	0.000000	0.000000	0.000000	0.000000	4.352984	0.239414	0.000000
D:	18376.21	-7.242984	27.974655	-0.000192	0.000192	-0.000192	0.000192	27.974655	13.043637	-1.500000	13.007984	29.474655	0.018000	13.007984	-16.860431	0.614003	0.000000	0.000000	0.000000	0.000000	0.000000	0.000000	0.000000	0.000000	0.000000	0	0.000000	0	0	0.000000	-0.000000	0.000000	0.000000	0.000000	0.000000	0.000000	0.000000	4.352984	0.239414	0.000000
D:	18384.81	-7.242984	27.974655	-0.000192	0.000192	-0.000192	0.000192	28.504869	13.477081	-1.500000	13.041636	30.004872	0.018000	13.041636	-17.011432	1.023648	0.000000	0.000000	0.000000	0.000000	0.000000	0.000000	0.000000	0.000000	0.000000	0	0.000000	0	0	0.000000	-0.000000	0.000000	0.000000	0.000000	0.000000	0.000000	0.000000	4.809558	0.264526	0.000000
D:	18393.59	-7.699558	28.504872	-0.000192	0.000192	-0.000192	0.000192	28.504872	13.477081	-1.500000	13.041636	30.004872	0.018000	13.041636	-17.011432	1.023648	0.000000	0.000000	0.000000	0.000000	0.000000	0.000000	0.000000	0.000000	0.000000	0	0.000000	0	0	0.000000	-0.000000	0.000000	0.000000	0.000000	0.000000	0.000000	0.000000	4.809558	0.264526	0.000000
D:	18402.02	-7.699558	28.504872	-0.000192	0.000192	-0.000192	0.000192	28.504872	13.477081	-1.500000	13.041636	30.004872	0.018000	13.041636	-17.011432	0.879751	0.000000	0.000000	0.000000	0.000000	0.000000	0.000000	0.000000	0.000000	0.000000	0	0.000000	0	0	0.000000	-0.000000	0.000000	0.000000	0.000000	0.000000	0.000000	0.000000	4.809558	0.264526	0.000000
D:	18413.07	-7.557049	29.021857	-0.000192	0.000192	-0.000192	0.000192	29.021857	13.679431	-1.500000	13.452637	30.521857	0.018000	13.452637	-17.152714	0.879751	0.000000	0.000000	0.000000	0.000000	0.000000	0.000000	0.000000	0.000000	0.000000	0	0.000000	0	0	0.000000	-0.000000	0.000000	0.000000	0.000000	0.000000	0.000000	0.000000	4.667049	0.256688	0.000000
D:	18425.63	-7.557049	29.021857	-0.000192	0.000192	-0.000192	0.000192	29.592511	13.453553	-1.500000	13.668583	31.092511	0.018000	13.668583	-17.316149	0.769161	0.000000	0.000000	0.000000	0.000000	0.000000	0.000000	0.000000	0.000000	0.000000	0	0.000000	0	0	0.000000	-0.000000	0.000000	0.000000	0.000000	0.000000	0.000000	0.000000	4.560854	0.250847	0.000000
D:	18438.58	-7.450854	29.592511	-0.000192	0.000192	-0.000192	0.000192	29.592511	13.453553	-1.500000	13.668583	31.092511	0.019000	13.668583	-17.316149	0.769161	0.000000	0.000000	0.000000	0.000000	0.000000	0.000000	0.000000	0.000000	0.000000	0	0.000000	0	0	0.000000	-0.000000	0.000000	0.000000	0.000000	0.000000	0.000000	0.000000	4.560854	0.250847	0.000000
D:	18450.80	-7.451010	30.120327	-0.000192	0.000192	-0.000192	0.000192	30.120327	13.947353	-1.500000	13.465624	31.620327	0.018000	13.465624	-17.458804	0.759769	0.000000	0.000000	0.000000	0.000000	0.000000	0.000000	0.000000	0.000000	0.000000	0	0.000000	0	0	0.000000	-0.000000	0.000000	0.000000	0.000000	0.000000	0.000000	0.000000	4.561009	0.250856	0.000000
D:	18462.22	-7.451010	30.120327	-0.000192	0.000192	-0.000192	0.000192	30.120327	13.947353	-1.500000	13.465624	31.620327	0.018000	13.465624	-17.458804	0.483114	0.000000	0.000000	0.000000	0.000000	0.000000	0.000000	0.000000	0.000000	0.000000	0	0.000000	0	0	0.000000	-0.000000	0.000000	0.000000	0.000000	0.000000	0.000000	0.000000	4.561009	0.250856	0.000000
D:	18473.82	-7.156583	30.677986	-0.000192	0.000192	-0.000192	0.000192	30.677986	13.770219	-1.500000	13.920311	32.177986	0.018000	13.920311	-17.617547	0.483114	0.000000	0.000000	0.000000	0.000000	0.000000	0.000000	0.000000	0.000000	0.000000	0	0.000000	0	0	0.000000	-0.000000	0.000000	0.000000	0.000000	0.000000	0.000000	0.000000	4.266583	0.234662	0.000000
D:	18486.04	-7.156583	30.677986	-0.000192	0.000192	-0.000192	0.000192	31.229535	13.870573	-1.500000	13.778644	32.729535	0.018000	13.778644	-17.771336	0.580473	0.000000	0.000000	0.000000	0.000000	0.000000	0.000000	0.000000	0.000000	0.000000	0	0.000000	0	0	0.000000	-0.000000	0.000000	0.000000	0.000000	0.000000	0.000000	0.000000	4.377043	0.240737	0.000000
D:	18498.79	-7.267043	31.229535	-0.000192	0.000192	-0.000192	0.000192	31.229535	13.870573	-1.500000	13.778644	32.729535	0.018000	13.778644	-17.771336	0.580473	0.000000	0.000000	0.000000	0.000000	0.000000	0.000000	0.000000	0.000000	0.000000	0	0.000000	0	0	0.000000	-0.000000	0.000000	0.000000	0.000000	0.000000	0.000000	0.000000	4.377043	0.240737	0.000000
D:	18510.99	-7.182927	31.784677	-0.000192	0.000192	-0.000192	0.000192	31.784677	14.107621	-1.500000	13.866176	33.284677	0.019000	13.866176	-17.916782	0.499045	0.000000	0.000000	0.000000	0.000000	0.000000	0.000000	0.000000	0.000000	0.000000	0	0.000000	0	0	0.000000	-0.000000	0.000000	0.000000	0.000000	0.000000	0.000000	0.000000	4.292927	0.236111	0.000000
D:	18522.20	-7.182927	31.784677	-0.000192	0.000192	-0.000192	0.000192	31.784677	14.107621	-1.500000	13.866176	33.284677	0.019000	13.866176	-17.916782	0.736031	0.000000	0.000000	0.000000	0.000000	0.000000	0.000000	0.000000	0.000000	0.000000	0	0.000000	0	0	0.000000	-0.000000	0.000000	0.000000	0.000000	0.000000	0.000000	0.000000	4.292927	0.236111	0.000000
D:	18533.38	-7.446247	32.343041	-0.000192	0.000192	-0.000192	0.000192	32.343041	14.456583	-1.500000	14.096072	33.843041	0.019000	14.096072	-18.059637	0.736031	0.000000	0.000000	0.000000	0.000000	0.000000	0.000000	0.000000	0.000000	0.000000	0	0.000000	0	0	0.000000	-0.000000	0.000000	0.000000	0.000000	0.000000	0.000000	0.000000	4.556247	0.250594	0.000000
D:	18544.82	-7.446247	32.343041	-0.000192	0.000192	-0.000192	0.000192	32.892467	14.584901	-1.500000	14.436346	34.392467	0.019000	14.436346	-18.203222	0.727324	0.000000	0.000000	0.000000	0.000000	0.000000	0.000000	0.000000	0.000000	0.000000	0	0.000000	0	0	0.000000	-0.000000	0.000000	0.000000	0.000000	0.000000	0.000000	0.000000	4.557377	0.250656	0.000000
D:	18556.94	-7.447377	32.892467	-0.000192	0.000192	-0.000192	0.000192	32.892467	14.584901	-1.500000	14.436346	34.392467	0.018000	14.436346	-18.203222	0.727324	0.000000	0.000000	0.000000	0.000000	0.000000	0.000000	0.000000	0.000000	0.000000	0	0.000000	0	0	0.000000	-0.000000	0.000000	0.000000	0.000000	0.000000	0.000000	0.000000	4.557377	0.250656	0.000000
D:	18569.65	-7.648108	33.406118	-0.000192	0.000192	-0.000192	0.000192	33.406118	14.534759	-1.500000	14.576562	34.906118	0.018000	14.576562	-18.328652	0.899790	0.000000	0.000000	0.000000	0.000000	0.000000	0.000000	0.000000	0.000000	0.000000	0	0.000000	0	0	0.000000	-0.000000	0.000000	0.000000	0.000000	0.000000	0.000000	0.000000	4.758108	0.261696	0.000000
D:	18581.54	-7.648108	33.406118	-0.000192	0.000192	-0.000192	0.000192	33.406118	14.534759	-1.500000	14.576562	34.906118	0.018000	14.576562	-18.328652	0.899790	0.000000	0.000000	0.000000	0.000000	0.000000	0.000000	0.000000	0.000000	0.000000	0	0.000000	0	0	0.000000	-0.000000	0.000000	0.000000	0.000000	0.000000	0.000000	0.000000	4.758108	0.261696	0.000000
D:	18592.71	-7.876674	33.951543	-0.000192	0.000192	-0.000192	0.000192	33.951543	14.568500	-1.500000	14.536758	35.451543	0.019000	14.536758	-18.461629	1.102611	0.000000	0.000000	0.000000	0.000000	0.000000	0.000000	0.000000	0.000000	0.000000	0	0.000000	0	0	0.000000	-0.000000	0.000000	0.000000	0.000000	0.000000	0.000000	0.000000	4.986674	0.274267	0.000000
D:	18604.26	-7.876674	33.951543	-0.000192	0.000192	-0.000192	0.000192	33.951543	14.568500	-1.500000	14.566981	35.962121	0.019000	14.566981	-18.461629	1.081130	0.000000	0.000000	0.000000	0.000000	0.000000	0.000000	0.000000	0.000000	0.000000	0	0.000000	0	0	0.000000	-0.000000	0.000000	0.000000	0.000000	0.000000	0.000000	0.000000	4.982281	0.274025	0.000000
D:	18616.67	-7.872281	34.462121	-0.000192	0.000192	-0.000192	0.000192	34.462121	14.599302	-1.500000	14.566981	35.962121	0.019000	14.566981	-18.576401	1.081130	0.000000	0.000000	0.000000	0.000000	0.000000	0.000000	0.000000	0.000000	0.000000	0	0.000000	0	0	0.000000	-0.000000	0.000000	0.000000	0.000000	0.000000	0.000000	0.000000	4.982281	0.274025	0.000000
D:	18628.52	-7.872281	34.462121	-0.000192	0.000192	-0.000192	0.000192	35.035933	15.014994	-1.500000	14.597487	36.535933	0.019000	14.597487	-18.724918	1.446631	0.000000	0.000000	0.000000	0.000000	0.000000	0.000000	0.000000	0.000000	0.000000	0	0.000000	0	0	0.000000	-0.000000	0.000000	0.000000	0.000000	0.000000	0.000000	0.000000	5.399660	0.296981	0.000000
D:	18640.08	-8.289660	35.035933	-0.000192	0.000192	-0.000192	0.000192	35.035933	15.014994	-1.500000	14.597487	36.535933	0.018000	14.597487	-18.724918	1.446631	0.000000	0.000000	0.000000	0.000000	0.000000	0.000000	0.000000	0.000000	0.000000	0	0.000000	0	0	0.000000	-0.000000	0.000000	0.000000	0.000000	0.000000	0.000000	0.000000	5.399660	0.296981	0.000000
D:	18651.31	-8.078855	35.568981	-0.000192	0.000192	-0.000192	0.000192	35.568981	14.786105	-1.500000	14.991558	37.068981	0.018000	14.991558	-18.854807	1.233280	0.000000	0.000000	0.000000	0.000000	0.000000	0.000000	0.000000	0.000000	0.000000	0	0.000000	0	0	0.000000	-0.000000	0.000000	0.000000	0.000000	0.000000	0.000000	0.000000	5.188855	0.285387	0.000000
D:	18662.28	-8.078855	35.568981	-0.000192	0.000192	-0.000192	0.000192	35.568981	14.786105	-1.500000	14.991558	37.068981	0.018000	14.991558	-18.854807	1.233280	0.000000	0.000000	0.000000	0.000000	0.000000	0.000000	0.000000	0.000000	0.000000	0	0.000000	0	0	0.000000	-0.000000	0.000000	0.000000	0.000000	0.000000	0.000000	0.000000	5.188855	0.285387	0.000000
D:	18673.79	-7.888353	36.115550	-0.000192	0.000192	-0.000192	0.000192	36.115550	15.231234	-1.500000	14.795932	37.615550	0.019000	14.795932	-18.979325	1.041509	0.000000	0.000000	0.000000	0.000000	0.000000	0.000000	0.000000	0.000000	0.000000	0	0.000000	0	0	0.000000	-0.000000	0.000000	0.000000	0.000000	0.000000	0.000000	0.000000	4.998353	0.274909	0.000000
D:	18683.88	-7.888353	36.115550	-0.000192	0.000192	-0.000192	0.000192	36.115550	15.231234	-1.500000	14.795932	37.615550	0.019000	14.795932	-18.979325	1.041509	0.000000	0.000000	0.000000	0.000000	0.000000	0.000000	0.000000	0.000000	0.000000	0	0.000000	0	0	0.000000	-0.000000	0.000000	0.000000	0.000000	0.000000	0.000000	0.000000	4.998353	0.274909	0.000000
D:	18692.69	-8.332310	36.670415	-0.000192	0.000192	-0.000192	0.000192	36.670415	15.289819	-1.500000	15.210411	38.170415	0.019000	15.210411	-19.106613	1.432268	0.000000	0.000000	0.000000	0.000000	0.000000	0.000000	0.000000	0.000000	0.000000	0	0.000000	0	0	0.000000	-0.000000	0.000000	0.000000	0.000000	0.000000	0.000000	0.000000	5.442310	0.299327	0.000000
D:	18701.45	-8.332310	36.670415	-0.000192	0.000192	-0.000192	0.000192	36.670415	15.289819	-1.500000	15.210411	38.170415	0.019000	15.210411	-19.106613	1.432268	0.000000	0.000000	0.000000	0.000000	0.000000	0.000000	0.000000	0.000000	0.000000	0	0.000000	0	0	0.000000	-0.000000	0.000000	0.000000	0.000000	0.000000	0.000000	0.000000	5.442310	0.299327	0.000000
D:	18710.19	-8.332310	36.670415	-0.000192	0.000192	-0.000192	0.000192	37.250264	15.449559	-1.500000	15.285362	38.750264	0.019000	15.285362	-19.251086	1.183943	0.000000	0.000000	0.000000	0.000000	0.000000	0.000000	0.000000	0.000000	0.000000	0	0.000000	0	0	0.000000	-0.000000	0.000000	0.000000	0.000000	0.000000	0.000000	0.000000	5.191098	0.285510	0.000000
D:	18719.18	-8.081098	37.250264	-0.000192	0.000192	-0.000192	0.000192	37.250264	15.449559	-1.500000	15.285362	38.750264	0.018000	15.285362	-19.251086	1.183943	0.000000	0.000000	0.000000	0.000000	0.000000	0.000000	0.000000	0.000000	0.000000	0	0.000000	0	0	0.000000	-0.000000	0.000000	0.000000	0.000000	0.000000	0.000000	0.000000	5.191098	0.285510	0.000000
D:	18728.10	-8.081098	37.250264	-0.000192	0.000192	-0.000192	0.000192	37.801614	15.752689	-1.500000	15.440342	39.301614	0.018000	15.440342	-19.378643	1.185764	0.000000	0.000000	0.000000	0.000000	0.000000	0.000000	0.000000	0.000000	0.000000	0	0.000000	0	0	0.000000	-0.000000	0.000000	0.000000	0.000000	0.000000	0.000000	0.000000	5.211374	0.286626	0.000000
D:	18736.93	-8.101374	37.801614	-0.000192	0.000192	-0.000192	0.000192	37.801614	15.752689	-1.500000	15.440342	39.301614	0.018000	15.440342	-19.378643	1.185764	0.000000	0.000000	0.000000	0.000000	0.000000	0.000000	0.000000	0.000000	0.000000	0	0.000000	0	0	0.000000	-0.000000	0.000000	0.000000	0.000000	0.000000	0.000000	0.000000	5.211374	0.286626	0.000000
D:	18745.96	-8.101374	37.801614	-0.000192	0.000192	-0.000192	0.000192	37.801614	15.752689	-1.500000	15.440342	39.301614	0.018000	15.440342	-19.378643	1.281619	0.000000	0.000000	0.000000	0.000000	0.000000	0.000000	0.000000	0.000000	0.000000	0	0.000000	0	0	0.000000	-0.000000	0.000000	0.000000	0.000000	0.000000	0.000000	0.000000	5.211374	0.286626	0.000000
D:	18755.68	-8.225845	38.372141	-0.000192	0.000192	-0.000192	0.000192	38.372141	15.910361	-1.500000	15.737748	39.872141	0.019000	15.737748	-19.505781	1.281619	0.000000	0.000000	0.000000	0.000000	0.000000	0.000000	0.000000	0.000000	0.000000	0	0.000000	0	0	0.000000	-0.000000	0.000000	0.000000	0.000000	0.000000	0.000000	0.000000	5.335845	0.293471	0.000000
D:	18766.25	-8.225845	38.372141	-0.000192	0.000192	-0.000192	0.000192	38.372141	15.910361	-1.500000	15.902104	40.400337	0.019000	15.902104	-19.505781	1.362441	0.000000	0.000000	0.000000	0.000000	0.000000	0.000000	0.000000	0.000000	0.000000	0	0.000000	0	0	0.000000	-0.000000	0.000000	0.000000	0.000000	0.000000	0.000000	0.000000	5.444706	0.299459	0.000000
D:	18777.21	-8.334707	38.900337	-0.000192	0.000192	-0.000192	0.000192	38.900337	15.758682	-1.500000	15.902104	40.400337	0.019000	15.902104	-19.613644	1.362441	0.000000	0.000000	0.000000	0.000000	0.000000	0.000000	0.000000	0.000000	0.000000	0	0.000000	0	0	0.000000	-0.000000	0.000000	0.000000	0.000000	0.000000	0.000000	0.000000	5.444706	0.299459	0.000000
D:	18788.63	-8.334707	38.900337	-0.000192	0.000192	-0.000192	0.000192	39.482772	15.988444	-1.500000	15.766733	40.982772	0.019000	15.766733	-19.751802	1.421937	0.000000	0.000000	0.000000	0.000000	0.000000	0.000000	0.000000	0.000000	0.000000	0	0.000000	0	0	0.000000	-0.000000	0.000000	0.000000	0.000000	0.000000	0.000000	0.000000	5.527074	0.303989	0.000000
D:	18798.49	-8.417074	39.482772	-0.000192	0.000192	-0.000192	0.000192	39.482772	15.988444	-1.500000	15.766733	40.982772	0.018000	15.766733	-19.751802	1.421937	0.000000	0.000000	0.000000	0.000000	0.000000	0.000000	0.000000	0.000000	0.000000	0	0.000000	0	0	0.000000	-0.000000	0.000000	0.000000	0.000000	0.000000	0.000000	0.000000	5.527074	0.303989	0.000000
D:	18807.87	-8.417074	39.482772	-0.000192	0.000192	-0.000192	0.000192	39.482772	15.988444	-1.500000	15.975998	41.512405	0.018000	15.975998	-19.751802	1.068666	0.000000	0.000000	0.000000	0.000000	0.000000	0.000000	0.000000	0.000000	0.000000	0	0.000000	0	0	0.000000	-0.000000	0.000000	0.000000	0.000000	0.000000	0.000000	0.000000	5.165545	0.284105	0.000000
D:	18817.41	-8.055546	40.012405	-0.000192	0.000192	-0.000192	0.000192	40.012405	15.994366	-1.500000	15.975998	41.512405	0.018000	15.975998	-19.864595	1.068666	0.000000	0.000000	0.000000	0.000000	0.000000	0.000000	0.000000	0.000000	0.000000	0	0.000000	0	0	0.000000	-0.000000	0.000000	0.000000	0.000000	0.000000	0.000000	0.000000	5.165545	0.284105	0.000000
D:	18826.60	-8.055546	40.012405	-0.000192	0.000192	-0.000192	0.000192	40.012405	15.994366	-1.500000	15.975998	41.512405	0.018000	15.975998	-19.864595	1.068666	0.000000	0.000000	0.000000	0.000000	0.000000	0.000000	0.000000	0.000000	0.000000	0	0.000000	0	0	0.000000	-0.000000	0.000000	0.000000	0.000000	0.000000	0.000000	0.000000	5.165545	0.284105	0.000000
D:	18834.86	-8.205065	40.560766	-0.000192	0.000192	-0.000192	0.000192	40.560766	16.470107	-1.500000	15.993335	42.060766	0.018000	15.993335	-19.981557	1.196367	0.000000	0.000000	0.000000	0.000000	0.000000	0.000000	0.000000	0.000000	0.000000	0	0.000000	0	0	0.000000	-0.000000	0.000000	0.000000	0.000000	0.000000	0.000000	0.000000	5.315065	0.292329	0.000000
D:	18843.20	-8.205065	40.560766	-0.000192	0.000192	-0.000192	0.000192	40.560766	16.470107	-1.500000	15.993335	42.060766	0.018000	15.993335	-19.981557	1.196367	0.000000	0.000000	0.000000	0.000000	0.000000	0.000000	0.000000	0.000000	0.000000	0	0.000000	0	0	0.000000	-0.000000	0.000000	0.000000	0.000000	0.000000	0.000000	0.000000	5.315065	0.292329	0.000000
D:	18851.58	-8.205065	40.560766	-0.000192	0.000192	-0.000192	0.000192	41.132164	16.649060	-1.500000	16.447300	42.632164	0.018000	16.447300	-20.099442	0.982872	0.000000	0.000000	0.000000	0.000000	0.000000	0.000000	0.000000	0.000000	0.000000	0	0.000000	0	0	0.000000	-0.000000	0.000000	0.000000	0.000000	0.000000	0.000000	0.000000	5.094583	0.280202	0.000000
D:	18859.59	-7.984583	41.132164	-0.000192	0.000192	-0.000192	0.000192	41.132164	16.649060	-1.500000	16.447300	42.632164	0.019000	16.447300	-20.099442	0.982872	0.000000	0.000000	0.000000	0.000000	0.000000	0.000000	0.000000	0.000000	0.000000	0	0.000000	0	0	0.000000	-0.000000	0.000000	0.000000	0.000000	0.000000	0.000000	0.000000	5.094583	0.280202	0.000000
D:	18867.68	-7.984583	41.132164	-0.000192	0.000192	-0.000192	0.000192	41.132164	16.649060	-1.500000	16.447300	42.632164	0.019000	16.447300	-20.099442	0.890728	0.000000	0.000000	0.000000	0.000000	0.000000	0.000000	0.000000	0.000000	0.000000	0	0.000000	0	0	0.000000	-0.000000	0.000000	0.000000	0.000000	0.000000	0.000000	0.000000	5.094583	0.280202	0.000000
D:	18875.67	-7.895168	41.688815	-0.000192	0.000192	-0.000192	0.000192	41.688815	16.569389	-1.500000	16.637734	43.188815	0.018000	16.637734	-20.218244	0.890728	0.000000	0.000000	0.000000	0.000000	0.000000	0.000000	0.000000	0.000000	0.000000	0	0.000000	0	0	0.000000	-0.000000	0.000000	0.000000	0.000000	0.000000	0.000000	0.000000	5.005168	0.275284	0.000000
D:	18883.45	-7.895168	41.688815	-0.000192	0.000192	-0.000192	0.000192	41.688815	16.569389	-1.500000	16.637734	43.188815	0.018000	16.637734	-20.218244	0.890728	0.000000	0.000000	0.000000	0.000000	0.000000	0.000000	0.000000	0.000000	0.000000	0	0.000000	0	0	0.000000	-0.000000	0.000000	0.000000	0.000000	0.000000	0.000000	0.000000	5.005168	0.275284	0.000000
D:	18891.46	-7.895168	41.688815	-0.000192	0.000192	-0.000192	0.000192	42.239933	16.600869	-1.500000	16.573225	43.739933	0.018000	16.573225	-20.333694	1.062575	0.000000	0.000000	0.000000	0.000000	0.000000	0.000000	0.000000	0.000000	0.000000	0	0.000000	0	0	0.000000	-0.000000	0.000000	0.000000	0.000000	0.000000	0.000000	0.000000	5.202034	0.286112	0.000000
D:	18899.44	-8.092035	42.239933	-0.000192	0.000192	-0.000192	0.000192	42.239933	16.600869	-1.500000	16.573225	43.739933	0.018000	16.573225	-20.333694	1.062575	0.000000	0.000000	0.000000	0.000000	0.000000	0.000000	0.000000	0.000000	0.000000	0	0.000000	0	0	0.000000	-0.000000	0.000000	0.000000	0.000000	0.000000	0.000000	0.000000	5.202034	0.286112	0.000000
D:	18907.45	-8.092035	42.239933	-0.000192	0.000192	-0.000192	0.000192	42.239933	16.600869	-1.500000	16.573225	43.739933	0.018000	16.573225	-20.333694	1.062575	0.000000	0.000000	0.000000	0.000000	0.000000	0.000000	0.000000	0.000000	0.000000	0	0.000000	0	0	0.000000	-0.000000	0.000000	0.000000	0.000000	0.000000	0.000000	0.000000	5.202034	0.286112	0.000000
D:	18915.08	-8.339837	42.765376	-0.000192	0.000192	-0.000192	0.000192	42.765376	16.589675	-1.500000	16.599318	44.265376	0.018000	16.599318	-20.437003	1.276723	0.000000	0.000000	0.000000	0.000000	0.000000	0.000000	0.000000	0.000000	0.000000	0	0.000000	0	0	0.000000	-0.000000	0.000000	0.000000	0.000000	0.000000	0.000000	0.000000	5.449837	0.299741	0.000000
D:	18922.74	-8.339837	42.765376	-0.000192	0.000192	-0.000192	0.000192	42.765376	16.589675	-1.500000	16.599318	44.265376	0.018000	16.599318	-20.437003	1.276723	0.000000	0.000000	0.000000	0.000000	0.000000	0.000000	0.000000	0.000000	0.000000	0	0.000000	0	0	0.000000	-0.000000	0.000000	0.000000	0.000000	0.000000	0.000000	0.000000	5.449837	0.299741	0.000000
D:	18930.37	-8.339837	42.765376	-0.000192	0.000192	-0.000192	0.000192	43.330234	16.944097	-1.500000	16.590136	44.830234	0.018000	16.590136	-20.547150	0.925841	0.000000	0.000000	0.000000	0.000000	0.000000	0.000000	0.000000	0.000000	0.000000	0	0.000000	0	0	0.000000	-0.000000	0.000000	0.000000	0.000000	0.000000	0.000000	0.000000	5.083753	0.279606	0.000000
D:	18938.74	-7.973753	43.330234	-0.000192	0.000192	-0.000192	0.000192	43.330234	16.944097	-1.500000	16.590136	44.830234	0.019000	16.590136	-20.547150	0.925841	0.000000	0.000000	0.000000	0.000000	0.000000	0.000000	0.000000	0.000000	0.000000	0	0.000000	0	0	0.000000	-0.000000	0.000000	0.000000	0.000000	0.000000	0.000000	0.000000	5.083753	0.279606	0.000000
D:	18947.02	-7.973753	43.330234	-0.000192	0.000192	-0.000192	0.000192	43.330234	16.944097	-1.500000	16.590136	44.830234	0.019000	16.590136	-20.547150	0.925841	0.000000	0.000000	0.000000	0.000000	0.000000	0.000000	0.000000	0.000000	0.000000	0	0.000000	0	0	0.000000	-0.000000	0.000000	0.000000	0.000000	0.000000	0.000000	0.000000	5.083753	0.279606	0.000000
D:	18954.84	-8.427509	43.931023	-0.000192	0.000192	-0.000192	0.000192	43.931023	16.728154	-1.500000	16.924228	45.431023	0.018000	16.924228	-20.682353	1.332463	0.000000	0.000000	0.000000	0.000000	0.000000	0.000000	0.000000	0.000000	0.000000	0	0.000000	0	0	0.000000	-0.000000	0.000000	0.000000	0.000000	0.000000	0.000000	0.000000	5.537508	0.304563	0.000000
D:	18962.90	-8.427509	43.931023	-0.000192	0.000192	-0.000192	0.000192	43.931023	16.728154	-1.500000	16.924228	45.431023	0.018000	16.924228	-20.682353	1.332463	0.000000	0.000000	0.000000	0.000000	0.000000	0.000000	0.000000	0.000000	0.000000	0	0.000000	0	0	0.000000	-0.000000	0.000000	0.000000	0.000000	0.000000	0.000000	0.000000	5.537508	0.304563	0.000000
D:	18971.07	-8.427509	43.931023	-0.000192	0.000192	-0.000192	0.000192	44.461748	17.239360	-1.500000	16.739161	45.961748	0.018000	16.739161	-20.781345	1.372411	0.000000	0.000000	0.000000	0.000000	0.000000	0.000000	0.000000	0.000000	0.000000	0	0.000000	0	0	0.000000	-0.000000	0.000000	0.000000	0.000000	0.000000	0.000000	0.000000	5.598663	0.307926	0.000000
D:	18979.16	-8.488663	44.461748	-0.000192	0.000192	-0.000192	0.000192	44.461748	17.239360	-1.500000	16.739161	45.961748	0.018000	16.739161	-20.781345	1.372411	0.000000	0.000000	0.000000	0.000000	0.000000	0.000000	0.000000	0.000000	0.000000	0	0.000000	0	0	0.000000	-0.000000	0.000000	0.000000	0.000000	0.000000	0.000000	0.000000	5.598663	0.307926	0.000000
D:	18987.47	-8.488663	44.461748	-0.000192	0.000192	-0.000192	0.000192	44.461748	17.239360	-1.500000	16.739161	45.961748	0.018000	16.739161	-20.781345	1.372411	0.000000	0.000000	0.000000	0.000000	0.000000	0.000000	0.000000	0.000000	0.000000	0	0.000000	0	0	0.000000	-0.000000	0.000000	0.000000	0.000000	0.000000	0.000000	0.000000	5.598663	0.307926	0.000000
D:	18995.81	-8.462598	44.979980	-0.000192	0.000192	-0.000192	0.000192	44.979980	17.286145	-1.500000	17.211282	46.479980	0.018000	17.211282	-20.873931	1.329822	0.000000	0.000000	0.000000	0.000000	0.000000	0.000000	0.000000	0.000000	0.000000	0	0.000000	0	0	0.000000	-0.000000	0.000000	0.000000	0.000000	0.000000	0.000000	0.000000	5.572598	0.306493	0.000000
D:	19003.44	-8.462598	44.979980	-0.000192	0.000192	-0.000192	0.000192	44.979980	17.286145	-1.500000	17.211282	46.479980	0.018000	17.211282	-20.873931	1.329822	0.000000	0.000000	0.000000	0.000000	0.000000	0.000000	0.000000	0.000000	0.000000	0	0.000000	0	0	0.000000	-0.000000	0.000000	0.000000	0.000000	0.000000	0.000000	0.000000	5.572598	0.306493	0.000000
D:	19011.34	-8.462598	44.979980	-0.000192	0.000192	-0.000192	0.000192	45.517919	16.977448	-1.500000	17.282564	47.017919	0.018000	17.282564	-20.969815	1.080009	0.000000	0.000000	0.000000	0.000000	0.000000	0.000000	0.000000	0.000000	0.000000	0	0.000000	0	0	0.000000	-0.000000	0.000000	0.000000	0.000000	0.000000	0.000000	0.000000	5.317525	0.292464	0.000000
D:	19019.45	-8.207525	45.517919	-0.000192	0.000192	-0.000192	0.000192	45.517919	16.977448	-1.500000	17.282564	47.017919	0.019000	17.282564	-20.969815	1.080009	0.000000	0.000000	0.000000	0.000000	0.000000	0.000000	0.000000	0.000000	0.000000	0	0.000000	0	0	0.000000	-0.000000	0.000000	0.000000	0.000000	0.000000	0.000000	0.000000	5.317525	0.292464	0.000000
D:	19027.34	-8.207525	45.517919	-0.000192	0.000192	-0.000192	0.000192	45.517919	16.977448	-1.500000	17.282564	47.017919	0.019000	17.282564	-20.969815	1.080009	0.000000	0.000000	0.000000	0.000000	0.000000	0.000000	0.000000	0.000000	0.000000	0	0.000000	0	0	0.000000	-0.000000	0.000000	0.000000	0.000000	0.000000	0.000000	0.000000	5.317525	0.292464	0.000000
D:	19035.37	-8.406258	46.068776	-0.000192	0.000192	-0.000192	0.000192	46.068776	17.630368	-1.500000	16.992044	47.568776	0.019000	16.992044	-21.065482	1.253302	0.000000	0.000000	0.000000	0.000000	0.000000	0.000000	0.000000	0.000000	0.000000	0	0.000000	0	0	0.000000	-0.000000	0.000000	0.000000	0.000000	0.000000	0.000000	0.000000	5.516257	0.303394	0.000000
D:	19043.22	-8.406258	46.068776	-0.000192	0.000192	-0.000192	0.000192	46.068776	17.630368	-1.500000	16.992044	47.568776	0.019000	16.992044	-21.065482	1.253302	0.000000	0.000000	0.000000	0.000000	0.000000	0.000000	0.000000	0.000000	0.000000	0	0.000000	0	0	0.000000	-0.000000	0.000000	0.000000	0.000000	0.000000	0.000000	0.000000	5.516257	0.303394	0.000000
D:	19050.91	-8.406258	46.068776	-0.000192	0.000192	-0.000192	0.000192	46.068776	17.630368	-1.500000	16.992044	48.081782	0.019000	17.594536	-21.065482	1.001837	0.000000	0.000000	0.000000	0.000000	0.000000	0.000000	0.000000	0.000000	0.000000	0	0.000000	0	0	0.000000	-0.000000	0.000000	0.000000	0.000000	0.000000	0.000000	0.000000	5.256392	0.289102	0.000000
D:	19058.55	-8.146393	46.581782	-0.000192	0.000192	-0.000192	0.000192	46.581782	17.458483	-1.500000	17.594536	48.081782	0.018000	17.594536	-21.153139	1.001837	0.000000	0.000000	0.000000	0.000000	0.000000	0.000000	0.000000	0.000000	0.000000	0	0.000000	0	0	0.000000	-0.000000	0.000000	0.000000	0.000000	0.000000	0.000000	0.000000	5.256392	0.289102	0.000000
D:	19066.20	-8.146393	46.581782	-0.000192	0.000192	-0.000192	0.000192	46.581782	17.458483	-1.500000	17.594536	48.081782	0.018000	17.594536	-21.153139	1.001837	0.000000	0.000000	0.000000	0.000000	0.000000	0.000000	0.000000	0.000000	0.000000	0	0.000000	0	0	0.000000	-0.000000	0.000000	0.000000	0.000000	0.000000	0.000000	0.000000	5.256392	0.289102	0.000000
D:	19073.80	-8.146393	46.581782	-0.000192	0.000192	-0.000192	0.000192	47.116262	17.410534	-1.500000	17.466120	48.616262	0.018000	17.466120	-21.250229	1.803462	0.000000	0.000000	0.000000	0.000000	0.000000	0.000000	0.000000	0.000000	0.000000	0	0.000000	0	0	0.000000	-0.000000	0.000000	0.000000	0.000000	0.000000	0.000000	0.000000	6.143422	0.337888	0.000000
D:	19081.50	-9.033422	47.116262	-0.000192	0.000192	-0.000192	0.000192	47.116262	17.410534	-1.500000	17.466120	48.616262	0.018000	17.466120	-21.250229	1.803462	0.000000	0.000000	0.000000	0.000000	0.000000	0.000000	0.000000	0.000000	0.000000	0	0.000000	0	0	0.000000	-0.000000	0.000000	0.000000	0.000000	0.000000	0.000000	0.000000	6.143422	0.337888	0.000000
D:	19089.53	-9.033422	47.116262	-0.000192	0.000192	-0.000192	0.000192	47.116262	17.410534	-1.500000	17.466120	48.616262	0.018000	17.466120	-21.250229	1.803462	0.000000	0.000000	0.000000	0.000000	0.000000	0.000000	0.000000	0.000000	0.000000	0	0.000000	0	0	0.000000	-0.000000	0.000000	0.000000	0.000000	0.000000	0.000000	0.000000	6.143422	0.337888	0.000000
D:	19097.34	-8.874468	47.651278	-0.000192	0.000192	-0.000192	0.000192	47.651278	17.597535	-1.500000	17.413193	49.151278	0.019000	17.413193	-21.337993	1.629296	0.000000	0.000000	0.000000	0.000000	0.000000	0.000000	0.000000	0.000000	0.000000	0	0.000000	0	0	0.000000	-0.000000	0.000000	0.000000	0.000000	0.000000	0.000000	0.000000	5.984468	0.329146	0.000000
D:	19105.10	-8.874468	47.651278	-0.000192	0.000192	-0.000192	0.000192	47.651278	17.597535	-1.500000	17.413193	49.151278	0.019000	17.413193	-21.337993	1.629296	0.000000	0.000000	0.000000	0.000000	0.000000	0.000000	0.000000	0.000000	0.000000	0	0.000000	0	0	0.000000	-0.000000	0.000000	0.000000	0.000000	0.000000	0.000000	0.000000	5.984468	0.329146	0.000000
D:	19113.01	-8.874468	47.651278	-0.000192	0.000192	-0.000192	0.000192	48.153835	17.776168	-1.500000	17.588717	49.653835	0.019000	17.588717	-21.409756	1.665060	0.000000	0.000000	0.000000	0.000000	0.000000	0.000000	0.000000	0.000000	0.000000	0	0.000000	0	0	0.000000	-0.000000	0.000000	0.000000	0.000000	0.000000	0.000000	0.000000	6.047949	0.332637	0.000000
D:	19120.80	-8.937949	48.153835	-0.000192	0.000192	-0.000192	0.000192	48.153835	17.776168	-1.500000	17.588717	49.653835	0.019000	17.588717	-21.409756	1.665060	0.000000	0.000000	0.000000	0.000000	0.000000	0.000000	0.000000	0.000000	0.000000	0	0.000000	0	0	0.000000	-0.000000	0.000000	0.000000	0.000000	0.000000	0.000000	0.000000	6.047949	0.332637	0.000000
D:	19128.53	-8.937949	48.153835	-0.000192	0.000192	-0.000192	0.000192	48.153835	17.776168	-1.500000	17.588717	49.653835	0.019000	17.588717	-21.409756	1.665060	0.000000	0.000000	0.000000	0.000000	0.000000	0.000000	0.000000	0.000000	0.000000	0	0.000000	0	0	0.000000	-0.000000	0.000000	0.000000	0.000000	0.000000	0.000000	0.000000	6.047949	0.332637	0.000000
D:	19136.42	-8.982440	48.642478	-0.000192	0.000192	-0.000192	0.000192	48.642478	17.424538	-1.500000	17.765645	50.142478	0.018000	17.765645	-21.485607	1.682761	0.000000	0.000000	0.000000	0.000000	0.000000	0.000000	0.000000	0.000000	0.000000	0	0.000000	0	0	0.000000	-0.000000	0.000000	0.000000	0.000000	0.000000	0.000000	0.000000	6.092440	0.335084	0.000000
D:	19144.70	-8.982440	48.642478	-0.000192	0.000192	-0.000192	0.000192	48.642478	17.424538	-1.500000	17.765645	50.142478	0.018000	17.765645	-21.485607	1.682761	0.000000	0.000000	0.000000	0.000000	0.000000	0.000000	0.000000	0.000000	0.000000	0	0.000000	0	0	0.000000	-0.000000	0.000000	0.000000	0.000000	0.000000	0.000000	0.000000	6.092440	0.335084	0.000000
D:	19152.93	-8.982440	48.642478	-0.000192	0.000192	-0.000192	0.000192	49.113279	17.961488	-1.500000	17.443686	50.613279	0.018000	17.443686	-21.549274	1.723749	0.000000	0.000000	0.000000	0.000000	0.000000	0.000000	0.000000	0.000000	0.000000	0	0.000000	0	0	0.000000	-0.000000	0.000000	0.000000	0.000000	0.000000	0.000000	0.000000	6.162813	0.338955	0.000000
D:	19162.16	-9.052813	49.113279	-0.000192	0.000192	-0.000192	0.000192	49.113279	17.961488	-1.500000	17.443686	50.613279	0.018000	17.443686	-21.549274	1.723749	0.000000	0.000000	0.000000	0.000000	0.000000	0.000000	0.000000	0.000000	0.000000	0	0.000000	0	0	0.000000	-0.000000	0.000000	0.000000	0.000000	0.000000	0.000000	0.000000	6.162813	0.338955	0.000000
D:	19170.80	-9.052813	49.113279	-0.000192	0.000192	-0.000192	0.000192	49.113279	17.961488	-1.500000	17.443686	50.613279	0.018000	17.443686	-21.549274	2.019014	0.000000	0.000000	0.000000	0.000000	0.000000	0.000000	0.000000	0.000000	0.000000	0	0.000000	0	0	0.000000	-0.000000	0.000000	0.000000	0.000000	0.000000	0.000000	0.000000	6.162813	0.338955	0.000000
D:	19178.77	-9.408398	49.643400	-0.000192	0.000192	-0.000192	0.000192	49.643400	17.830027	-1.500000	17.936719	51.143400	0.019000	17.936719	-21.631553	2.019014	0.000000	0.000000	0.000000	0.000000	0.000000	0.000000	0.000000	0.000000	0.000000	0	0.000000	0	0	0.000000	-0.000000	0.000000	0.000000	0.000000	0.000000	0.000000	0.000000	6.518398	0.358512	0.000000
D:	19187.45	-9.408398	49.643400	-0.000192	0.000192	-0.000192	0.000192	49.643400	17.830027	-1.500000	17.936719	51.143400	0.019000	17.936719	-21.631553	2.019014	0.000000	0.000000	0.000000	0.000000	0.000000	0.000000	0.000000	0.000000	0.000000	0	0.000000	0	0	0.000000	-0.000000	0.000000	0.000000	0.000000	0.000000	0.000000	0.000000	6.518398	0.358512	0.000000
D:	19195.89	-9.874730	50.175914	-0.000192	0.000192	-0.000192	0.000192	50.175914	17.897168	-1.500000	17.835130	51.675914	0.019000	17.835130	-21.713962	2.412016	0.000000	0.000000	0.000000	0.000000	0.000000	0.000000	0.000000	0.000000	0.000000	0	0.000000	0	0	0.000000	-0.000000	0.000000	0.000000	0.000000	0.000000	0.000000	0.000000	6.984729	0.384160	0.000000
D:	19203.85	-9.874730	50.175914	-0.000192	0.000192	-0.000192	0.000192	50.175914	17.897168	-1.500000	17.835130	51.675914	0.019000	17.835130	-21.713962	2.412016	0.000000	0.000000	0.000000	0.000000	0.000000	0.000000	0.000000	0.000000	0.000000	0	0.000000	0	0	0.000000	-0.000000	0.000000	0.000000	0.000000	0.000000	0.000000	0.000000	6.984729	0.384160	0.000000
D:	19211.94	-9.874730	50.175914	-0.000192	0.000192	-0.000192	0.000192	50.175914	17.897168	-1.500000	17.893686	52.213739	0.019000	17.893686	-21.713962	2.223074	0.000000	0.000000	0.000000	0.000000	0.000000	0.000000	0.000000	0.000000	0.000000	0	0.000000	0	0	0.000000	-0.000000	0.000000	0.000000	0.000000	0.000000	0.000000	0.000000	6.814963	0.374823	0.000000
D:	19221.05	-9.704963	50.713739	-0.000192	0.000192	-0.000192	0.000192	50.713739	18.397483	-1.500000	17.893686	52.213739	0.018000	17.893686	-21.802063	2.223074	0.000000	0.000000	0.000000	0.000000	0.000000	0.000000	0.000000	0.000000	0.000000	0	0.000000	0	0	0.000000	-0.000000	0.000000	0.000000	0.000000	0.000000	0.000000	0.000000	6.814963	0.374823	0.000000
D:	19230.00	-9.704963	50.713739	-0.000192	0.000192	-0.000192	0.000192	50.713739	18.397483	-1.500000	17.893686	52.213739	0.018000	17.893686	-21.802063	2.223074	0.000000	0.000000	0.000000	0.000000	0.000000	0.000000	0.000000	0.000000	0.000000	0	0.000000	0	0	0.000000	-0.000000	0.000000	0.000000	0.000000	0.000000	0.000000	0.000000	6.814963	0.374823	0.000000
D:	19238.14	-9.647621	51.215207	-0.000192	0.000192	-0.000192	0.000192	51.215207	18.378344	-1.500000	18.369202	52.715207	0.018000	18.369202	-21.874527	2.142721	0.000000	0.000000	0.000000	0.000000	0.000000	0.000000	0.000000	0.000000	0.000000	0	0.000000	0	0	0.000000	-0.000000	0.000000	0.000000	0.000000	0.000000	0.000000	0.000000	6.757621	0.371669	0.000000
D:	19246.73	-9.647621	51.215207	-0.000192	0.000192	-0.000192	0.000192	51.215207	18.378344	-1.500000	18.369202	52.715207	0.018000	18.369202	-21.874527	2.142721	0.000000	0.000000	0.000000	0.000000	0.000000	0.000000	0.000000	0.000000	0.000000	0	0.000000	0	0	0.000000	-0.000000	0.000000	0.000000	0.000000	0.000000	0.000000	0.000000	6.757621	0.371669	0.000000
D:	19254.72	-9.647621	51.215207	-0.000192	0.000192	-0.000192	0.000192	51.770445	18.237637	-1.500000	18.377906	53.270445	0.018000	18.377906	-21.962828	1.759008	0.000000	0.000000	0.000000	0.000000	0.000000	0.000000	0.000000	0.000000	0.000000	0	0.000000	0	0	0.000000	-0.000000	0.000000	0.000000	0.000000	0.000000	0.000000	0.000000	6.371221	0.350417	0.000000
D:	19262.80	-9.261221	51.770445	-0.000192	0.000192	-0.000192	0.000192	51.770445	18.237637	-1.500000	18.377906	53.270445	0.019000	18.377906	-21.962828	1.759008	0.000000	0.000000	0.000000	0.000000	0.000000	0.000000	0.000000	0.000000	0.000000	0	0.000000	0	0	0.000000	-0.000000	0.000000	0.000000	0.000000	0.000000	0.000000	0.000000	6.371221	0.350417	0.000000
D:	19271.00	-9.261221	51.770445	-0.000192	0.000192	-0.000192	0.000192	51.770445	18.237637	-1.500000	18.377906	53.270445	0.019000	18.377906	-21.962828	1.300216	0.000000	0.000000	0.000000	0.000000	0.000000	0.000000	0.000000	0.000000	0.000000	0	0.000000	0	0	0.000000	-0.000000	0.000000	0.000000	0.000000	0.000000	0.000000	0.000000	6.371221	0.350417	0.000000
D:	19279.53	-8.782342	52.299021	-0.000192	0.000192	-0.000192	0.000192	52.299021	18.609083	-1.500000	18.244347	53.799021	0.019000	18.244347	-22.036564	1.300216	0.000000	0.000000	0.000000	0.000000	0.000000	0.000000	0.000000	0.000000	0.000000	0	0.000000	0	0	0.000000	-0.000000	0.000000	0.000000	0.000000	0.000000	0.000000	0.000000	5.892342	0.324079	0.000000
D:	19287.62	-8.782342	52.299021	-0.000192	0.000192	-0.000192	0.000192	52.299021	18.609083	-1.500000	18.244347	53.799021	0.019000	18.244347	-22.036564	1.300216	0.000000	0.000000	0.000000	0.000000	0.000000	0.000000	0.000000	0.000000	0.000000	0	0.000000	0	0	0.000000	-0.000000	0.000000	0.000000	0.000000	0.000000	0.000000	0.000000	5.892342	0.324079	0.000000
D:	19296.31	-8.782342	52.299021	-0.000192	0.000192	-0.000192	0.000192	52.789933	18.227017	-1.500000	18.588609	54.289933	0.019000	18.588609	-22.104880	1.442473	0.000000	0.000000	0.000000	0.000000	0.000000	0.000000	0.000000	0.000000	0.000000	0	0.000000	0	0	0.000000	-0.000000	0.000000	0.000000	0.000000	0.000000	0.000000	0.000000	6.064905	0.333570	0.000000
D:	19305.33	-8.954905	52.789933	-0.000192	0.000192	-0.000192	0.000192	52.789933	18.227017	-1.500000	18.588609	54.289933	0.018000	18.588609	-22.104880	1.442473	0.000000	0.000000	0.000000	0.000000	0.000000	0.000000	0.000000	0.000000	0.000000	0	0.000000	0	0	0.000000	-0.000000	0.000000	0.000000	0.000000	0.000000	0.000000	0.000000	6.064905	0.333570	0.000000
D:	19314.95	-8.954905	52.789933	-0.000192	0.000192	-0.000192	0.000192	53.278437	18.445102	-1.500000	18.247315	54.778437	0.018000	18.247315	-22.170293	1.295692	0.000000	0.000000	0.000000	0.000000	0.000000	0.000000	0.000000	0.000000	0.000000	0	0.000000	0	0	0.000000	-0.000000	0.000000	0.000000	0.000000	0.000000	0.000000	0.000000	5.922482	0.325737	0.000000
D:	19324.55	-8.812482	53.278437	-0.000192	0.000192	-0.000192	0.000192	53.278437	18.445102	-1.500000	18.247315	54.778437	0.018000	18.247315	-22.170293	1.295692	0.000000	0.000000	0.000000	0.000000	0.000000	0.000000	0.000000	0.000000	0.000000	0	0.000000	0	0	0.000000	-0.000000	0.000000	0.000000	0.000000	0.000000	0.000000	0.000000	5.922482	0.325737	0.000000
D:	19334.13	-8.812482	53.278437	-0.000192	0.000192	-0.000192	0.000192	53.746954	18.546987	-1.500000	18.433999	55.246954	0.018000	18.433999	-22.226376	1.447247	0.000000	0.000000	0.000000	0.000000	0.000000	0.000000	0.000000	0.000000	0.000000	0	0.000000	0	0	0.000000	-0.000000	0.000000	0.000000	0.000000	0.000000	0.000000	0.000000	6.102639	0.335645	0.000000
D:	19343.11	-8.992639	53.746954	-0.000192	0.000192	-0.000192	0.000192	53.746954	18.546987	-1.500000	18.433999	55.246954	0.018000	18.433999	-22.226376	1.447247	0.000000	0.000000	0.000000	0.000000	0.000000	0.000000	0.000000	0.000000	0.000000	0	0.000000	0	0	0.000000	-0.000000	0.000000	0.000000	0.000000	0.000000	0.000000	0.000000	6.102639	0.335645	0.000000
D:	19351.45	-8.992639	53.746954	-0.000192	0.000192	-0.000192	0.000192	53.746954	18.546987	-1.500000	18.433999	55.246954	0.018000	18.433999	-22.226376	1.447247	0.000000	0.000000	0.000000	0.000000	0.000000	0.000000	0.000000	0.000000	0.000000	0	0.000000	0	0	0.000000	-0.000000	0.000000	0.000000	0.000000	0.000000	0.000000	0.000000	6.102639	0.335645	0.000000
D:	19359.88	-8.385235	54.264270	-0.000192	0.000192	-0.000192	0.000192	54.264270	18.690634	-1.500000	18.541582	55.764270	0.019000	18.541582	-22.293687	0.875108	0.000000	0.000000	0.000000	0.000000	0.000000	0.000000	0.000000	0.000000	0.000000	0	0.000000	0	0	0.000000	-0.000000	0.000000	0.000000	0.000000	0.000000	0.000000	0.000000	5.495234	0.302238	0.000000
D:	19368.46	-8.385235	54.264270	-0.000192	0.000192	-0.000192	0.000192	54.264270	18.690634	-1.500000	18.541582	55.764270	0.019000	18.541582	-22.293687	0.875108	0.000000	0.000000	0.000000	0.000000	0.000000	0.000000	0.000000	0.000000	0.000000	0	0.000000	0	0	0.000000	-0.000000	0.000000	0.000000	0.000000	0.000000	0.000000	0.000000	5.495234	0.302238	0.000000
D:	19376.92	-8.385235	54.264270	-0.000192	0.000192	-0.000192	0.000192	54.700168	18.685979	-1.500000	18.682267	56.200168	0.019000	18.682267	-22.334834	1.052251	0.000000	0.000000	0.000000	0.000000	0.000000	0.000000	0.000000	0.000000	0.000000	0	0.000000	0	0	0.000000	-0.000000	0.000000	0.000000	0.000000	0.000000	0.000000	0.000000	5.694522	0.313199	0.000000
D:	19385.73	-8.584522	54.700168	-0.000192	0.000192	-0.000192	0.000192	54.700168	18.685979	-1.500000	18.682267	56.200168	0.018000	18.682267	-22.334834	1.052251	0.000000	0.000000	0.000000	0.000000	0.000000	0.000000	0.000000	0.000000	0.000000	0	0.000000	0	0	0.000000	-0.000000	0.000000	0.000000	0.000000	0.000000	0.000000	0.000000	5.694522	0.313199	0.000000
D:	19394.86	-8.584522	54.700168	-0.000192	0.000192	-0.000192	0.000192	55.160459	18.751805	-1.500000	18.685771	56.660459	0.018000	18.685771	-22.385392	1.263834	0.000000	0.000000	0.000000	0.000000	0.000000	0.000000	0.000000	0.000000	0.000000	0	0.000000	0	0	0.000000	-0.000000	0.000000	0.000000	0.000000	0.000000	0.000000	0.000000	5.937070	0.326539	0.000000
D:	19403.59	-8.827070	55.160459	-0.000192	0.000192	-0.000192	0.000192	55.160459	18.751805	-1.500000	18.685771	56.660459	0.018000	18.685771	-22.385392	1.263834	0.000000	0.000000	0.000000	0.000000	0.000000	0.000000	0.000000	0.000000	0.000000	0	0.000000	0	0	0.000000	-0.000000	0.000000	0.000000	0.000000	0.000000	0.000000	0.000000	5.937070	0.326539	0.000000
D:	19412.31	-8.827070	55.160459	-0.000192	0.000192	-0.000192	0.000192	55.160459	18.751805	-1.500000	18.685771	56.660459	0.018000	18.685771	-22.385392	1.209102	0.000000	0.000000	0.000000	0.000000	0.000000	0.000000	0.000000	0.000000	0.000000	0	0.000000	0	0	0.000000	-0.000000	0.000000	0.000000	0.000000	0.000000	0.000000	0.000000	5.937070	0.326539	0.000000
D:	19421.31	-8.784015	55.640606	-0.000192	0.000192	-0.000192	0.000192	55.640606	18.612886	-1.500000	18.748098	57.140606	0.018000	18.748098	-22.444947	1.209102	0.000000	0.000000	0.000000	0.000000	0.000000	0.000000	0.000000	0.000000	0.000000	0	0.000000	0	0	0.000000	-0.000000	0.000000	0.000000	0.000000	0.000000	0.000000	0.000000	5.894014	0.324171	0.000000
D:	19430.40	-8.784015	55.640606	-0.000192	0.000192	-0.000192	0.000192	55.640606	18.612886	-1.500000	18.748098	57.140606	0.018000	18.748098	-22.444947	1.209102	0.000000	0.000000	0.000000	0.000000	0.000000	0.000000	0.000000	0.000000	0.000000	0	0.000000	0	0	0.000000	-0.000000	0.000000	0.000000	0.000000	0.000000	0.000000	0.000000	5.894014	0.324171	0.000000
D:	19439.58	-8.768048	56.109667	-0.000192	0.000192	-0.000192	0.000192	56.109667	18.682456	-1.500000	18.619354	57.609667	0.019000	18.619354	-22.491617	1.175829	0.000000	0.000000	0.000000	0.000000	0.000000	0.000000	0.000000	0.000000	0.000000	0	0.000000	0	0	0.000000	-0.000000	0.000000	0.000000	0.000000	0.000000	0.000000	0.000000	5.878047	0.323293	0.000000
D:	19447.94	-8.768048	56.109667	-0.000192	0.000192	-0.000192	0.000192	56.109667	18.682456	-1.500000	18.619354	57.609667	0.019000	18.619354	-22.491617	1.175829	0.000000	0.000000	0.000000	0.000000	0.000000	0.000000	0.000000	0.000000	0.000000	0	0.000000	0	0	0.000000	-0.000000	0.000000	0.000000	0.000000	0.000000	0.000000	0.000000	5.878047	0.323293	0.000000
D:	19456.14	-8.768048	56.109667	-0.000192	0.000192	-0.000192	0.000192	56.551181	18.725022	-1.500000	18.678914	58.051181	0.019000	18.678914	-22.534182	1.399304	0.000000	0.000000	0.000000	0.000000	0.000000	0.000000	0.000000	0.000000	0.000000	0	0.000000	0	0	0.000000	-0.000000	0.000000	0.000000	0.000000	0.000000	0.000000	0.000000	6.142101	0.337816	0.000000
D:	19464.49	-9.032102	56.551181	-0.000192	0.000192	-0.000192	0.000192	56.551181	18.725022	-1.500000	18.678914	58.051181	0.018000	18.678914	-22.534182	1.399304	0.000000	0.000000	0.000000	0.000000	0.000000	0.000000	0.000000	0.000000	0.000000	0	0.000000	0	0	0.000000	-0.000000	0.000000	0.000000	0.000000	0.000000	0.000000	0.000000	6.142101	0.337816	0.000000
D:	19472.70	-9.032102	56.551181	-0.000192	0.000192	-0.000192	0.000192	56.551181	18.725022	-1.500000	18.678914	58.051181	0.018000	18.678914	-22.534182	0.939722	0.000000	0.000000	0.000000	0.000000	0.000000	0.000000	0.000000	0.000000	0.000000	0	0.000000	0	0	0.000000	-0.000000	0.000000	0.000000	0.000000	0.000000	0.000000	0.000000	6.142101	0.337816	0.000000
D:	19481.42	-8.548950	57.059991	-0.000192	0.000192	-0.000192	0.000192	57.059991	19.127704	-1.500000	18.722434	58.559991	0.018000	18.722434	-22.600986	0.939722	0.000000	0.000000	0.000000	0.000000	0.000000	0.000000	0.000000	0.000000	0.000000	0	0.000000	0	0	0.000000	-0.000000	0.000000	0.000000	0.000000	0.000000	0.000000	0.000000	5.658949	0.311242	0.000000
D:	19489.64	-8.548950	57.059991	-0.000192	0.000192	-0.000192	0.000192	57.059991	19.127704	-1.500000	18.722434	58.559991	0.018000	18.722434	-22.600986	0.939722	0.000000	0.000000	0.000000	0.000000	0.000000	0.000000	0.000000	0.000000	0.000000	0	0.000000	0	0	0.000000	-0.000000	0.000000	0.000000	0.000000	0.000000	0.000000	0.000000	5.658949	0.311242	0.000000
D:	19497.82	-8.548950	57.059991	-0.000192	0.000192	-0.000192	0.000192	57.530471	18.898001	-1.500000	19.104954	59.030471	0.018000	19.104954	-22.653726	0.680874	0.000000	0.000000	0.000000	0.000000	0.000000	0.000000	0.000000	0.000000	0.000000	0	0.000000	0	0	0.000000	-0.000000	0.000000	0.000000	0.000000	0.000000	0.000000	0.000000	5.388065	0.296344	0.000000
D:	19505.67	-8.278066	57.530471	-0.000192	0.000192	-0.000192	0.000192	57.530471	18.898001	-1.500000	19.104954	59.030471	0.018000	19.104954	-22.653726	0.680874	0.000000	0.000000	0.000000	0.000000	0.000000	0.000000	0.000000	0.000000	0.000000	0	0.000000	0	0	0.000000	-0.000000	0.000000	0.000000	0.000000	0.000000	0.000000	0.000000	5.388065	0.296344	0.000000
D:	19513.92	-8.278066	57.530471	-0.000192	0.000192	-0.000192	0.000192	57.530471	18.898001	-1.500000	19.104954	59.030471	0.018000	19.104954	-22.653726	0.916441	0.000000	0.000000	0.000000	0.000000	0.000000	0.000000	0.000000	0.000000	0.000000	0	0.000000	0	0	0.000000	-0.000000	0.000000	0.000000	0.000000	0.000000	0.000000	0.000000	5.388065	0.296344	0.000000
D:	19522.00	-8.542500	58.005749	-0.000192	0.000192	-0.000192	0.000192	58.005749	19.050589	-1.500000	18.907901	59.505749	0.019000	18.907901	-22.699444	0.916441	0.000000	0.000000	0.000000	0.000000	0.000000	0.000000	0.000000	0.000000	0.000000	0	0.000000	0	0	0.000000	-0.000000	0.000000	0.000000	0.000000	0.000000	0.000000	0.000000	5.652500	0.310888	0.000000
D:	19530.11	-8.542500	58.005749	-0.000192	0.000192	-0.000192	0.000192	58.005749	19.050589	-1.500000	18.907901	59.505749	0.019000	18.907901	-22.699444	0.916441	0.000000	0.000000	0.000000	0.000000	0.000000	0.000000	0.000000	0.000000	0.000000	0	0.000000	0	0	0.000000	-0.000000	0.000000	0.000000	0.000000	0.000000	0.000000	0.000000	5.652500	0.310888	0.000000
D:	19538.22	-8.542500	58.005749	-0.000192	0.000192	-0.000192	0.000192	58.457977	18.813879	-1.500000	19.043763	59.957977	0.019000	19.043763	-22.737543	0.745931	0.000000	0.000000	0.000000	0.000000	0.000000	0.000000	0.000000	0.000000	0.000000	0	0.000000	0	0	0.000000	-0.000000	0.000000	0.000000	0.000000	0.000000	0.000000	0.000000	5.481602	0.301488	0.000000
D:	19546.65	-8.371602	58.457977	-0.000192	0.000192	-0.000192	0.000192	58.457977	18.813879	-1.500000	19.043763	59.957977	0.019000	19.043763	-22.737543	0.745931	0.000000	0.000000	0.000000	0.000000	0.000000	0.000000	0.000000	0.000000	0.000000	0	0.000000	0	0	0.000000	-0.000000	0.000000	0.000000	0.000000	0.000000	0.000000	0.000000	5.481602	0.301488	0.000000
D:	19555.19	-8.371602	58.457977	-0.000192	0.000192	-0.000192	0.000192	58.457977	18.813879	-1.500000	18.826783	60.453008	0.019000	18.826783	-22.737543	0.500694	0.000000	0.000000	0.000000	0.000000	0.000000	0.000000	0.000000	0.000000	0.000000	0	0.000000	0	0	0.000000	-0.000000	0.000000	0.000000	0.000000	0.000000	0.000000	0.000000	5.219491	0.287072	0.000000
D:	19564.39	-8.109492	58.953008	-0.000192	0.000192	-0.000192	0.000192	58.953008	19.512703	-1.500000	18.826783	60.453008	0.018000	18.826783	-22.795146	0.500694	0.000000	0.000000	0.000000	0.000000	0.000000	0.000000	0.000000	0.000000	0.000000	0	0.000000	0	0	0.000000	-0.000000	0.000000	0.000000	0.000000	0.000000	0.000000	0.000000	5.219491	0.287072	0.000000
D:	19572.46	-8.109492	58.953008	-0.000192	0.000192	-0.000192	0.000192	58.953008	19.512703	-1.500000	18.826783	60.453008	0.018000	18.826783	-22.795146	0.500694	0.000000	0.000000	0.000000	0.000000	0.000000	0.000000	0.000000	0.000000	0.000000	0	0.000000	0	0	0.000000	-0.000000	0.000000	0.000000	0.000000	0.000000	0.000000	0.000000	5.219491	0.287072	0.000000
D:	19580.83	-8.330382	59.312031	-0.000192	0.000192	-0.000192	0.000192	59.312031	18.689670	-1.500000	19.474199	60.812031	0.018000	19.474199	-22.804174	0.697690	0.000000	0.000000	0.000000	0.000000	0.000000	0.000000	0.000000	0.000000	0.000000	0	0.000000	0	0	0.000000	-0.000000	0.000000	0.000000	0.000000	0.000000	0.000000	0.000000	5.440382	0.299221	0.000000
D:	19589.56	-8.330382	59.312031	-0.000192	0.000192	-0.000192	0.000192	59.312031	18.689670	-1.500000	19.474199	60.812031	0.018000	19.474199	-22.804174	0.697690	0.000000	0.000000	0.000000	0.000000	0.000000	0.000000	0.000000	0.000000	0.000000	0	0.000000	0	0	0.000000	-0.000000	0.000000	0.000000	0.000000	0.000000	0.000000	0.000000	5.440382	0.299221	0.000000
D:	19598.58	-8.330382	59.312031	-0.000192	0.000192	-0.000192	0.000192	59.769502	18.957406	-1.500000	18.727198	61.269502	0.018000	18.727198	-22.842902	0.763883	0.000000	0.000000	0.000000	0.000000	0.000000	0.000000	0.000000	0.000000	0.000000	0	0.000000	0	0	0.000000	-0.000000	0.000000	0.000000	0.000000	0.000000	0.000000	0.000000	5.522846	0.303757	0.000000
D:	19607.14	-8.412846	59.769502	-0.000192	0.000192	-0.000192	0.000192	59.769502	18.957406	-1.500000	18.727198	61.269502	0.019000	18.727198	-22.842902	0.763883	0.000000	0.000000	0.000000	0.000000	0.000000	0.000000	0.000000	0.000000	0.000000	0	0.000000	0	0	0.000000	-0.000000	0.000000	0.000000	0.000000	0.000000	0.000000	0.000000	5.522846	0.303757	0.000000
D:	19616.12	-8.412846	59.769502	-0.000192	0.000192	-0.000192	0.000192	60.228678	19.155494	-1.500000	18.946394	61.728678	0.019000	18.946394	-22.880685	0.811374	0.000000	0.000000	0.000000	0.000000	0.000000	0.000000	0.000000	0.000000	0.000000	0	0.000000	0	0	0.000000	-0.000000	0.000000	0.000000	0.000000	0.000000	0.000000	0.000000	5.587750	0.307326	0.000000
D:	19625.28	-8.477750	60.228678	-0.000192	0.000192	-0.000192	0.000192	60.228678	19.155494	-1.500000	18.946394	61.728678	0.019000	18.946394	-22.880685	0.811374	0.000000	0.000000	0.000000	0.000000	0.000000	0.000000	0.000000	0.000000	0.000000	0	0.000000	0	0	0.000000	-0.000000	0.000000	0.000000	0.000000	0.000000	0.000000	0.000000	5.587750	0.307326	0.000000
D:	19634.04	-8.477750	60.228678	-0.000192	0.000192	-0.000192	0.000192	60.228678	19.155494	-1.500000	18.946394	61.728678	0.019000	18.946394	-22.880685	0.774568	0.000000	0.000000	0.000000	0.000000	0.000000	0.000000	0.000000	0.000000	0.000000	0	0.000000	0	0	0.000000	-0.000000	0.000000	0.000000	0.000000	0.000000	0.000000	0.000000	5.587750	0.307326	0.000000
D:	19642.89	-8.446682	60.628657	-0.000192	0.000192	-0.000192	0.000192	60.628657	19.222636	-1.500000	19.143756	62.128657	0.018000	19.143756	-22.902025	0.774568	0.000000	0.000000	0.000000	0.000000	0.000000	0.000000	0.000000	0.000000	0.000000	0	0.000000	0	0	0.000000	-0.000000	0.000000	0.000000	0.000000	0.000000	0.000000	0.000000	5.556682	0.305617	0.000000
D:	19650.85	-8.446682	60.628657	-0.000192	0.000192	-0.000192	0.000192	60.628657	19.222636	-1.500000	19.143756	62.128657	0.018000	19.143756	-22.902025	0.774568	0.000000	0.000000	0.000000	0.000000	0.000000	0.000000	0.000000	0.000000	0.000000	0	0.000000	0	0	0.000000	-0.000000	0.000000	0.000000	0.000000	0.000000	0.000000	0.000000	5.556682	0.305617	0.000000
D:	19659.97	-8.543203	61.065516	-0.000192	0.000192	-0.000192	0.000192	61.065516	19.121761	-1.500000	19.218208	62.565516	0.018000	19.218208	-22.938555	0.851478	0.000000	0.000000	0.000000	0.000000	0.000000	0.000000	0.000000	0.000000	0.000000	0	0.000000	0	0	0.000000	-0.000000	0.000000	0.000000	0.000000	0.000000	0.000000	0.000000	5.653203	0.310926	0.000000
D:	19669.12	-8.543203	61.065516	-0.000192	0.000192	-0.000192	0.000192	61.065516	19.121761	-1.500000	19.218208	62.565516	0.018000	19.218208	-22.938555	0.851478	0.000000	0.000000	0.000000	0.000000	0.000000	0.000000	0.000000	0.000000	0.000000	0	0.000000	0	0	0.000000	-0.000000	0.000000	0.000000	0.000000	0.000000	0.000000	0.000000	5.653203	0.310926	0.000000
D:	19677.97	-8.543203	61.065516	-0.000192	0.000192	-0.000192	0.000192	61.503823	19.317716	-1.500000	19.126374	63.003823	0.018000	19.126374	-22.966571	1.217436	0.000000	0.000000	0.000000	0.000000	0.000000	0.000000	0.000000	0.000000	0.000000	0	0.000000	0	0	0.000000	-0.000000	0.000000	0.000000	0.000000	0.000000	0.000000	0.000000	6.063926	0.333516	0.000000
D:	19686.57	-8.953926	61.503823	-0.000192	0.000192	-0.000192	0.000192	61.503823	19.317716	-1.500000	19.126374	63.003823	0.019000	19.126374	-22.966571	1.217436	0.000000	0.000000	0.000000	0.000000	0.000000	0.000000	0.000000	0.000000	0.000000	0	0.000000	0	0	0.000000	-0.000000	0.000000	0.000000	0.000000	0.000000	0.000000	0.000000	6.063926	0.333516	0.000000
D:	19695.69	-8.953926	61.503823	-0.000192	0.000192	-0.000192	0.000192	61.503823	19.317716	-1.500000	19.126374	63.003823	0.019000	19.126374	-22.966571	1.341047	0.000000	0.000000	0.000000	0.000000	0.000000	0.000000	0.000000	0.000000	0.000000	0	0.000000	0	0	0.000000	-0.000000	0.000000	0.000000	0.000000	0.000000	0.000000	0.000000	6.063926	0.333516	0.000000
D:	19703.83	-9.109239	61.903473	-0.000192	0.000192	-0.000192	0.000192	61.903473	19.186435	-1.500000	19.308563	63.403473	0.019000	19.308563	-22.980328	1.341047	0.000000	0.000000	0.000000	0.000000	0.000000	0.000000	0.000000	0.000000	0.000000	0	0.000000	0	0	0.000000	-0.000000	0.000000	0.000000	0.000000	0.000000	0.000000	0.000000	6.219239	0.342058	0.000000
D:	19712.07	-9.109239	61.903473	-0.000192	0.000192	-0.000192	0.000192	61.903473	19.186435	-1.500000	19.308563	63.403473	0.019000	19.308563	-22.980328	1.341047	0.000000	0.000000	0.000000	0.000000	0.000000	0.000000	0.000000	0.000000	0.000000	0	0.000000	0	0	0.000000	-0.000000	0.000000	0.000000	0.000000	0.000000	0.000000	0.000000	6.219239	0.342058	0.000000
D:	19721.09	-8.947303	62.300746	-0.000192	0.000192	-0.000192	0.000192	62.300746	19.153507	-1.500000	19.193290	63.800746	0.018000	19.193290	-23.000836	1.175251	0.000000	0.000000	0.000000	0.000000	0.000000	0.000000	0.000000	0.000000	0.000000	0	0.000000	0	0	0.000000	-0.000000	0.000000	0.000000	0.000000	0.000000	0.000000	0.000000	6.057303	0.333152	0.000000
D:	19730.47	-8.947303	62.300746	-0.000192	0.000192	-0.000192	0.000192	62.300746	19.153507	-1.500000	19.193290	63.800746	0.018000	19.193290	-23.000836	1.175251	0.000000	0.000000	0.000000	0.000000	0.000000	0.000000	0.000000	0.000000	0.000000	0	0.000000	0	0	0.000000	-0.000000	0.000000	0.000000	0.000000	0.000000	0.000000	0.000000	6.057303	0.333152	0.000000
D:	19738.89	-8.947303	62.300746	-0.000192	0.000192	-0.000192	0.000192	62.754916	19.483873	-1.500000	19.155741	64.254916	0.018000	19.155741	-23.041125	0.744992	0.000000	0.000000	0.000000	0.000000	0.000000	0.000000	0.000000	0.000000	0.000000	0	0.000000	0	0	0.000000	-0.000000	0.000000	0.000000	0.000000	0.000000	0.000000	0.000000	5.600253	0.308014	0.000000
D:	19747.20	-8.490253	62.754916	-0.000192	0.000192	-0.000192	0.000192	62.754916	19.483873	-1.500000	19.155741	64.254916	0.018000	19.155741	-23.041125	0.744992	0.000000	0.000000	0.000000	0.000000	0.000000	0.000000	0.000000	0.000000	0.000000	0	0.000000	0	0	0.000000	-0.000000	0.000000	0.000000	0.000000	0.000000	0.000000	0.000000	5.600253	0.308014	0.000000
D:	19755.56	-8.490253	62.754916	-0.000192	0.000192	-0.000192	0.000192	62.754916	19.483873	-1.500000	19.155741	64.254916	0.018000	19.155741	-23.041125	1.191957	0.000000	0.000000	0.000000	0.000000	0.000000	0.000000	0.000000	0.000000	0.000000	0	0.000000	0	0	0.000000	-0.000000	0.000000	0.000000	0.000000	0.000000	0.000000	0.000000	5.600253	0.308014	0.000000
D:	19763.95	-8.984074	63.171559	-0.000192	0.000192	-0.000192	0.000192	63.171559	19.100165	-1.500000	19.468177	64.671559	0.019000	19.468177	-23.061997	1.191957	0.000000	0.000000	0.000000	0.000000	0.000000	0.000000	0.000000	0.000000	0.000000	0	0.000000	0	0	0.000000	-0.000000	0.000000	0.000000	0.000000	0.000000	0.000000	0.000000	6.094074	0.335174	0.000000
D:	19772.58	-8.984074	63.171559	-0.000192	0.000192	-0.000192	0.000192	63.171559	19.100165	-1.500000	19.468177	64.671559	0.019000	19.468177	-23.061997	1.191957	0.000000	0.000000	0.000000	0.000000	0.000000	0.000000	0.000000	0.000000	0.000000	0	0.000000	0	0	0.000000	-0.000000	0.000000	0.000000	0.000000	0.000000	0.000000	0.000000	6.094074	0.335174	0.000000
D:	19781.37	-9.039790	63.594747	-0.000192	0.000192	-0.000192	0.000192	63.594747	19.199117	-1.500000	19.117769	65.094747	0.019000	19.117769	-23.084613	1.223577	0.000000	0.000000	0.000000	0.000000	0.000000	0.000000	0.000000	0.000000	0.000000	0	0.000000	0	0	0.000000	-0.000000	0.000000	0.000000	0.000000	0.000000	0.000000	0.000000	6.149790	0.338238	0.000000
D:	19789.59	-9.039790	63.594747	-0.000192	0.000192	-0.000192	0.000192	63.594747	19.199117	-1.500000	19.117769	65.094747	0.019000	19.117769	-23.084613	1.223577	0.000000	0.000000	0.000000	0.000000	0.000000	0.000000	0.000000	0.000000	0.000000	0	0.000000	0	0	0.000000	-0.000000	0.000000	0.000000	0.000000	0.000000	0.000000	0.000000	6.149790	0.338238	0.000000
D:	19797.69	-9.039790	63.594747	-0.000192	0.000192	-0.000192	0.000192	63.594747	19.199117	-1.500000	19.194551	65.480911	0.019000	19.194551	-23.084613	1.355458	0.000000	0.000000	0.000000	0.000000	0.000000	0.000000	0.000000	0.000000	0.000000	0	0.000000	0	0	0.000000	-0.000000	0.000000	0.000000	0.000000	0.000000	0.000000	0.000000	6.310022	0.347051	0.000000
D:	19806.00	-9.200023	63.980911	-0.000192	0.000192	-0.000192	0.000192	63.980911	19.533071	-1.500000	19.194551	65.480911	0.018000	19.194551	-23.097957	1.355458	0.000000	0.000000	0.000000	0.000000	0.000000	0.000000	0.000000	0.000000	0.000000	0	0.000000	0	0	0.000000	-0.000000	0.000000	0.000000	0.000000	0.000000	0.000000	0.000000	6.310022	0.347051	0.000000
D:	19815.13	-9.200023	63.980911	-0.000192	0.000192	-0.000192	0.000192	63.980911	19.533071	-1.500000	19.194551	65.480911	0.018000	19.194551	-23.097957	1.355458	0.000000	0.000000	0.000000	0.000000	0.000000	0.000000	0.000000	0.000000	0.000000	0	0.000000	0	0	0.000000	-0.000000	0.000000	0.000000	0.000000	0.000000	0.000000	0.000000	6.310022	0.347051	0.000000
D:	19823.95	-9.521285	64.328722	-0.000192	0.000192	-0.000192	0.000192	64.328722	19.311774	-1.500000	19.514068	65.828722	0.018000	19.514068	-23.098033	1.631407	0.000000	0.000000	0.000000	0.000000	0.000000	0.000000	0.000000	0.000000	0.000000	0	0.000000	0	0	0.000000	-0.000000	0.000000	0.000000	0.000000	0.000000	0.000000	0.000000	6.631285	0.364721	0.000000
D:	19832.88	-9.521285	64.328722	-0.000192	0.000192	-0.000192	0.000192	64.328722	19.311774	-1.500000	19.514068	65.828722	0.018000	19.514068	-23.098033	1.631407	0.000000	0.000000	0.000000	0.000000	0.000000	0.000000	0.000000	0.000000	0.000000	0	0.000000	0	0	0.000000	-0.000000	0.000000	0.000000	0.000000	0.000000	0.000000	0.000000	6.631285	0.364721	0.000000
D:	19840.91	-9.521285	64.328722	-0.000192	0.000192	-0.000192	0.000192	64.699182	19.479690	-1.500000	19.323130	66.199182	0.018000	19.323130	-23.105644	1.410047	0.000000	0.000000	0.000000	0.000000	0.000000	0.000000	0.000000	0.000000	0.000000	0	0.000000	0	0	0.000000	-0.000000	0.000000	0.000000	0.000000	0.000000	0.000000	0.000000	6.412393	0.352682	0.000000
D:	19849.23	-9.302393	64.699182	-0.000192	0.000192	-0.000192	0.000192	64.699182	19.479690	-1.500000	19.323130	66.199182	0.018000	19.323130	-23.105644	1.410047	0.000000	0.000000	0.000000	0.000000	0.000000	0.000000	0.000000	0.000000	0.000000	0	0.000000	0	0	0.000000	-0.000000	0.000000	0.000000	0.000000	0.000000	0.000000	0.000000	6.412393	0.352682	0.000000
D:	19858.16	-9.302393	64.699182	-0.000192	0.000192	-0.000192	0.000192	65.136873	19.278028	-1.500000	19.472201	66.636873	0.018000	19.472201	-23.132990	1.272587	0.000000	0.000000	0.000000	0.000000	0.000000	0.000000	0.000000	0.000000	0.000000	0	0.000000	0	0	0.000000	-0.000000	0.000000	0.000000	0.000000	0.000000	0.000000	0.000000	6.287520	0.345814	0.000000
D:	19867.21	-9.177520	65.136873	-0.000192	0.000192	-0.000192	0.000192	65.136873	19.278028	-1.500000	19.472201	66.636873	0.019000	19.472201	-23.132990	1.272587	0.000000	0.000000	0.000000	0.000000	0.000000	0.000000	0.000000	0.000000	0.000000	0	0.000000	0	0	0.000000	-0.000000	0.000000	0.000000	0.000000	0.000000	0.000000	0.000000	6.287520	0.345814	0.000000
D:	19876.40	-9.177520	65.136873	-0.000192	0.000192	-0.000192	0.000192	65.136873	19.278028	-1.500000	19.472201	66.636873	0.019000	19.472201	-23.132990	1.180051	0.000000	0.000000	0.000000	0.000000	0.000000	0.000000	0.000000	0.000000	0.000000	0	0.000000	0	0	0.000000	-0.000000	0.000000	0.000000	0.000000	0.000000	0.000000	0.000000	6.287520	0.345814	0.000000
D:	19885.42	-9.092809	65.481226	-0.000192	0.000192	-0.000192	0.000192	65.481226	19.368001	-1.500000	19.288928	66.981226	0.018000	19.288928	-23.131360	1.180051	0.000000	0.000000	0.000000	0.000000	0.000000	0.000000	0.000000	0.000000	0.000000	0	0.000000	0	0	0.000000	-0.000000	0.000000	0.000000	0.000000	0.000000	0.000000	0.000000	6.202808	0.341154	0.000000
D:	19894.52	-9.092809	65.481226	-0.000192	0.000192	-0.000192	0.000192	65.481226	19.368001	-1.500000	19.288928	66.981226	0.018000	19.288928	-23.131360	1.180051	0.000000	0.000000	0.000000	0.000000	0.000000	0.000000	0.000000	0.000000	0.000000	0	0.000000	0	0	0.000000	-0.000000	0.000000	0.000000	0.000000	0.000000	0.000000	0.000000	6.202808	0.341154	0.000000
D:	19903.02	-9.042071	65.846268	-0.000192	0.000192	-0.000192	0.000192	65.846268	19.700220	-1.500000	19.363562	67.346268	0.018000	19.363562	-23.135334	1.120033	0.000000	0.000000	0.000000	0.000000	0.000000	0.000000	0.000000	0.000000	0.000000	0	0.000000	0	0	0.000000	-0.000000	0.000000	0.000000	0.000000	0.000000	0.000000	0.000000	6.152071	0.338364	0.000000
D:	19911.96	-9.042071	65.846268	-0.000192	0.000192	-0.000192	0.000192	65.846268	19.700220	-1.500000	19.363562	67.346268	0.018000	19.363562	-23.135334	1.120033	0.000000	0.000000	0.000000	0.000000	0.000000	0.000000	0.000000	0.000000	0.000000	0	0.000000	0	0	0.000000	-0.000000	0.000000	0.000000	0.000000	0.000000	0.000000	0.000000	6.152071	0.338364	0.000000
D:	19920.66	-9.042071	65.846268	-0.000192	0.000192	-0.000192	0.000192	66.231828	19.476863	-1.500000	19.681322	67.731828	0.018000	19.681322	-23.148619	1.414878	0.000000	0.000000	0.000000	0.000000	0.000000	0.000000	0.000000	0.000000	0.000000	0	0.000000	0	0	0.000000	-0.000000	0.000000	0.000000	0.000000	0.000000	0.000000	0.000000	6.482555	0.356541	0.000000
D:	19929.55	-9.372556	66.231828	-0.000192	0.000192	-0.000192	0.000192	66.231828	19.476863	-1.500000	19.681322	67.731828	0.018000	19.681322	-23.148619	1.414878	0.000000	0.000000	0.000000	0.000000	0.000000	0.000000	0.000000	0.000000	0.000000	0	0.000000	0	0	0.000000	-0.000000	0.000000	0.000000	0.000000	0.000000	0.000000	0.000000	6.482555	0.356541	0.000000
D:	19938.56	-9.372556	66.231828	-0.000192	0.000192	-0.000192	0.000192	66.231828	19.476863	-1.500000	19.486643	68.150725	0.018000	19.486643	-23.148619	1.276152	0.000000	0.000000	0.000000	0.000000	0.000000	0.000000	0.000000	0.000000	0.000000	0	0.000000	0	0	0.000000	-0.000000	0.000000	0.000000	0.000000	0.000000	0.000000	0.000000	6.350168	0.349259	0.000000
D:	19947.16	-9.240168	66.650725	-0.000192	0.000192	-0.000192	0.000192	66.650725	19.586185	-1.500000	19.486643	68.150725	0.019000	19.486643	-23.166338	1.276152	0.000000	0.000000	0.000000	0.000000	0.000000	0.000000	0.000000	0.000000	0.000000	0	0.000000	0	0	0.000000	-0.000000	0.000000	0.000000	0.000000	0.000000	0.000000	0.000000	6.350168	0.349259	0.000000
D:	19956.16	-9.240168	66.650725	-0.000192	0.000192	-0.000192	0.000192	66.650725	19.586185	-1.500000	19.486643	68.150725	0.019000	19.486643	-23.166338	1.276152	0.000000	0.000000	0.000000	0.000000	0.000000	0.000000	0.000000	0.000000	0.000000	0	0.000000	0	0	0.000000	-0.000000	0.000000	0.000000	0.000000	0.000000	0.000000	0.000000	6.350168	0.349259	0.000000
D:	19965.17	-9.176866	66.997097	-0.000192	0.000192	-0.000192	0.000192	66.997097	19.576284	-1.500000	19.580598	68.497097	0.018000	19.580598	-23.164071	1.205804	0.000000	0.000000	0.000000	0.000000	0.000000	0.000000	0.000000	0.000000	0.000000	0	0.000000	0	0	0.000000	-0.000000	0.000000	0.000000	0.000000	0.000000	0.000000	0.000000	6.286866	0.345778	0.000000
D:	19974.28	-9.176866	66.997097	-0.000192	0.000192	-0.000192	0.000192	66.997097	19.576284	-1.500000	19.580598	68.497097	0.018000	19.580598	-23.164071	1.205804	0.000000	0.000000	0.000000	0.000000	0.000000	0.000000	0.000000	0.000000	0.000000	0	0.000000	0	0	0.000000	-0.000000	0.000000	0.000000	0.000000	0.000000	0.000000	0.000000	6.286866	0.345778	0.000000
D:	19983.33	-9.232420	67.270759	-0.000192	0.000192	-0.000192	0.000192	67.270759	19.334517	-1.500000	19.576527	68.770759	0.018000	19.576527	-23.136043	1.238325	0.000000	0.000000	0.000000	0.000000	0.000000	0.000000	0.000000	0.000000	0.000000	0	0.000000	0	0	0.000000	-0.000000	0.000000	0.000000	0.000000	0.000000	0.000000	0.000000	6.342420	0.348833	0.000000
D:	19991.82	-9.232420	67.270759	-0.000192	0.000192	-0.000192	0.000192	67.270759	19.334517	-1.500000	19.576527	68.770759	0.018000	19.576527	-23.136043	1.238325	0.000000	0.000000	0.000000	0.000000	0.000000	0.000000	0.000000	0.000000	0.000000	0	0.000000	0	0	0.000000	-0.000000	0.000000	0.000000	0.000000	0.000000	0.000000	0.000000	6.342420	0.348833	0.000000
D:	20000.15	-9.232420	67.270759	-0.000192	0.000192	-0.000192	0.000192	67.671345	19.354148	-1.500000	19.348102	69.171345	0.018000	19.348102	-23.155675	1.322840	0.000000	0.000000	0.000000	0.000000	0.000000	0.000000	0.000000	0.000000	0.000000	0	0.000000	0	0	0.000000	-0.000000	0.000000	0.000000	0.000000	0.000000	0.000000	0.000000	6.450638	0.354785	0.000000
D:	20008.47	-9.340638	67.671345	-0.000192	0.000192	-0.000192	0.000192	67.671345	19.354148	-1.500000	19.348102	69.171345	0.018000	19.348102	-23.155675	1.322840	0.000000	0.000000	0.000000	0.000000	0.000000	0.000000	0.000000	0.000000	0.000000	0	0.000000	0	0	0.000000	-0.000000	0.000000	0.000000	0.000000	0.000000	0.000000	0.000000	6.450638	0.354785	0.000000
D:	20017.56	-9.340638	67.671345	-0.000192	0.000192	-0.000192	0.000192	67.671345	19.354148	-1.500000	19.348102	69.171345	0.018000	19.348102	-23.155675	0.967203	0.000000	0.000000	0.000000	0.000000	0.000000	0.000000	0.000000	0.000000	0.000000	0	0.000000	0	0	0.000000	-0.000000	0.000000	0.000000	0.000000	0.000000	0.000000	0.000000	6.450638	0.354785	0.000000
D:	20026.51	-8.976296	68.055394	-0.000192	0.000192	-0.000192	0.000192	68.055394	19.572456	-1.500000	19.353859	69.555394	0.019000	19.353859	-23.160242	0.967203	0.000000	0.000000	0.000000	0.000000	0.000000	0.000000	0.000000	0.000000	0.000000	0	0.000000	0	0	0.000000	-0.000000	0.000000	0.000000	0.000000	0.000000	0.000000	0.000000	6.086297	0.334746	0.000000
D:	20035.33	-8.976296	68.055394	-0.000192	0.000192	-0.000192	0.000192	68.055394	19.572456	-1.500000	19.353859	69.555394	0.019000	19.353859	-23.160242	0.967203	0.000000	0.000000	0.000000	0.000000	0.000000	0.000000	0.000000	0.000000	0.000000	0	0.000000	0	0	0.000000	-0.000000	0.000000	0.000000	0.000000	0.000000	0.000000	0.000000	6.086297	0.334746	0.000000
D:	20043.72	-9.041866	68.414614	-0.000192	0.000192	-0.000192	0.000192	68.414614	19.393419	-1.500000	19.561999	69.914614	0.019000	19.561999	-23.156778	1.018944	0.000000	0.000000	0.000000	0.000000	0.000000	0.000000	0.000000	0.000000	0.000000	0	0.000000	0	0	0.000000	-0.000000	0.000000	0.000000	0.000000	0.000000	0.000000	0.000000	6.151865	0.338353	0.000000
D:	20051.90	-9.041866	68.414614	-0.000192	0.000192	-0.000192	0.000192	68.414614	19.393419	-1.500000	19.561999	69.914614	0.019000	19.561999	-23.156778	1.018944	0.000000	0.000000	0.000000	0.000000	0.000000	0.000000	0.000000	0.000000	0.000000	0	0.000000	0	0	0.000000	-0.000000	0.000000	0.000000	0.000000	0.000000	0.000000	0.000000	6.151865	0.338353	0.000000
D:	20059.99	-9.041866	68.414614	-0.000192	0.000192	-0.000192	0.000192	68.414614	19.393419	-1.500000	19.402882	70.254796	0.019000	19.402882	-23.156778	0.555443	0.000000	0.000000	0.000000	0.000000	0.000000	0.000000	0.000000	0.000000	0.000000	0	0.000000	0	0	0.000000	-0.000000	0.000000	0.000000	0.000000	0.000000	0.000000	0.000000	5.657712	0.311174	0.000000
D:	20068.68	-8.547713	68.754796	-0.000192	0.000192	-0.000192	0.000192	68.754796	19.481111	-1.500000	19.402882	70.254796	0.018000	19.402882	-23.152867	0.555443	0.000000	0.000000	0.000000	0.000000	0.000000	0.000000	0.000000	0.000000	0.000000	0	0.000000	0	0	0.000000	-0.000000	0.000000	0.000000	0.000000	0.000000	0.000000	0.000000	5.657712	0.311174	0.000000
D:	20077.77	-8.547713	68.754796	-0.000192	0.000192	-0.000192	0.000192	68.754796	19.481111	-1.500000	19.402882	70.254796	0.018000	19.402882	-23.152867	0.555443	0.000000	0.000000	0.000000	0.000000	0.000000	0.000000	0.000000	0.000000	0.000000	0	0.000000	0	0	0.000000	-0.000000	0.000000	0.000000	0.000000	0.000000	0.000000	0.000000	5.657712	0.311174	0.000000
D:	20085.83	-8.633850	69.095702	-0.000192	0.000192	-0.000192	0.000192	69.095702	19.492669	-1.500000	19.476720	70.595702	0.018000	19.476720	-23.149157	0.628980	0.000000	0.000000	0.000000	0.000000	0.000000	0.000000	0.000000	0.000000	0.000000	0	0.000000	0	0	0.000000	-0.000000	0.000000	0.000000	0.000000	0.000000	0.000000	0.000000	5.743850	0.315912	0.000000
D:	20094.87	-8.633850	69.095702	-0.000192	0.000192	-0.000192	0.000192	69.095702	19.492669	-1.500000	19.476720	70.595702	0.018000	19.476720	-23.149157	0.628980	0.000000	0.000000	0.000000	0.000000	0.000000	0.000000	0.000000	0.000000	0.000000	0	0.000000	0	0	0.000000	-0.000000	0.000000	0.000000	0.000000	0.000000	0.000000	0.000000	5.743850	0.315912	0.000000
D:	20104.19	-8.403014	69.430087	-0.000192	0.000192	-0.000192	0.000192	69.430087	19.555194	-1.500000	19.491906	70.930087	0.019000	19.491906	-23.135346	0.413311	0.000000	0.000000	0.000000	0.000000	0.000000	0.000000	0.000000	0.000000	0.000000	0	0.000000	0	0	0.000000	-0.000000	0.000000	0.000000	0.000000	0.000000	0.000000	0.000000	5.513014	0.303216	0.000000
D:	20113.04	-8.403014	69.430087	-0.000192	0.000192	-0.000192	0.000192	69.430087	19.555194	-1.500000	19.491906	70.930087	0.019000	19.491906	-23.135346	0.413311	0.000000	0.000000	0.000000	0.000000	0.000000	0.000000	0.000000	0.000000	0.000000	0	0.000000	0	0	0.000000	-0.000000	0.000000	0.000000	0.000000	0.000000	0.000000	0.000000	5.513014	0.303216	0.000000
D:	20121.58	-8.403014	69.430087	-0.000192	0.000192	-0.000192	0.000192	69.770744	19.331575	-1.500000	19.552166	71.270744	0.019000	19.552166	-23.125468	0.441946	0.000000	0.000000	0.000000	0.000000	0.000000	0.000000	0.000000	0.000000	0.000000	0	0.000000	0	0	0.000000	-0.000000	0.000000	0.000000	0.000000	0.000000	0.000000	0.000000	5.546174	0.305040	0.000000
D:	20130.12	-8.436174	69.770744	-0.000192	0.000192	-0.000192	0.000192	69.770744	19.331575	-1.500000	19.552166	71.270744	0.019000	19.552166	-23.125468	0.441946	0.000000	0.000000	0.000000	0.000000	0.000000	0.000000	0.000000	0.000000	0.000000	0	0.000000	0	0	0.000000	-0.000000	0.000000	0.000000	0.000000	0.000000	0.000000	0.000000	5.546174	0.305040	0.000000
D:	20138.99	-8.436174	69.770744	-0.000192	0.000192	-0.000192	0.000192	69.770744	19.331575	-1.500000	19.552166	71.270744	0.019000	19.552166	-23.125468	1.010765	0.000000	0.000000	0.000000	0.000000	0.000000	0.000000	0.000000	0.000000	0.000000	0	0.000000	0	0	0.000000	-0.000000	0.000000	0.000000	0.000000	0.000000	0.000000	0.000000	5.546174	0.305040	0.000000
D:	20147.59	-9.057700	70.086017	-0.000192	0.000192	-0.000192	0.000192	70.086017	19.751801	-1.500000	19.343958	71.586017	0.018000	19.343958	-23.110580	1.010765	0.000000	0.000000	0.000000	0.000000	0.000000	0.000000	0.000000	0.000000	0.000000	0	0.000000	0	0	0.000000	-0.000000	0.000000	0.000000	0.000000	0.000000	0.000000	0.000000	6.167700	0.339223	0.000000
D:	20156.32	-9.057700	70.086017	-0.000192	0.000192	-0.000192	0.000192	70.086017	19.751801	-1.500000	19.343958	71.586017	0.018000	19.343958	-23.110580	1.010765	0.000000	0.000000	0.000000	0.000000	0.000000	0.000000	0.000000	0.000000	0.000000	0	0.000000	0	0	0.000000	-0.000000	0.000000	0.000000	0.000000	0.000000	0.000000	0.000000	6.167700	0.339223	0.000000
D:	20164.84	-8.672088	70.401209	-0.000192	0.000192	-0.000192	0.000192	70.401209	19.153106	-1.500000	19.728907	71.901209	0.018000	19.728907	-23.099671	0.641302	0.000000	0.000000	0.000000	0.000000	0.000000	0.000000	0.000000	0.000000	0.000000	0	0.000000	0	0	0.000000	-0.000000	0.000000	0.000000	0.000000	0.000000	0.000000	0.000000	5.782088	0.318015	0.000000
D:	20173.02	-8.672088	70.401209	-0.000192	0.000192	-0.000192	0.000192	70.401209	19.153106	-1.500000	19.728907	71.901209	0.018000	19.728907	-23.099671	0.641302	0.000000	0.000000	0.000000	0.000000	0.000000	0.000000	0.000000	0.000000	0.000000	0	0.000000	0	0	0.000000	-0.000000	0.000000	0.000000	0.000000	0.000000	0.000000	0.000000	5.782088	0.318015	0.000000
D:	20181.89	-8.672088	70.401209	-0.000192	0.000192	-0.000192	0.000192	70.694642	19.597323	-1.500000	19.180649	72.194642	0.018000	19.180649	-23.070605	0.862175	0.000000	0.000000	0.000000	0.000000	0.000000	0.000000	0.000000	0.000000	0.000000	0	0.000000	0	0	0.000000	-0.000000	0.000000	0.000000	0.000000	0.000000	0.000000	0.000000	6.029115	0.331601	0.000000
D:	20190.69	-8.919115	70.694642	-0.000192	0.000192	-0.000192	0.000192	70.694642	19.597323	-1.500000	19.180649	72.194642	0.019000	19.180649	-23.070605	0.862175	0.000000	0.000000	0.000000	0.000000	0.000000	0.000000	0.000000	0.000000	0.000000	0	0.000000	0	0	0.000000	-0.000000	0.000000	0.000000	0.000000	0.000000	0.000000	0.000000	6.029115	0.331601	0.000000
D:	20199.63	-8.919115	70.694642	-0.000192	0.000192	-0.000192	0.000192	70.694642	19.597323	-1.500000	19.180649	72.194642	0.019000	19.180649	-23.070605	0.225847	0.000000	0.000000	0.000000	0.000000	0.000000	0.000000	0.000000	0.000000	0.000000	0	0.000000	0	0	0.000000	-0.000000	0.000000	0.000000	0.000000	0.000000	0.000000	0.000000	6.029115	0.331601	0.000000
D:	20208.39	-8.233239	70.947701	-0.000192	0.000192	-0.000192	0.000192	70.947701	19.182336	-1.500000	19.577391	72.447701	0.019000	19.577391	-23.029664	0.225847	0.000000	0.000000	0.000000	0.000000	0.000000	0.000000	0.000000	0.000000	0.000000	0	0.000000	0	0	0.000000	-0.000000	0.000000	0.000000	0.000000	0.000000	0.000000	0.000000	5.343239	0.293878	0.000000
D:	20217.21	-8.233239	70.947701	-0.000192	0.000192	-0.000192	0.000192	70.947701	19.182336	-1.500000	19.577391	72.447701	0.019000	19.577391	-23.029664	0.225847	0.000000	0.000000	0.000000	0.000000	0.000000	0.000000	0.000000	0.000000	0.000000	0	0.000000	0	0	0.000000	-0.000000	0.000000	0.000000	0.000000	0.000000	0.000000	0.000000	5.343239	0.293878	0.000000
D:	20225.85	-8.036188	71.226884	-0.000192	0.000192	-0.000192	0.000192	71.226884	19.294767	-1.500000	19.204512	72.726884	0.018000	19.204512	-23.004691	0.047389	0.000000	0.000000	0.000000	0.000000	0.000000	0.000000	0.000000	0.000000	0.000000	0	0.000000	0	0	0.000000	-0.000000	0.000000	0.000000	0.000000	0.000000	0.000000	0.000000	5.146188	0.283040	0.000000
D:	20234.25	-8.036188	71.226884	-0.000192	0.000192	-0.000192	0.000192	71.226884	19.294767	-1.500000	19.204512	72.726884	0.018000	19.204512	-23.004691	0.047389	0.000000	0.000000	0.000000	0.000000	0.000000	0.000000	0.000000	0.000000	0.000000	0	0.000000	0	0	0.000000	-0.000000	0.000000	0.000000	0.000000	0.000000	0.000000	0.000000	5.146188	0.283040	0.000000
D:	20242.45	-8.036188	71.226884	-0.000192	0.000192	-0.000192	0.000192	71.559328	19.221112	-1.500000	19.289701	73.059328	0.018000	19.289701	-22.999738	-0.136564	0.000000	0.000000	0.000000	0.000000	0.000000	0.000000	0.000000	0.000000	0.000000	0	0.000000	0	0	0.000000	-0.000000	0.000000	0.000000	0.000000	0.000000	0.000000	0.000000	4.936081	0.271484	0.000000
D:	20251.23	-7.826081	71.559328	-0.000192	0.000192	-0.000192	0.000192	71.559328	19.221112	-1.500000	19.289701	73.059328	0.018000	19.289701	-22.999738	-0.136564	0.000000	0.000000	0.000000	0.000000	0.000000	0.000000	0.000000	0.000000	0.000000	0	0.000000	0	0	0.000000	-0.000000	0.000000	0.000000	0.000000	0.000000	0.000000	0.000000	4.936081	0.271484	0.000000
D:	20259.50	-7.826081	71.559328	-0.000192	0.000192	-0.000192	0.000192	71.559328	19.221112	-1.500000	19.289701	73.059328	0.018000	19.289701	-22.999738	-0.136564	0.000000	0.000000	0.000000	0.000000	0.000000	0.000000	0.000000	0.000000	0.000000	0	0.000000	0	0	0.000000	-0.000000	0.000000	0.000000	0.000000	0.000000	0.000000	0.000000	4.936081	0.271484	0.000000
D:	20267.23	-8.190369	71.842660	-0.000192	0.000192	-0.000192	0.000192	71.842660	19.168676	-1.500000	19.224393	73.342660	0.019000	19.224393	-22.970203	0.200603	0.000000	0.000000	0.000000	0.000000	0.000000	0.000000	0.000000	0.000000	0.000000	0	0.000000	0	0	0.000000	-0.000000	0.000000	0.000000	0.000000	0.000000	0.000000	0.000000	5.300369	0.291520	0.000000
D:	20275.43	-8.190369	71.842660	-0.000192	0.000192	-0.000192	0.000192	71.842660	19.168676	-1.500000	19.224393	73.342660	0.019000	19.224393	-22.970203	0.200603	0.000000	0.000000	0.000000	0.000000	0.000000	0.000000	0.000000	0.000000	0.000000	0	0.000000	0	0	0.000000	-0.000000	0.000000	0.000000	0.000000	0.000000	0.000000	0.000000	5.300369	0.291520	0.000000
D:	20283.52	-8.190369	71.842660	-0.000192	0.000192	-0.000192	0.000192	72.183320	19.311776	-1.500000	19.171341	73.683320	0.019000	19.171341	-22.960631	-0.155797	0.000000	0.000000	0.000000	0.000000	0.000000	0.000000	0.000000	0.000000	0.000000	0	0.000000	0	0	0.000000	-0.000000	0.000000	0.000000	0.000000	0.000000	0.000000	0.000000	4.910627	0.270085	0.000000
D:	20291.47	-7.800627	72.183320	-0.000192	0.000192	-0.000192	0.000192	72.183320	19.311776	-1.500000	19.171341	73.683320	0.019000	19.171341	-22.960631	-0.155797	0.000000	0.000000	0.000000	0.000000	0.000000	0.000000	0.000000	0.000000	0.000000	0	0.000000	0	0	0.000000	-0.000000	0.000000	0.000000	0.000000	0.000000	0.000000	0.000000	4.910627	0.270085	0.000000
D:	20299.76	-7.800627	72.183320	-0.000192	0.000192	-0.000192	0.000192	72.183320	19.311776	-1.500000	19.171341	73.683320	0.019000	19.171341	-22.960631	-0.155797	0.000000	0.000000	0.000000	0.000000	0.000000	0.000000	0.000000	0.000000	0.000000	0	0.000000	0	0	0.000000	-0.000000	0.000000	0.000000	0.000000	0.000000	0.000000	0.000000	4.910627	0.270085	0.000000
D:	20308.21	-7.817478	72.476746	-0.000192	0.000192	-0.000192	0.000192	72.476746	19.041931	-1.500000	19.303892	73.976746	0.018000	19.303892	-22.942694	-0.132632	0.000000	0.000000	0.000000	0.000000	0.000000	0.000000	0.000000	0.000000	0.000000	0	0.000000	0	0	0.000000	-0.000000	0.000000	0.000000	0.000000	0.000000	0.000000	0.000000	4.927478	0.271011	0.000000
D:	20316.60	-7.817478	72.476746	-0.000192	0.000192	-0.000192	0.000192	72.476746	19.041931	-1.500000	19.303892	73.976746	0.018000	19.303892	-22.942694	-0.132632	0.000000	0.000000	0.000000	0.000000	0.000000	0.000000	0.000000	0.000000	0.000000	0	0.000000	0	0	0.000000	-0.000000	0.000000	0.000000	0.000000	0.000000	0.000000	0.000000	4.927478	0.271011	0.000000
D:	20325.21	-7.817478	72.476746	-0.000192	0.000192	-0.000192	0.000192	72.724440	19.106248	-1.500000	19.056636	74.224440	0.018000	19.056636	-22.907775	-0.817843	0.000000	0.000000	0.000000	0.000000	0.000000	0.000000	0.000000	0.000000	0.000000	0	0.000000	0	0	0.000000	-0.000000	0.000000	0.000000	0.000000	0.000000	0.000000	0.000000	4.168965	0.229293	0.000000
D:	20333.60	-7.058965	72.724440	-0.000192	0.000192	-0.000192	0.000192	72.724440	19.106248	-1.500000	19.056636	74.224440	0.018000	19.056636	-22.907775	-0.817843	0.000000	0.000000	0.000000	0.000000	0.000000	0.000000	0.000000	0.000000	0.000000	0	0.000000	0	0	0.000000	-0.000000	0.000000	0.000000	0.000000	0.000000	0.000000	0.000000	4.168965	0.229293	0.000000
D:	20341.45	-7.058965	72.724440	-0.000192	0.000192	-0.000192	0.000192	72.724440	19.106248	-1.500000	19.056636	74.224440	0.018000	19.056636	-22.907775	-0.757284	0.000000	0.000000	0.000000	0.000000	0.000000	0.000000	0.000000	0.000000	0.000000	0	0.000000	0	0	0.000000	-0.000000	0.000000	0.000000	0.000000	0.000000	0.000000	0.000000	4.218017	0.229293	0.000000
D:	20349.39	-7.108017	73.022535	-0.000192	0.000192	-0.000192	0.000192	73.022535	19.165600	-1.500000	19.103463	74.522535	0.018000	19.103463	-22.890791	-0.757284	0.000000	0.000000	0.000000	0.000000	0.000000	0.000000	0.000000	0.000000	0.000000	0	0.000000	0	0	0.000000	-0.000000	0.000000	0.000000	0.000000	0.000000	0.000000	0.000000	4.218017	0.231991	0.000000
D:	20357.48	-7.108017	73.022535	-0.000192	0.000192	-0.000192	0.000192	73.022535	19.165600	-1.500000	19.103463	74.522535	0.018000	19.103463	-22.890791	-0.757284	0.000000	0.000000	0.000000	0.000000	0.000000	0.000000	0.000000	0.000000	0.000000	0	0.000000	0	0	0.000000	-0.000000	0.000000	0.000000	0.000000	0.000000	0.000000	0.000000	4.218017	0.231991	0.000000
D:	20365.63	-7.108017	73.022535	-0.000192	0.000192	-0.000192	0.000192	73.320827	19.119202	-1.500000	19.162628	74.820827	0.018000	19.162628	-22.867293	-0.594031	0.000000	0.000000	0.000000	0.000000	0.000000	0.000000	0.000000	0.000000	0.000000	0	0.000000	0	0	0.000000	-0.000000	0.000000	0.000000	0.000000	0.000000	0.000000	0.000000	4.380251	0.240914	0.000000
D:	20373.49	-7.270251	73.320827	-0.000192	0.000192	-0.000192	0.000192	73.320827	19.119202	-1.500000	19.162628	74.820827	0.019000	19.162628	-22.867293	-0.594031	0.000000	0.000000	0.000000	0.000000	0.000000	0.000000	0.000000	0.000000	0.000000	0	0.000000	0	0	0.000000	-0.000000	0.000000	0.000000	0.000000	0.000000	0.000000	0.000000	4.380251	0.240914	0.000000
D:	20381.51	-7.270251	73.320827	-0.000192	0.000192	-0.000192	0.000192	73.320827	19.119202	-1.500000	19.162628	74.820827	0.019000	19.162628	-22.867293	-0.052248	0.000000	0.000000	0.000000	0.000000	0.000000	0.000000	0.000000	0.000000	0.000000	0	0.000000	0	0	0.000000	-0.000000	0.000000	0.000000	0.000000	0.000000	0.000000	0.000000	4.380251	0.240914	0.000000
D:	20389.48	-7.844405	73.668077	-0.000192	0.000192	-0.000192	0.000192	73.668077	19.211327	-1.500000	19.121640	75.168077	0.018000	19.121640	-22.867815	-0.052248	0.000000	0.000000	0.000000	0.000000	0.000000	0.000000	0.000000	0.000000	0.000000	0	0.000000	0	0	0.000000	-0.000000	0.000000	0.000000	0.000000	0.000000	0.000000	0.000000	4.954405	0.272492	0.000000
D:	20397.65	-7.844405	73.668077	-0.000192	0.000192	-0.000192	0.000192	73.668077	19.211327	-1.500000	19.121640	75.168077	0.018000	19.121640	-22.867815	-0.052248	0.000000	0.000000	0.000000	0.000000	0.000000	0.000000	0.000000	0.000000	0.000000	0	0.000000	0	0	0.000000	-0.000000	0.000000	0.000000	0.000000	0.000000	0.000000	0.000000	4.954405	0.272492	0.000000
D:	20406.50	-8.075470	73.913247	-0.000192	0.000192	-0.000192	0.000192	73.913247	19.084296	-1.500000	19.206292	75.413247	0.018000	19.206292	-22.832388	0.166197	0.000000	0.000000	0.000000	0.000000	0.000000	0.000000	0.000000	0.000000	0.000000	0	0.000000	0	0	0.000000	-0.000000	0.000000	0.000000	0.000000	0.000000	0.000000	0.000000	5.185470	0.285201	0.000000
D:	20416.19	-8.075470	73.913247	-0.000192	0.000192	-0.000192	0.000192	73.913247	19.084296	-1.500000	19.206292	75.413247	0.018000	19.206292	-22.832388	0.166197	0.000000	0.000000	0.000000	0.000000	0.000000	0.000000	0.000000	0.000000	0.000000	0	0.000000	0	0	0.000000	-0.000000	0.000000	0.000000	0.000000	0.000000	0.000000	0.000000	5.185470	0.285201	0.000000
D:	20424.27	-8.075470	73.913247	-0.000192	0.000192	-0.000192	0.000192	74.135626	18.972756	-1.500000	19.091145	75.635626	0.018000	19.091145	-22.789550	0.092595	0.000000	0.000000	0.000000	0.000000	0.000000	0.000000	0.000000	0.000000	0.000000	0	0.000000	0	0	0.000000	-0.000000	0.000000	0.000000	0.000000	0.000000	0.000000	0.000000	5.106055	0.280833	0.000000
D:	20432.35	-7.996056	74.135626	-0.000192	0.000192	-0.000192	0.000192	74.135626	18.972756	-1.500000	19.091145	75.635626	0.018000	19.091145	-22.789550	0.092595	0.000000	0.000000	0.000000	0.000000	0.000000	0.000000	0.000000	0.000000	0.000000	0	0.000000	0	0	0.000000	-0.000000	0.000000	0.000000	0.000000	0.000000	0.000000	0.000000	5.106055	0.280833	0.000000
D:	20441.47	-7.996056	74.135626	-0.000192	0.000192	-0.000192	0.000192	74.135626	18.972756	-1.500000	19.091145	75.874059	0.018000	18.978419	-22.789550	0.185830	0.000000	0.000000	0.000000	0.000000	0.000000	0.000000	0.000000	0.000000	0.000000	0	0.000000	0	0	0.000000	-0.000000	0.000000	0.000000	0.000000	0.000000	0.000000	0.000000	5.201612	0.286089	0.000000
D:	20451.50	-8.091612	74.374059	-0.000192	0.000192	-0.000192	0.000192	74.374059	19.209758	-1.500000	18.978419	75.874059	0.019000	18.978419	-22.744109	0.185830	0.000000	0.000000	0.000000	0.000000	0.000000	0.000000	0.000000	0.000000	0.000000	0	0.000000	0	0	0.000000	-0.000000	0.000000	0.000000	0.000000	0.000000	0.000000	0.000000	5.201612	0.286089	0.000000
D:	20460.39	-8.091612	74.374059	-0.000192	0.000192	-0.000192	0.000192	74.374059	19.209758	-1.500000	18.978419	75.874059	0.019000	18.978419	-22.744109	0.185830	0.000000	0.000000	0.000000	0.000000	0.000000	0.000000	0.000000	0.000000	0.000000	0	0.000000	0	0	0.000000	-0.000000	0.000000	0.000000	0.000000	0.000000	0.000000	0.000000	5.201612	0.286089	0.000000
D:	20469.16	-8.351498	74.664352	-0.000192	0.000192	-0.000192	0.000192	74.664352	18.939710	-1.500000	19.196772	76.164352	0.018000	19.196772	-22.725970	0.423368	0.000000	0.000000	0.000000	0.000000	0.000000	0.000000	0.000000	0.000000	0.000000	0	0.000000	0	0	0.000000	-0.000000	0.000000	0.000000	0.000000	0.000000	0.000000	0.000000	5.461497	0.300382	0.000000
D:	20478.07	-8.351498	74.664352	-0.000192	0.000192	-0.000192	0.000192	74.664352	18.939710	-1.500000	19.196772	76.164352	0.018000	19.196772	-22.725970	0.423368	0.000000	0.000000	0.000000	0.000000	0.000000	0.000000	0.000000	0.000000	0.000000	0	0.000000	0	0	0.000000	-0.000000	0.000000	0.000000	0.000000	0.000000	0.000000	0.000000	5.461497	0.300382	0.000000
D:	20486.77	-8.351498	74.664352	-0.000192	0.000192	-0.000192	0.000192	74.957018	19.066671	-1.500000	18.954140	76.457018	0.018000	18.954140	-22.707892	0.854871	0.000000	0.000000	0.000000	0.000000	0.000000	0.000000	0.000000	0.000000	0.000000	0	0.000000	0	0	0.000000	-0.000000	0.000000	0.000000	0.000000	0.000000	0.000000	0.000000	5.935991	0.326480	0.000000
D:	20495.40	-8.825991	74.957018	-0.000192	0.000192	-0.000192	0.000192	74.957018	19.066671	-1.500000	18.954140	76.457018	0.018000	18.954140	-22.707892	0.854871	0.000000	0.000000	0.000000	0.000000	0.000000	0.000000	0.000000	0.000000	0.000000	0	0.000000	0	0	0.000000	-0.000000	0.000000	0.000000	0.000000	0.000000	0.000000	0.000000	5.935991	0.326480	0.000000
D:	20503.92	-8.825991	74.957018	-0.000192	0.000192	-0.000192	0.000192	75.246214	19.388825	-1.500000	19.060354	76.746214	0.018000	19.060354	-22.686534	0.933046	0.000000	0.000000	0.000000	0.000000	0.000000	0.000000	0.000000	0.000000	0.000000	0	0.000000	0	0	0.000000	-0.000000	0.000000	0.000000	0.000000	0.000000	0.000000	0.000000	6.029697	0.331633	0.000000
D:	20512.87	-8.919697	75.246214	-0.000192	0.000192	-0.000192	0.000192	75.246214	19.388825	-1.500000	19.060354	76.746214	0.018000	19.060354	-22.686534	0.933046	0.000000	0.000000	0.000000	0.000000	0.000000	0.000000	0.000000	0.000000	0.000000	0	0.000000	0	0	0.000000	-0.000000	0.000000	0.000000	0.000000	0.000000	0.000000	0.000000	6.029697	0.331633	0.000000
D:	20522.05	-8.919697	75.246214	-0.000192	0.000192	-0.000192	0.000192	75.246214	19.388825	-1.500000	19.060354	76.746214	0.018000	19.060354	-22.686534	1.054828	0.000000	0.000000	0.000000	0.000000	0.000000	0.000000	0.000000	0.000000	0.000000	0	0.000000	0	0	0.000000	-0.000000	0.000000	0.000000	0.000000	0.000000	0.000000	0.000000	6.029697	0.331633	0.000000
D:	20531.11	-9.062946	75.524512	-0.000192	0.000192	-0.000192	0.000192	75.524512	18.848901	-1.500000	19.373112	77.024512	0.019000	19.373112	-22.658062	1.054828	0.000000	0.000000	0.000000	0.000000	0.000000	0.000000	0.000000	0.000000	0.000000	0	0.000000	0	0	0.000000	-0.000000	0.000000	0.000000	0.000000	0.000000	0.000000	0.000000	6.172946	0.339512	0.000000
D:	20539.60	-9.062946	75.524512	-0.000192	0.000192	-0.000192	0.000192	75.524512	18.848901	-1.500000	19.373112	77.024512	0.019000	19.373112	-22.658062	1.054828	0.000000	0.000000	0.000000	0.000000	0.000000	0.000000	0.000000	0.000000	0.000000	0	0.000000	0	0	0.000000	-0.000000	0.000000	0.000000	0.000000	0.000000	0.000000	0.000000	6.172946	0.339512	0.000000
D:	20548.61	-9.289457	75.762926	-0.000192	0.000192	-0.000192	0.000192	75.762926	18.768650	-1.500000	18.873977	77.262926	0.019000	18.873977	-22.615979	1.245192	0.000000	0.000000	0.000000	0.000000	0.000000	0.000000	0.000000	0.000000	0.000000	0	0.000000	0	0	0.000000	-0.000000	0.000000	0.000000	0.000000	0.000000	0.000000	0.000000	6.399457	0.351970	0.000000
D:	20557.70	-9.289457	75.762926	-0.000192	0.000192	-0.000192	0.000192	75.762926	18.768650	-1.500000	18.873977	77.262926	0.019000	18.873977	-22.615979	1.245192	0.000000	0.000000	0.000000	0.000000	0.000000	0.000000	0.000000	0.000000	0.000000	0	0.000000	0	0	0.000000	-0.000000	0.000000	0.000000	0.000000	0.000000	0.000000	0.000000	6.399457	0.351970	0.000000
D:	20566.56	-9.289457	75.762926	-0.000192	0.000192	-0.000192	0.000192	75.978783	18.930374	-1.500000	18.774563	77.478783	0.019000	18.774563	-22.571595	1.140925	0.000000	0.000000	0.000000	0.000000	0.000000	0.000000	0.000000	0.000000	0.000000	0	0.000000	0	0	0.000000	-0.000000	0.000000	0.000000	0.000000	0.000000	0.000000	0.000000	6.300649	0.346536	0.000000
D:	20575.49	-9.190649	75.978783	-0.000192	0.000192	-0.000192	0.000192	75.978783	18.930374	-1.500000	18.774563	77.478783	0.018000	18.774563	-22.571595	1.140925	0.000000	0.000000	0.000000	0.000000	0.000000	0.000000	0.000000	0.000000	0.000000	0	0.000000	0	0	0.000000	-0.000000	0.000000	0.000000	0.000000	0.000000	0.000000	0.000000	6.300649	0.346536	0.000000
D:	20584.23	-9.190649	75.978783	-0.000192	0.000192	-0.000192	0.000192	75.978783	18.930374	-1.500000	18.921627	77.702027	0.018000	18.921627	-22.571595	1.048873	0.000000	0.000000	0.000000	0.000000	0.000000	0.000000	0.000000	0.000000	0.000000	0	0.000000	0	0	0.000000	-0.000000	0.000000	0.000000	0.000000	0.000000	0.000000	0.000000	6.215909	0.341875	0.000000
D:	20592.97	-9.105909	76.202027	-0.000192	0.000192	-0.000192	0.000192	76.202027	18.797922	-1.500000	18.921627	77.702027	0.018000	18.921627	-22.530746	1.048873	0.000000	0.000000	0.000000	0.000000	0.000000	0.000000	0.000000	0.000000	0.000000	0	0.000000	0	0	0.000000	-0.000000	0.000000	0.000000	0.000000	0.000000	0.000000	0.000000	6.215909	0.341875	0.000000
D:	20602.11	-9.105909	76.202027	-0.000192	0.000192	-0.000192	0.000192	76.202027	18.797922	-1.500000	18.921627	77.702027	0.018000	18.921627	-22.530746	1.048873	0.000000	0.000000	0.000000	0.000000	0.000000	0.000000	0.000000	0.000000	0.000000	0	0.000000	0	0	0.000000	-0.000000	0.000000	0.000000	0.000000	0.000000	0.000000	0.000000	6.215909	0.341875	0.000000
D:	20610.91	-9.418336	76.430308	-0.000192	0.000192	-0.000192	0.000192	76.430308	18.835960	-1.500000	18.803839	77.930308	0.019000	18.803839	-22.484815	1.322984	0.000000	0.000000	0.000000	0.000000	0.000000	0.000000	0.000000	0.000000	0.000000	0	0.000000	0	0	0.000000	-0.000000	0.000000	0.000000	0.000000	0.000000	0.000000	0.000000	6.528336	0.359058	0.000000
D:	20619.65	-9.418336	76.430308	-0.000192	0.000192	-0.000192	0.000192	76.430308	18.835960	-1.500000	18.803839	77.930308	0.019000	18.803839	-22.484815	1.322984	0.000000	0.000000	0.000000	0.000000	0.000000	0.000000	0.000000	0.000000	0.000000	0	0.000000	0	0	0.000000	-0.000000	0.000000	0.000000	0.000000	0.000000	0.000000	0.000000	6.528336	0.359058	0.000000
D:	20628.39	-8.995554	76.719839	-0.000192	0.000192	-0.000192	0.000192	76.719839	18.834683	-1.500000	18.834424	78.219839	0.019000	18.834424	-22.460637	0.915785	0.000000	0.000000	0.000000	0.000000	0.000000	0.000000	0.000000	0.000000	0.000000	0	0.000000	0	0	0.000000	-0.000000	0.000000	0.000000	0.000000	0.000000	0.000000	0.000000	6.105554	0.335805	0.000000
D:	20637.49	-8.995554	76.719839	-0.000192	0.000192	-0.000192	0.000192	76.719839	18.834683	-1.500000	18.834424	78.219839	0.019000	18.834424	-22.460637	0.915785	0.000000	0.000000	0.000000	0.000000	0.000000	0.000000	0.000000	0.000000	0.000000	0	0.000000	0	0	0.000000	-0.000000	0.000000	0.000000	0.000000	0.000000	0.000000	0.000000	6.105554	0.335805	0.000000
D:	20646.23	-8.995554	76.719839	-0.000192	0.000192	-0.000192	0.000192	76.958567	18.442969	-1.500000	18.834669	78.458567	0.019000	18.834669	-22.427702	1.706175	0.000000	0.000000	0.000000	0.000000	0.000000	0.000000	0.000000	0.000000	0.000000	0	0.000000	0	0	0.000000	-0.000000	0.000000	0.000000	0.000000	0.000000	0.000000	0.000000	6.984442	0.384144	0.000000
D:	20654.97	-9.874443	76.958567	-0.000192	0.000192	-0.000192	0.000192	76.958567	18.442969	-1.500000	18.834669	78.458567	0.018000	18.834669	-22.427702	1.706175	0.000000	0.000000	0.000000	0.000000	0.000000	0.000000	0.000000	0.000000	0.000000	0	0.000000	0	0	0.000000	-0.000000	0.000000	0.000000	0.000000	0.000000	0.000000	0.000000	6.984442	0.384144	0.000000
D:	20663.82	-9.874443	76.958567	-0.000192	0.000192	-0.000192	0.000192	76.958567	18.442969	-1.500000	18.834669	78.458567	0.018000	18.834669	-22.427702	1.729105	0.000000	0.000000	0.000000	0.000000	0.000000	0.000000	0.000000	0.000000	0.000000	0	0.000000	0	0	0.000000	-0.000000	0.000000	0.000000	0.000000	0.000000	0.000000	0.000000	6.984442	0.384144	0.000000
D:	20672.36	-9.923585	77.228657	-0.000192	0.000192	-0.000192	0.000192	77.228657	18.899162	-1.500000	18.464957	78.728657	0.018000	18.464957	-22.402978	1.729105	0.000000	0.000000	0.000000	0.000000	0.000000	0.000000	0.000000	0.000000	0.000000	0	0.000000	0	0	0.000000	-0.000000	0.000000	0.000000	0.000000	0.000000	0.000000	0.000000	7.033585	0.386847	0.000000
D:	20680.86	-9.923585	77.228657	-0.000192	0.000192	-0.000192	0.000192	77.228657	18.899162	-1.500000	18.464957	78.728657	0.018000	18.464957	-22.402978	1.729105	0.000000	0.000000	0.000000	0.000000	0.000000	0.000000	0.000000	0.000000	0.000000	0	0.000000	0	0	0.000000	-0.000000	0.000000	0.000000	0.000000	0.000000	0.000000	0.000000	7.033585	0.386847	0.000000
D:	20689.08	-10.303918	77.433832	-0.000192	0.000192	-0.000192	0.000192	77.433832	18.701224	-1.500000	18.878391	78.933832	0.019000	18.878391	-22.350079	2.055039	0.000000	0.000000	0.000000	0.000000	0.000000	0.000000	0.000000	0.000000	0.000000	0	0.000000	0	0	0.000000	-0.000000	0.000000	0.000000	0.000000	0.000000	0.000000	0.000000	7.413918	0.407765	0.000000
D:	20697.97	-10.303918	77.433832	-0.000192	0.000192	-0.000192	0.000192	77.433832	18.701224	-1.500000	18.878391	78.933832	0.019000	18.878391	-22.350079	2.055039	0.000000	0.000000	0.000000	0.000000	0.000000	0.000000	0.000000	0.000000	0.000000	0	0.000000	0	0	0.000000	-0.000000	0.000000	0.000000	0.000000	0.000000	0.000000	0.000000	7.413918	0.407765	0.000000
D:	20706.59	-10.303918	77.433832	-0.000192	0.000192	-0.000192	0.000192	77.686592	18.490974	-1.500000	18.709699	79.186592	0.019000	18.709699	-22.315402	2.385835	0.000000	0.000000	0.000000	0.000000	0.000000	0.000000	0.000000	0.000000	0.000000	0	0.000000	0	0	0.000000	-0.000000	0.000000	0.000000	0.000000	0.000000	0.000000	0.000000	7.811566	0.429636	0.000000
D:	20715.25	-10.701567	77.686592	-0.000192	0.000192	-0.000192	0.000192	77.686592	18.490974	-1.500000	18.709699	79.186592	0.019000	18.709699	-22.315402	2.385835	0.000000	0.000000	0.000000	0.000000	0.000000	0.000000	0.000000	0.000000	0.000000	0	0.000000	0	0	0.000000	-0.000000	0.000000	0.000000	0.000000	0.000000	0.000000	0.000000	7.811566	0.429636	0.000000
D:	20723.81	-10.701567	77.686592	-0.000192	0.000192	-0.000192	0.000192	77.686592	18.490974	-1.500000	18.709699	79.186592	0.019000	18.709699	-22.315402	2.196538	0.000000	0.000000	0.000000	0.000000	0.000000	0.000000	0.000000	0.000000	0.000000	0	0.000000	0	0	0.000000	-0.000000	0.000000	0.000000	0.000000	0.000000	0.000000	0.000000	7.811566	0.429636	0.000000
D:	20732.71	-10.527307	77.923419	-0.000192	0.000192	-0.000192	0.000192	77.923419	18.813991	-1.500000	18.503252	79.423419	0.018000	18.503252	-22.279640	2.196538	0.000000	0.000000	0.000000	0.000000	0.000000	0.000000	0.000000	0.000000	0.000000	0	0.000000	0	0	0.000000	-0.000000	0.000000	0.000000	0.000000	0.000000	0.000000	0.000000	7.637307	0.420052	0.000000
D:	20741.19	-10.527307	77.923419	-0.000192	0.000192	-0.000192	0.000192	77.923419	18.813991	-1.500000	18.503252	79.423419	0.018000	18.503252	-22.279640	2.196538	0.000000	0.000000	0.000000	0.000000	0.000000	0.000000	0.000000	0.000000	0.000000	0	0.000000	0	0	0.000000	-0.000000	0.000000	0.000000	0.000000	0.000000	0.000000	0.000000	7.637307	0.420052	0.000000
D:	20750.74	-10.263715	78.101472	-0.000192	0.000192	-0.000192	0.000192	78.101472	18.560787	-1.500000	18.796548	79.601472	0.018000	18.796548	-22.224909	1.921724	0.000000	0.000000	0.000000	0.000000	0.000000	0.000000	0.000000	0.000000	0.000000	0	0.000000	0	0	0.000000	-0.000000	0.000000	0.000000	0.000000	0.000000	0.000000	0.000000	7.373714	0.405554	0.000000
D:	20760.91	-10.263715	78.101472	-0.000192	0.000192	-0.000192	0.000192	78.101472	18.560787	-1.500000	18.796548	79.601472	0.018000	18.796548	-22.224909	1.921724	0.000000	0.000000	0.000000	0.000000	0.000000	0.000000	0.000000	0.000000	0.000000	0	0.000000	0	0	0.000000	-0.000000	0.000000	0.000000	0.000000	0.000000	0.000000	0.000000	7.373714	0.405554	0.000000
D:	20770.11	-10.301897	78.368838	-0.000192	0.000192	-0.000192	0.000192	78.368838	18.569015	-1.500000	18.572064	79.868838	0.019000	18.572064	-22.194969	1.932421	0.000000	0.000000	0.000000	0.000000	0.000000	0.000000	0.000000	0.000000	0.000000	0	0.000000	0	0	0.000000	-0.000000	0.000000	0.000000	0.000000	0.000000	0.000000	0.000000	7.411897	0.407654	0.000000
D:	20779.11	-10.301897	78.368838	-0.000192	0.000192	-0.000192	0.000192	78.368838	18.569015	-1.500000	18.572064	79.868838	0.019000	18.572064	-22.194969	1.932421	0.000000	0.000000	0.000000	0.000000	0.000000	0.000000	0.000000	0.000000	0.000000	0	0.000000	0	0	0.000000	-0.000000	0.000000	0.000000	0.000000	0.000000	0.000000	0.000000	7.411897	0.407654	0.000000
D:	20787.99	-10.301897	78.368838	-0.000192	0.000192	-0.000192	0.000192	78.617539	18.601074	-1.500000	18.569161	80.117539	0.019000	18.569161	-22.158326	2.010395	0.000000	0.000000	0.000000	0.000000	0.000000	0.000000	0.000000	0.000000	0.000000	0	0.000000	0	0	0.000000	-0.000000	0.000000	0.000000	0.000000	0.000000	0.000000	0.000000	7.527059	0.413988	0.000000
D:	20796.90	-10.417059	78.617539	-0.000192	0.000192	-0.000192	0.000192	78.617539	18.601074	-1.500000	18.569161	80.117539	0.019000	18.569161	-22.158326	2.010395	0.000000	0.000000	0.000000	0.000000	0.000000	0.000000	0.000000	0.000000	0.000000	0	0.000000	0	0	0.000000	-0.000000	0.000000	0.000000	0.000000	0.000000	0.000000	0.000000	7.527059	0.413988	0.000000
D:	20805.35	-10.417059	78.617539	-0.000192	0.000192	-0.000192	0.000192	78.617539	18.601074	-1.500000	18.569161	80.117539	0.019000	18.569161	-22.158326	2.191229	0.000000	0.000000	0.000000	0.000000	0.000000	0.000000	0.000000	0.000000	0.000000	0	0.000000	0	0	0.000000	-0.000000	0.000000	0.000000	0.000000	0.000000	0.000000	0.000000	7.753508	0.413988	0.000000
D:	20813.95	-10.643508	78.756444	-0.000192	0.000192	-0.000192	0.000192	78.756444	18.244792	-1.500000	18.599282	80.256444	0.018000	18.599282	-22.092120	2.191229	0.000000	0.000000	0.000000	0.000000	0.000000	0.000000	0.000000	0.000000	0.000000	0	0.000000	0	0	0.000000	-0.000000	0.000000	0.000000	0.000000	0.000000	0.000000	0.000000	7.753508	0.426443	0.000000
D:	20823.93	-10.643508	78.756444	-0.000192	0.000192	-0.000192	0.000192	78.756444	18.244792	-1.500000	18.599282	80.256444	0.018000	18.599282	-22.092120	1.746000	0.000000	0.000000	0.000000	0.000000	0.000000	0.000000	0.000000	0.000000	0.000000	0	0.000000	0	0	0.000000	-0.000000	0.000000	0.000000	0.000000	0.000000	0.000000	0.000000	7.753508	0.426443	0.000000
D:	20833.57	-10.194853	78.978563	-0.000192	0.000192	-0.000192	0.000192	78.978563	18.124490	-1.500000	18.264691	80.478563	0.018000	18.264691	-22.055788	1.746000	0.000000	0.000000	0.000000	0.000000	0.000000	0.000000	0.000000	0.000000	0.000000	0	0.000000	0	0	0.000000	-0.000000	0.000000	0.000000	0.000000	0.000000	0.000000	0.000000	7.304852	0.401767	0.000000
D:	20842.00	-10.194853	78.978563	-0.000192	0.000192	-0.000192	0.000192	78.978563	18.124490	-1.500000	18.264691	80.478563	0.018000	18.264691	-22.055788	1.746000	0.000000	0.000000	0.000000	0.000000	0.000000	0.000000	0.000000	0.000000	0.000000	0	0.000000	0	0	0.000000	-0.000000	0.000000	0.000000	0.000000	0.000000	0.000000	0.000000	7.304852	0.401767	0.000000
D:	20850.25	-10.234609	78.978563	-0.000192	0.000192	-0.000192	0.000192	79.164713	18.470441	-1.500000	18.132360	80.664713	0.018000	18.132360	-22.004792	1.760301	0.000000	0.000000	0.000000	0.000000	0.000000	0.000000	0.000000	0.000000	0.000000	0	0.000000	0	0	0.000000	-0.000000	0.000000	0.000000	0.000000	0.000000	0.000000	0.000000	7.344609	0.403953	0.000000
D:	20858.55	-10.234609	79.164713	-0.000192	0.000192	-0.000192	0.000192	79.164713	18.470441	-1.500000	18.132360	80.664713	0.018000	18.132360	-22.004792	1.760301	0.000000	0.000000	0.000000	0.000000	0.000000	0.000000	0.000000	0.000000	0.000000	0	0.000000	0	0	0.000000	-0.000000	0.000000	0.000000	0.000000	0.000000	0.000000	0.000000	7.344609	0.403953	0.000000
D:	20866.87	-10.234609	79.164713	-0.000192	0.000192	-0.000192	0.000192	79.164713	18.470441	-1.500000	18.454269	80.840107	0.018000	18.454269	-22.004792	2.099980	0.000000	0.000000	0.000000	0.000000	0.000000	0.000000	0.000000	0.000000	0.000000	0	0.000000	0	0	0.000000	-0.000000	0.000000	0.000000	0.000000	0.000000	0.000000	0.000000	7.744373	0.425941	0.000000
D:	20875.14	-10.634373	79.340107	-0.000192	0.000192	-0.000192	0.000192	79.340107	18.204963	-1.500000	18.454269	80.840107	0.019000	18.454269	-21.945421	2.099980	0.000000	0.000000	0.000000	0.000000	0.000000	0.000000	0.000000	0.000000	0.000000	0	0.000000	0	0	0.000000	-0.000000	0.000000	0.000000	0.000000	0.000000	0.000000	0.000000	7.744373	0.425941	0.000000
D:	20884.34	-10.634373	79.340107	-0.000192	0.000192	-0.000192	0.000192	79.340107	18.204963	-1.500000	18.454269	80.840107	0.019000	18.454269	-21.945421	2.229504	0.000000	0.000000	0.000000	0.000000	0.000000	0.000000	0.000000	0.000000	0.000000	0	0.000000	0	0	0.000000	-0.000000	0.000000	0.000000	0.000000	0.000000	0.000000	0.000000	7.744373	0.425941	0.000000
D:	20894.12	-10.813157	79.497331	-0.000192	0.000192	-0.000192	0.000192	79.497331	17.827444	-1.500000	18.218957	80.997331	0.018000	18.218957	-21.888513	2.229504	0.000000	0.000000	0.000000	0.000000	0.000000	0.000000	0.000000	0.000000	0.000000	0	0.000000	0	0	0.000000	-0.000000	0.000000	0.000000	0.000000	0.000000	0.000000	0.000000	7.923157	0.435774	0.000000
D:	20902.38	-10.813157	79.497331	-0.000192	0.000192	-0.000192	0.000192	79.497331	17.827444	-1.500000	18.218957	80.997331	0.018000	18.218957	-21.888513	2.229504	0.000000	0.000000	0.000000	0.000000	0.000000	0.000000	0.000000	0.000000	0.000000	0	0.000000	0	0	0.000000	-0.000000	0.000000	0.000000	0.000000	0.000000	0.000000	0.000000	7.923157	0.435774	0.000000
D:	20911.52	-10.960022	79.738954	-0.000192	0.000192	-0.000192	0.000192	79.738954	18.460080	-1.500000	17.849422	81.238954	0.018000	17.849422	-21.857026	2.332818	0.000000	0.000000	0.000000	0.000000	0.000000	0.000000	0.000000	0.000000	0.000000	0	0.000000	0	0	0.000000	-0.000000	0.000000	0.000000	0.000000	0.000000	0.000000	0.000000	8.070023	0.443851	0.000000
D:	20921.47	-10.960022	79.738954	-0.000192	0.000192	-0.000192	0.000192	79.738954	18.460080	-1.500000	17.849422	81.238954	0.018000	17.849422	-21.857026	2.332818	0.000000	0.000000	0.000000	0.000000	0.000000	0.000000	0.000000	0.000000	0.000000	0	0.000000	0	0	0.000000	-0.000000	0.000000	0.000000	0.000000	0.000000	0.000000	0.000000	8.070023	0.443851	0.000000
D:	20930.38	-10.960022	79.738954	-0.000192	0.000192	-0.000192	0.000192	79.958130	18.072117	-1.500000	18.425800	81.458130	0.018000	18.425800	-21.820209	2.317565	0.000000	0.000000	0.000000	0.000000	0.000000	0.000000	0.000000	0.000000	0.000000	0	0.000000	0	0	0.000000	-0.000000	0.000000	0.000000	0.000000	0.000000	0.000000	0.000000	8.087119	0.444792	0.000000
D:	20940.13	-10.977119	79.958130	-0.000192	0.000192	-0.000192	0.000192	79.958130	18.072117	-1.500000	18.425800	81.458130	0.018000	18.425800	-21.820209	2.317565	0.000000	0.000000	0.000000	0.000000	0.000000	0.000000	0.000000	0.000000	0.000000	0	0.000000	0	0	0.000000	-0.000000	0.000000	0.000000	0.000000	0.000000	0.000000	0.000000	8.087119	0.444792	0.000000
D:	20949.97	-10.977119	79.958130	-0.000192	0.000192	-0.000192	0.000192	80.173453	17.914264	-1.500000	18.089036	81.673453	0.018000	18.089036	-21.776860	2.319148	0.000000	0.000000	0.000000	0.000000	0.000000	0.000000	0.000000	0.000000	0.000000	0	0.000000	0	0	0.000000	-0.000000	0.000000	0.000000	0.000000	0.000000	0.000000	0.000000	8.130125	0.447157	0.000000
D:	20960.03	-11.020125	80.173453	-0.000192	0.000192	-0.000192	0.000192	80.173453	17.914264	-1.500000	18.089036	81.673453	0.019000	18.089036	-21.776860	2.319148	0.000000	0.000000	0.000000	0.000000	0.000000	0.000000	0.000000	0.000000	0.000000	0	0.000000	0	0	0.000000	-0.000000	0.000000	0.000000	0.000000	0.000000	0.000000	0.000000	8.130125	0.447157	0.000000
D:	20969.14	-11.020125	80.173453	-0.000192	0.000192	-0.000192	0.000192	80.389839	18.370883	-1.500000	17.924075	81.889839	0.019000	17.924075	-21.737295	1.886273	0.000000	0.000000	0.000000	0.000000	0.000000	0.000000	0.000000	0.000000	0.000000	0	0.000000	0	0	0.000000	-0.000000	0.000000	0.000000	0.000000	0.000000	0.000000	0.000000	7.688641	0.422875	0.000000
D:	20977.36	-10.578641	80.389839	-0.000192	0.000192	-0.000192	0.000192	80.389839	18.370883	-1.500000	17.924075	81.889839	0.018000	17.924075	-21.737295	1.886273	0.000000	0.000000	0.000000	0.000000	0.000000	0.000000	0.000000	0.000000	0.000000	0	0.000000	0	0	0.000000	-0.000000	0.000000	0.000000	0.000000	0.000000	0.000000	0.000000	7.688641	0.422875	0.000000
D:	20986.55	-10.578641	80.389839	-0.000192	0.000192	-0.000192	0.000192	80.389839	18.370883	-1.500000	17.924075	81.889839	0.018000	17.924075	-21.737295	1.896131	0.000000	0.000000	0.000000	0.000000	0.000000	0.000000	0.000000	0.000000	0.000000	0	0.000000	0	0	0.000000	-0.000000	0.000000	0.000000	0.000000	0.000000	0.000000	0.000000	7.688641	0.422875	0.000000
D:	20994.88	-10.620194	80.564745	-0.000192	0.000192	-0.000192	0.000192	80.564745	17.634575	-1.500000	18.345802	82.064745	0.018000	18.345802	-21.688010	1.896131	0.000000	0.000000	0.000000	0.000000	0.000000	0.000000	0.000000	0.000000	0.000000	0	0.000000	0	0	0.000000	-0.000000	0.000000	0.000000	0.000000	0.000000	0.000000	0.000000	7.730194	0.425161	0.000000
D:	21004.44	-10.620194	80.564745	-0.000192	0.000192	-0.000192	0.000192	80.564745	17.634575	-1.500000	18.345802	82.064745	0.018000	18.345802	-21.688010	1.896131	0.000000	0.000000	0.000000	0.000000	0.000000	0.000000	0.000000	0.000000	0.000000	0	0.000000	0	0	0.000000	-0.000000	0.000000	0.000000	0.000000	0.000000	0.000000	0.000000	7.730194	0.425161	0.000000
D:	21014.03	-10.484921	80.713352	-0.000192	0.000192	-0.000192	0.000192	80.713352	17.773860	-1.500000	17.674500	82.213352	0.018000	17.674500	-21.628822	1.748352	0.000000	0.000000	0.000000	0.000000	0.000000	0.000000	0.000000	0.000000	0.000000	0	0.000000	0	0	0.000000	-0.000000	0.000000	0.000000	0.000000	0.000000	0.000000	0.000000	7.594921	0.417721	0.000000
D:	21023.71	-10.484921	80.713352	-0.000192	0.000192	-0.000192	0.000192	80.713352	17.773860	-1.500000	17.674500	82.213352	0.018000	17.674500	-21.628822	1.748352	0.000000	0.000000	0.000000	0.000000	0.000000	0.000000	0.000000	0.000000	0.000000	0	0.000000	0	0	0.000000	-0.000000	0.000000	0.000000	0.000000	0.000000	0.000000	0.000000	7.594921	0.417721	0.000000
D:	21033.47	-10.268101	80.886930	-0.000192	0.000192	-0.000192	0.000192	80.886930	18.066424	-1.500000	17.769107	82.386930	0.019000	17.769107	-21.570241	1.524446	0.000000	0.000000	0.000000	0.000000	0.000000	0.000000	0.000000	0.000000	0.000000	0	0.000000	0	0	0.000000	-0.000000	0.000000	0.000000	0.000000	0.000000	0.000000	0.000000	7.378101	0.405796	0.000000
D:	21043.27	-10.268101	80.886930	-0.000192	0.000192	-0.000192	0.000192	80.886930	18.066424	-1.500000	17.769107	82.386930	0.019000	17.769107	-21.570241	1.524446	0.000000	0.000000	0.000000	0.000000	0.000000	0.000000	0.000000	0.000000	0.000000	0	0.000000	0	0	0.000000	-0.000000	0.000000	0.000000	0.000000	0.000000	0.000000	0.000000	7.378101	0.405796	0.000000
D:	21052.38	-10.120443	81.061513	-0.000192	0.000192	-0.000192	0.000192	81.061513	17.735607	-1.500000	18.052202	82.561513	0.019000	18.052202	-21.514233	1.367806	0.000000	0.000000	0.000000	0.000000	0.000000	0.000000	0.000000	0.000000	0.000000	0	0.000000	0	0	0.000000	-0.000000	0.000000	0.000000	0.000000	0.000000	0.000000	0.000000	7.230443	0.397674	0.000000
D:	21062.03	-10.120443	81.061513	-0.000192	0.000192	-0.000192	0.000192	81.061513	17.735607	-1.500000	18.052202	82.561513	0.019000	18.052202	-21.514233	1.367806	0.000000	0.000000	0.000000	0.000000	0.000000	0.000000	0.000000	0.000000	0.000000	0	0.000000	0	0	0.000000	-0.000000	0.000000	0.000000	0.000000	0.000000	0.000000	0.000000	7.230443	0.397674	0.000000
D:	21071.34	-10.120443	81.061513	-0.000192	0.000192	-0.000192	0.000192	81.190385	17.511121	-1.500000	17.753379	82.690385	0.019000	17.753379	-21.450053	1.173436	0.000000	0.000000	0.000000	0.000000	0.000000	0.000000	0.000000	0.000000	0.000000	0	0.000000	0	0	0.000000	-0.000000	0.000000	0.000000	0.000000	0.000000	0.000000	0.000000	7.041820	0.387300	0.000000
D:	21079.43	-9.931820	81.190385	-0.000192	0.000192	-0.000192	0.000192	81.190385	17.511121	-1.500000	17.753379	82.690385	0.018000	17.753379	-21.450053	1.173436	0.000000	0.000000	0.000000	0.000000	0.000000	0.000000	0.000000	0.000000	0.000000	0	0.000000	0	0	0.000000	-0.000000	0.000000	0.000000	0.000000	0.000000	0.000000	0.000000	7.041820	0.387300	0.000000
D:	21087.24	-9.931820	81.190385	-0.000192	0.000192	-0.000192	0.000192	81.190385	17.511121	-1.500000	17.753379	82.690385	0.018000	17.753379	-21.450053	1.257991	0.000000	0.000000	0.000000	0.000000	0.000000	0.000000	0.000000	0.000000	0.000000	0	0.000000	0	0	0.000000	-0.000000	0.000000	0.000000	0.000000	0.000000	0.000000	0.000000	7.041820	0.387300	0.000000
D:	21095.64	-10.042341	81.343171	-0.000192	0.000192	-0.000192	0.000192	81.343171	17.630065	-1.500000	17.524721	82.843171	0.018000	17.524721	-21.393424	1.257991	0.000000	0.000000	0.000000	0.000000	0.000000	0.000000	0.000000	0.000000	0.000000	0	0.000000	0	0	0.000000	-0.000000	0.000000	0.000000	0.000000	0.000000	0.000000	0.000000	7.152341	0.393379	0.000000
D:	21105.27	-10.042341	81.343171	-0.000192	0.000192	-0.000192	0.000192	81.343171	17.630065	-1.500000	17.524721	82.843171	0.018000	17.524721	-21.393424	1.257991	0.000000	0.000000	0.000000	0.000000	0.000000	0.000000	0.000000	0.000000	0.000000	0	0.000000	0	0	0.000000	-0.000000	0.000000	0.000000	0.000000	0.000000	0.000000	0.000000	7.152341	0.393379	0.000000
D:	21114.77	-10.224554	81.466718	-0.000192	0.000192	-0.000192	0.000192	81.466718	17.360638	-1.500000	17.625026	82.966718	0.019000	17.625026	-21.322470	1.402643	0.000000	0.000000	0.000000	0.000000	0.000000	0.000000	0.000000	0.000000	0.000000	0	0.000000	0	0	0.000000	-0.000000	0.000000	0.000000	0.000000	0.000000	0.000000	0.000000	7.334554	0.403400	0.000000
D:	21124.29	-10.224554	81.466718	-0.000192	0.000192	-0.000192	0.000192	81.466718	17.360638	-1.500000	17.625026	82.966718	0.019000	17.625026	-21.322470	1.402643	0.000000	0.000000	0.000000	0.000000	0.000000	0.000000	0.000000	0.000000	0.000000	0	0.000000	0	0	0.000000	-0.000000	0.000000	0.000000	0.000000	0.000000	0.000000	0.000000	7.334554	0.403400	0.000000
D:	21132.82	-9.901713	81.578717	-0.000192	0.000192	-0.000192	0.000192	81.578705	17.604795	-1.500000	17.373285	83.078705	0.019000	17.373285	-21.246016	1.089878	0.000000	0.000000	0.000000	0.000000	0.000000	0.000000	0.000000	0.000000	0.000000	0	0.000000	0	0	0.000000	-0.000000	0.000000	0.000000	0.000000	0.000000	0.000000	0.000000	7.011714	0.385644	0.000000
D:	21141.39	-9.901713	81.578705	-0.000192	0.000192	-0.000192	0.000192	81.578705	17.604795	-1.500000	17.373285	83.078705	0.019000	17.373285	-21.246016	1.089878	0.000000	0.000000	0.000000	0.000000	0.000000	0.000000	0.000000	0.000000	0.000000	0	0.000000	0	0	0.000000	-0.000000	0.000000	0.000000	0.000000	0.000000	0.000000	0.000000	7.011714	0.385644	0.000000
D:	21150.34	-9.901713	81.578705	-0.000192	0.000192	-0.000192	0.000192	81.747945	17.607541	-1.500000	17.591799	83.247945	0.019000	17.591799	-21.195327	0.700905	0.000000	0.000000	0.000000	0.000000	0.000000	0.000000	0.000000	0.000000	0.000000	0	0.000000	0	0	0.000000	-0.000000	0.000000	0.000000	0.000000	0.000000	0.000000	0.000000	6.599499	0.362972	0.000000
D:	21159.24	-9.489499	81.747945	-0.000192	0.000192	-0.000192	0.000192	81.747945	17.607541	-1.500000	17.591799	83.247945	0.018000	17.591799	-21.195327	0.700905	0.000000	0.000000	0.000000	0.000000	0.000000	0.000000	0.000000	0.000000	0.000000	0	0.000000	0	0	0.000000	-0.000000	0.000000	0.000000	0.000000	0.000000	0.000000	0.000000	6.599499	0.362972	0.000000
D:	21169.03	-9.489499	81.747945	-0.000192	0.000192	-0.000192	0.000192	81.747945	17.607541	-1.500000	17.606657	83.357379	0.018000	17.606657	-21.195327	1.081201	0.000000	0.000000	0.000000	0.000000	0.000000	0.000000	0.000000	0.000000	0.000000	0	0.000000	0	0	0.000000	-0.000000	0.000000	0.000000	0.000000	0.000000	0.000000	0.000000	7.021420	0.386178	0.000000
D:	21178.03	-9.911420	81.857379	-0.000192	0.000192	-0.000192	0.000192	81.857379	17.392674	-1.500000	17.606657	83.357379	0.018000	17.606657	-21.125498	1.081201	0.000000	0.000000	0.000000	0.000000	0.000000	0.000000	0.000000	0.000000	0.000000	0	0.000000	0	0	0.000000	-0.000000	0.000000	0.000000	0.000000	0.000000	0.000000	0.000000	7.021420	0.386178	0.000000
D:	21187.80	-9.911420	81.857379	-0.000192	0.000192	-0.000192	0.000192	81.857379	17.392674	-1.500000	17.606657	83.357379	0.018000	17.606657	-21.125498	0.875631	0.000000	0.000000	0.000000	0.000000	0.000000	0.000000	0.000000	0.000000	0.000000	0	0.000000	0	0	0.000000	-0.000000	0.000000	0.000000	0.000000	0.000000	0.000000	0.000000	7.021420	0.386178	0.000000
D:	21197.46	-9.702803	82.014306	-0.000192	0.000192	-0.000192	0.000192	82.014306	17.227404	-1.500000	17.402910	83.514306	0.019000	17.402910	-21.067098	0.875631	0.000000	0.000000	0.000000	0.000000	0.000000	0.000000	0.000000	0.000000	0.000000	0	0.000000	0	0	0.000000	-0.000000	0.000000	0.000000	0.000000	0.000000	0.000000	0.000000	6.812803	0.374704	0.000000
D:	21206.60	-9.702803	82.014306	-0.000192	0.000192	-0.000192	0.000192	82.014306	17.227404	-1.500000	17.402910	83.514306	0.019000	17.402910	-21.067098	0.875631	0.000000	0.000000	0.000000	0.000000	0.000000	0.000000	0.000000	0.000000	0.000000	0	0.000000	0	0	0.000000	-0.000000	0.000000	0.000000	0.000000	0.000000	0.000000	0.000000	6.812803	0.374704	0.000000
D:	21215.45	-9.849011	82.139905	-0.000192	0.000192	-0.000192	0.000192	82.139905	17.211860	-1.500000	17.235799	83.639905	0.019000	17.235799	-20.998120	0.997926	0.000000	0.000000	0.000000	0.000000	0.000000	0.000000	0.000000	0.000000	0.000000	0	0.000000	0	0	0.000000	-0.000000	0.000000	0.000000	0.000000	0.000000	0.000000	0.000000	6.959011	0.382746	0.000000
D:	21224.35	-9.849011	82.139905	-0.000192	0.000192	-0.000192	0.000192	82.139905	17.211860	-1.500000	17.235799	83.639905	0.019000	17.235799	-20.998120	0.997926	0.000000	0.000000	0.000000	0.000000	0.000000	0.000000	0.000000	0.000000	0.000000	0	0.000000	0	0	0.000000	-0.000000	0.000000	0.000000	0.000000	0.000000	0.000000	0.000000	6.959011	0.382746	0.000000
D:	21235.84	-9.828963	82.285413	-0.000192	0.000192	-0.000192	0.000192	82.285413	17.330499	-1.500000	17.213204	83.785413	0.018000	17.213204	-20.941186	0.967131	0.000000	0.000000	0.000000	0.000000	0.000000	0.000000	0.000000	0.000000	0.000000	0	0.000000	0	0	0.000000	-0.000000	0.000000	0.000000	0.000000	0.000000	0.000000	0.000000	6.938962	0.381643	0.000000
D:	21247.62	-9.828963	82.285413	-0.000192	0.000192	-0.000192	0.000192	82.285413	17.330499	-1.500000	17.213204	83.930566	0.018000	17.323914	-20.941186	0.946979	0.000000	0.000000	0.000000	0.000000	0.000000	0.000000	0.000000	0.000000	0.000000	0	0.000000	0	0	0.000000	-0.000000	0.000000	0.000000	0.000000	0.000000	0.000000	0.000000	6.923656	0.380801	0.000000
D:	21259.01	-9.813657	82.430566	-0.000192	0.000192	-0.000192	0.000192	82.430566	17.281421	-1.500000	17.323914	83.930566	0.018000	17.323914	-20.884475	0.946979	0.000000	0.000000	0.000000	0.000000	0.000000	0.000000	0.000000	0.000000	0.000000	0	0.000000	0	0	0.000000	-0.000000	0.000000	0.000000	0.000000	0.000000	0.000000	0.000000	6.923656	0.380801	0.000000
D:	21269.06	-9.813657	82.430566	-0.000192	0.000192	-0.000192	0.000192	82.430566	17.281421	-1.500000	17.323914	84.047188	0.018000	17.283454	-20.884475	1.131993	0.000000	0.000000	0.000000	0.000000	0.000000	0.000000	0.000000	0.000000	0.000000	0	0.000000	0	0	0.000000	-0.000000	0.000000	0.000000	0.000000	0.000000	0.000000	0.000000	7.141720	0.392795	0.000000
D:	21278.91	-10.031720	82.547188	-0.000192	0.000192	-0.000192	0.000192	82.547188	17.019940	-1.500000	17.283454	84.047188	0.019000	17.283454	-20.813833	1.131993	0.000000	0.000000	0.000000	0.000000	0.000000	0.000000	0.000000	0.000000	0.000000	0	0.000000	0	0	0.000000	-0.000000	0.000000	0.000000	0.000000	0.000000	0.000000	0.000000	7.141720	0.392795	0.000000
D:	21288.16	-10.031720	82.547188	-0.000192	0.000192	-0.000192	0.000192	82.547188	17.019940	-1.500000	17.283454	84.047188	0.019000	17.283454	-20.813833	0.742138	0.000000	0.000000	0.000000	0.000000	0.000000	0.000000	0.000000	0.000000	0.000000	0	0.000000	0	0	0.000000	-0.000000	0.000000	0.000000	0.000000	0.000000	0.000000	0.000000	7.141720	0.392795	0.000000
D:	21297.41	-9.623010	82.676591	-0.000192	0.000192	-0.000192	0.000192	82.676591	17.234765	-1.500000	17.032545	84.176591	0.019000	17.032545	-20.746216	0.742138	0.000000	0.000000	0.000000	0.000000	0.000000	0.000000	0.000000	0.000000	0.000000	0	0.000000	0	0	0.000000	-0.000000	0.000000	0.000000	0.000000	0.000000	0.000000	0.000000	6.733010	0.370316	0.000000
D:	21305.55	-9.623010	82.676591	-0.000192	0.000192	-0.000192	0.000192	82.676591	17.234765	-1.500000	17.032545	84.176591	0.019000	17.032545	-20.746216	0.742138	0.000000	0.000000	0.000000	0.000000	0.000000	0.000000	0.000000	0.000000	0.000000	0	0.000000	0	0	0.000000	-0.000000	0.000000	0.000000	0.000000	0.000000	0.000000	0.000000	6.733010	0.370316	0.000000
D:	21314.29	-9.623010	82.676591	-0.000192	0.000192	-0.000192	0.000192	82.772841	16.980146	-1.500000	17.223414	84.272841	0.019000	17.223414	-20.674802	1.093267	0.000000	0.000000	0.000000	0.000000	0.000000	0.000000	0.000000	0.000000	0.000000	0	0.000000	0	0	0.000000	-0.000000	0.000000	0.000000	0.000000	0.000000	0.000000	0.000000	7.128444	0.392064	0.000000
D:	21322.62	-10.018444	82.772841	-0.000192	0.000192	-0.000192	0.000192	82.772841	16.980146	-1.500000	17.223414	84.272841	0.018000	17.223414	-20.674802	1.093267	0.000000	0.000000	0.000000	0.000000	0.000000	0.000000	0.000000	0.000000	0.000000	0	0.000000	0	0	0.000000	-0.000000	0.000000	0.000000	0.000000	0.000000	0.000000	0.000000	7.128444	0.392064	0.000000
D:	21331.00	-10.018444	82.772841	-0.000192	0.000192	-0.000192	0.000192	82.772841	16.980146	-1.500000	16.993802	84.405769	0.018000	16.993802	-20.674802	0.592064	0.000000	0.000000	0.000000	0.000000	0.000000	0.000000	0.000000	0.000000	0.000000	0	0.000000	0	0	0.000000	-0.000000	0.000000	0.000000	0.000000	0.000000	0.000000	0.000000	6.597131	0.362842	0.000000
D:	21339.57	-9.487131	82.905769	-0.000192	0.000192	-0.000192	0.000192	82.905769	16.951988	-1.500000	16.993802	84.405769	0.018000	16.993802	-20.616110	0.592064	0.000000	0.000000	0.000000	0.000000	0.000000	0.000000	0.000000	0.000000	0.000000	0	0.000000	0	0	0.000000	-0.000000	0.000000	0.000000	0.000000	0.000000	0.000000	0.000000	6.597131	0.362842	0.000000
D:	21347.89	-9.487131	82.905769	-0.000192	0.000192	-0.000192	0.000192	82.905769	16.951988	-1.500000	16.993802	84.405769	0.018000	16.993802	-20.616110	0.592064	0.000000	0.000000	0.000000	0.000000	0.000000	0.000000	0.000000	0.000000	0.000000	0	0.000000	0	0	0.000000	-0.000000	0.000000	0.000000	0.000000	0.000000	0.000000	0.000000	6.597131	0.362842	0.000000
D:	21356.00	-9.516768	83.099814	-0.000192	0.000192	-0.000192	0.000192	83.099814	16.764539	-1.500000	16.953988	84.599814	0.019000	16.953988	-20.573700	0.615683	0.000000	0.000000	0.000000	0.000000	0.000000	0.000000	0.000000	0.000000	0.000000	0	0.000000	0	0	0.000000	-0.000000	0.000000	0.000000	0.000000	0.000000	0.000000	0.000000	6.626768	0.364472	0.000000
D:	21364.03	-9.516768	83.099814	-0.000192	0.000192	-0.000192	0.000192	83.099814	16.764539	-1.500000	16.953988	84.599814	0.019000	16.953988	-20.573700	0.615683	0.000000	0.000000	0.000000	0.000000	0.000000	0.000000	0.000000	0.000000	0.000000	0	0.000000	0	0	0.000000	-0.000000	0.000000	0.000000	0.000000	0.000000	0.000000	0.000000	6.626768	0.364472	0.000000
D:	21372.07	-9.516768	83.099814	-0.000192	0.000192	-0.000192	0.000192	83.200502	16.706018	-1.500000	16.773601	84.700502	0.019000	16.773601	-20.499911	0.533063	0.000000	0.000000	0.000000	0.000000	0.000000	0.000000	0.000000	0.000000	0.000000	0	0.000000	0	0	0.000000	-0.000000	0.000000	0.000000	0.000000	0.000000	0.000000	0.000000	6.543189	0.359875	0.000000
D:	21380.27	-9.433189	83.200502	-0.000192	0.000192	-0.000192	0.000192	83.200502	16.706018	-1.500000	16.773601	84.700502	0.019000	16.773601	-20.499911	0.533063	0.000000	0.000000	0.000000	0.000000	0.000000	0.000000	0.000000	0.000000	0.000000	0	0.000000	0	0	0.000000	-0.000000	0.000000	0.000000	0.000000	0.000000	0.000000	0.000000	6.543189	0.359875	0.000000
D:	21389.01	-9.433189	83.200502	-0.000192	0.000192	-0.000192	0.000192	83.200502	16.706018	-1.500000	16.773601	84.700502	0.019000	16.773601	-20.499911	0.533063	0.000000	0.000000	0.000000	0.000000	0.000000	0.000000	0.000000	0.000000	0.000000	0	0.000000	0	0	0.000000	-0.000000	0.000000	0.000000	0.000000	0.000000	0.000000	0.000000	6.543189	0.359875	0.000000
D:	21397.40	-9.368994	83.300239	-0.000192	0.000192	-0.000192	0.000192	83.300239	16.698773	-1.500000	16.709812	84.800239	0.018000	16.709812	-20.431597	0.468497	0.000000	0.000000	0.000000	0.000000	0.000000	0.000000	0.000000	0.000000	0.000000	0	0.000000	0	0	0.000000	-0.000000	0.000000	0.000000	0.000000	0.000000	0.000000	0.000000	6.478994	0.356345	0.000000
D:	21406.29	-9.368994	83.300239	-0.000192	0.000192	-0.000192	0.000192	83.300239	16.698773	-1.500000	16.709812	84.800239	0.018000	16.709812	-20.431597	0.468497	0.000000	0.000000	0.000000	0.000000	0.000000	0.000000	0.000000	0.000000	0.000000	0	0.000000	0	0	0.000000	-0.000000	0.000000	0.000000	0.000000	0.000000	0.000000	0.000000	6.478994	0.356345	0.000000
D:	21415.14	-9.368994	83.300239	-0.000192	0.000192	-0.000192	0.000192	83.458899	16.590126	-1.500000	16.699392	84.958899	0.018000	16.699392	-20.384019	0.329179	0.000000	0.000000	0.000000	0.000000	0.000000	0.000000	0.000000	0.000000	0.000000	0	0.000000	0	0	0.000000	-0.000000	0.000000	0.000000	0.000000	0.000000	0.000000	0.000000	6.328039	0.348042	0.000000
D:	21423.91	-9.218039	83.458899	-0.000192	0.000192	-0.000192	0.000192	83.458899	16.590126	-1.500000	16.699392	84.958899	0.018000	16.699392	-20.384019	0.329179	0.000000	0.000000	0.000000	0.000000	0.000000	0.000000	0.000000	0.000000	0.000000	0	0.000000	0	0	0.000000	-0.000000	0.000000	0.000000	0.000000	0.000000	0.000000	0.000000	6.328039	0.348042	0.000000
D:	21432.55	-9.218039	83.458899	-0.000192	0.000192	-0.000192	0.000192	83.564767	16.540213	-1.500000	16.596260	85.064767	0.018000	16.596260	-20.318839	0.248381	0.000000	0.000000	0.000000	0.000000	0.000000	0.000000	0.000000	0.000000	0.000000	0	0.000000	0	0	0.000000	-0.000000	0.000000	0.000000	0.000000	0.000000	0.000000	0.000000	6.238329	0.343108	0.000000
D:	21440.90	-9.128330	83.564767	-0.000192	0.000192	-0.000192	0.000192	83.564767	16.540213	-1.500000	16.596260	85.064767	0.018000	16.596260	-20.318839	0.248381	0.000000	0.000000	0.000000	0.000000	0.000000	0.000000	0.000000	0.000000	0.000000	0	0.000000	0	0	0.000000	-0.000000	0.000000	0.000000	0.000000	0.000000	0.000000	0.000000	6.238329	0.343108	0.000000
D:	21449.50	-9.128330	83.564767	-0.000192	0.000192	-0.000192	0.000192	83.564767	16.540213	-1.500000	16.596260	85.064767	0.018000	16.596260	-20.318839	0.248381	0.000000	0.000000	0.000000	0.000000	0.000000	0.000000	0.000000	0.000000	0.000000	0	0.000000	0	0	0.000000	-0.000000	0.000000	0.000000	0.000000	0.000000	0.000000	0.000000	6.238329	0.343108	0.000000
D:	21458.28	-9.388672	83.716721	-0.000192	0.000192	-0.000192	0.000192	83.716721	16.629547	-1.500000	16.542894	85.216721	0.019000	16.542894	-20.263135	0.485035	0.000000	0.000000	0.000000	0.000000	0.000000	0.000000	0.000000	0.000000	0.000000	0	0.000000	0	0	0.000000	-0.000000	0.000000	0.000000	0.000000	0.000000	0.000000	0.000000	6.498672	0.357427	0.000000
D:	21466.95	-9.388672	83.716721	-0.000192	0.000192	-0.000192	0.000192	83.716721	16.629547	-1.500000	16.542894	85.216721	0.019000	16.542894	-20.263135	0.485035	0.000000	0.000000	0.000000	0.000000	0.000000	0.000000	0.000000	0.000000	0.000000	0	0.000000	0	0	0.000000	-0.000000	0.000000	0.000000	0.000000	0.000000	0.000000	0.000000	6.498672	0.357427	0.000000
D:	21474.83	-9.388672	83.716721	-0.000192	0.000192	-0.000192	0.000192	83.769935	16.425140	-1.500000	16.624683	85.269935	0.019000	16.624683	-20.180865	0.270170	0.000000	0.000000	0.000000	0.000000	0.000000	0.000000	0.000000	0.000000	0.000000	0	0.000000	0	0	0.000000	-0.000000	0.000000	0.000000	0.000000	0.000000	0.000000	0.000000	6.266768	0.344672	0.000000
D:	21482.84	-9.156768	83.769935	-0.000192	0.000192	-0.000192	0.000192	83.769935	16.425140	-1.500000	16.624683	85.269935	0.018000	16.624683	-20.180865	0.270170	0.000000	0.000000	0.000000	0.000000	0.000000	0.000000	0.000000	0.000000	0.000000	0	0.000000	0	0	0.000000	-0.000000	0.000000	0.000000	0.000000	0.000000	0.000000	0.000000	6.266768	0.344672	0.000000
D:	21491.22	-9.156768	83.769935	-0.000192	0.000192	-0.000192	0.000192	83.769935	16.425140	-1.500000	16.624683	85.269935	0.018000	16.624683	-20.180865	0.408997	0.000000	0.000000	0.000000	0.000000	0.000000	0.000000	0.000000	0.000000	0.000000	0	0.000000	0	0	0.000000	-0.000000	0.000000	0.000000	0.000000	0.000000	0.000000	0.000000	6.266768	0.344672	0.000000
D:	21499.35	-9.312924	83.815812	-0.000192	0.000192	-0.000192	0.000192	83.815812	16.090560	-1.500000	16.436341	85.315812	0.018000	16.436341	-20.098193	0.408997	0.000000	0.000000	0.000000	0.000000	0.000000	0.000000	0.000000	0.000000	0.000000	0	0.000000	0	0	0.000000	-0.000000	0.000000	0.000000	0.000000	0.000000	0.000000	0.000000	6.422924	0.353261	0.000000
D:	21507.39	-9.312924	83.815812	-0.000192	0.000192	-0.000192	0.000192	83.815812	16.090560	-1.500000	16.436341	85.315812	0.018000	16.436341	-20.098193	0.408997	0.000000	0.000000	0.000000	0.000000	0.000000	0.000000	0.000000	0.000000	0.000000	0	0.000000	0	0	0.000000	-0.000000	0.000000	0.000000	0.000000	0.000000	0.000000	0.000000	6.422924	0.353261	0.000000
D:	21515.88	-9.312924	83.815812	-0.000192	0.000192	-0.000192	0.000192	83.906558	16.235994	-1.500000	16.109970	85.406558	0.018000	16.109970	-20.029887	0.488337	0.000000	0.000000	0.000000	0.000000	0.000000	0.000000	0.000000	0.000000	0.000000	0	0.000000	0	0	0.000000	-0.000000	0.000000	0.000000	0.000000	0.000000	0.000000	0.000000	6.514981	0.358324	0.000000
D:	21524.74	-9.404981	83.906558	-0.000192	0.000192	-0.000192	0.000192	83.906558	16.235994	-1.500000	16.109970	85.406558	0.018000	16.109970	-20.029887	0.488337	0.000000	0.000000	0.000000	0.000000	0.000000	0.000000	0.000000	0.000000	0.000000	0	0.000000	0	0	0.000000	-0.000000	0.000000	0.000000	0.000000	0.000000	0.000000	0.000000	6.514981	0.358324	0.000000
D:	21533.39	-9.404981	83.906558	-0.000192	0.000192	-0.000192	0.000192	84.044632	16.337887	-1.500000	16.229965	85.544632	0.018000	16.229965	-19.971475	-0.072023	0.000000	0.000000	0.000000	0.000000	0.000000	0.000000	0.000000	0.000000	0.000000	0	0.000000	0	0	0.000000	-0.000000	0.000000	0.000000	0.000000	0.000000	0.000000	0.000000	5.902926	0.324661	0.000000
D:	21541.94	-8.792927	84.044632	-0.000192	0.000192	-0.000192	0.000192	84.044632	16.337887	-1.500000	16.229965	85.544632	0.019000	16.229965	-19.971475	-0.072023	0.000000	0.000000	0.000000	0.000000	0.000000	0.000000	0.000000	0.000000	0.000000	0	0.000000	0	0	0.000000	-0.000000	0.000000	0.000000	0.000000	0.000000	0.000000	0.000000	5.902926	0.324661	0.000000
D:	21550.37	-8.792927	84.044632	-0.000192	0.000192	-0.000192	0.000192	84.044632	16.337887	-1.500000	16.229965	85.544632	0.019000	16.229965	-19.971475	-0.072023	0.000000	0.000000	0.000000	0.000000	0.000000	0.000000	0.000000	0.000000	0.000000	0	0.000000	0	0	0.000000	-0.000000	0.000000	0.000000	0.000000	0.000000	0.000000	0.000000	5.902926	0.324661	0.000000
D:	21558.86	-8.979578	84.098277	-0.000192	0.000192	-0.000192	0.000192	84.098277	16.077012	-1.500000	16.332725	85.598277	0.019000	16.332725	-19.886173	0.105909	0.000000	0.000000	0.000000	0.000000	0.000000	0.000000	0.000000	0.000000	0.000000	0	0.000000	0	0	0.000000	-0.000000	0.000000	0.000000	0.000000	0.000000	0.000000	0.000000	6.089578	0.334927	0.000000
D:	21567.35	-8.979578	84.098277	-0.000192	0.000192	-0.000192	0.000192	84.098277	16.077012	-1.500000	16.332725	85.598277	0.019000	16.332725	-19.886173	0.105909	0.000000	0.000000	0.000000	0.000000	0.000000	0.000000	0.000000	0.000000	0.000000	0	0.000000	0	0	0.000000	-0.000000	0.000000	0.000000	0.000000	0.000000	0.000000	0.000000	6.089578	0.334927	0.000000
D:	21576.09	-8.979578	84.098277	-0.000192	0.000192	-0.000192	0.000192	84.180049	16.007166	-1.500000	16.091367	85.680049	0.019000	16.091367	-19.816327	-0.267837	0.000000	0.000000	0.000000	0.000000	0.000000	0.000000	0.000000	0.000000	0.000000	0	0.000000	0	0	0.000000	-0.000000	0.000000	0.000000	0.000000	0.000000	0.000000	0.000000	5.675892	0.312174	0.000000
D:	21585.19	-8.565892	84.180049	-0.000192	0.000192	-0.000192	0.000192	84.180049	16.007166	-1.500000	16.091367	85.680049	0.018000	16.091367	-19.816327	-0.267837	0.000000	0.000000	0.000000	0.000000	0.000000	0.000000	0.000000	0.000000	0.000000	0	0.000000	0	0	0.000000	-0.000000	0.000000	0.000000	0.000000	0.000000	0.000000	0.000000	5.675892	0.312174	0.000000
D:	21594.13	-8.565892	84.180049	-0.000192	0.000192	-0.000192	0.000192	84.217769	15.953311	-1.500000	16.011893	85.717769	0.018000	16.011893	-19.731937	-0.301867	0.000000	0.000000	0.000000	0.000000	0.000000	0.000000	0.000000	0.000000	0.000000	0	0.000000	0	0	0.000000	-0.000000	0.000000	0.000000	0.000000	0.000000	0.000000	0.000000	5.630898	0.309699	0.000000
D:	21602.83	-8.520898	84.217769	-0.000192	0.000192	-0.000192	0.000192	84.217769	15.953311	-1.500000	16.011893	85.717769	0.018000	16.011893	-19.731937	-0.301867	0.000000	0.000000	0.000000	0.000000	0.000000	0.000000	0.000000	0.000000	0.000000	0	0.000000	0	0	0.000000	-0.000000	0.000000	0.000000	0.000000	0.000000	0.000000	0.000000	5.630898	0.309699	0.000000
D:	21610.87	-8.520898	84.217769	-0.000192	0.000192	-0.000192	0.000192	84.217769	15.953311	-1.500000	16.011893	85.717769	0.018000	16.011893	-19.731937	-0.301867	0.000000	0.000000	0.000000	0.000000	0.000000	0.000000	0.000000	0.000000	0.000000	0	0.000000	0	0	0.000000	-0.000000	0.000000	0.000000	0.000000	0.000000	0.000000	0.000000	5.630898	0.309699	0.000000
D:	21619.05	-8.627632	84.335425	-0.000192	0.000192	-0.000192	0.000192	84.335425	15.906146	-1.500000	15.956113	85.835425	0.019000	15.956113	-19.669505	-0.193001	0.000000	0.000000	0.000000	0.000000	0.000000	0.000000	0.000000	0.000000	0.000000	0	0.000000	0	0	0.000000	-0.000000	0.000000	0.000000	0.000000	0.000000	0.000000	0.000000	5.737632	0.315570	0.000000
D:	21627.84	-8.627632	84.335425	-0.000192	0.000192	-0.000192	0.000192	84.335425	15.906146	-1.500000	15.956113	85.835425	0.019000	15.956113	-19.669505	-0.193001	0.000000	0.000000	0.000000	0.000000	0.000000	0.000000	0.000000	0.000000	0.000000	0	0.000000	0	0	0.000000	-0.000000	0.000000	0.000000	0.000000	0.000000	0.000000	0.000000	5.737632	0.315570	0.000000
D:	21636.27	-8.627632	84.335425	-0.000192	0.000192	-0.000192	0.000192	84.413645	15.838476	-1.500000	15.908536	85.913645	0.019000	15.908536	-19.594201	-0.497788	0.000000	0.000000	0.000000	0.000000	0.000000	0.000000	0.000000	0.000000	0.000000	0	0.000000	0	0	0.000000	-0.000000	0.000000	0.000000	0.000000	0.000000	0.000000	0.000000	5.398744	0.296931	0.000000
D:	21644.64	-8.288744	84.413645	-0.000192	0.000192	-0.000192	0.000192	84.413645	15.838476	-1.500000	15.908536	85.913645	0.019000	15.908536	-19.594201	-0.497788	0.000000	0.000000	0.000000	0.000000	0.000000	0.000000	0.000000	0.000000	0.000000	0	0.000000	0	0	0.000000	-0.000000	0.000000	0.000000	0.000000	0.000000	0.000000	0.000000	5.398744	0.296931	0.000000
D:	21653.73	-8.288744	84.413645	-0.000192	0.000192	-0.000192	0.000192	84.413645	15.838476	-1.500000	15.842409	86.047554	0.019000	15.842409	-19.594201	0.013667	0.000000	0.000000	0.000000	0.000000	0.000000	0.000000	0.000000	0.000000	0.000000	0	0.000000	0	0	0.000000	-0.000000	0.000000	0.000000	0.000000	0.000000	0.000000	0.000000	5.943094	0.326870	0.000000
D:	21662.92	-8.833094	84.547554	-0.000192	0.000192	-0.000192	0.000192	84.547554	15.947041	-1.500000	15.842409	86.047554	0.018000	15.842409	-19.542461	0.013667	0.000000	0.000000	0.000000	0.000000	0.000000	0.000000	0.000000	0.000000	0.000000	0	0.000000	0	0	0.000000	-0.000000	0.000000	0.000000	0.000000	0.000000	0.000000	0.000000	5.943094	0.326870	0.000000
D:	21672.57	-8.833094	84.547554	-0.000192	0.000192	-0.000192	0.000192	84.547554	15.947041	-1.500000	15.842409	86.047554	0.018000	15.842409	-19.542461	-0.075068	0.000000	0.000000	0.000000	0.000000	0.000000	0.000000	0.000000	0.000000	0.000000	0	0.000000	0	0	0.000000	-0.000000	0.000000	0.000000	0.000000	0.000000	0.000000	0.000000	5.943094	0.326870	0.000000
D:	21680.75	-8.729455	84.651229	-0.000192	0.000192	-0.000192	0.000192	84.651229	15.627510	-1.500000	15.941167	86.151229	0.018000	15.941167	-19.482472	-0.075068	0.000000	0.000000	0.000000	0.000000	0.000000	0.000000	0.000000	0.000000	0.000000	0	0.000000	0	0	0.000000	-0.000000	0.000000	0.000000	0.000000	0.000000	0.000000	0.000000	5.839455	0.321170	0.000000
D:	21688.88	-8.729455	84.651229	-0.000192	0.000192	-0.000192	0.000192	84.651229	15.627510	-1.500000	15.941167	86.151229	0.018000	15.941167	-19.482472	-0.075068	0.000000	0.000000	0.000000	0.000000	0.000000	0.000000	0.000000	0.000000	0.000000	0	0.000000	0	0	0.000000	-0.000000	0.000000	0.000000	0.000000	0.000000	0.000000	0.000000	5.839455	0.321170	0.000000
D:	21697.22	-8.729455	84.651229	-0.000192	0.000192	-0.000192	0.000192	84.787329	15.626639	-1.500000	15.642514	86.287329	0.018000	15.642514	-19.428166	0.316535	0.000000	0.000000	0.000000	0.000000	0.000000	0.000000	0.000000	0.000000	0.000000	0	0.000000	0	0	0.000000	-0.000000	0.000000	0.000000	0.000000	0.000000	0.000000	0.000000	6.262963	0.344463	0.000000
D:	21705.94	-9.152963	84.787329	-0.000192	0.000192	-0.000192	0.000192	84.787329	15.626639	-1.500000	15.642514	86.287329	0.019000	15.642514	-19.428166	0.316535	0.000000	0.000000	0.000000	0.000000	0.000000	0.000000	0.000000	0.000000	0.000000	0	0.000000	0	0	0.000000	-0.000000	0.000000	0.000000	0.000000	0.000000	0.000000	0.000000	6.262963	0.344463	0.000000
D:	21714.58	-9.152963	84.787329	-0.000192	0.000192	-0.000192	0.000192	84.787329	15.591588	-1.500000	15.627398	86.366676	0.019000	15.627398	-19.354939	0.731785	0.000000	0.000000	0.000000	0.000000	0.000000	0.000000	0.000000	0.000000	0.000000	0	0.000000	0	0	0.000000	-0.000000	0.000000	0.000000	0.000000	0.000000	0.000000	0.000000	6.718297	0.369506	0.000000
D:	21723.54	-9.608298	84.866676	-0.000192	0.000192	-0.000192	0.000192	84.866676	15.591588	-1.500000	15.627398	86.366676	0.019000	15.627398	-19.354947	0.731785	0.000000	0.000000	0.000000	0.000000	0.000000	0.000000	0.000000	0.000000	0.000000	0	0.000000	0	0	0.000000	-0.000000	0.000000	0.000000	0.000000	0.000000	0.000000	0.000000	6.718297	0.369506	0.000000
D:	21732.53	-9.608298	84.866676	-0.000192	0.000192	-0.000192	0.000192	84.866676	15.591588	-1.500000	15.627398	86.366676	0.019000	15.627398	-19.354947	0.419579	0.000000	0.000000	0.000000	0.000000	0.000000	0.000000	0.000000	0.000000	0.000000	0	0.000000	0	0	0.000000	-0.000000	0.000000	0.000000	0.000000	0.000000	0.000000	0.000000	6.718297	0.369506	0.000000
D:	21741.41	-9.277154	84.927314	-0.000192	0.000192	-0.000192	0.000192	84.927314	15.457117	-1.500000	15.593599	86.427314	0.018000	15.593599	-19.281544	0.419579	0.000000	0.000000	0.000000	0.000000	0.000000	0.000000	0.000000	0.000000	0.000000	0	0.000000	0	0	0.000000	-0.000000	0.000000	0.000000	0.000000	0.000000	0.000000	0.000000	6.387154	0.351293	0.000000
D:	21750.52	-9.277154	84.927314	-0.000192	0.000192	-0.000192	0.000192	84.927314	15.457117	-1.500000	15.593599	86.427314	0.018000	15.593599	-19.281544	0.419579	0.000000	0.000000	0.000000	0.000000	0.000000	0.000000	0.000000	0.000000	0.000000	0	0.000000	0	0	0.000000	-0.000000	0.000000	0.000000	0.000000	0.000000	0.000000	0.000000	6.387154	0.351293	0.000000
D:	21758.63	-9.867565	84.938512	-0.000192	0.000192	-0.000192	0.000192	84.938512	15.215859	-1.500000	15.464778	86.438512	0.018000	15.464778	-19.192958	0.955926	0.000000	0.000000	0.000000	0.000000	0.000000	0.000000	0.000000	0.000000	0.000000	0	0.000000	0	0	0.000000	-0.000000	0.000000	0.000000	0.000000	0.000000	0.000000	0.000000	6.977565	0.383766	0.000000
D:	21767.19	-9.867565	84.938512	-0.000192	0.000192	-0.000192	0.000192	84.938512	15.215859	-1.500000	15.464778	86.438512	0.018000	15.464778	-19.192958	0.955926	0.000000	0.000000	0.000000	0.000000	0.000000	0.000000	0.000000	0.000000	0.000000	0	0.000000	0	0	0.000000	-0.000000	0.000000	0.000000	0.000000	0.000000	0.000000	0.000000	6.977565	0.383766	0.000000
D:	21776.13	-9.867565	84.938512	-0.000192	0.000192	-0.000192	0.000192	85.028052	15.778543	-1.500000	15.227766	86.528052	0.018000	15.227766	-19.122055	0.167608	0.000000	0.000000	0.000000	0.000000	0.000000	0.000000	0.000000	0.000000	0.000000	0	0.000000	0	0	0.000000	-0.000000	0.000000	0.000000	0.000000	0.000000	0.000000	0.000000	6.128607	0.337073	0.000000
D:	21784.33	-9.018607	85.028052	-0.000192	0.000192	-0.000192	0.000192	85.028052	15.778543	-1.500000	15.227766	86.528052	0.019000	15.227766	-19.122055	0.167608	0.000000	0.000000	0.000000	0.000000	0.000000	0.000000	0.000000	0.000000	0.000000	0	0.000000	0	0	0.000000	-0.000000	0.000000	0.000000	0.000000	0.000000	0.000000	0.000000	6.128607	0.337073	0.000000
D:	21792.90	-9.018607	85.028052	-0.000192	0.000192	-0.000192	0.000192	85.028052	15.778543	-1.500000	15.227766	86.528052	0.019000	15.227766	-19.122055	0.167608	0.000000	0.000000	0.000000	0.000000	0.000000	0.000000	0.000000	0.000000	0.000000	0	0.000000	0	0	0.000000	-0.000000	0.000000	0.000000	0.000000	0.000000	0.000000	0.000000	6.128607	0.337073	0.000000
D:	21801.61	-9.448373	85.077258	-0.000192	0.000192	-0.000192	0.000192	85.077258	15.201579	-1.500000	15.752197	86.577258	0.019000	15.752197	-19.041274	0.560538	0.000000	0.000000	0.000000	0.000000	0.000000	0.000000	0.000000	0.000000	0.000000	0	0.000000	0	0	0.000000	-0.000000	0.000000	0.000000	0.000000	0.000000	0.000000	0.000000	6.558373	0.360711	0.000000
D:	21810.73	-9.448373	85.077258	-0.000192	0.000192	-0.000192	0.000192	85.077258	15.201579	-1.500000	15.752197	86.577258	0.019000	15.752197	-19.041274	0.560538	0.000000	0.000000	0.000000	0.000000	0.000000	0.000000	0.000000	0.000000	0.000000	0	0.000000	0	0	0.000000	-0.000000	0.000000	0.000000	0.000000	0.000000	0.000000	0.000000	6.558373	0.360711	0.000000
D:	21818.77	-9.448373	85.077258	-0.000192	0.000192	-0.000192	0.000192	85.129371	15.324678	-1.500000	15.232488	86.629371	0.019000	15.232488	-18.965899	0.019350	0.000000	0.000000	0.000000	0.000000	0.000000	0.000000	0.000000	0.000000	0.000000	0	0.000000	0	0	0.000000	-0.000000	0.000000	0.000000	0.000000	0.000000	0.000000	0.000000	5.972847	0.328507	0.000000
D:	21826.90	-8.862847	85.129371	-0.000192	0.000192	-0.000192	0.000192	85.129371	15.324678	-1.500000	15.232488	86.629371	0.018000	15.232488	-18.965899	0.019350	0.000000	0.000000	0.000000	0.000000	0.000000	0.000000	0.000000	0.000000	0.000000	0	0.000000	0	0	0.000000	-0.000000	0.000000	0.000000	0.000000	0.000000	0.000000	0.000000	5.972847	0.328507	0.000000
D:	21835.12	-8.862847	85.129371	-0.000192	0.000192	-0.000192	0.000192	85.129371	15.324678	-1.500000	15.232488	86.684453	0.018000	15.319503	-18.965899	-0.205363	0.000000	0.000000	0.000000	0.000000	0.000000	0.000000	0.000000	0.000000	0.000000	0	0.000000	0	0	0.000000	-0.000000	0.000000	0.000000	0.000000	0.000000	0.000000	0.000000	5.721777	0.314698	0.000000
D:	21843.59	-8.611777	85.184453	-0.000192	0.000192	-0.000192	0.000192	85.184453	15.288711	-1.500000	15.319503	86.684453	0.018000	15.319503	-18.891764	-0.205363	0.000000	0.000000	0.000000	0.000000	0.000000	0.000000	0.000000	0.000000	0.000000	0	0.000000	0	0	0.000000	-0.000000	0.000000	0.000000	0.000000	0.000000	0.000000	0.000000	5.721777	0.314698	0.000000
D:	21852.17	-8.611777	85.184453	-0.000192	0.000192	-0.000192	0.000192	85.184453	15.288711	-1.500000	15.319503	86.684453	0.018000	15.319503	-18.891764	-0.205363	0.000000	0.000000	0.000000	0.000000	0.000000	0.000000	0.000000	0.000000	0.000000	0	0.000000	0	0	0.000000	-0.000000	0.000000	0.000000	0.000000	0.000000	0.000000	0.000000	5.721777	0.314698	0.000000
D:	21861.15	-8.607852	85.265686	-0.000192	0.000192	-0.000192	0.000192	85.265686	15.074564	-1.500000	15.290184	86.765686	0.019000	15.290184	-18.822655	-0.197947	0.000000	0.000000	0.000000	0.000000	0.000000	0.000000	0.000000	0.000000	0.000000	0	0.000000	0	0	0.000000	-0.000000	0.000000	0.000000	0.000000	0.000000	0.000000	0.000000	5.717852	0.314482	0.000000
D:	21869.43	-8.607852	85.265686	-0.000192	0.000192	-0.000192	0.000192	85.265686	15.074564	-1.500000	15.290184	86.765686	0.019000	15.290184	-18.822655	-0.197947	0.000000	0.000000	0.000000	0.000000	0.000000	0.000000	0.000000	0.000000	0.000000	0	0.000000	0	0	0.000000	-0.000000	0.000000	0.000000	0.000000	0.000000	0.000000	0.000000	5.717852	0.314482	0.000000
D:	21877.48	-8.607852	85.265686	-0.000192	0.000192	-0.000192	0.000192	85.315784	15.071347	-1.500000	15.084878	86.815784	0.019000	15.084878	-18.743102	-0.374126	0.000000	0.000000	0.000000	0.000000	0.000000	0.000000	0.000000	0.000000	0.000000	0	0.000000	0	0	0.000000	-0.000000	0.000000	0.000000	0.000000	0.000000	0.000000	0.000000	5.515754	0.303366	0.000000
D:	21886.40	-8.405754	85.315784	-0.000192	0.000192	-0.000192	0.000192	85.315784	15.071347	-1.500000	15.084878	86.815784	0.019000	15.084878	-18.743102	-0.374126	0.000000	0.000000	0.000000	0.000000	0.000000	0.000000	0.000000	0.000000	0.000000	0	0.000000	0	0	0.000000	-0.000000	0.000000	0.000000	0.000000	0.000000	0.000000	0.000000	5.515754	0.303366	0.000000
D:	21895.15	-8.405754	85.315784	-0.000192	0.000192	-0.000192	0.000192	85.315784	15.071347	-1.500000	15.084878	86.838135	0.019000	15.072106	-18.743102	-0.090033	0.000000	0.000000	0.000000	0.000000	0.000000	0.000000	0.000000	0.000000	0.000000	0	0.000000	0	0	0.000000	-0.000000	0.000000	0.000000	0.000000	0.000000	0.000000	0.000000	5.813214	0.319727	0.000000
D:	21904.60	-8.703214	85.338135	-0.000192	0.000192	-0.000192	0.000192	85.338135	15.026018	-1.500000	15.072106	86.838135	0.018000	15.072106	-18.659605	-0.090033	0.000000	0.000000	0.000000	0.000000	0.000000	0.000000	0.000000	0.000000	0.000000	0	0.000000	0	0	0.000000	-0.000000	0.000000	0.000000	0.000000	0.000000	0.000000	0.000000	5.813214	0.319727	0.000000
D:	21914.19	-8.703214	85.338135	-0.000192	0.000192	-0.000192	0.000192	85.338135	15.026018	-1.500000	15.072106	86.838135	0.018000	15.072106	-18.659605	-0.500889	0.000000	0.000000	0.000000	0.000000	0.000000	0.000000	0.000000	0.000000	0.000000	0	0.000000	0	0	0.000000	-0.000000	0.000000	0.000000	0.000000	0.000000	0.000000	0.000000	5.813214	0.319727	0.000000
D:	21923.65	-8.251549	85.389400	-0.000192	0.000192	-0.000192	0.000192	85.389400	14.808547	-1.500000	15.028605	86.889400	0.018000	15.028605	-18.587173	-0.500889	0.000000	0.000000	0.000000	0.000000	0.000000	0.000000	0.000000	0.000000	0.000000	0	0.000000	0	0	0.000000	-0.000000	0.000000	0.000000	0.000000	0.000000	0.000000	0.000000	5.361548	0.294885	0.000000
D:	21933.02	-8.251549	85.389400	-0.000192	0.000192	-0.000192	0.000192	85.389400	14.808547	-1.500000	15.028605	86.889400	0.018000	15.028605	-18.587173	-0.500889	0.000000	0.000000	0.000000	0.000000	0.000000	0.000000	0.000000	0.000000	0.000000	0	0.000000	0	0	0.000000	-0.000000	0.000000	0.000000	0.000000	0.000000	0.000000	0.000000	5.361548	0.294885	0.000000
D:	21942.76	-8.613158	85.450620	-0.000192	0.000192	-0.000192	0.000192	85.450620	14.701958	-1.500000	14.820900	86.950620	0.018000	14.820900	-18.518751	-0.154322	0.000000	0.000000	0.000000	0.000000	0.000000	0.000000	0.000000	0.000000	0.000000	0	0.000000	0	0	0.000000	-0.000000	0.000000	0.000000	0.000000	0.000000	0.000000	0.000000	5.723158	0.314774	0.000000
D:	21952.94	-8.613158	85.450620	-0.000192	0.000192	-0.000192	0.000192	85.450620	14.701958	-1.500000	14.820900	86.950620	0.018000	14.820900	-18.518751	-0.433977	0.000000	0.000000	0.000000	0.000000	0.000000	0.000000	0.000000	0.000000	0.000000	0	0.000000	0	0	0.000000	-0.000000	0.000000	0.000000	0.000000	0.000000	0.000000	0.000000	5.723158	0.314774	0.000000
D:	21963.65	-8.299033	85.480608	-0.000192	0.000192	-0.000192	0.000192	85.480608	14.808237	-1.500000	14.707647	86.980608	0.019000	14.707647	-18.434191	-0.433977	0.000000	0.000000	0.000000	0.000000	0.000000	0.000000	0.000000	0.000000	0.000000	0	0.000000	0	0	0.000000	-0.000000	0.000000	0.000000	0.000000	0.000000	0.000000	0.000000	5.409033	0.297497	0.000000
D:	21974.26	-8.299033	85.480608	-0.000192	0.000192	-0.000192	0.000192	85.480608	14.808237	-1.500000	14.707647	86.980608	0.019000	14.707647	-18.434191	-0.157956	0.000000	0.000000	0.000000	0.000000	0.000000	0.000000	0.000000	0.000000	0.000000	0	0.000000	0	0	0.000000	-0.000000	0.000000	0.000000	0.000000	0.000000	0.000000	0.000000	5.409033	0.297497	0.000000
D:	21984.47	-8.584809	85.540276	-0.000192	0.000192	-0.000192	0.000192	85.540276	14.450767	-1.500000	14.802590	87.040276	0.018000	14.802590	-18.366797	-0.157956	0.000000	0.000000	0.000000	0.000000	0.000000	0.000000	0.000000	0.000000	0.000000	0	0.000000	0	0	0.000000	-0.000000	0.000000	0.000000	0.000000	0.000000	0.000000	0.000000	5.694809	0.313215	0.000000
D:	21994.13	-8.584809	85.540276	-0.000192	0.000192	-0.000192	0.000192	85.540276	14.450767	-1.500000	14.802590	87.040276	0.018000	14.802590	-18.366797	-0.587304	0.000000	0.000000	0.000000	0.000000	0.000000	0.000000	0.000000	0.000000	0.000000	0	0.000000	0	0	0.000000	-0.000000	0.000000	0.000000	0.000000	0.000000	0.000000	0.000000	5.694809	0.313215	0.000000
D:	22003.88	-8.103231	85.546935	-0.000192	0.000192	-0.000192	0.000192	85.546935	14.790990	-1.500000	14.470516	87.046935	0.018000	14.470516	-18.279539	-0.587304	0.000000	0.000000	0.000000	0.000000	0.000000	0.000000	0.000000	0.000000	0.000000	0	0.000000	0	0	0.000000	-0.000000	0.000000	0.000000	0.000000	0.000000	0.000000	0.000000	5.213231	0.286728	0.000000
D:	22013.25	-8.103231	85.546935	-0.000192	0.000192	-0.000192	0.000192	85.546935	14.790990	-1.500000	14.470516	87.046935	0.018000	14.470516	-18.279539	-0.587304	0.000000	0.000000	0.000000	0.000000	0.000000	0.000000	0.000000	0.000000	0.000000	0	0.000000	0	0	0.000000	-0.000000	0.000000	0.000000	0.000000	0.000000	0.000000	0.000000	5.213231	0.286728	0.000000
D:	22021.90	-9.031506	85.593349	-0.000192	0.000192	-0.000192	0.000192	85.593349	14.505097	-1.500000	14.773000	87.093349	0.018000	14.773000	-18.207387	0.276017	0.000000	0.000000	0.000000	0.000000	0.000000	0.000000	0.000000	0.000000	0.000000	0	0.000000	0	0	0.000000	-0.000000	0.000000	0.000000	0.000000	0.000000	0.000000	0.000000	6.141506	0.337783	0.000000
D:	22030.54	-9.031506	85.593349	-0.000192	0.000192	-0.000192	0.000192	85.593349	14.505097	-1.500000	14.773000	87.093349	0.018000	14.773000	-18.207387	0.276017	0.000000	0.000000	0.000000	0.000000	0.000000	0.000000	0.000000	0.000000	0.000000	0	0.000000	0	0	0.000000	-0.000000	0.000000	0.000000	0.000000	0.000000	0.000000	0.000000	6.141506	0.337783	0.000000
D:	22039.72	-9.031506	85.593349	-0.000192	0.000192	-0.000192	0.000192	85.629914	14.379747	-1.500000	14.517912	87.129914	0.018000	14.517912	-18.127838	-0.066401	0.000000	0.000000	0.000000	0.000000	0.000000	0.000000	0.000000	0.000000	0.000000	0	0.000000	0	0	0.000000	-0.000000	0.000000	0.000000	0.000000	0.000000	0.000000	0.000000	5.767925	0.317236	0.000000
D:	22050.49	-8.657925	85.629914	-0.000192	0.000192	-0.000192	0.000192	85.629914	14.379747	-1.500000	14.517912	87.129914	0.019000	14.517912	-18.127838	-0.066401	0.000000	0.000000	0.000000	0.000000	0.000000	0.000000	0.000000	0.000000	0.000000	0	0.000000	0	0	0.000000	-0.000000	0.000000	0.000000	0.000000	0.000000	0.000000	0.000000	5.767925	0.317236	0.000000
D:	22061.50	-8.197845	85.687825	-0.000192	0.000192	-0.000192	0.000192	85.687825	14.327822	-1.500000	14.387503	87.187825	0.018000	14.387503	-18.060646	-0.481132	0.000000	0.000000	0.000000	0.000000	0.000000	0.000000	0.000000	0.000000	0.000000	0	0.000000	0	0	0.000000	-0.000000	0.000000	0.000000	0.000000	0.000000	0.000000	0.000000	5.307845	0.291931	0.000000
D:	22072.58	-8.197845	85.687825	-0.000192	0.000192	-0.000192	0.000192	85.687825	14.327822	-1.500000	14.387503	87.187825	0.018000	14.387503	-18.060646	-0.481132	0.000000	0.000000	0.000000	0.000000	0.000000	0.000000	0.000000	0.000000	0.000000	0	0.000000	0	0	0.000000	-0.000000	0.000000	0.000000	0.000000	0.000000	0.000000	0.000000	5.307845	0.291931	0.000000
D:	22083.88	-8.503649	85.743040	-0.000192	0.000192	-0.000192	0.000192	85.743040	14.214617	-1.500000	14.331172	87.243040	0.018000	14.331172	-17.993243	-0.191860	0.000000	0.000000	0.000000	0.000000	0.000000	0.000000	0.000000	0.000000	0.000000	0	0.000000	0	0	0.000000	-0.000000	0.000000	0.000000	0.000000	0.000000	0.000000	0.000000	5.613649	0.308751	0.000000
D:	22095.35	-8.503649	85.743040	-0.000192	0.000192	-0.000192	0.000192	85.743040	14.214617	-1.500000	14.331172	87.258757	0.018000	14.221159	-17.993243	-0.035769	0.000000	0.000000	0.000000	0.000000	0.000000	0.000000	0.000000	0.000000	0.000000	0	0.000000	0	0	0.000000	-0.000000	0.000000	0.000000	0.000000	0.000000	0.000000	0.000000	5.773878	0.317563	0.000000
D:	22106.90	-8.663878	85.758757	-0.000192	0.000192	-0.000192	0.000192	85.758757	14.111678	-1.500000	14.221159	87.258757	0.018000	14.221159	-17.913204	-0.035769	0.000000	0.000000	0.000000	0.000000	0.000000	0.000000	0.000000	0.000000	0.000000	0	0.000000	0	0	0.000000	-0.000000	0.000000	0.000000	0.000000	0.000000	0.000000	0.000000	5.773878	0.317563	0.000000
D:	22117.55	-8.663878	85.758757	-0.000192	0.000192	-0.000192	0.000192	85.804663	13.991986	-1.500000	14.116915	87.304663	0.018000	14.116915	-17.839315	0.096460	0.000000	0.000000	0.000000	0.000000	0.000000	0.000000	0.000000	0.000000	0.000000	0	0.000000	0	0	0.000000	-0.000000	0.000000	0.000000	0.000000	0.000000	0.000000	0.000000	5.909871	0.325043	0.000000
D:	22127.72	-8.799871	85.804663	-0.000192	0.000192	-0.000192	0.000192	85.804663	13.991986	-1.500000	14.116915	87.304663	0.019000	14.116915	-17.839315	0.096460	0.000000	0.000000	0.000000	0.000000	0.000000	0.000000	0.000000	0.000000	0.000000	0	0.000000	0	0	0.000000	-0.000000	0.000000	0.000000	0.000000	0.000000	0.000000	0.000000	5.909871	0.325043	0.000000
D:	22139.36	-8.799871	85.804663	-0.000192	0.000192	-0.000192	0.000192	85.833212	14.216189	-1.500000	13.997962	87.333212	0.019000	13.997962	-17.758174	0.060960	0.000000	0.000000	0.000000	0.000000	0.000000	0.000000	0.000000	0.000000	0.000000	0	0.000000	0	0	0.000000	-0.000000	0.000000	0.000000	0.000000	0.000000	0.000000	0.000000	5.869466	0.322821	0.000000
D:	22150.98	-8.759467	85.833212	-0.000192	0.000192	-0.000192	0.000192	85.833212	14.216189	-1.500000	13.997962	87.333212	0.019000	13.997962	-17.758174	0.060960	0.000000	0.000000	0.000000	0.000000	0.000000	0.000000	0.000000	0.000000	0.000000	0	0.000000	0	0	0.000000	-0.000000	0.000000	0.000000	0.000000	0.000000	0.000000	0.000000	5.869466	0.322821	0.000000
D:	22161.90	-8.736376	85.863754	-0.000192	0.000192	-0.000192	0.000192	85.863754	13.966463	-1.500000	14.203939	87.363754	0.018000	14.203939	-17.684020	0.046104	0.000000	0.000000	0.000000	0.000000	0.000000	0.000000	0.000000	0.000000	0.000000	0	0.000000	0	0	0.000000	-0.000000	0.000000	0.000000	0.000000	0.000000	0.000000	0.000000	5.846375	0.321551	0.000000
D:	22172.52	-8.736376	85.863754	-0.000192	0.000192	-0.000192	0.000192	85.863754	13.966463	-1.500000	14.203939	87.363754	0.018000	14.203939	-17.684020	0.046104	0.000000	0.000000	0.000000	0.000000	0.000000	0.000000	0.000000	0.000000	0.000000	0	0.000000	0	0	0.000000	-0.000000	0.000000	0.000000	0.000000	0.000000	0.000000	0.000000	5.846375	0.321551	0.000000
D:	22183.35	-8.781220	85.889213	-0.000192	0.000192	-0.000192	0.000192	85.889213	13.929005	-1.500000	13.979793	87.389213	0.018000	13.979793	-17.608394	0.090828	0.000000	0.000000	0.000000	0.000000	0.000000	0.000000	0.000000	0.000000	0.000000	0	0.000000	0	0	0.000000	-0.000000	0.000000	0.000000	0.000000	0.000000	0.000000	0.000000	5.891220	0.324017	0.000000
D:	22193.29	-8.781220	85.889213	-0.000192	0.000192	-0.000192	0.000192	85.889213	13.929005	-1.500000	13.979793	87.389213	0.018000	13.979793	-17.608394	0.090828	0.000000	0.000000	0.000000	0.000000	0.000000	0.000000	0.000000	0.000000	0.000000	0	0.000000	0	0	0.000000	-0.000000	0.000000	0.000000	0.000000	0.000000	0.000000	0.000000	5.891220	0.324017	0.000000
D:	22203.83	-8.742149	85.928378	-0.000192	0.000192	-0.000192	0.000192	85.928378	13.747573	-1.500000	13.931434	87.428378	0.019000	13.931434	-17.533832	0.062225	0.000000	0.000000	0.000000	0.000000	0.000000	0.000000	0.000000	0.000000	0.000000	0	0.000000	0	0	0.000000	-0.000000	0.000000	0.000000	0.000000	0.000000	0.000000	0.000000	5.852149	0.321868	0.000000
D:	22213.82	-8.742149	85.928378	-0.000192	0.000192	-0.000192	0.000192	85.928378	13.747573	-1.500000	13.931434	87.428378	0.019000	13.931434	-17.533832	0.062225	0.000000	0.000000	0.000000	0.000000	0.000000	0.000000	0.000000	0.000000	0.000000	0	0.000000	0	0	0.000000	-0.000000	0.000000	0.000000	0.000000	0.000000	0.000000	0.000000	5.852149	0.321868	0.000000
D:	22223.69	-8.660579	85.962260	-0.000192	0.000192	-0.000192	0.000192	85.962260	13.823432	-1.500000	13.756368	87.462260	0.019000	13.756368	-17.457020	-0.007598	0.000000	0.000000	0.000000	0.000000	0.000000	0.000000	0.000000	0.000000	0.000000	0	0.000000	0	0	0.000000	-0.000000	0.000000	0.000000	0.000000	0.000000	0.000000	0.000000	5.770579	0.317382	0.000000
D:	22234.28	-8.660579	85.962260	-0.000192	0.000192	-0.000192	0.000192	85.962260	13.823432	-1.500000	13.756368	87.462260	0.019000	13.756368	-17.457020	-0.007598	0.000000	0.000000	0.000000	0.000000	0.000000	0.000000	0.000000	0.000000	0.000000	0	0.000000	0	0	0.000000	-0.000000	0.000000	0.000000	0.000000	0.000000	0.000000	0.000000	5.770579	0.317382	0.000000
D:	22245.50	-8.628990	85.986137	-0.000192	0.000192	-0.000192	0.000192	85.986137	13.619394	-1.500000	13.819667	87.486137	0.018000	13.819667	-17.382753	-0.029863	0.000000	0.000000	0.000000	0.000000	0.000000	0.000000	0.000000	0.000000	0.000000	0	0.000000	0	0	0.000000	-0.000000	0.000000	0.000000	0.000000	0.000000	0.000000	0.000000	5.738990	0.315644	0.000000
D:	22257.13	-8.628990	85.986137	-0.000192	0.000192	-0.000192	0.000192	85.986137	13.619394	-1.500000	13.630637	87.506984	0.018000	13.630637	-17.382753	-0.072308	0.000000	0.000000	0.000000	0.000000	0.000000	0.000000	0.000000	0.000000	0.000000	0	0.000000	0	0	0.000000	-0.000000	0.000000	0.000000	0.000000	0.000000	0.000000	0.000000	5.687720	0.312825	0.000000
D:	22268.86	-8.577720	86.006984	-0.000192	0.000192	-0.000192	0.000192	86.006984	13.650796	-1.500000	13.630637	87.506984	0.018000	13.630637	-17.307285	-0.072308	0.000000	0.000000	0.000000	0.000000	0.000000	0.000000	0.000000	0.000000	0.000000	0	0.000000	0	0	0.000000	-0.000000	0.000000	0.000000	0.000000	0.000000	0.000000	0.000000	5.687720	0.312825	0.000000
D:	22280.27	-8.577720	86.006984	-0.000192	0.000192	-0.000192	0.000192	86.043720	13.455169	-1.500000	13.649832	87.543720	0.018000	13.649832	-17.233795	-0.049233	0.000000	0.000000	0.000000	0.000000	0.000000	0.000000	0.000000	0.000000	0.000000	0	0.000000	0	0	0.000000	-0.000000	0.000000	0.000000	0.000000	0.000000	0.000000	0.000000	5.702835	0.313656	0.000000
D:	22291.90	-8.592835	86.043720	-0.000192	0.000192	-0.000192	0.000192	86.043720	13.455169	-1.500000	13.649832	87.543720	0.019000	13.649832	-17.233795	-0.049233	0.000000	0.000000	0.000000	0.000000	0.000000	0.000000	0.000000	0.000000	0.000000	0	0.000000	0	0	0.000000	-0.000000	0.000000	0.000000	0.000000	0.000000	0.000000	0.000000	5.702835	0.313656	0.000000
D:	22302.90	-8.546009	86.073199	-0.000192	0.000192	-0.000192	0.000192	86.073199	13.410069	-1.500000	13.464480	87.573199	0.019000	13.464480	-17.158161	-0.086751	0.000000	0.000000	0.000000	0.000000	0.000000	0.000000	0.000000	0.000000	0.000000	0	0.000000	0	0	0.000000	-0.000000	0.000000	0.000000	0.000000	0.000000	0.000000	0.000000	5.656009	0.311080	0.000000
D:	22313.50	-8.546009	86.073199	-0.000192	0.000192	-0.000192	0.000192	86.073199	13.410069	-1.500000	13.464480	87.573199	0.019000	13.464480	-17.158161	-0.086751	0.000000	0.000000	0.000000	0.000000	0.000000	0.000000	0.000000	0.000000	0.000000	0	0.000000	0	0	0.000000	-0.000000	0.000000	0.000000	0.000000	0.000000	0.000000	0.000000	5.656009	0.311080	0.000000
D:	22324.60	-8.520124	86.085979	-0.000192	0.000192	-0.000192	0.000192	86.085979	13.326233	-1.500000	13.413124	87.585979	0.018000	13.413124	-17.081958	-0.102864	0.000000	0.000000	0.000000	0.000000	0.000000	0.000000	0.000000	0.000000	0.000000	0	0.000000	0	0	0.000000	-0.000000	0.000000	0.000000	0.000000	0.000000	0.000000	0.000000	5.630124	0.309657	0.000000
D:	22335.92	-8.520124	86.085979	-0.000192	0.000192	-0.000192	0.000192	86.085979	13.326233	-1.500000	13.413124	87.585979	0.018000	13.413124	-17.081958	-0.105021	0.000000	0.000000	0.000000	0.000000	0.000000	0.000000	0.000000	0.000000	0.000000	0	0.000000	0	0	0.000000	-0.000000	0.000000	0.000000	0.000000	0.000000	0.000000	0.000000	5.630124	0.309657	0.000000
D:	22347.27	-8.510559	86.098515	-0.000192	0.000192	-0.000192	0.000192	86.098515	13.250409	-1.500000	13.331110	87.598515	0.018000	13.331110	-17.006134	-0.105021	0.000000	0.000000	0.000000	0.000000	0.000000	0.000000	0.000000	0.000000	0.000000	0	0.000000	0	0	0.000000	-0.000000	0.000000	0.000000	0.000000	0.000000	0.000000	0.000000	5.620559	0.309131	0.000000
D:	22358.74	-8.510559	86.098515	-0.000192	0.000192	-0.000192	0.000192	86.098515	13.250409	-1.500000	13.254269	87.625378	0.018000	13.254269	-17.006134	-0.086709	0.000000	0.000000	0.000000	0.000000	0.000000	0.000000	0.000000	0.000000	0.000000	0	0.000000	0	0	0.000000	-0.000000	0.000000	0.000000	0.000000	0.000000	0.000000	0.000000	5.633189	0.309825	0.000000
D:	22369.53	-8.523189	86.125378	-0.000192	0.000192	-0.000192	0.000192	86.125378	13.160231	-1.500000	13.254269	87.625378	0.019000	13.254269	-16.931223	-0.086709	0.000000	0.000000	0.000000	0.000000	0.000000	0.000000	0.000000	0.000000	0.000000	0	0.000000	0	0	0.000000	-0.000000	0.000000	0.000000	0.000000	0.000000	0.000000	0.000000	5.633189	0.309825	0.000000
D:	22379.92	-8.523189	86.125378	-0.000192	0.000192	-0.000192	0.000192	86.146717	13.099125	-1.500000	13.164729	87.646717	0.019000	13.164729	-16.854850	-0.092754	0.000000	0.000000	0.000000	0.000000	0.000000	0.000000	0.000000	0.000000	0.000000	0	0.000000	0	0	0.000000	-0.000000	0.000000	0.000000	0.000000	0.000000	0.000000	0.000000	5.619575	0.309077	0.000000
D:	22390.48	-8.509575	86.146717	-0.000192	0.000192	-0.000192	0.000192	86.146717	13.099125	-1.500000	13.164729	87.646717	0.019000	13.164729	-16.854850	-0.092754	0.000000	0.000000	0.000000	0.000000	0.000000	0.000000	0.000000	0.000000	0.000000	0	0.000000	0	0	0.000000	-0.000000	0.000000	0.000000	0.000000	0.000000	0.000000	0.000000	5.619575	0.309077	0.000000
D:	22401.41	-8.509575	86.146717	-0.000192	0.000192	-0.000192	0.000192	86.157942	13.092522	-1.500000	13.102807	87.657942	0.019000	13.102807	-16.779545	-0.076096	0.000000	0.000000	0.000000	0.000000	0.000000	0.000000	0.000000	0.000000	0.000000	0	0.000000	0	0	0.000000	-0.000000	0.000000	0.000000	0.000000	0.000000	0.000000	0.000000	5.631009	0.309705	0.000000
D:	22413.30	-8.521009	86.157942	-0.000192	0.000192	-0.000192	0.000192	86.157942	13.092522	-1.500000	13.102807	87.657942	0.018000	13.102807	-16.779545	-0.076096	0.000000	0.000000	0.000000	0.000000	0.000000	0.000000	0.000000	0.000000	0.000000	0	0.000000	0	0	0.000000	-0.000000	0.000000	0.000000	0.000000	0.000000	0.000000	0.000000	5.631009	0.309705	0.000000
D:	22425.45	-8.488748	86.163487	-0.000192	0.000192	-0.000192	0.000192	86.163487	12.993012	-1.500000	13.093099	87.663487	0.018000	13.093099	-16.702935	-0.100740	0.000000	0.000000	0.000000	0.000000	0.000000	0.000000	0.000000	0.000000	0.000000	0	0.000000	0	0	0.000000	-0.000000	0.000000	0.000000	0.000000	0.000000	0.000000	0.000000	5.598748	0.307931	0.000000
D:	22437.56	-8.488748	86.163487	-0.000192	0.000192	-0.000192	0.000192	86.163487	12.993012	-1.500000	13.093099	87.663487	0.018000	13.093099	-16.702935	-0.104348	0.000000	0.000000	0.000000	0.000000	0.000000	0.000000	0.000000	0.000000	0.000000	0	0.000000	0	0	0.000000	-0.000000	0.000000	0.000000	0.000000	0.000000	0.000000	0.000000	5.588049	0.307343	0.000000
D:	22449.24	-8.478049	86.163307	-0.000192	0.000192	-0.000192	0.000192	86.163307	12.892189	-1.500000	12.998630	87.663307	0.018000	12.998630	-16.625014	-0.104348	0.000000	0.000000	0.000000	0.000000	0.000000	0.000000	0.000000	0.000000	0.000000	0	0.000000	0	0	0.000000	-0.000000	0.000000	0.000000	0.000000	0.000000	0.000000	0.000000	5.588049	0.307343	0.000000
D:	22460.08	-8.478049	86.163307	-0.000192	0.000192	-0.000192	0.000192	86.163307	12.892189	-1.500000	12.998630	87.663307	0.018000	12.998630	-16.625014	-0.073435	0.000000	0.000000	0.000000	0.000000	0.000000	0.000000	0.000000	0.000000	0.000000	0	0.000000	0	0	0.000000	-0.000000	0.000000	0.000000	0.000000	0.000000	0.000000	0.000000	5.613871	0.308763	0.000000
D:	22468.88	-8.503871	86.176701	-0.000192	0.000192	-0.000192	0.000192	86.176701	12.814962	-1.500000	12.897281	87.676701	0.019000	12.897281	-16.547787	-0.073435	0.000000	0.000000	0.000000	0.000000	0.000000	0.000000	0.000000	0.000000	0.000000	0	0.000000	0	0	0.000000	-0.000000	0.000000	0.000000	0.000000	0.000000	0.000000	0.000000	5.613871	0.308763	0.000000
D:	22477.56	-8.503871	86.176701	-0.000192	0.000192	-0.000192	0.000192	86.176701	12.814962	-1.500000	12.897281	87.676701	0.019000	12.897281	-16.547787	-0.073435	0.000000	0.000000	0.000000	0.000000	0.000000	0.000000	0.000000	0.000000	0.000000	0	0.000000	0	0	0.000000	-0.000000	0.000000	0.000000	0.000000	0.000000	0.000000	0.000000	5.613871	0.308763	0.000000
D:	22486.82	-8.509497	86.183025	-0.000192	0.000192	-0.000192	0.000192	86.183025	12.755315	-1.500000	12.819583	87.683025	0.018000	12.819583	-16.472872	-0.062917	0.000000	0.000000	0.000000	0.000000	0.000000	0.000000	0.000000	0.000000	0.000000	0	0.000000	0	0	0.000000	-0.000000	0.000000	0.000000	0.000000	0.000000	0.000000	0.000000	5.619497	0.309072	0.000000
D:	22497.22	-8.509497	86.183025	-0.000192	0.000192	-0.000192	0.000192	86.183025	12.755315	-1.500000	12.819583	87.683025	0.018000	12.819583	-16.472872	-0.096345	0.000000	0.000000	0.000000	0.000000	0.000000	0.000000	0.000000	0.000000	0.000000	0	0.000000	0	0	0.000000	-0.000000	0.000000	0.000000	0.000000	0.000000	0.000000	0.000000	5.619497	0.309072	0.000000
D:	22508.48	-8.469122	86.188786	-0.000192	0.000192	-0.000192	0.000192	86.188786	12.695836	-1.500000	12.758923	87.688786	0.018000	12.758923	-16.398126	-0.096345	0.000000	0.000000	0.000000	0.000000	0.000000	0.000000	0.000000	0.000000	0.000000	0	0.000000	0	0	0.000000	-0.000000	0.000000	0.000000	0.000000	0.000000	0.000000	0.000000	5.579122	0.306852	0.000000
D:	22518.80	-8.469122	86.188786	-0.000192	0.000192	-0.000192	0.000192	86.188786	12.695836	-1.500000	12.758923	87.688786	0.018000	12.758923	-16.398126	-0.080658	0.000000	0.000000	0.000000	0.000000	0.000000	0.000000	0.000000	0.000000	0.000000	0	0.000000	0	0	0.000000	-0.000000	0.000000	0.000000	0.000000	0.000000	0.000000	0.000000	5.579122	0.306852	0.000000
D:	22528.61	-8.480666	86.185490	-0.000192	0.000192	-0.000192	0.000192	86.185490	12.618516	-1.500000	12.699378	87.685490	0.018000	12.699378	-16.320806	-0.080658	0.000000	0.000000	0.000000	0.000000	0.000000	0.000000	0.000000	0.000000	0.000000	0	0.000000	0	0	0.000000	-0.000000	0.000000	0.000000	0.000000	0.000000	0.000000	0.000000	5.590666	0.307487	0.000000
D:	22537.41	-8.480666	86.185490	-0.000192	0.000192	-0.000192	0.000192	86.185490	12.618516	-1.500000	12.699378	87.685490	0.018000	12.699378	-16.320806	-0.080658	0.000000	0.000000	0.000000	0.000000	0.000000	0.000000	0.000000	0.000000	0.000000	0	0.000000	0	0	0.000000	-0.000000	0.000000	0.000000	0.000000	0.000000	0.000000	0.000000	5.590666	0.307487	0.000000
D:	22545.82	-8.506522	86.199001	-0.000192	0.000192	-0.000192	0.000192	86.199001	12.558224	-1.500000	12.622384	87.699001	0.019000	12.622384	-16.245247	-0.048793	0.000000	0.000000	0.000000	0.000000	0.000000	0.000000	0.000000	0.000000	0.000000	0	0.000000	0	0	0.000000	-0.000000	0.000000	0.000000	0.000000	0.000000	0.000000	0.000000	5.616522	0.308909	0.000000
D:	22554.43	-8.506522	86.199001	-0.000192	0.000192	-0.000192	0.000192	86.199001	12.558224	-1.500000	12.622384	87.699001	0.019000	12.622384	-16.245247	-0.048793	0.000000	0.000000	0.000000	0.000000	0.000000	0.000000	0.000000	0.000000	0.000000	0	0.000000	0	0	0.000000	-0.000000	0.000000	0.000000	0.000000	0.000000	0.000000	0.000000	5.616522	0.308909	0.000000
D:	22563.15	-8.506522	86.199001	-0.000192	0.000192	-0.000192	0.000192	86.197928	12.497642	-1.500000	12.561826	87.697928	0.019000	12.561826	-16.169397	-0.065103	0.000000	0.000000	0.000000	0.000000	0.000000	0.000000	0.000000	0.000000	0.000000	0	0.000000	0	0	0.000000	-0.000000	0.000000	0.000000	0.000000	0.000000	0.000000	0.000000	5.593580	0.307647	0.000000
D:	22571.67	-8.483580	86.197928	-0.000192	0.000192	-0.000192	0.000192	86.197928	12.497642	-1.500000	12.561826	87.697928	0.018000	12.561826	-16.169397	-0.065103	0.000000	0.000000	0.000000	0.000000	0.000000	0.000000	0.000000	0.000000	0.000000	0	0.000000	0	0	0.000000	-0.000000	0.000000	0.000000	0.000000	0.000000	0.000000	0.000000	5.593580	0.307647	0.000000
D:	22580.13	-8.483580	86.197928	-0.000192	0.000192	-0.000192	0.000192	86.197928	12.497642	-1.500000	12.561826	87.697928	0.018000	12.561826	-16.169397	-0.065103	0.000000	0.000000	0.000000	0.000000	0.000000	0.000000	0.000000	0.000000	0.000000	0	0.000000	0	0	0.000000	-0.000000	0.000000	0.000000	0.000000	0.000000	0.000000	0.000000	5.593580	0.307647	0.000000
D:	22587.87	-8.499319	86.193961	-0.000192	0.000192	-0.000192	0.000192	86.193961	12.436453	-1.500000	12.501245	87.693961	0.018000	12.501245	-16.092941	-0.044954	0.000000	0.000000	0.000000	0.000000	0.000000	0.000000	0.000000	0.000000	0.000000	0	0.000000	0	0	0.000000	-0.000000	0.000000	0.000000	0.000000	0.000000	0.000000	0.000000	5.609319	0.308513	0.000000
D:	22595.75	-8.499319	86.193961	-0.000192	0.000192	-0.000192	0.000192	86.193961	12.436453	-1.500000	12.501245	87.693961	0.018000	12.501245	-16.092941	-0.044954	0.000000	0.000000	0.000000	0.000000	0.000000	0.000000	0.000000	0.000000	0.000000	0	0.000000	0	0	0.000000	-0.000000	0.000000	0.000000	0.000000	0.000000	0.000000	0.000000	5.609319	0.308513	0.000000
D:	22604.07	-8.499319	86.193961	-0.000192	0.000192	-0.000192	0.000192	86.190782	12.368303	-1.500000	12.440090	87.690782	0.018000	12.440090	-16.017158	-0.039922	0.000000	0.000000	0.000000	0.000000	0.000000	0.000000	0.000000	0.000000	0.000000	0	0.000000	0	0	0.000000	-0.000000	0.000000	0.000000	0.000000	0.000000	0.000000	0.000000	5.609056	0.308498	0.000000
D:	22612.99	-8.499056	86.190782	-0.000192	0.000192	-0.000192	0.000192	86.190782	12.368303	-1.500000	12.440090	87.690782	0.018000	12.440090	-16.017158	-0.039922	0.000000	0.000000	0.000000	0.000000	0.000000	0.000000	0.000000	0.000000	0.000000	0	0.000000	0	0	0.000000	-0.000000	0.000000	0.000000	0.000000	0.000000	0.000000	0.000000	5.609056	0.308498	0.000000
D:	22622.58	-8.499056	86.190782	-0.000192	0.000192	-0.000192	0.000192	86.194387	12.215254	-1.500000	12.371737	87.694387	0.018000	12.371737	-15.940445	-0.052525	0.000000	0.000000	0.000000	0.000000	0.000000	0.000000	0.000000	0.000000	0.000000	0	0.000000	0	0	0.000000	-0.000000	0.000000	0.000000	0.000000	0.000000	0.000000	0.000000	5.589755	0.307437	0.000000
D:	22632.29	-8.479755	86.194387	-0.000192	0.000192	-0.000192	0.000192	86.194387	12.215254	-1.500000	12.371737	87.694387	0.019000	12.371737	-15.940445	-0.052525	0.000000	0.000000	0.000000	0.000000	0.000000	0.000000	0.000000	0.000000	0.000000	0	0.000000	0	0	0.000000	-0.000000	0.000000	0.000000	0.000000	0.000000	0.000000	0.000000	5.589755	0.307437	0.000000
D:	22641.62	-8.479755	86.194387	-0.000192	0.000192	-0.000192	0.000192	86.194387	12.215254	-1.500000	12.371737	87.694387	0.019000	12.371737	-15.940445	-0.066509	0.000000	0.000000	0.000000	0.000000	0.000000	0.000000	0.000000	0.000000	0.000000	0	0.000000	0	0	0.000000	-0.000000	0.000000	0.000000	0.000000	0.000000	0.000000	0.000000	5.568997	0.306295	0.000000
D:	22650.90	-8.458997	86.199240	-0.000192	0.000192	-0.000192	0.000192	86.199240	12.124268	-1.500000	12.222739	87.699240	0.019000	12.222739	-15.864726	-0.066509	0.000000	0.000000	0.000000	0.000000	0.000000	0.000000	0.000000	0.000000	0.000000	0	0.000000	0	0	0.000000	-0.000000	0.000000	0.000000	0.000000	0.000000	0.000000	0.000000	5.568997	0.306295	0.000000
D:	22659.44	-8.458997	86.199240	-0.000192	0.000192	-0.000192	0.000192	86.199240	12.124268	-1.500000	12.222739	87.699240	0.019000	12.222739	-15.864726	-0.066509	0.000000	0.000000	0.000000	0.000000	0.000000	0.000000	0.000000	0.000000	0.000000	0	0.000000	0	0	0.000000	-0.000000	0.000000	0.000000	0.000000	0.000000	0.000000	0.000000	5.568997	0.306295	0.000000
D:	22668.78	-8.472584	86.186377	-0.000192	0.000192	-0.000192	0.000192	86.186377	12.062335	-1.500000	12.129796	87.686377	0.018000	12.129796	-15.787525	-0.048307	0.000000	0.000000	0.000000	0.000000	0.000000	0.000000	0.000000	0.000000	0.000000	0	0.000000	0	0	0.000000	-0.000000	0.000000	0.000000	0.000000	0.000000	0.000000	0.000000	5.582583	0.307042	0.000000
D:	22676.57	-8.472584	86.186377	-0.000192	0.000192	-0.000192	0.000192	86.186377	12.062335	-1.500000	12.129796	87.686377	0.018000	12.129796	-15.787525	-0.048307	0.000000	0.000000	0.000000	0.000000	0.000000	0.000000	0.000000	0.000000	0.000000	0	0.000000	0	0	0.000000	-0.000000	0.000000	0.000000	0.000000	0.000000	0.000000	0.000000	5.582583	0.307042	0.000000
D:	22684.76	-8.472584	86.186377	-0.000192	0.000192	-0.000192	0.000192	86.180040	11.995357	-1.500000	12.066121	87.680040	0.018000	12.066121	-15.712914	-0.034503	0.000000	0.000000	0.000000	0.000000	0.000000	0.000000	0.000000	0.000000	0.000000	0	0.000000	0	0	0.000000	-0.000000	0.000000	0.000000	0.000000	0.000000	0.000000	0.000000	5.591422	0.307528	0.000000
D:	22693.43	-8.481422	86.180040	-0.000192	0.000192	-0.000192	0.000192	86.180040	11.995357	-1.500000	12.066121	87.680040	0.018000	12.066121	-15.712914	-0.034503	0.000000	0.000000	0.000000	0.000000	0.000000	0.000000	0.000000	0.000000	0.000000	0	0.000000	0	0	0.000000	-0.000000	0.000000	0.000000	0.000000	0.000000	0.000000	0.000000	5.591422	0.307528	0.000000
D:	22705.12	-8.481422	86.180040	-0.000192	0.000192	-0.000192	0.000192	86.182519	11.904956	-1.500000	11.998742	87.682519	0.018000	11.998742	-15.637780	-0.015406	0.000000	0.000000	0.000000	0.000000	0.000000	0.000000	0.000000	0.000000	0.000000	0	0.000000	0	0	0.000000	-0.000000	0.000000	0.000000	0.000000	0.000000	0.000000	0.000000	5.605663	0.308311	0.000000
D:	22716.83	-8.495664	86.182519	-0.000192	0.000192	-0.000192	0.000192	86.182519	11.904956	-1.500000	11.998742	87.682519	0.019000	11.998742	-15.637780	-0.015406	0.000000	0.000000	0.000000	0.000000	0.000000	0.000000	0.000000	0.000000	0.000000	0	0.000000	0	0	0.000000	-0.000000	0.000000	0.000000	0.000000	0.000000	0.000000	0.000000	5.605663	0.308311	0.000000
D:	22729.17	-8.499095	86.176737	-0.000192	0.000192	-0.000192	0.000192	86.176737	11.819950	-1.500000	11.909442	87.676737	0.019000	11.909442	-15.560408	-0.006546	0.000000	0.000000	0.000000	0.000000	0.000000	0.000000	0.000000	0.000000	0.000000	0	0.000000	0	0	0.000000	-0.000000	0.000000	0.000000	0.000000	0.000000	0.000000	0.000000	5.609095	0.308500	0.000000
D:	22741.57	-8.499095	86.176737	-0.000192	0.000192	-0.000192	0.000192	86.176737	11.819950	-1.500000	11.824974	87.659330	0.019000	11.824974	-15.560408	-0.014629	0.000000	0.000000	0.000000	0.000000	0.000000	0.000000	0.000000	0.000000	0.000000	0	0.000000	0	0	0.000000	-0.000000	0.000000	0.000000	0.000000	0.000000	0.000000	0.000000	5.594933	0.307721	0.000000
D:	22753.10	-8.484933	86.159330	-0.000192	0.000192	-0.000192	0.000192	86.159330	11.788653	-1.500000	11.824974	87.659330	0.018000	11.824974	-15.483310	-0.014629	0.000000	0.000000	0.000000	0.000000	0.000000	0.000000	0.000000	0.000000	0.000000	0	0.000000	0	0	0.000000	-0.000000	0.000000	0.000000	0.000000	0.000000	0.000000	0.000000	5.594933	0.307721	0.000000
D:	22762.10	-8.484933	86.159330	-0.000192	0.000192	-0.000192	0.000192	86.159330	11.788653	-1.500000	11.824974	87.659330	0.018000	11.824974	-15.483310	0.011919	0.000000	0.000000	0.000000	0.000000	0.000000	0.000000	0.000000	0.000000	0.000000	0	0.000000	0	0	0.000000	-0.000000	0.000000	0.000000	0.000000	0.000000	0.000000	0.000000	5.594933	0.307721	0.000000
D:	22770.66	-8.507738	86.141900	-0.000192	0.000192	-0.000192	0.000192	86.141900	11.689240	-1.500000	11.790692	87.641900	0.018000	11.790692	-15.406797	0.011919	0.000000	0.000000	0.000000	0.000000	0.000000	0.000000	0.000000	0.000000	0.000000	0	0.000000	0	0	0.000000	-0.000000	0.000000	0.000000	0.000000	0.000000	0.000000	0.000000	5.617738	0.308976	0.000000
D:	22779.67	-8.507738	86.141900	-0.000192	0.000192	-0.000192	0.000192	86.141900	11.689240	-1.500000	11.790692	87.641900	0.018000	11.790692	-15.406797	0.011919	0.000000	0.000000	0.000000	0.000000	0.000000	0.000000	0.000000	0.000000	0.000000	0	0.000000	0	0	0.000000	-0.000000	0.000000	0.000000	0.000000	0.000000	0.000000	0.000000	5.617738	0.308976	0.000000
D:	22789.35	-8.512220	86.137815	-0.000192	0.000192	-0.000192	0.000192	86.137815	11.590977	-1.500000	11.694093	87.637815	0.019000	11.694093	-15.331435	0.020336	0.000000	0.000000	0.000000	0.000000	0.000000	0.000000	0.000000	0.000000	0.000000	0	0.000000	0	0	0.000000	-0.000000	0.000000	0.000000	0.000000	0.000000	0.000000	0.000000	5.622220	0.309222	0.000000
D:	22799.64	-8.512220	86.137815	-0.000192	0.000192	-0.000192	0.000192	86.137815	11.590977	-1.500000	11.694093	87.637815	0.019000	11.694093	-15.331435	0.035150	0.000000	0.000000	0.000000	0.000000	0.000000	0.000000	0.000000	0.000000	0.000000	0	0.000000	0	0	0.000000	-0.000000	0.000000	0.000000	0.000000	0.000000	0.000000	0.000000	5.622220	0.309222	0.000000
D:	22811.58	-8.522541	86.128152	-0.000192	0.000192	-0.000192	0.000192	86.128152	11.544563	-1.500000	11.595909	87.628152	0.019000	11.595909	-15.254487	0.035150	0.000000	0.000000	0.000000	0.000000	0.000000	0.000000	0.000000	0.000000	0.000000	0	0.000000	0	0	0.000000	-0.000000	0.000000	0.000000	0.000000	0.000000	0.000000	0.000000	5.632541	0.309790	0.000000
D:	22821.82	-8.522541	86.128152	-0.000192	0.000192	-0.000192	0.000192	86.128152	11.544563	-1.500000	11.595909	87.628152	0.019000	11.595909	-15.254487	0.041525	0.000000	0.000000	0.000000	0.000000	0.000000	0.000000	0.000000	0.000000	0.000000	0	0.000000	0	0	0.000000	-0.000000	0.000000	0.000000	0.000000	0.000000	0.000000	0.000000	5.632541	0.309790	0.000000
D:	22831.04	-8.526010	86.106442	-0.000192	0.000192	-0.000192	0.000192	86.106442	11.505866	-1.500000	11.547445	87.606442	0.018000	11.547445	-15.177622	0.041525	0.000000	0.000000	0.000000	0.000000	0.000000	0.000000	0.000000	0.000000	0.000000	0	0.000000	0	0	0.000000	-0.000000	0.000000	0.000000	0.000000	0.000000	0.000000	0.000000	5.636010	0.309981	0.000000
D:	22840.18	-8.526010	86.106442	-0.000192	0.000192	-0.000192	0.000192	86.106442	11.505866	-1.500000	11.547445	87.606442	0.018000	11.547445	-15.177622	0.041525	0.000000	0.000000	0.000000	0.000000	0.000000	0.000000	0.000000	0.000000	0.000000	0	0.000000	0	0	0.000000	-0.000000	0.000000	0.000000	0.000000	0.000000	0.000000	0.000000	5.636010	0.309981	0.000000
D:	22849.20	-8.492782	86.082750	-0.000192	0.000192	-0.000192	0.000192	86.082750	11.345328	-1.500000	11.508200	87.582750	0.018000	11.508200	-15.101053	0.014680	0.000000	0.000000	0.000000	0.000000	0.000000	0.000000	0.000000	0.000000	0.000000	0	0.000000	0	0	0.000000	-0.000000	0.000000	0.000000	0.000000	0.000000	0.000000	0.000000	5.602782	0.308153	0.000000
D:	22857.98	-8.492782	86.082750	-0.000192	0.000192	-0.000192	0.000192	86.082750	11.345328	-1.500000	11.508200	87.582750	0.018000	11.508200	-15.101053	0.014680	0.000000	0.000000	0.000000	0.000000	0.000000	0.000000	0.000000	0.000000	0.000000	0	0.000000	0	0	0.000000	-0.000000	0.000000	0.000000	0.000000	0.000000	0.000000	0.000000	5.602782	0.308153	0.000000
D:	22867.55	-8.492782	86.082750	-0.000192	0.000192	-0.000192	0.000192	86.068098	11.298782	-1.500000	11.353119	87.568098	0.018000	11.353119	-15.023973	0.009666	0.000000	0.000000	0.000000	0.000000	0.000000	0.000000	0.000000	0.000000	0.000000	0	0.000000	0	0	0.000000	-0.000000	0.000000	0.000000	0.000000	0.000000	0.000000	0.000000	5.592512	0.307588	0.000000
D:	22877.23	-8.482512	86.068098	-0.000192	0.000192	-0.000192	0.000192	86.068098	11.298782	-1.500000	11.353119	87.568098	0.019000	11.353119	-15.023973	0.009666	0.000000	0.000000	0.000000	0.000000	0.000000	0.000000	0.000000	0.000000	0.000000	0	0.000000	0	0	0.000000	-0.000000	0.000000	0.000000	0.000000	0.000000	0.000000	0.000000	5.592512	0.307588	0.000000
D:	22886.91	-8.482512	86.068098	-0.000192	0.000192	-0.000192	0.000192	86.054421	11.252847	-1.500000	11.301381	87.554421	0.019000	11.301381	-14.947504	0.005788	0.000000	0.000000	0.000000	0.000000	0.000000	0.000000	0.000000	0.000000	0.000000	0	0.000000	0	0	0.000000	-0.000000	0.000000	0.000000	0.000000	0.000000	0.000000	0.000000	5.582080	0.307014	0.000000
D:	22896.27	-8.472080	86.054421	-0.000192	0.000192	-0.000192	0.000192	86.054421	11.252847	-1.500000	11.301381	87.554421	0.019000	11.301381	-14.947504	0.005788	0.000000	0.000000	0.000000	0.000000	0.000000	0.000000	0.000000	0.000000	0.000000	0	0.000000	0	0	0.000000	-0.000000	0.000000	0.000000	0.000000	0.000000	0.000000	0.000000	5.582080	0.307014	0.000000
D:	22905.84	-8.472080	86.054421	-0.000192	0.000192	-0.000192	0.000192	86.025697	11.221114	-1.500000	11.255572	87.525697	0.019000	11.255572	-14.869969	-0.024094	0.000000	0.000000	0.000000	0.000000	0.000000	0.000000	0.000000	0.000000	0.000000	0	0.000000	0	0	0.000000	-0.000000	0.000000	0.000000	0.000000	0.000000	0.000000	0.000000	5.543930	0.304916	0.000000
D:	22916.81	-8.433930	86.025697	-0.000192	0.000192	-0.000192	0.000192	86.025697	11.221114	-1.500000	11.255572	87.525697	0.018000	11.255572	-14.869969	-0.024094	0.000000	0.000000	0.000000	0.000000	0.000000	0.000000	0.000000	0.000000	0.000000	0	0.000000	0	0	0.000000	-0.000000	0.000000	0.000000	0.000000	0.000000	0.000000	0.000000	5.543930	0.304916	0.000000
D:	22927.71	-8.433930	86.025697	-0.000192	0.000192	-0.000192	0.000192	86.000472	11.061740	-1.500000	11.223048	87.500472	0.018000	11.223048	-14.794564	-0.017549	0.000000	0.000000	0.000000	0.000000	0.000000	0.000000	0.000000	0.000000	0.000000	0	0.000000	0	0	0.000000	-0.000000	0.000000	0.000000	0.000000	0.000000	0.000000	0.000000	5.545694	0.305013	0.000000
D:	22938.20	-8.435695	86.000472	-0.000192	0.000192	-0.000192	0.000192	86.000472	11.061740	-1.500000	11.223048	87.500472	0.018000	11.223048	-14.794564	-0.017549	0.000000	0.000000	0.000000	0.000000	0.000000	0.000000	0.000000	0.000000	0.000000	0	0.000000	0	0	0.000000	-0.000000	0.000000	0.000000	0.000000	0.000000	0.000000	0.000000	5.545694	0.305013	0.000000
D:	22947.65	-8.435695	86.000472	-0.000192	0.000192	-0.000192	0.000192	85.974526	10.963776	-1.500000	11.070795	87.474526	0.018000	11.070795	-14.719501	-0.018717	0.000000	0.000000	0.000000	0.000000	0.000000	0.000000	0.000000	0.000000	0.000000	0	0.000000	0	0	0.000000	-0.000000	0.000000	0.000000	0.000000	0.000000	0.000000	0.000000	5.539156	0.304654	0.000000
D:	22956.67	-8.429157	85.974526	-0.000192	0.000192	-0.000192	0.000192	85.974526	10.963776	-1.500000	11.070795	87.474526	0.018000	11.070795	-14.719501	-0.018717	0.000000	0.000000	0.000000	0.000000	0.000000	0.000000	0.000000	0.000000	0.000000	0	0.000000	0	0	0.000000	-0.000000	0.000000	0.000000	0.000000	0.000000	0.000000	0.000000	5.539156	0.304654	0.000000
D:	22965.61	-8.429157	85.974526	-0.000192	0.000192	-0.000192	0.000192	85.974526	10.963776	-1.500000	10.968895	87.459102	0.018000	10.968895	-14.719501	-0.001675	0.000000	0.000000	0.000000	0.000000	0.000000	0.000000	0.000000	0.000000	0.000000	0	0.000000	0	0	0.000000	-0.000000	0.000000	0.000000	0.000000	0.000000	0.000000	0.000000	5.552764	0.305402	0.000000
D:	22974.49	-8.442764	85.959102	-0.000192	0.000192	-0.000192	0.000192	85.959102	10.957272	-1.500000	10.968895	87.459102	0.019000	10.968895	-14.644295	-0.001675	0.000000	0.000000	0.000000	0.000000	0.000000	0.000000	0.000000	0.000000	0.000000	0	0.000000	0	0	0.000000	-0.000000	0.000000	0.000000	0.000000	0.000000	0.000000	0.000000	5.552764	0.305402	0.000000
D:	22983.27	-8.442764	85.959102	-0.000192	0.000192	-0.000192	0.000192	85.959102	10.957272	-1.500000	10.968895	87.459102	0.019000	10.968895	-14.644295	-0.001675	0.000000	0.000000	0.000000	0.000000	0.000000	0.000000	0.000000	0.000000	0.000000	0	0.000000	0	0	0.000000	-0.000000	0.000000	0.000000	0.000000	0.000000	0.000000	0.000000	5.552764	0.305402	0.000000
D:	22992.08	-8.406277	85.932512	-0.000192	0.000192	-0.000192	0.000192	85.932512	10.867289	-1.500000	10.957924	87.432512	0.018000	10.957924	-14.569579	-0.031043	0.000000	0.000000	0.000000	0.000000	0.000000	0.000000	0.000000	0.000000	0.000000	0	0.000000	0	0	0.000000	-0.000000	0.000000	0.000000	0.000000	0.000000	0.000000	0.000000	5.516277	0.303395	0.000000
D:	23001.10	-8.406277	85.932512	-0.000192	0.000192	-0.000192	0.000192	85.932512	10.867289	-1.500000	10.957924	87.432512	0.018000	10.957924	-14.569579	-0.031043	0.000000	0.000000	0.000000	0.000000	0.000000	0.000000	0.000000	0.000000	0.000000	0	0.000000	0	0	0.000000	-0.000000	0.000000	0.000000	0.000000	0.000000	0.000000	0.000000	5.516277	0.303395	0.000000
D:	23010.11	-8.394778	85.903338	-0.000192	0.000192	-0.000192	0.000192	85.903338	10.784560	-1.500000	10.872376	87.403338	0.018000	10.872376	-14.494484	-0.037919	0.000000	0.000000	0.000000	0.000000	0.000000	0.000000	0.000000	0.000000	0.000000	0	0.000000	0	0	0.000000	-0.000000	0.000000	0.000000	0.000000	0.000000	0.000000	0.000000	5.504778	0.302763	0.000000
D:	23018.93	-8.394778	85.903338	-0.000192	0.000192	-0.000192	0.000192	85.903338	10.784560	-1.500000	10.872376	87.403338	0.018000	10.872376	-14.494484	-0.037919	0.000000	0.000000	0.000000	0.000000	0.000000	0.000000	0.000000	0.000000	0.000000	0	0.000000	0	0	0.000000	-0.000000	0.000000	0.000000	0.000000	0.000000	0.000000	0.000000	5.504778	0.302763	0.000000
D:	23028.53	-8.394778	85.903338	-0.000192	0.000192	-0.000192	0.000192	85.876167	10.725752	-1.500000	10.789490	87.376167	0.018000	10.789490	-14.420408	-0.031045	0.000000	0.000000	0.000000	0.000000	0.000000	0.000000	0.000000	0.000000	0.000000	0	0.000000	0	0	0.000000	-0.000000	0.000000	0.000000	0.000000	0.000000	0.000000	0.000000	5.506103	0.302836	0.000000
D:	23039.31	-8.396103	85.876167	-0.000192	0.000192	-0.000192	0.000192	85.876167	10.725752	-1.500000	10.789490	87.376167	0.018000	10.789490	-14.420408	-0.031045	0.000000	0.000000	0.000000	0.000000	0.000000	0.000000	0.000000	0.000000	0.000000	0	0.000000	0	0	0.000000	-0.000000	0.000000	0.000000	0.000000	0.000000	0.000000	0.000000	5.506103	0.302836	0.000000
D:	23049.66	-8.399977	85.852383	-0.000192	0.000192	-0.000192	0.000192	85.852383	10.596562	-1.500000	10.728801	87.352383	0.019000	10.728801	-14.344654	-0.024032	0.000000	0.000000	0.000000	0.000000	0.000000	0.000000	0.000000	0.000000	0.000000	0	0.000000	0	0	0.000000	-0.000000	0.000000	0.000000	0.000000	0.000000	0.000000	0.000000	5.509976	0.303049	0.000000
D:	23059.17	-8.399977	85.852383	-0.000192	0.000192	-0.000192	0.000192	85.852383	10.596562	-1.500000	10.728801	87.352383	0.019000	10.728801	-14.344654	-0.024032	0.000000	0.000000	0.000000	0.000000	0.000000	0.000000	0.000000	0.000000	0.000000	0	0.000000	0	0	0.000000	-0.000000	0.000000	0.000000	0.000000	0.000000	0.000000	0.000000	5.509976	0.303049	0.000000
D:	23068.83	-8.399977	85.852383	-0.000192	0.000192	-0.000192	0.000192	85.821444	10.567954	-1.500000	10.603985	87.321444	0.019000	10.603985	-14.270244	-0.095200	0.000000	0.000000	0.000000	0.000000	0.000000	0.000000	0.000000	0.000000	0.000000	0	0.000000	0	0	0.000000	-0.000000	0.000000	0.000000	0.000000	0.000000	0.000000	0.000000	5.428562	0.298571	0.000000
D:	23078.57	-8.318562	85.821444	-0.000192	0.000192	-0.000192	0.000192	85.821444	10.567954	-1.500000	10.603985	87.321444	0.018000	10.603985	-14.270244	-0.095200	0.000000	0.000000	0.000000	0.000000	0.000000	0.000000	0.000000	0.000000	0.000000	0	0.000000	0	0	0.000000	-0.000000	0.000000	0.000000	0.000000	0.000000	0.000000	0.000000	5.428562	0.298571	0.000000
D:	23088.01	-8.318562	85.821444	-0.000192	0.000192	-0.000192	0.000192	85.784146	10.522204	-1.500000	10.569976	87.284146	0.018000	10.569976	-14.193960	-0.197884	0.000000	0.000000	0.000000	0.000000	0.000000	0.000000	0.000000	0.000000	0.000000	0	0.000000	0	0	0.000000	-0.000000	0.000000	0.000000	0.000000	0.000000	0.000000	0.000000	5.309545	0.292025	0.000000
D:	23097.57	-8.199545	85.784146	-0.000192	0.000192	-0.000192	0.000192	85.784146	10.522204	-1.500000	10.569976	87.284146	0.018000	10.569976	-14.193960	-0.197884	0.000000	0.000000	0.000000	0.000000	0.000000	0.000000	0.000000	0.000000	0.000000	0	0.000000	0	0	0.000000	-0.000000	0.000000	0.000000	0.000000	0.000000	0.000000	0.000000	5.309545	0.292025	0.000000
D:	23107.10	-8.199545	85.784146	-0.000192	0.000192	-0.000192	0.000192	85.744722	10.415307	-1.500000	10.524886	87.244722	0.018000	10.524886	-14.117597	-0.145926	0.000000	0.000000	0.000000	0.000000	0.000000	0.000000	0.000000	0.000000	0.000000	0	0.000000	0	0	0.000000	-0.000000	0.000000	0.000000	0.000000	0.000000	0.000000	0.000000	5.358984	0.294744	0.000000
D:	23116.54	-8.248984	85.744722	-0.000192	0.000192	-0.000192	0.000192	85.744722	10.415307	-1.500000	10.524886	87.244722	0.018000	10.524886	-14.117597	-0.145926	0.000000	0.000000	0.000000	0.000000	0.000000	0.000000	0.000000	0.000000	0.000000	0	0.000000	0	0	0.000000	-0.000000	0.000000	0.000000	0.000000	0.000000	0.000000	0.000000	5.358984	0.294744	0.000000
D:	23127.04	-8.248984	85.744722	-0.000192	0.000192	-0.000192	0.000192	85.718360	10.325107	-1.500000	10.420549	87.218360	0.018000	10.420549	-14.042664	-0.200762	0.000000	0.000000	0.000000	0.000000	0.000000	0.000000	0.000000	0.000000	0.000000	0	0.000000	0	0	0.000000	-0.000000	0.000000	0.000000	0.000000	0.000000	0.000000	0.000000	5.289834	0.290941	0.000000
D:	23137.00	-8.179834	85.718360	-0.000192	0.000192	-0.000192	0.000192	85.718360	10.325107	-1.500000	10.420549	87.218360	0.019000	10.420549	-14.042664	-0.200762	0.000000	0.000000	0.000000	0.000000	0.000000	0.000000	0.000000	0.000000	0.000000	0	0.000000	0	0	0.000000	-0.000000	0.000000	0.000000	0.000000	0.000000	0.000000	0.000000	5.289834	0.290941	0.000000
D:	23146.61	-8.179834	85.718360	-0.000192	0.000192	-0.000192	0.000192	85.718360	10.325107	-1.500000	10.329672	87.189001	0.019000	10.329672	-14.042664	-0.139837	0.000000	0.000000	0.000000	0.000000	0.000000	0.000000	0.000000	0.000000	0.000000	0	0.000000	0	0	0.000000	-0.000000	0.000000	0.000000	0.000000	0.000000	0.000000	0.000000	5.346715	0.294069	0.000000
D:	23156.07	-8.236715	85.689001	-0.000192	0.000192	-0.000192	0.000192	85.689001	10.060009	-1.500000	10.329672	87.189001	0.019000	10.329672	-13.968406	-0.139837	0.000000	0.000000	0.000000	0.000000	0.000000	0.000000	0.000000	0.000000	0.000000	0	0.000000	0	0	0.000000	-0.000000	0.000000	0.000000	0.000000	0.000000	0.000000	0.000000	5.346715	0.294069	0.000000
D:	23165.54	-8.236715	85.689001	-0.000192	0.000192	-0.000192	0.000192	85.689001	10.060009	-1.500000	10.329672	87.189001	0.019000	10.329672	-13.968406	-0.125968	0.000000	0.000000	0.000000	0.000000	0.000000	0.000000	0.000000	0.000000	0.000000	0	0.000000	0	0	0.000000	-0.000000	0.000000	0.000000	0.000000	0.000000	0.000000	0.000000	5.346715	0.294069	0.000000
D:	23175.15	-8.246587	85.648486	-0.000192	0.000192	-0.000192	0.000192	85.648486	10.130008	-1.500000	10.075146	87.148486	0.018000	10.075146	-13.893367	-0.125968	0.000000	0.000000	0.000000	0.000000	0.000000	0.000000	0.000000	0.000000	0.000000	0	0.000000	0	0	0.000000	-0.000000	0.000000	0.000000	0.000000	0.000000	0.000000	0.000000	5.356587	0.294612	0.000000
D:	23185.63	-8.246587	85.648486	-0.000192	0.000192	-0.000192	0.000192	85.648486	10.130008	-1.500000	10.075146	87.106860	0.018000	10.126929	-13.893367	-0.118256	0.000000	0.000000	0.000000	0.000000	0.000000	0.000000	0.000000	0.000000	0.000000	0	0.000000	0	0	0.000000	-0.000000	0.000000	0.000000	0.000000	0.000000	0.000000	0.000000	5.360400	0.294822	0.000000
D:	23196.55	-8.250400	85.606832	-0.000192	0.000192	-0.000192	0.000192	85.606832	10.009503	-1.500000	10.126929	87.106832	0.018000	10.126929	-13.818663	-0.118256	0.000000	0.000000	0.000000	0.000000	0.000000	0.000000	0.000000	0.000000	0.000000	0	0.000000	0	0	0.000000	-0.000000	0.000000	0.000000	0.000000	0.000000	0.000000	0.000000	5.360400	0.294822	0.000000
D:	23208.76	-8.250400	85.606832	-0.000192	0.000192	-0.000192	0.000192	85.582241	9.945184	-1.500000	10.015120	87.082241	0.018000	10.015120	-13.746711	-0.047450	0.000000	0.000000	0.000000	0.000000	0.000000	0.000000	0.000000	0.000000	0.000000	0	0.000000	0	0	0.000000	-0.000000	0.000000	0.000000	0.000000	0.000000	0.000000	0.000000	5.432531	0.298789	0.000000
D:	23220.91	-8.322531	85.582241	-0.000192	0.000192	-0.000192	0.000192	85.582241	9.945184	-1.500000	10.015120	87.082241	0.019000	10.015120	-13.746711	-0.047450	0.000000	0.000000	0.000000	0.000000	0.000000	0.000000	0.000000	0.000000	0.000000	0	0.000000	0	0	0.000000	-0.000000	0.000000	0.000000	0.000000	0.000000	0.000000	0.000000	5.432531	0.298789	0.000000
D:	23232.69	-8.492214	85.547876	-0.000192	0.000192	-0.000192	0.000192	85.547876	9.900744	-1.500000	9.948529	87.047876	0.019000	9.948529	-13.671736	0.115353	0.000000	0.000000	0.000000	0.000000	0.000000	0.000000	0.000000	0.000000	0.000000	0	0.000000	0	0	0.000000	-0.000000	0.000000	0.000000	0.000000	0.000000	0.000000	0.000000	5.602214	0.308122	0.000000
D:	23244.54	-8.492214	85.547876	-0.000192	0.000192	-0.000192	0.000192	85.547876	9.900744	-1.500000	9.948529	87.047876	0.019000	9.948529	-13.671736	0.151004	0.000000	0.000000	0.000000	0.000000	0.000000	0.000000	0.000000	0.000000	0.000000	0	0.000000	0	0	0.000000	-0.000000	0.000000	0.000000	0.000000	0.000000	0.000000	0.000000	5.602214	0.308122	0.000000
D:	23256.36	-8.529079	85.511165	-0.000192	0.000192	-0.000192	0.000192	85.511165	9.752888	-1.500000	9.903426	87.011165	0.018000	9.903426	-13.600217	0.151004	0.000000	0.000000	0.000000	0.000000	0.000000	0.000000	0.000000	0.000000	0.000000	0	0.000000	0	0	0.000000	-0.000000	0.000000	0.000000	0.000000	0.000000	0.000000	0.000000	5.639079	0.310149	0.000000
D:	23266.99	-8.529079	85.511165	-0.000192	0.000192	-0.000192	0.000192	85.511165	9.752888	-1.500000	9.903426	87.011165	0.018000	9.903426	-13.600217	0.152659	0.000000	0.000000	0.000000	0.000000	0.000000	0.000000	0.000000	0.000000	0.000000	0	0.000000	0	0	0.000000	-0.000000	0.000000	0.000000	0.000000	0.000000	0.000000	0.000000	5.639071	0.310149	0.000000
D:	23276.13	-8.529070	85.476449	-0.000192	0.000192	-0.000192	0.000192	85.476449	9.819033	-1.500000	9.761339	86.976449	0.018000	9.761339	-13.528957	0.152659	0.000000	0.000000	0.000000	0.000000	0.000000	0.000000	0.000000	0.000000	0.000000	0	0.000000	0	0	0.000000	-0.000000	0.000000	0.000000	0.000000	0.000000	0.000000	0.000000	5.639071	0.310149	0.000000
D:	23285.16	-8.529070	85.476449	-0.000192	0.000192	-0.000192	0.000192	85.476449	9.819033	-1.500000	9.761339	86.976449	0.018000	9.761339	-13.528957	0.152659	0.000000	0.000000	0.000000	0.000000	0.000000	0.000000	0.000000	0.000000	0.000000	0	0.000000	0	0	0.000000	-0.000000	0.000000	0.000000	0.000000	0.000000	0.000000	0.000000	5.639071	0.310149	0.000000
D:	23294.23	-8.503104	85.451273	-0.000192	0.000192	-0.000192	0.000192	85.451273	9.710172	-1.500000	9.816273	86.951273	0.019000	9.816273	-13.458263	0.131660	0.000000	0.000000	0.000000	0.000000	0.000000	0.000000	0.000000	0.000000	0.000000	0	0.000000	0	0	0.000000	-0.000000	0.000000	0.000000	0.000000	0.000000	0.000000	0.000000	5.613104	0.308721	0.000000
D:	23303.23	-8.503104	85.451273	-0.000192	0.000192	-0.000192	0.000192	85.451273	9.710172	-1.500000	9.816273	86.951273	0.019000	9.816273	-13.458263	0.131660	0.000000	0.000000	0.000000	0.000000	0.000000	0.000000	0.000000	0.000000	0.000000	0	0.000000	0	0	0.000000	-0.000000	0.000000	0.000000	0.000000	0.000000	0.000000	0.000000	5.613104	0.308721	0.000000
D:	23312.71	-8.378143	85.408620	-0.000192	0.000192	-0.000192	0.000192	85.408620	9.565795	-1.500000	9.715247	86.908620	0.019000	9.715247	-13.382589	0.022857	0.000000	0.000000	0.000000	0.000000	0.000000	0.000000	0.000000	0.000000	0.000000	0	0.000000	0	0	0.000000	-0.000000	0.000000	0.000000	0.000000	0.000000	0.000000	0.000000	5.488143	0.301848	0.000000
D:	23321.67	-8.378143	85.408620	-0.000192	0.000192	-0.000192	0.000192	85.408620	9.565795	-1.500000	9.715247	86.908620	0.019000	9.715247	-13.382589	0.022857	0.000000	0.000000	0.000000	0.000000	0.000000	0.000000	0.000000	0.000000	0.000000	0	0.000000	0	0	0.000000	-0.000000	0.000000	0.000000	0.000000	0.000000	0.000000	0.000000	5.488143	0.301848	0.000000
D:	23330.86	-8.378143	85.408620	-0.000192	0.000192	-0.000192	0.000192	85.372513	9.716028	-1.500000	9.574185	86.872513	0.019000	9.574185	-13.311448	0.015454	0.000000	0.000000	0.000000	0.000000	0.000000	0.000000	0.000000	0.000000	0.000000	0	0.000000	0	0	0.000000	-0.000000	0.000000	0.000000	0.000000	0.000000	0.000000	0.000000	5.479239	0.301358	0.000000
D:	23339.87	-8.369238	85.372513	-0.000192	0.000192	-0.000192	0.000192	85.372513	9.716028	-1.500000	9.574185	86.872513	0.018000	9.574185	-13.311448	0.015454	0.000000	0.000000	0.000000	0.000000	0.000000	0.000000	0.000000	0.000000	0.000000	0	0.000000	0	0	0.000000	-0.000000	0.000000	0.000000	0.000000	0.000000	0.000000	0.000000	5.479239	0.301358	0.000000
D:	23348.86	-8.369238	85.372513	-0.000192	0.000192	-0.000192	0.000192	85.372513	9.716028	-1.500000	9.708066	86.820747	0.018000	9.708066	-13.311448	0.635474	0.000000	0.000000	0.000000	0.000000	0.000000	0.000000	0.000000	0.000000	0.000000	0	0.000000	0	0	0.000000	-0.000000	0.000000	0.000000	0.000000	0.000000	0.000000	0.000000	6.167006	0.339185	0.000000
D:	23357.71	-9.057006	85.320747	-0.000192	0.000192	-0.000192	0.000192	85.320747	9.541418	-1.500000	9.708066	86.820747	0.018000	9.708066	-13.236075	0.635474	0.000000	0.000000	0.000000	0.000000	0.000000	0.000000	0.000000	0.000000	0.000000	0	0.000000	0	0	0.000000	-0.000000	0.000000	0.000000	0.000000	0.000000	0.000000	0.000000	6.167006	0.339185	0.000000
D:	23366.77	-9.057006	85.320747	-0.000192	0.000192	-0.000192	0.000192	85.320747	9.541418	-1.500000	9.708066	86.820747	0.018000	9.708066	-13.236075	0.656706	0.000000	0.000000	0.000000	0.000000	0.000000	0.000000	0.000000	0.000000	0.000000	0	0.000000	0	0	0.000000	-0.000000	0.000000	0.000000	0.000000	0.000000	0.000000	0.000000	6.167006	0.339185	0.000000
D:	23376.78	-9.098927	85.245120	-0.000192	0.000192	-0.000192	0.000192	85.245120	8.863661	-1.500000	9.549390	86.745120	0.019000	9.549390	-13.153737	0.656706	0.000000	0.000000	0.000000	0.000000	0.000000	0.000000	0.000000	0.000000	0.000000	0	0.000000	0	0	0.000000	-0.000000	0.000000	0.000000	0.000000	0.000000	0.000000	0.000000	6.208927	0.341491	0.000000
D:	23385.99	-9.098927	85.245120	-0.000192	0.000192	-0.000192	0.000192	85.245120	8.863661	-1.500000	9.549390	86.745120	0.019000	9.549390	-13.153737	0.656706	0.000000	0.000000	0.000000	0.000000	0.000000	0.000000	0.000000	0.000000	0.000000	0	0.000000	0	0	0.000000	-0.000000	0.000000	0.000000	0.000000	0.000000	0.000000	0.000000	6.208927	0.341491	0.000000
D:	23395.03	-8.921912	85.235694	-0.000192	0.000192	-0.000192	0.000192	85.235694	9.691471	-1.500000	8.896462	86.735694	0.019000	8.896462	-13.088417	0.499326	0.000000	0.000000	0.000000	0.000000	0.000000	0.000000	0.000000	0.000000	0.000000	0	0.000000	0	0	0.000000	-0.000000	0.000000	0.000000	0.000000	0.000000	0.000000	0.000000	6.031911	0.331755	0.000000
D:	23404.90	-8.921912	85.235694	-0.000192	0.000192	-0.000192	0.000192	85.235694	9.691471	-1.500000	8.896462	86.735694	0.019000	8.896462	-13.088417	0.499326	0.000000	0.000000	0.000000	0.000000	0.000000	0.000000	0.000000	0.000000	0.000000	0	0.000000	0	0	0.000000	-0.000000	0.000000	0.000000	0.000000	0.000000	0.000000	0.000000	6.031911	0.331755	0.000000
D:	23414.50	-8.666251	85.199110	-0.000192	0.000192	-0.000192	0.000192	85.199110	9.552411	-1.500000	9.646843	86.699110	0.018000	9.646843	-13.018059	0.260545	0.000000	0.000000	0.000000	0.000000	0.000000	0.000000	0.000000	0.000000	0.000000	0	0.000000	0	0	0.000000	-0.000000	0.000000	0.000000	0.000000	0.000000	0.000000	0.000000	5.776251	0.317694	0.000000
D:	23424.61	-8.666251	85.199110	-0.000192	0.000192	-0.000192	0.000192	85.199110	9.552411	-1.500000	9.646843	86.699110	0.018000	9.646843	-13.018059	0.260545	0.000000	0.000000	0.000000	0.000000	0.000000	0.000000	0.000000	0.000000	0.000000	0	0.000000	0	0	0.000000	-0.000000	0.000000	0.000000	0.000000	0.000000	0.000000	0.000000	5.776251	0.317694	0.000000
D:	23435.05	-8.714524	85.135724	-0.000192	0.000192	-0.000192	0.000192	85.135724	9.033400	-1.500000	9.557711	86.635724	0.018000	9.557711	-12.941797	0.302357	0.000000	0.000000	0.000000	0.000000	0.000000	0.000000	0.000000	0.000000	0.000000	0	0.000000	0	0	0.000000	-0.000000	0.000000	0.000000	0.000000	0.000000	0.000000	0.000000	5.824523	0.320349	0.000000
D:	23445.27	-8.714524	85.135724	-0.000192	0.000192	-0.000192	0.000192	85.135724	9.033400	-1.500000	9.557711	86.635724	0.018000	9.557711	-12.941797	0.302357	0.000000	0.000000	0.000000	0.000000	0.000000	0.000000	0.000000	0.000000	0.000000	0	0.000000	0	0	0.000000	-0.000000	0.000000	0.000000	0.000000	0.000000	0.000000	0.000000	5.824523	0.320349	0.000000
D:	23454.02	-8.846055	85.098324	-0.000192	0.000192	-0.000192	0.000192	85.098324	9.315328	-1.500000	9.062832	86.598324	0.018000	9.062832	-12.872580	0.424154	0.000000	0.000000	0.000000	0.000000	0.000000	0.000000	0.000000	0.000000	0.000000	0	0.000000	0	0	0.000000	-0.000000	0.000000	0.000000	0.000000	0.000000	0.000000	0.000000	5.956055	0.327583	0.000000
D:	23463.17	-8.846055	85.098324	-0.000192	0.000192	-0.000192	0.000192	85.098324	9.315328	-1.500000	9.062832	86.598324	0.018000	9.062832	-12.872580	0.424154	0.000000	0.000000	0.000000	0.000000	0.000000	0.000000	0.000000	0.000000	0.000000	0	0.000000	0	0	0.000000	-0.000000	0.000000	0.000000	0.000000	0.000000	0.000000	0.000000	5.956055	0.327583	0.000000
D:	23471.93	-8.846055	85.098324	-0.000192	0.000192	-0.000192	0.000192	85.055390	8.968476	-1.500000	9.303250	86.555390	0.018000	9.303250	-12.800537	0.413193	0.000000	0.000000	0.000000	0.000000	0.000000	0.000000	0.000000	0.000000	0.000000	0	0.000000	0	0	0.000000	-0.000000	0.000000	0.000000	0.000000	0.000000	0.000000	0.000000	5.950987	0.327304	0.000000
D:	23481.17	-8.840987	85.055390	-0.000192	0.000192	-0.000192	0.000192	85.055390	8.968476	-1.500000	9.303250	86.555390	0.019000	9.303250	-12.800537	0.413193	0.000000	0.000000	0.000000	0.000000	0.000000	0.000000	0.000000	0.000000	0.000000	0	0.000000	0	0	0.000000	-0.000000	0.000000	0.000000	0.000000	0.000000	0.000000	0.000000	5.950987	0.327304	0.000000
D:	23490.31	-8.840987	85.055390	-0.000192	0.000192	-0.000192	0.000192	84.998389	8.978631	-1.500000	8.987269	86.498389	0.019000	8.987269	-12.726723	0.413297	0.000000	0.000000	0.000000	0.000000	0.000000	0.000000	0.000000	0.000000	0.000000	0	0.000000	0	0	0.000000	-0.000000	0.000000	0.000000	0.000000	0.000000	0.000000	0.000000	5.951393	0.327327	0.000000
D:	23500.63	-8.841393	84.998389	-0.000192	0.000192	-0.000192	0.000192	84.998389	8.978631	-1.500000	8.987269	86.498389	0.018000	8.987269	-12.726723	0.413297	0.000000	0.000000	0.000000	0.000000	0.000000	0.000000	0.000000	0.000000	0.000000	0	0.000000	0	0	0.000000	-0.000000	0.000000	0.000000	0.000000	0.000000	0.000000	0.000000	5.951393	0.327327	0.000000
D:	23509.56	-8.841393	84.998389	-0.000192	0.000192	-0.000192	0.000192	84.998389	8.978631	-1.500000	8.987269	86.498389	0.018000	8.987269	-12.726723	0.489605	0.000000	0.000000	0.000000	0.000000	0.000000	0.000000	0.000000	0.000000	0.000000	0	0.000000	0	0	0.000000	-0.000000	0.000000	0.000000	0.000000	0.000000	0.000000	0.000000	6.036774	0.332023	0.000000
D:	23517.97	-8.926774	84.957398	-0.000192	0.000192	-0.000192	0.000192	84.957398	9.032023	-1.500000	8.979116	86.457398	0.018000	8.979116	-12.657977	0.489605	0.000000	0.000000	0.000000	0.000000	0.000000	0.000000	0.000000	0.000000	0.000000	0	0.000000	0	0	0.000000	-0.000000	0.000000	0.000000	0.000000	0.000000	0.000000	0.000000	6.036774	0.332023	0.000000
D:	23526.42	-8.926774	84.957398	-0.000192	0.000192	-0.000192	0.000192	84.957398	9.032023	-1.500000	8.979116	86.457398	0.018000	8.979116	-12.657977	0.489605	0.000000	0.000000	0.000000	0.000000	0.000000	0.000000	0.000000	0.000000	0.000000	0	0.000000	0	0	0.000000	-0.000000	0.000000	0.000000	0.000000	0.000000	0.000000	0.000000	6.036774	0.332023	0.000000
D:	23534.84	-8.838492	84.903290	-0.000192	0.000192	-0.000192	0.000192	84.903290	8.860641	-1.500000	9.029053	86.403290	0.018000	9.029053	-12.585831	0.403804	0.000000	0.000000	0.000000	0.000000	0.000000	0.000000	0.000000	0.000000	0.000000	0	0.000000	0	0	0.000000	-0.000000	0.000000	0.000000	0.000000	0.000000	0.000000	0.000000	5.948492	0.327167	0.000000
D:	23543.73	-8.838492	84.903290	-0.000192	0.000192	-0.000192	0.000192	84.903290	8.860641	-1.500000	9.029053	86.403290	0.018000	9.029053	-12.585831	0.403804	0.000000	0.000000	0.000000	0.000000	0.000000	0.000000	0.000000	0.000000	0.000000	0	0.000000	0	0	0.000000	-0.000000	0.000000	0.000000	0.000000	0.000000	0.000000	0.000000	5.948492	0.327167	0.000000
D:	23553.22	-8.838492	84.903290	-0.000192	0.000192	-0.000192	0.000192	84.856202	8.674525	-1.500000	8.868697	86.356202	0.018000	8.868697	-12.514220	0.374378	0.000000	0.000000	0.000000	0.000000	0.000000	0.000000	0.000000	0.000000	0.000000	0	0.000000	0	0	0.000000	-0.000000	0.000000	0.000000	0.000000	0.000000	0.000000	0.000000	5.913020	0.325216	0.000000
D:	23562.94	-8.803020	84.856202	-0.000192	0.000192	-0.000192	0.000192	84.856202	8.674525	-1.500000	8.868697	86.356202	0.019000	8.868697	-12.514220	0.374378	0.000000	0.000000	0.000000	0.000000	0.000000	0.000000	0.000000	0.000000	0.000000	0	0.000000	0	0	0.000000	-0.000000	0.000000	0.000000	0.000000	0.000000	0.000000	0.000000	5.913020	0.325216	0.000000
D:	23571.77	-8.803020	84.856202	-0.000192	0.000192	-0.000192	0.000192	84.802893	8.869742	-1.500000	8.685425	86.302893	0.019000	8.685425	-12.442261	0.415660	0.000000	0.000000	0.000000	0.000000	0.000000	0.000000	0.000000	0.000000	0.000000	0	0.000000	0	0	0.000000	-0.000000	0.000000	0.000000	0.000000	0.000000	0.000000	0.000000	5.959737	0.327786	0.000000
D:	23579.98	-8.849737	84.802893	-0.000192	0.000192	-0.000192	0.000192	84.802893	8.869742	-1.500000	8.685425	86.302893	0.018000	8.685425	-12.442261	0.415660	0.000000	0.000000	0.000000	0.000000	0.000000	0.000000	0.000000	0.000000	0.000000	0	0.000000	0	0	0.000000	-0.000000	0.000000	0.000000	0.000000	0.000000	0.000000	0.000000	5.959737	0.327786	0.000000
D:	23588.04	-8.849737	84.802893	-0.000192	0.000192	-0.000192	0.000192	84.802893	8.869742	-1.500000	8.685425	86.302893	0.018000	8.685425	-12.442261	0.415660	0.000000	0.000000	0.000000	0.000000	0.000000	0.000000	0.000000	0.000000	0.000000	0	0.000000	0	0	0.000000	-0.000000	0.000000	0.000000	0.000000	0.000000	0.000000	0.000000	5.959737	0.327786	0.000000
D:	23596.70	-8.816893	84.756463	-0.000192	0.000192	-0.000192	0.000192	84.756463	8.641180	-1.500000	8.859395	86.256463	0.018000	8.859395	-12.374005	0.382617	0.000000	0.000000	0.000000	0.000000	0.000000	0.000000	0.000000	0.000000	0.000000	0	0.000000	0	0	0.000000	-0.000000	0.000000	0.000000	0.000000	0.000000	0.000000	0.000000	5.926893	0.325979	0.000000
D:	23604.63	-8.816893	84.756463	-0.000192	0.000192	-0.000192	0.000192	84.756463	8.641180	-1.500000	8.859395	86.256463	0.018000	8.859395	-12.374005	0.382617	0.000000	0.000000	0.000000	0.000000	0.000000	0.000000	0.000000	0.000000	0.000000	0	0.000000	0	0	0.000000	-0.000000	0.000000	0.000000	0.000000	0.000000	0.000000	0.000000	5.926893	0.325979	0.000000
D:	23613.02	-8.816893	84.756463	-0.000192	0.000192	-0.000192	0.000192	84.703901	8.540914	-1.500000	8.653430	86.203901	0.018000	8.653430	-12.304273	0.325688	0.000000	0.000000	0.000000	0.000000	0.000000	0.000000	0.000000	0.000000	0.000000	0	0.000000	0	0	0.000000	-0.000000	0.000000	0.000000	0.000000	0.000000	0.000000	0.000000	5.865872	0.322623	0.000000
D:	23622.81	-8.755872	84.703901	-0.000192	0.000192	-0.000192	0.000192	84.703901	8.540914	-1.500000	8.653430	86.203901	0.018000	8.653430	-12.304273	0.325688	0.000000	0.000000	0.000000	0.000000	0.000000	0.000000	0.000000	0.000000	0.000000	0	0.000000	0	0	0.000000	-0.000000	0.000000	0.000000	0.000000	0.000000	0.000000	0.000000	5.865872	0.322623	0.000000
D:	23632.08	-8.755872	84.703901	-0.000192	0.000192	-0.000192	0.000192	84.659782	8.615670	-1.500000	8.546296	86.159782	0.018000	8.546296	-12.233990	0.308726	0.000000	0.000000	0.000000	0.000000	0.000000	0.000000	0.000000	0.000000	0.000000	0	0.000000	0	0	0.000000	-0.000000	0.000000	0.000000	0.000000	0.000000	0.000000	0.000000	5.850356	0.321770	0.000000
D:	23641.66	-8.740356	84.659782	-0.000192	0.000192	-0.000192	0.000192	84.659782	8.615670	-1.500000	8.546296	86.159782	0.019000	8.546296	-12.233990	0.308726	0.000000	0.000000	0.000000	0.000000	0.000000	0.000000	0.000000	0.000000	0.000000	0	0.000000	0	0	0.000000	-0.000000	0.000000	0.000000	0.000000	0.000000	0.000000	0.000000	5.850356	0.321770	0.000000
D:	23651.24	-8.740356	84.659782	-0.000192	0.000192	-0.000192	0.000192	84.659782	8.615670	-1.500000	8.612351	86.112203	0.019000	8.612351	-12.233990	0.308877	0.000000	0.000000	0.000000	0.000000	0.000000	0.000000	0.000000	0.000000	0.000000	0	0.000000	0	0	0.000000	-0.000000	0.000000	0.000000	0.000000	0.000000	0.000000	0.000000	5.851311	0.321822	0.000000
D:	23661.00	-8.741311	84.612203	-0.000192	0.000192	-0.000192	0.000192	84.612203	8.430887	-1.500000	8.612351	86.112203	0.019000	8.612351	-12.163712	0.308877	0.000000	0.000000	0.000000	0.000000	0.000000	0.000000	0.000000	0.000000	0.000000	0	0.000000	0	0	0.000000	-0.000000	0.000000	0.000000	0.000000	0.000000	0.000000	0.000000	5.851311	0.321822	0.000000
D:	23669.85	-8.741311	84.612203	-0.000192	0.000192	-0.000192	0.000192	84.612203	8.430887	-1.500000	8.612351	86.112203	0.019000	8.612351	-12.163712	0.311204	0.000000	0.000000	0.000000	0.000000	0.000000	0.000000	0.000000	0.000000	0.000000	0	0.000000	0	0	0.000000	-0.000000	0.000000	0.000000	0.000000	0.000000	0.000000	0.000000	5.854601	0.321822	0.000000
D:	23679.48	-8.744601	84.559177	-0.000192	0.000192	-0.000192	0.000192	84.559177	8.331698	-1.500000	8.441074	86.059177	0.018000	8.441074	-12.095057	0.311204	0.000000	0.000000	0.000000	0.000000	0.000000	0.000000	0.000000	0.000000	0.000000	0	0.000000	0	0	0.000000	-0.000000	0.000000	0.000000	0.000000	0.000000	0.000000	0.000000	5.854601	0.322003	0.000000
D:	23689.86	-8.744601	84.559177	-0.000192	0.000192	-0.000192	0.000192	84.559177	8.331698	-1.500000	8.337838	86.007200	0.018000	8.337838	-12.095057	0.321244	0.000000	0.000000	0.000000	0.000000	0.000000	0.000000	0.000000	0.000000	0.000000	0	0.000000	0	0	0.000000	-0.000000	0.000000	0.000000	0.000000	0.000000	0.000000	0.000000	5.864291	0.322536	0.000000
D:	23701.99	-8.754291	84.507200	-0.000192	0.000192	-0.000192	0.000192	84.507200	8.354848	-1.500000	8.337838	86.007200	0.018000	8.337838	-12.026604	0.321244	0.000000	0.000000	0.000000	0.000000	0.000000	0.000000	0.000000	0.000000	0.000000	0	0.000000	0	0	0.000000	-0.000000	0.000000	0.000000	0.000000	0.000000	0.000000	0.000000	5.864291	0.322536	0.000000
D:	23713.93	-8.754291	84.507200	-0.000192	0.000192	-0.000192	0.000192	84.460900	8.232802	-1.500000	8.354034	85.960900	0.018000	8.354034	-11.957993	0.316356	0.000000	0.000000	0.000000	0.000000	0.000000	0.000000	0.000000	0.000000	0.000000	0	0.000000	0	0	0.000000	-0.000000	0.000000	0.000000	0.000000	0.000000	0.000000	0.000000	5.860563	0.322331	0.000000
D:	23726.68	-8.750563	84.460900	-0.000192	0.000192	-0.000192	0.000192	84.460900	8.232802	-1.500000	8.354034	85.960900	0.019000	8.354034	-11.957993	0.316356	0.000000	0.000000	0.000000	0.000000	0.000000	0.000000	0.000000	0.000000	0.000000	0	0.000000	0	0	0.000000	-0.000000	0.000000	0.000000	0.000000	0.000000	0.000000	0.000000	5.860563	0.322331	0.000000
D:	23738.59	-8.706602	84.414453	-0.000192	0.000192	-0.000192	0.000192	84.414453	8.225245	-1.500000	8.238601	85.914453	0.019000	8.238601	-11.889367	0.276684	0.000000	0.000000	0.000000	0.000000	0.000000	0.000000	0.000000	0.000000	0.000000	0	0.000000	0	0	0.000000	-0.000000	0.000000	0.000000	0.000000	0.000000	0.000000	0.000000	5.816602	0.319913	0.000000
D:	23749.45	-8.706602	84.414453	-0.000192	0.000192	-0.000192	0.000192	84.414453	8.225245	-1.500000	8.238601	85.914453	0.019000	8.238601	-11.889367	0.276684	0.000000	0.000000	0.000000	0.000000	0.000000	0.000000	0.000000	0.000000	0.000000	0	0.000000	0	0	0.000000	-0.000000	0.000000	0.000000	0.000000	0.000000	0.000000	0.000000	5.816602	0.319913	0.000000
D:	23759.22	-8.662708	84.350948	-0.000192	0.000192	-0.000192	0.000192	84.350948	8.176837	-1.500000	8.225995	85.850948	0.018000	8.225995	-11.818058	0.236689	0.000000	0.000000	0.000000	0.000000	0.000000	0.000000	0.000000	0.000000	0.000000	0	0.000000	0	0	0.000000	-0.000000	0.000000	0.000000	0.000000	0.000000	0.000000	0.000000	5.772707	0.317499	0.000000
D:	23768.78	-8.662708	84.350948	-0.000192	0.000192	-0.000192	0.000192	84.350948	8.176837	-1.500000	8.225995	85.850948	0.018000	8.225995	-11.818058	0.236689	0.000000	0.000000	0.000000	0.000000	0.000000	0.000000	0.000000	0.000000	0.000000	0	0.000000	0	0	0.000000	-0.000000	0.000000	0.000000	0.000000	0.000000	0.000000	0.000000	5.772707	0.317499	0.000000
D:	23778.95	-8.650579	84.288698	-0.000192	0.000192	-0.000192	0.000192	84.288698	8.007733	-1.500000	8.179596	85.788698	0.018000	8.179596	-11.748191	0.223939	0.000000	0.000000	0.000000	0.000000	0.000000	0.000000	0.000000	0.000000	0.000000	0	0.000000	0	0	0.000000	-0.000000	0.000000	0.000000	0.000000	0.000000	0.000000	0.000000	5.760579	0.316832	0.000000
D:	23788.10	-8.650579	84.288698	-0.000192	0.000192	-0.000192	0.000192	84.288698	8.007733	-1.500000	8.179596	85.788698	0.018000	8.179596	-11.748191	0.223939	0.000000	0.000000	0.000000	0.000000	0.000000	0.000000	0.000000	0.000000	0.000000	0	0.000000	0	0	0.000000	-0.000000	0.000000	0.000000	0.000000	0.000000	0.000000	0.000000	5.760579	0.316832	0.000000
D:	23797.50	-8.644357	84.240474	-0.000192	0.000192	-0.000192	0.000192	84.240474	8.016150	-1.500000	8.015954	85.740474	0.019000	8.015954	-11.680272	0.219921	0.000000	0.000000	0.000000	0.000000	0.000000	0.000000	0.000000	0.000000	0.000000	0	0.000000	0	0	0.000000	-0.000000	0.000000	0.000000	0.000000	0.000000	0.000000	0.000000	5.754357	0.316490	0.000000
D:	23806.81	-8.644357	84.240474	-0.000192	0.000192	-0.000192	0.000192	84.240474	8.016150	-1.500000	8.015954	85.740474	0.019000	8.015954	-11.680272	0.219921	0.000000	0.000000	0.000000	0.000000	0.000000	0.000000	0.000000	0.000000	0.000000	0	0.000000	0	0	0.000000	-0.000000	0.000000	0.000000	0.000000	0.000000	0.000000	0.000000	5.754357	0.316490	0.000000
D:	23816.18	-8.644357	84.240474	-0.000192	0.000192	-0.000192	0.000192	84.189366	7.924927	-1.500000	8.016141	85.689366	0.019000	8.016141	-11.611950	0.210610	0.000000	0.000000	0.000000	0.000000	0.000000	0.000000	0.000000	0.000000	0.000000	0	0.000000	0	0	0.000000	-0.000000	0.000000	0.000000	0.000000	0.000000	0.000000	0.000000	5.744456	0.315945	0.000000
D:	23825.70	-8.634456	84.189366	-0.000192	0.000192	-0.000192	0.000192	84.189366	7.924927	-1.500000	8.016141	85.689366	0.019000	8.016141	-11.611950	0.210610	0.000000	0.000000	0.000000	0.000000	0.000000	0.000000	0.000000	0.000000	0.000000	0	0.000000	0	0	0.000000	-0.000000	0.000000	0.000000	0.000000	0.000000	0.000000	0.000000	5.744456	0.315945	0.000000
D:	23835.08	-8.634456	84.189366	-0.000192	0.000192	-0.000192	0.000192	84.128972	7.841398	-1.500000	7.930047	85.628972	0.019000	7.930047	-11.543688	0.193833	0.000000	0.000000	0.000000	0.000000	0.000000	0.000000	0.000000	0.000000	0.000000	0	0.000000	0	0	0.000000	-0.000000	0.000000	0.000000	0.000000	0.000000	0.000000	0.000000	5.726500	0.314957	0.000000
D:	23845.41	-8.616500	84.128972	-0.000192	0.000192	-0.000192	0.000192	84.128972	7.841398	-1.500000	7.930047	85.628972	0.018000	7.930047	-11.543688	0.193833	0.000000	0.000000	0.000000	0.000000	0.000000	0.000000	0.000000	0.000000	0.000000	0	0.000000	0	0	0.000000	-0.000000	0.000000	0.000000	0.000000	0.000000	0.000000	0.000000	5.726500	0.314957	0.000000
D:	23856.93	-8.597331	84.068146	-0.000192	0.000192	-0.000192	0.000192	84.068146	7.773391	-1.500000	7.846374	85.568146	0.018000	7.846374	-11.475681	0.178488	0.000000	0.000000	0.000000	0.000000	0.000000	0.000000	0.000000	0.000000	0.000000	0	0.000000	0	0	0.000000	-0.000000	0.000000	0.000000	0.000000	0.000000	0.000000	0.000000	5.707331	0.313903	0.000000
D:	23868.39	-8.597331	84.068146	-0.000192	0.000192	-0.000192	0.000192	84.068146	7.773391	-1.500000	7.846374	85.568146	0.018000	7.846374	-11.475681	0.178488	0.000000	0.000000	0.000000	0.000000	0.000000	0.000000	0.000000	0.000000	0.000000	0	0.000000	0	0	0.000000	-0.000000	0.000000	0.000000	0.000000	0.000000	0.000000	0.000000	5.707331	0.313903	0.000000
D:	23879.13	-8.551330	84.013821	-0.000192	0.000192	-0.000192	0.000192	84.013821	7.705355	-1.500000	7.776882	85.513821	0.019000	7.776882	-11.407645	0.138023	0.000000	0.000000	0.000000	0.000000	0.000000	0.000000	0.000000	0.000000	0.000000	0	0.000000	0	0	0.000000	-0.000000	0.000000	0.000000	0.000000	0.000000	0.000000	0.000000	5.661330	0.311373	0.000000
D:	23889.91	-8.551330	84.013821	-0.000192	0.000192	-0.000192	0.000192	84.013821	7.705355	-1.500000	7.776882	85.513821	0.019000	7.776882	-11.407645	0.138023	0.000000	0.000000	0.000000	0.000000	0.000000	0.000000	0.000000	0.000000	0.000000	0	0.000000	0	0	0.000000	-0.000000	0.000000	0.000000	0.000000	0.000000	0.000000	0.000000	5.661330	0.311373	0.000000
D:	23900.24	-8.554515	83.957011	-0.000192	0.000192	-0.000192	0.000192	83.957011	7.606567	-1.500000	7.708777	85.457011	0.019000	7.708777	-11.339392	0.142790	0.000000	0.000000	0.000000	0.000000	0.000000	0.000000	0.000000	0.000000	0.000000	0	0.000000	0	0	0.000000	-0.000000	0.000000	0.000000	0.000000	0.000000	0.000000	0.000000	5.664515	0.311548	0.000000
D:	23910.11	-8.554515	83.957011	-0.000192	0.000192	-0.000192	0.000192	83.957011	7.606567	-1.500000	7.708777	85.457011	0.019000	7.708777	-11.339392	0.142790	0.000000	0.000000	0.000000	0.000000	0.000000	0.000000	0.000000	0.000000	0.000000	0	0.000000	0	0	0.000000	-0.000000	0.000000	0.000000	0.000000	0.000000	0.000000	0.000000	5.664515	0.311548	0.000000
D:	23918.79	-8.567762	83.895042	-0.000192	0.000192	-0.000192	0.000192	83.895042	7.547150	-1.500000	7.612305	85.395042	0.018000	7.612305	-11.272341	0.157605	0.000000	0.000000	0.000000	0.000000	0.000000	0.000000	0.000000	0.000000	0.000000	0	0.000000	0	0	0.000000	-0.000000	0.000000	0.000000	0.000000	0.000000	0.000000	0.000000	5.677762	0.312277	0.000000
D:	23927.45	-8.567762	83.895042	-0.000192	0.000192	-0.000192	0.000192	83.895042	7.547150	-1.500000	7.612305	85.395042	0.018000	7.612305	-11.272341	0.157605	0.000000	0.000000	0.000000	0.000000	0.000000	0.000000	0.000000	0.000000	0.000000	0	0.000000	0	0	0.000000	-0.000000	0.000000	0.000000	0.000000	0.000000	0.000000	0.000000	5.677762	0.312277	0.000000
D:	23937.00	-8.567762	83.895042	-0.000192	0.000192	-0.000192	0.000192	83.835859	7.519370	-1.500000	7.550808	85.335859	0.018000	7.550808	-11.206393	0.168125	0.000000	0.000000	0.000000	0.000000	0.000000	0.000000	0.000000	0.000000	0.000000	0	0.000000	0	0	0.000000	-0.000000	0.000000	0.000000	0.000000	0.000000	0.000000	0.000000	5.689060	0.312898	0.000000
D:	23946.43	-8.579060	83.835859	-0.000192	0.000192	-0.000192	0.000192	83.835859	7.519370	-1.500000	7.550808	85.335859	0.018000	7.550808	-11.206393	0.168125	0.000000	0.000000	0.000000	0.000000	0.000000	0.000000	0.000000	0.000000	0.000000	0	0.000000	0	0	0.000000	-0.000000	0.000000	0.000000	0.000000	0.000000	0.000000	0.000000	5.689060	0.312898	0.000000
D:	23954.83	-8.579060	83.835859	-0.000192	0.000192	-0.000192	0.000192	83.835859	7.519370	-1.500000	7.521135	85.272004	0.018000	7.521135	-11.206393	0.155700	0.000000	0.000000	0.000000	0.000000	0.000000	0.000000	0.000000	0.000000	0.000000	0	0.000000	0	0	0.000000	-0.000000	0.000000	0.000000	0.000000	0.000000	0.000000	0.000000	5.674263	0.312084	0.000000
D:	23963.18	-8.564263	83.772004	-0.000192	0.000192	-0.000192	0.000192	83.772004	7.459823	-1.500000	7.521135	85.272004	0.018000	7.521135	-11.139212	0.155700	0.000000	0.000000	0.000000	0.000000	0.000000	0.000000	0.000000	0.000000	0.000000	0	0.000000	0	0	0.000000	-0.000000	0.000000	0.000000	0.000000	0.000000	0.000000	0.000000	5.674263	0.312084	0.000000
D:	23972.50	-8.564263	83.772004	-0.000192	0.000192	-0.000192	0.000192	83.772004	7.459823	-1.500000	7.521135	85.272004	0.018000	7.521135	-11.139212	0.155700	0.000000	0.000000	0.000000	0.000000	0.000000	0.000000	0.000000	0.000000	0.000000	0	0.000000	0	0	0.000000	-0.000000	0.000000	0.000000	0.000000	0.000000	0.000000	0.000000	5.674263	0.312084	0.000000
D:	23981.16	-8.570358	83.715667	-0.000192	0.000192	-0.000192	0.000192	83.715667	7.400642	-1.500000	7.462755	85.215667	0.019000	7.462755	-11.072397	0.165084	0.000000	0.000000	0.000000	0.000000	0.000000	0.000000	0.000000	0.000000	0.000000	0	0.000000	0	0	0.000000	-0.000000	0.000000	0.000000	0.000000	0.000000	0.000000	0.000000	5.680358	0.312420	0.000000
D:	23991.35	-8.570358	83.715667	-0.000192	0.000192	-0.000192	0.000192	83.715667	7.400642	-1.500000	7.462755	85.215667	0.019000	7.462755	-11.072397	0.134134	0.000000	0.000000	0.000000	0.000000	0.000000	0.000000	0.000000	0.000000	0.000000	0	0.000000	0	0	0.000000	-0.000000	0.000000	0.000000	0.000000	0.000000	0.000000	0.000000	5.680358	0.312420	0.000000
D:	24002.43	-8.534597	83.652699	-0.000192	0.000192	-0.000192	0.000192	83.652699	7.304154	-1.500000	7.404128	85.152699	0.018000	7.404128	-11.006444	0.134134	0.000000	0.000000	0.000000	0.000000	0.000000	0.000000	0.000000	0.000000	0.000000	0	0.000000	0	0	0.000000	-0.000000	0.000000	0.000000	0.000000	0.000000	0.000000	0.000000	5.644597	0.310453	0.000000
D:	24014.03	-8.534597	83.652699	-0.000192	0.000192	-0.000192	0.000192	83.585995	7.131107	-1.500000	7.309766	85.085995	0.018000	7.309766	-10.940268	0.124846	0.000000	0.000000	0.000000	0.000000	0.000000	0.000000	0.000000	0.000000	0.000000	0	0.000000	0	0	0.000000	-0.000000	0.000000	0.000000	0.000000	0.000000	0.000000	0.000000	5.632201	0.309771	0.000000
D:	24026.68	-8.522201	83.585995	-0.000192	0.000192	-0.000192	0.000192	83.585995	7.131107	-1.500000	7.309766	85.085995	0.018000	7.309766	-10.940268	0.124846	0.000000	0.000000	0.000000	0.000000	0.000000	0.000000	0.000000	0.000000	0.000000	0	0.000000	0	0	0.000000	-0.000000	0.000000	0.000000	0.000000	0.000000	0.000000	0.000000	5.632201	0.309771	0.000000
D:	24038.11	-8.522201	83.585995	-0.000192	0.000192	-0.000192	0.000192	83.524109	7.165581	-1.500000	7.141136	85.024109	0.018000	7.141136	-10.875504	0.131183	0.000000	0.000000	0.000000	0.000000	0.000000	0.000000	0.000000	0.000000	0.000000	0	0.000000	0	0	0.000000	-0.000000	0.000000	0.000000	0.000000	0.000000	0.000000	0.000000	5.637655	0.310071	0.000000
D:	24049.32	-8.527655	83.524109	-0.000192	0.000192	-0.000192	0.000192	83.524109	7.165581	-1.500000	7.141136	85.024109	0.018000	7.141136	-10.875504	0.131183	0.000000	0.000000	0.000000	0.000000	0.000000	0.000000	0.000000	0.000000	0.000000	0	0.000000	0	0	0.000000	-0.000000	0.000000	0.000000	0.000000	0.000000	0.000000	0.000000	5.637655	0.310071	0.000000
D:	24060.58	-8.544209	83.463232	-0.000192	0.000192	-0.000192	0.000192	83.463232	7.015691	-1.500000	7.164412	84.963232	0.019000	7.164412	-10.809584	0.147519	0.000000	0.000000	0.000000	0.000000	0.000000	0.000000	0.000000	0.000000	0.000000	0	0.000000	0	0	0.000000	-0.000000	0.000000	0.000000	0.000000	0.000000	0.000000	0.000000	5.654209	0.310981	0.000000
D:	24072.16	-8.544209	83.463232	-0.000192	0.000192	-0.000192	0.000192	83.463232	7.015691	-1.500000	7.164412	84.963232	0.019000	7.164412	-10.809584	0.129524	0.000000	0.000000	0.000000	0.000000	0.000000	0.000000	0.000000	0.000000	0.000000	0	0.000000	0	0	0.000000	-0.000000	0.000000	0.000000	0.000000	0.000000	0.000000	0.000000	5.632275	0.309775	0.000000
D:	24084.38	-8.522275	83.397243	-0.000192	0.000192	-0.000192	0.000192	83.397243	7.041871	-1.500000	7.024039	84.897243	0.018000	7.024039	-10.744161	0.129524	0.000000	0.000000	0.000000	0.000000	0.000000	0.000000	0.000000	0.000000	0.000000	0	0.000000	0	0	0.000000	-0.000000	0.000000	0.000000	0.000000	0.000000	0.000000	0.000000	5.632275	0.309775	0.000000
D:	24096.46	-8.522275	83.397243	-0.000192	0.000192	-0.000192	0.000192	83.333381	6.962377	-1.500000	7.040870	84.833381	0.018000	7.040870	-10.679934	0.109435	0.000000	0.000000	0.000000	0.000000	0.000000	0.000000	0.000000	0.000000	0.000000	0	0.000000	0	0	0.000000	-0.000000	0.000000	0.000000	0.000000	0.000000	0.000000	0.000000	5.605946	0.308327	0.000000
D:	24107.68	-8.495946	83.333381	-0.000192	0.000192	-0.000192	0.000192	83.333381	6.962377	-1.500000	7.040870	84.833381	0.018000	7.040870	-10.679934	0.109435	0.000000	0.000000	0.000000	0.000000	0.000000	0.000000	0.000000	0.000000	0.000000	0	0.000000	0	0	0.000000	-0.000000	0.000000	0.000000	0.000000	0.000000	0.000000	0.000000	5.605946	0.308327	0.000000
D:	24118.69	-8.495946	83.333381	-0.000192	0.000192	-0.000192	0.000192	83.265853	6.935228	-1.500000	6.966783	84.765853	0.018000	6.966783	-10.614617	0.117643	0.000000	0.000000	0.000000	0.000000	0.000000	0.000000	0.000000	0.000000	0.000000	0	0.000000	0	0	0.000000	-0.000000	0.000000	0.000000	0.000000	0.000000	0.000000	0.000000	5.611379	0.308626	0.000000
D:	24129.97	-8.501379	83.265853	-0.000192	0.000192	-0.000192	0.000192	83.265853	6.935228	-1.500000	6.966783	84.765853	0.018000	6.966783	-10.614617	0.117643	0.000000	0.000000	0.000000	0.000000	0.000000	0.000000	0.000000	0.000000	0.000000	0	0.000000	0	0	0.000000	-0.000000	0.000000	0.000000	0.000000	0.000000	0.000000	0.000000	5.611379	0.308626	0.000000
D:	24141.66	-8.470348	83.201744	-0.000192	0.000192	-0.000192	0.000192	83.201744	6.861524	-1.500000	6.936737	84.701744	0.019000	6.936737	-10.548547	0.091018	0.000000	0.000000	0.000000	0.000000	0.000000	0.000000	0.000000	0.000000	0.000000	0	0.000000	0	0	0.000000	-0.000000	0.000000	0.000000	0.000000	0.000000	0.000000	0.000000	5.580348	0.306919	0.000000
D:	24151.71	-8.470348	83.201744	-0.000192	0.000192	-0.000192	0.000192	83.201744	6.861524	-1.500000	6.936737	84.701744	0.019000	6.936737	-10.548547	0.091018	0.000000	0.000000	0.000000	0.000000	0.000000	0.000000	0.000000	0.000000	0.000000	0	0.000000	0	0	0.000000	-0.000000	0.000000	0.000000	0.000000	0.000000	0.000000	0.000000	5.580348	0.306919	0.000000
D:	24161.40	-8.474944	83.139828	-0.000192	0.000192	-0.000192	0.000192	83.139828	6.766268	-1.500000	6.865122	84.639828	0.019000	6.865122	-10.483826	0.099359	0.000000	0.000000	0.000000	0.000000	0.000000	0.000000	0.000000	0.000000	0.000000	0	0.000000	0	0	0.000000	-0.000000	0.000000	0.000000	0.000000	0.000000	0.000000	0.000000	5.584944	0.307172	0.000000
D:	24170.50	-8.474944	83.139828	-0.000192	0.000192	-0.000192	0.000192	83.139828	6.766268	-1.500000	6.865122	84.639828	0.019000	6.865122	-10.483826	0.099359	0.000000	0.000000	0.000000	0.000000	0.000000	0.000000	0.000000	0.000000	0.000000	0	0.000000	0	0	0.000000	-0.000000	0.000000	0.000000	0.000000	0.000000	0.000000	0.000000	5.584944	0.307172	0.000000
D:	24179.72	-8.474944	83.139828	-0.000192	0.000192	-0.000192	0.000192	83.072891	6.717715	-1.500000	6.771818	84.572891	0.019000	6.771818	-10.420005	0.117314	0.000000	0.000000	0.000000	0.000000	0.000000	0.000000	0.000000	0.000000	0.000000	0	0.000000	0	0	0.000000	-0.000000	0.000000	0.000000	0.000000	0.000000	0.000000	0.000000	5.602757	0.308152	0.000000
D:	24189.16	-8.492757	83.072891	-0.000192	0.000192	-0.000192	0.000192	83.072891	6.717715	-1.500000	6.771818	84.572891	0.018000	6.771818	-10.420005	0.117314	0.000000	0.000000	0.000000	0.000000	0.000000	0.000000	0.000000	0.000000	0.000000	0	0.000000	0	0	0.000000	-0.000000	0.000000	0.000000	0.000000	0.000000	0.000000	0.000000	5.602757	0.308152	0.000000
D:	24198.25	-8.492757	83.072891	-0.000192	0.000192	-0.000192	0.000192	83.000501	6.584145	-1.500000	6.720752	84.500501	0.018000	6.720752	-10.355138	0.125837	0.000000	0.000000	0.000000	0.000000	0.000000	0.000000	0.000000	0.000000	0.000000	0	0.000000	0	0	0.000000	-0.000000	0.000000	0.000000	0.000000	0.000000	0.000000	0.000000	5.608950	0.308492	0.000000
D:	24207.58	-8.498950	83.000501	-0.000192	0.000192	-0.000192	0.000192	83.000501	6.584145	-1.500000	6.720752	84.500501	0.018000	6.720752	-10.355138	0.125837	0.000000	0.000000	0.000000	0.000000	0.000000	0.000000	0.000000	0.000000	0.000000	0	0.000000	0	0	0.000000	-0.000000	0.000000	0.000000	0.000000	0.000000	0.000000	0.000000	5.608950	0.308492	0.000000
D:	24217.31	-8.498950	83.000501	-0.000192	0.000192	-0.000192	0.000192	82.940067	6.604906	-1.500000	6.590680	84.440067	0.018000	6.590680	-10.291929	0.191230	0.000000	0.000000	0.000000	0.000000	0.000000	0.000000	0.000000	0.000000	0.000000	0	0.000000	0	0	0.000000	-0.000000	0.000000	0.000000	0.000000	0.000000	0.000000	0.000000	5.677055	0.312238	0.000000
D:	24226.88	-8.567055	82.940067	-0.000192	0.000192	-0.000192	0.000192	82.940067	6.604906	-1.500000	6.590680	84.440067	0.019000	6.590680	-10.291929	0.191230	0.000000	0.000000	0.000000	0.000000	0.000000	0.000000	0.000000	0.000000	0.000000	0	0.000000	0	0	0.000000	-0.000000	0.000000	0.000000	0.000000	0.000000	0.000000	0.000000	5.677055	0.312238	0.000000
D:	24236.32	-8.567055	82.940067	-0.000192	0.000192	-0.000192	0.000192	82.940067	6.604906	-1.500000	6.604226	84.379093	0.019000	6.604226	-10.291929	0.171011	0.000000	0.000000	0.000000	0.000000	0.000000	0.000000	0.000000	0.000000	0.000000	0	0.000000	0	0	0.000000	-0.000000	0.000000	0.000000	0.000000	0.000000	0.000000	0.000000	5.654705	0.311009	0.000000
D:	24245.81	-8.544705	82.879093	-0.000192	0.000192	-0.000192	0.000192	82.879093	6.428141	-1.500000	6.604226	84.379093	0.019000	6.604226	-10.229668	0.171011	0.000000	0.000000	0.000000	0.000000	0.000000	0.000000	0.000000	0.000000	0.000000	0	0.000000	0	0	0.000000	-0.000000	0.000000	0.000000	0.000000	0.000000	0.000000	0.000000	5.654705	0.311009	0.000000
D:	24255.01	-8.544705	82.879093	-0.000192	0.000192	-0.000192	0.000192	82.879093	6.428141	-1.500000	6.604226	84.379093	0.019000	6.604226	-10.229668	0.174527	0.000000	0.000000	0.000000	0.000000	0.000000	0.000000	0.000000	0.000000	0.000000	0	0.000000	0	0	0.000000	-0.000000	0.000000	0.000000	0.000000	0.000000	0.000000	0.000000	5.654705	0.311009	0.000000
D:	24264.53	-8.546811	82.813018	-0.000192	0.000192	-0.000192	0.000192	82.813018	6.450177	-1.500000	6.438026	84.313018	0.018000	6.438026	-10.167734	0.174527	0.000000	0.000000	0.000000	0.000000	0.000000	0.000000	0.000000	0.000000	0.000000	0	0.000000	0	0	0.000000	-0.000000	0.000000	0.000000	0.000000	0.000000	0.000000	0.000000	5.656811	0.311125	0.000000
D:	24274.48	-8.546811	82.813018	-0.000192	0.000192	-0.000192	0.000192	82.813018	6.450177	-1.500000	6.438026	84.313018	0.018000	6.438026	-10.167734	0.152163	0.000000	0.000000	0.000000	0.000000	0.000000	0.000000	0.000000	0.000000	0.000000	0	0.000000	0	0	0.000000	-0.000000	0.000000	0.000000	0.000000	0.000000	0.000000	0.000000	5.656811	0.311125	0.000000
D:	24284.22	-8.520047	82.742995	-0.000192	0.000192	-0.000192	0.000192	82.742995	6.417624	-1.500000	6.449495	84.242995	0.018000	6.449495	-10.104647	0.152163	0.000000	0.000000	0.000000	0.000000	0.000000	0.000000	0.000000	0.000000	0.000000	0	0.000000	0	0	0.000000	-0.000000	0.000000	0.000000	0.000000	0.000000	0.000000	0.000000	5.630047	0.309653	0.000000
D:	24292.66	-8.520047	82.742995	-0.000192	0.000192	-0.000192	0.000192	82.742995	6.417624	-1.500000	6.449495	84.242995	0.018000	6.449495	-10.104647	0.152163	0.000000	0.000000	0.000000	0.000000	0.000000	0.000000	0.000000	0.000000	0.000000	0	0.000000	0	0	0.000000	-0.000000	0.000000	0.000000	0.000000	0.000000	0.000000	0.000000	5.630047	0.309653	0.000000
D:	24300.88	-8.520047	82.742995	-0.000192	0.000192	-0.000192	0.000192	82.676952	6.354086	-1.500000	6.419149	84.176952	0.018000	6.419149	-10.041109	0.137569	0.000000	0.000000	0.000000	0.000000	0.000000	0.000000	0.000000	0.000000	0.000000	0	0.000000	0	0	0.000000	-0.000000	0.000000	0.000000	0.000000	0.000000	0.000000	0.000000	5.610773	0.308593	0.000000
D:	24309.54	-8.500773	82.676952	-0.000192	0.000192	-0.000192	0.000192	82.676952	6.354086	-1.500000	6.419149	84.176952	0.019000	6.419149	-10.041109	0.137569	0.000000	0.000000	0.000000	0.000000	0.000000	0.000000	0.000000	0.000000	0.000000	0	0.000000	0	0	0.000000	-0.000000	0.000000	0.000000	0.000000	0.000000	0.000000	0.000000	5.610773	0.308593	0.000000
D:	24318.11	-8.500773	82.676952	-0.000192	0.000192	-0.000192	0.000192	82.610574	6.222572	-1.500000	6.357199	84.110574	0.019000	6.357199	-9.978297	0.155849	0.000000	0.000000	0.000000	0.000000	0.000000	0.000000	0.000000	0.000000	0.000000	0	0.000000	0	0	0.000000	-0.000000	0.000000	0.000000	0.000000	0.000000	0.000000	0.000000	5.627102	0.309491	0.000000
D:	24327.25	-8.517103	82.610574	-0.000192	0.000192	-0.000192	0.000192	82.610574	6.222572	-1.500000	6.357199	84.110574	0.019000	6.357199	-9.978297	0.155849	0.000000	0.000000	0.000000	0.000000	0.000000	0.000000	0.000000	0.000000	0.000000	0	0.000000	0	0	0.000000	-0.000000	0.000000	0.000000	0.000000	0.000000	0.000000	0.000000	5.627102	0.309491	0.000000
D:	24337.71	-8.517103	82.610574	-0.000192	0.000192	-0.000192	0.000192	82.610574	6.222572	-1.500000	6.230129	84.043039	0.019000	6.230129	-9.978297	0.157209	0.000000	0.000000	0.000000	0.000000	0.000000	0.000000	0.000000	0.000000	0.000000	0	0.000000	0	0	0.000000	-0.000000	0.000000	0.000000	0.000000	0.000000	0.000000	0.000000	5.627408	0.309507	0.000000
D:	24346.52	-8.517408	82.543039	-0.000192	0.000192	-0.000192	0.000192	82.543039	6.161866	-1.500000	6.230129	84.043039	0.018000	6.230129	-9.917591	0.157209	0.000000	0.000000	0.000000	0.000000	0.000000	0.000000	0.000000	0.000000	0.000000	0	0.000000	0	0	0.000000	-0.000000	0.000000	0.000000	0.000000	0.000000	0.000000	0.000000	5.627408	0.309507	0.000000
D:	24354.90	-8.517408	82.543039	-0.000192	0.000192	-0.000192	0.000192	82.543039	6.161866	-1.500000	6.230129	84.043039	0.018000	6.230129	-9.917591	0.157209	0.000000	0.000000	0.000000	0.000000	0.000000	0.000000	0.000000	0.000000	0.000000	0	0.000000	0	0	0.000000	-0.000000	0.000000	0.000000	0.000000	0.000000	0.000000	0.000000	5.627408	0.309507	0.000000
D:	24364.08	-8.486356	82.468546	-0.000192	0.000192	-0.000192	0.000192	82.468546	6.152278	-1.500000	6.165698	83.968546	0.018000	6.165698	-9.854568	0.130197	0.000000	0.000000	0.000000	0.000000	0.000000	0.000000	0.000000	0.000000	0.000000	0	0.000000	0	0	0.000000	-0.000000	0.000000	0.000000	0.000000	0.000000	0.000000	0.000000	5.596356	0.307800	0.000000
D:	24372.55	-8.486356	82.468546	-0.000192	0.000192	-0.000192	0.000192	82.468546	6.152278	-1.500000	6.165698	83.968546	0.018000	6.165698	-9.854568	0.130197	0.000000	0.000000	0.000000	0.000000	0.000000	0.000000	0.000000	0.000000	0.000000	0	0.000000	0	0	0.000000	-0.000000	0.000000	0.000000	0.000000	0.000000	0.000000	0.000000	5.596356	0.307800	0.000000
D:	24381.13	-8.486356	82.468546	-0.000192	0.000192	-0.000192	0.000192	82.404583	6.022847	-1.500000	6.152920	83.904583	0.018000	6.152920	-9.793839	0.117260	0.000000	0.000000	0.000000	0.000000	0.000000	0.000000	0.000000	0.000000	0.000000	0	0.000000	0	0	0.000000	-0.000000	0.000000	0.000000	0.000000	0.000000	0.000000	0.000000	5.579196	0.306856	0.000000
D:	24389.43	-8.469196	82.404583	-0.000192	0.000192	-0.000192	0.000192	82.404583	6.022847	-1.500000	6.152920	83.904583	0.019000	6.152920	-9.793839	0.117260	0.000000	0.000000	0.000000	0.000000	0.000000	0.000000	0.000000	0.000000	0.000000	0	0.000000	0	0	0.000000	-0.000000	0.000000	0.000000	0.000000	0.000000	0.000000	0.000000	5.579196	0.306856	0.000000
D:	24397.65	-8.469196	82.404583	-0.000192	0.000192	-0.000192	0.000192	82.404583	6.022847	-1.500000	6.152920	83.904583	0.019000	6.152920	-9.793839	0.102206	0.000000	0.000000	0.000000	0.000000	0.000000	0.000000	0.000000	0.000000	0.000000	0	0.000000	0	0	0.000000	-0.000000	0.000000	0.000000	0.000000	0.000000	0.000000	0.000000	5.560640	0.305835	0.000000
D:	24406.26	-8.450641	82.343283	-0.000192	0.000192	-0.000192	0.000192	82.343283	6.054415	-1.500000	6.029069	83.843283	0.019000	6.029069	-9.733804	0.102206	0.000000	0.000000	0.000000	0.000000	0.000000	0.000000	0.000000	0.000000	0.000000	0	0.000000	0	0	0.000000	-0.000000	0.000000	0.000000	0.000000	0.000000	0.000000	0.000000	5.560640	0.305835	0.000000
D:	24414.65	-8.450641	82.343283	-0.000192	0.000192	-0.000192	0.000192	82.343283	6.054415	-1.500000	6.029069	83.843283	0.019000	6.029069	-9.733804	0.102206	0.000000	0.000000	0.000000	0.000000	0.000000	0.000000	0.000000	0.000000	0.000000	0	0.000000	0	0	0.000000	-0.000000	0.000000	0.000000	0.000000	0.000000	0.000000	0.000000	5.560640	0.305835	0.000000
D:	24423.36	-8.461994	82.272279	-0.000192	0.000192	-0.000192	0.000192	82.272279	5.849367	-1.500000	6.052992	83.772279	0.018000	6.052992	-9.673794	0.115327	0.000000	0.000000	0.000000	0.000000	0.000000	0.000000	0.000000	0.000000	0.000000	0	0.000000	0	0	0.000000	-0.000000	0.000000	0.000000	0.000000	0.000000	0.000000	0.000000	5.571994	0.306460	0.000000
D:	24431.63	-8.461994	82.272279	-0.000192	0.000192	-0.000192	0.000192	82.272279	5.849367	-1.500000	6.052992	83.772279	0.018000	6.052992	-9.673794	0.115327	0.000000	0.000000	0.000000	0.000000	0.000000	0.000000	0.000000	0.000000	0.000000	0	0.000000	0	0	0.000000	-0.000000	0.000000	0.000000	0.000000	0.000000	0.000000	0.000000	5.571994	0.306460	0.000000
D:	24439.89	-8.461994	82.272279	-0.000192	0.000192	-0.000192	0.000192	82.200417	5.834946	-1.500000	5.860797	83.700417	0.018000	5.860797	-9.613572	0.113510	0.000000	0.000000	0.000000	0.000000	0.000000	0.000000	0.000000	0.000000	0.000000	0	0.000000	0	0	0.000000	-0.000000	0.000000	0.000000	0.000000	0.000000	0.000000	0.000000	5.566041	0.306132	0.000000
D:	24448.40	-8.456041	82.200417	-0.000192	0.000192	-0.000192	0.000192	82.200417	5.834946	-1.500000	5.860797	83.700417	0.018000	5.860797	-9.613572	0.113510	0.000000	0.000000	0.000000	0.000000	0.000000	0.000000	0.000000	0.000000	0.000000	0	0.000000	0	0	0.000000	-0.000000	0.000000	0.000000	0.000000	0.000000	0.000000	0.000000	5.566041	0.306132	0.000000
D:	24456.72	-8.456041	82.200417	-0.000192	0.000192	-0.000192	0.000192	82.200417	5.834946	-1.500000	5.860797	83.700417	0.018000	5.860797	-9.613572	0.113510	0.000000	0.000000	0.000000	0.000000	0.000000	0.000000	0.000000	0.000000	0.000000	0	0.000000	0	0	0.000000	-0.000000	0.000000	0.000000	0.000000	0.000000	0.000000	0.000000	5.566041	0.306132	0.000000
D:	24464.95	-8.419667	82.120348	-0.000192	0.000192	-0.000192	0.000192	82.120348	5.726781	-1.500000	5.836397	83.620348	0.018000	5.836397	-9.551208	0.081088	0.000000	0.000000	0.000000	0.000000	0.000000	0.000000	0.000000	0.000000	0.000000	0	0.000000	0	0	0.000000	-0.000000	0.000000	0.000000	0.000000	0.000000	0.000000	0.000000	5.529667	0.304132	0.000000
D:	24474.20	-8.419667	82.120348	-0.000192	0.000192	-0.000192	0.000192	82.120348	5.726781	-1.500000	5.836397	83.620348	0.018000	5.836397	-9.551208	0.081088	0.000000	0.000000	0.000000	0.000000	0.000000	0.000000	0.000000	0.000000	0.000000	0	0.000000	0	0	0.000000	-0.000000	0.000000	0.000000	0.000000	0.000000	0.000000	0.000000	5.529667	0.304132	0.000000
D:	24483.98	-8.418115	82.056847	-0.000192	0.000192	-0.000192	0.000192	82.056847	5.744302	-1.500000	5.732024	83.556847	0.019000	5.732024	-9.492394	0.083436	0.000000	0.000000	0.000000	0.000000	0.000000	0.000000	0.000000	0.000000	0.000000	0	0.000000	0	0	0.000000	-0.000000	0.000000	0.000000	0.000000	0.000000	0.000000	0.000000	5.528115	0.304046	0.000000
D:	24493.60	-8.418115	82.056847	-0.000192	0.000192	-0.000192	0.000192	82.056847	5.744302	-1.500000	5.732024	83.556847	0.019000	5.732024	-9.492394	0.083436	0.000000	0.000000	0.000000	0.000000	0.000000	0.000000	0.000000	0.000000	0.000000	0	0.000000	0	0	0.000000	-0.000000	0.000000	0.000000	0.000000	0.000000	0.000000	0.000000	5.528115	0.304046	0.000000
D:	24503.15	-8.425231	81.990105	-0.000192	0.000192	-0.000192	0.000192	81.990105	5.815685	-1.500000	5.743613	83.490105	0.018000	5.743613	-9.434006	0.093488	0.000000	0.000000	0.000000	0.000000	0.000000	0.000000	0.000000	0.000000	0.000000	0	0.000000	0	0	0.000000	-0.000000	0.000000	0.000000	0.000000	0.000000	0.000000	0.000000	5.535231	0.304438	0.000000
D:	24512.20	-8.425231	81.990105	-0.000192	0.000192	-0.000192	0.000192	81.990105	5.815685	-1.500000	5.743613	83.490105	0.018000	5.743613	-9.434006	0.093488	0.000000	0.000000	0.000000	0.000000	0.000000	0.000000	0.000000	0.000000	0.000000	0	0.000000	0	0	0.000000	-0.000000	0.000000	0.000000	0.000000	0.000000	0.000000	0.000000	5.535231	0.304438	0.000000
D:	24521.49	-8.425231	81.990105	-0.000192	0.000192	-0.000192	0.000192	81.918020	5.604094	-1.500000	5.811639	83.418020	0.018000	5.811639	-9.375086	0.082612	0.000000	0.000000	0.000000	0.000000	0.000000	0.000000	0.000000	0.000000	0.000000	0	0.000000	0	0	0.000000	-0.000000	0.000000	0.000000	0.000000	0.000000	0.000000	0.000000	5.519683	0.303583	0.000000
D:	24530.25	-8.409683	81.918020	-0.000192	0.000192	-0.000192	0.000192	81.918020	5.604094	-1.500000	5.811639	83.418020	0.018000	5.811639	-9.375086	0.082612	0.000000	0.000000	0.000000	0.000000	0.000000	0.000000	0.000000	0.000000	0.000000	0	0.000000	0	0	0.000000	-0.000000	0.000000	0.000000	0.000000	0.000000	0.000000	0.000000	5.519683	0.303583	0.000000
D:	24538.77	-8.409683	81.918020	-0.000192	0.000192	-0.000192	0.000192	81.918020	5.604094	-1.500000	5.811639	83.418020	0.018000	5.811639	-9.375086	0.064798	0.000000	0.000000	0.000000	0.000000	0.000000	0.000000	0.000000	0.000000	0.000000	0	0.000000	0	0	0.000000	-0.000000	0.000000	0.000000	0.000000	0.000000	0.000000	0.000000	5.496228	0.302293	0.000000
D:	24547.39	-8.386228	81.852586	-0.000192	0.000192	-0.000192	0.000192	81.852586	5.631235	-1.500000	5.615745	83.352586	0.018000	5.615745	-9.318257	0.064798	0.000000	0.000000	0.000000	0.000000	0.000000	0.000000	0.000000	0.000000	0.000000	0	0.000000	0	0	0.000000	-0.000000	0.000000	0.000000	0.000000	0.000000	0.000000	0.000000	5.496228	0.302293	0.000000
D:	24556.21	-8.386228	81.852586	-0.000192	0.000192	-0.000192	0.000192	81.852586	5.631235	-1.500000	5.615745	83.352586	0.018000	5.615745	-9.318257	0.064798	0.000000	0.000000	0.000000	0.000000	0.000000	0.000000	0.000000	0.000000	0.000000	0	0.000000	0	0	0.000000	-0.000000	0.000000	0.000000	0.000000	0.000000	0.000000	0.000000	5.496228	0.302293	0.000000
D:	24564.52	-8.395100	81.786237	-0.000192	0.000192	-0.000192	0.000192	81.786237	5.534604	-1.500000	5.630494	83.286237	0.019000	5.630494	-9.259795	0.076448	0.000000	0.000000	0.000000	0.000000	0.000000	0.000000	0.000000	0.000000	0.000000	0	0.000000	0	0	0.000000	-0.000000	0.000000	0.000000	0.000000	0.000000	0.000000	0.000000	5.505100	0.302780	0.000000
D:	24572.87	-8.395100	81.786237	-0.000192	0.000192	-0.000192	0.000192	81.786237	5.534604	-1.500000	5.630494	83.286237	0.019000	5.630494	-9.259795	0.076448	0.000000	0.000000	0.000000	0.000000	0.000000	0.000000	0.000000	0.000000	0.000000	0	0.000000	0	0	0.000000	-0.000000	0.000000	0.000000	0.000000	0.000000	0.000000	0.000000	5.505100	0.302780	0.000000
D:	24581.03	-8.395100	81.786237	-0.000192	0.000192	-0.000192	0.000192	81.716035	5.454318	-1.500000	5.539987	83.216035	0.019000	5.539987	-9.202410	0.068826	0.000000	0.000000	0.000000	0.000000	0.000000	0.000000	0.000000	0.000000	0.000000	0	0.000000	0	0	0.000000	-0.000000	0.000000	0.000000	0.000000	0.000000	0.000000	0.000000	5.492796	0.302104	0.000000
D:	24589.43	-8.382797	81.716035	-0.000192	0.000192	-0.000192	0.000192	81.716035	5.454318	-1.500000	5.539987	83.216035	0.018000	5.539987	-9.202410	0.068826	0.000000	0.000000	0.000000	0.000000	0.000000	0.000000	0.000000	0.000000	0.000000	0	0.000000	0	0	0.000000	-0.000000	0.000000	0.000000	0.000000	0.000000	0.000000	0.000000	5.492796	0.302104	0.000000
D:	24597.86	-8.382797	81.716035	-0.000192	0.000192	-0.000192	0.000192	81.716035	5.454318	-1.500000	5.539987	83.216035	0.018000	5.539987	-9.202410	0.068826	0.000000	0.000000	0.000000	0.000000	0.000000	0.000000	0.000000	0.000000	0.000000	0	0.000000	0	0	0.000000	-0.000000	0.000000	0.000000	0.000000	0.000000	0.000000	0.000000	5.492796	0.302104	0.000000
D:	24606.73	-8.401327	81.644551	-0.000192	0.000192	-0.000192	0.000192	81.644551	5.472711	-1.500000	5.459127	83.144551	0.018000	5.459127	-9.144466	0.089828	0.000000	0.000000	0.000000	0.000000	0.000000	0.000000	0.000000	0.000000	0.000000	0	0.000000	0	0	0.000000	-0.000000	0.000000	0.000000	0.000000	0.000000	0.000000	0.000000	5.511326	0.303123	0.000000
D:	24615.70	-8.401327	81.644551	-0.000192	0.000192	-0.000192	0.000192	81.644551	5.472711	-1.500000	5.459127	83.144551	0.018000	5.459127	-9.144466	0.089828	0.000000	0.000000	0.000000	0.000000	0.000000	0.000000	0.000000	0.000000	0.000000	0	0.000000	0	0	0.000000	-0.000000	0.000000	0.000000	0.000000	0.000000	0.000000	0.000000	5.511326	0.303123	0.000000
D:	24623.93	-8.401327	81.644551	-0.000192	0.000192	-0.000192	0.000192	81.572716	5.377058	-1.500000	5.471948	83.072716	0.018000	5.471948	-9.086982	0.063966	0.000000	0.000000	0.000000	0.000000	0.000000	0.000000	0.000000	0.000000	0.000000	0	0.000000	0	0	0.000000	-0.000000	0.000000	0.000000	0.000000	0.000000	0.000000	0.000000	5.480181	0.301410	0.000000
D:	24632.14	-8.370181	81.572716	-0.000192	0.000192	-0.000192	0.000192	81.572716	5.377058	-1.500000	5.471948	83.072716	0.018000	5.471948	-9.086982	0.063966	0.000000	0.000000	0.000000	0.000000	0.000000	0.000000	0.000000	0.000000	0.000000	0	0.000000	0	0	0.000000	-0.000000	0.000000	0.000000	0.000000	0.000000	0.000000	0.000000	5.480181	0.301410	0.000000
D:	24640.51	-8.370181	81.572716	-0.000192	0.000192	-0.000192	0.000192	81.572716	5.377058	-1.500000	5.381597	83.005644	0.018000	5.381597	-9.086982	0.059851	0.000000	0.000000	0.000000	0.000000	0.000000	0.000000	0.000000	0.000000	0.000000	0	0.000000	0	0	0.000000	-0.000000	0.000000	0.000000	0.000000	0.000000	0.000000	0.000000	5.470378	0.300871	0.000000
D:	24649.53	-8.360379	81.505644	-0.000192	0.000192	-0.000192	0.000192	81.505644	5.327292	-1.500000	5.381597	83.005644	0.019000	5.381597	-9.029582	0.059851	0.000000	0.000000	0.000000	0.000000	0.000000	0.000000	0.000000	0.000000	0.000000	0	0.000000	0	0	0.000000	-0.000000	0.000000	0.000000	0.000000	0.000000	0.000000	0.000000	5.470378	0.300871	0.000000
D:	24657.73	-8.360379	81.505644	-0.000192	0.000192	-0.000192	0.000192	81.505644	5.327292	-1.500000	5.381597	83.005644	0.019000	5.381597	-9.029582	0.059851	0.000000	0.000000	0.000000	0.000000	0.000000	0.000000	0.000000	0.000000	0.000000	0	0.000000	0	0	0.000000	-0.000000	0.000000	0.000000	0.000000	0.000000	0.000000	0.000000	5.470378	0.300871	0.000000
D:	24666.61	-8.392522	81.435685	-0.000192	0.000192	-0.000192	0.000192	81.435685	5.193431	-1.500000	5.329890	82.935685	0.019000	5.329890	-8.972057	0.093973	0.000000	0.000000	0.000000	0.000000	0.000000	0.000000	0.000000	0.000000	0.000000	0	0.000000	0	0	0.000000	-0.000000	0.000000	0.000000	0.000000	0.000000	0.000000	0.000000	5.502522	0.302639	0.000000
D:	24674.88	-8.392522	81.435685	-0.000192	0.000192	-0.000192	0.000192	81.435685	5.193431	-1.500000	5.329890	82.935685	0.019000	5.329890	-8.972057	0.093973	0.000000	0.000000	0.000000	0.000000	0.000000	0.000000	0.000000	0.000000	0.000000	0	0.000000	0	0	0.000000	-0.000000	0.000000	0.000000	0.000000	0.000000	0.000000	0.000000	5.502522	0.302639	0.000000
D:	24683.50	-8.392522	81.435685	-0.000192	0.000192	-0.000192	0.000192	81.363391	5.167586	-1.500000	5.201091	82.863391	0.019000	5.201091	-8.915677	0.074444	0.000000	0.000000	0.000000	0.000000	0.000000	0.000000	0.000000	0.000000	0.000000	0	0.000000	0	0	0.000000	-0.000000	0.000000	0.000000	0.000000	0.000000	0.000000	0.000000	5.479188	0.301355	0.000000
D:	24691.72	-8.369188	81.363391	-0.000192	0.000192	-0.000192	0.000192	81.363391	5.167586	-1.500000	5.201091	82.863391	0.018000	5.201091	-8.915677	0.074444	0.000000	0.000000	0.000000	0.000000	0.000000	0.000000	0.000000	0.000000	0.000000	0	0.000000	0	0	0.000000	-0.000000	0.000000	0.000000	0.000000	0.000000	0.000000	0.000000	5.479188	0.301355	0.000000
D:	24700.41	-8.369188	81.363391	-0.000192	0.000192	-0.000192	0.000192	81.363391	5.167586	-1.500000	5.169466	82.790858	0.018000	5.169466	-8.915677	0.080913	0.000000	0.000000	0.000000	0.000000	0.000000	0.000000	0.000000	0.000000	0.000000	0	0.000000	0	0	0.000000	-0.000000	0.000000	0.000000	0.000000	0.000000	0.000000	0.000000	5.483054	0.301568	0.000000
D:	24710.43	-8.373054	81.290858	-0.000192	0.000192	-0.000192	0.000192	81.290858	5.096287	-1.500000	5.169466	82.790858	0.018000	5.169466	-8.859645	0.080913	0.000000	0.000000	0.000000	0.000000	0.000000	0.000000	0.000000	0.000000	0.000000	0	0.000000	0	0	0.000000	-0.000000	0.000000	0.000000	0.000000	0.000000	0.000000	0.000000	5.483054	0.301568	0.000000
D:	24719.54	-8.373054	81.290858	-0.000192	0.000192	-0.000192	0.000192	81.290858	5.096287	-1.500000	5.169466	82.790858	0.018000	5.169466	-8.859645	0.084160	0.000000	0.000000	0.000000	0.000000	0.000000	0.000000	0.000000	0.000000	0.000000	0	0.000000	0	0	0.000000	-0.000000	0.000000	0.000000	0.000000	0.000000	0.000000	0.000000	5.483054	0.301568	0.000000
D:	24728.53	-8.373205	81.220844	-0.000192	0.000192	-0.000192	0.000192	81.220844	5.100391	-1.500000	5.099787	82.720844	0.019000	5.099787	-8.802681	0.084160	0.000000	0.000000	0.000000	0.000000	0.000000	0.000000	0.000000	0.000000	0.000000	0	0.000000	0	0	0.000000	-0.000000	0.000000	0.000000	0.000000	0.000000	0.000000	0.000000	5.483205	0.301576	0.000000
D:	24736.95	-8.373205	81.220844	-0.000192	0.000192	-0.000192	0.000192	81.220844	5.100391	-1.500000	5.099787	82.720844	0.019000	5.099787	-8.802681	0.084160	0.000000	0.000000	0.000000	0.000000	0.000000	0.000000	0.000000	0.000000	0.000000	0	0.000000	0	0	0.000000	-0.000000	0.000000	0.000000	0.000000	0.000000	0.000000	0.000000	5.483205	0.301576	0.000000
D:	24745.47	-8.342918	81.153490	-0.000192	0.000192	-0.000192	0.000192	81.153490	5.090194	-1.500000	5.100362	82.653490	0.019000	5.100362	-8.746682	0.060527	0.000000	0.000000	0.000000	0.000000	0.000000	0.000000	0.000000	0.000000	0.000000	0	0.000000	0	0	0.000000	-0.000000	0.000000	0.000000	0.000000	0.000000	0.000000	0.000000	5.452918	0.299910	0.000000
D:	24753.73	-8.342918	81.153490	-0.000192	0.000192	-0.000192	0.000192	81.153490	5.090194	-1.500000	5.100362	82.653490	0.019000	5.100362	-8.746682	0.060527	0.000000	0.000000	0.000000	0.000000	0.000000	0.000000	0.000000	0.000000	0.000000	0	0.000000	0	0	0.000000	-0.000000	0.000000	0.000000	0.000000	0.000000	0.000000	0.000000	5.452918	0.299910	0.000000
D:	24762.85	-8.342918	81.153490	-0.000192	0.000192	-0.000192	0.000192	81.076756	4.911702	-1.500000	5.090764	82.576756	0.019000	5.090764	-8.690328	0.074302	0.000000	0.000000	0.000000	0.000000	0.000000	0.000000	0.000000	0.000000	0.000000	0	0.000000	0	0	0.000000	-0.000000	0.000000	0.000000	0.000000	0.000000	0.000000	0.000000	5.464370	0.300540	0.000000
D:	24771.02	-8.354370	81.076756	-0.000192	0.000192	-0.000192	0.000192	81.076756	4.911702	-1.500000	5.090764	82.576756	0.018000	5.090764	-8.690328	0.074302	0.000000	0.000000	0.000000	0.000000	0.000000	0.000000	0.000000	0.000000	0.000000	0	0.000000	0	0	0.000000	-0.000000	0.000000	0.000000	0.000000	0.000000	0.000000	0.000000	5.464370	0.300540	0.000000
D:	24779.26	-8.354370	81.076756	-0.000192	0.000192	-0.000192	0.000192	81.076756	4.911702	-1.500000	5.090764	82.576756	0.018000	5.090764	-8.690328	0.074302	0.000000	0.000000	0.000000	0.000000	0.000000	0.000000	0.000000	0.000000	0.000000	0	0.000000	0	0	0.000000	-0.000000	0.000000	0.000000	0.000000	0.000000	0.000000	0.000000	5.464370	0.300540	0.000000
D:	24788.12	-8.356758	81.002123	-0.000192	0.000192	-0.000192	0.000192	81.002123	4.894332	-1.500000	4.921754	82.502123	0.018000	4.921754	-8.634790	0.080174	0.000000	0.000000	0.000000	0.000000	0.000000	0.000000	0.000000	0.000000	0.000000	0	0.000000	0	0	0.000000	-0.000000	0.000000	0.000000	0.000000	0.000000	0.000000	0.000000	5.466758	0.300672	0.000000
D:	24796.90	-8.356758	81.002123	-0.000192	0.000192	-0.000192	0.000192	81.002123	4.894332	-1.500000	4.921754	82.502123	0.018000	4.921754	-8.634790	0.080174	0.000000	0.000000	0.000000	0.000000	0.000000	0.000000	0.000000	0.000000	0.000000	0	0.000000	0	0	0.000000	-0.000000	0.000000	0.000000	0.000000	0.000000	0.000000	0.000000	5.466758	0.300672	0.000000
D:	24805.47	-8.356758	81.002123	-0.000192	0.000192	-0.000192	0.000192	80.931135	4.831118	-1.500000	4.895644	82.431135	0.018000	4.895644	-8.579209	0.077959	0.000000	0.000000	0.000000	0.000000	0.000000	0.000000	0.000000	0.000000	0.000000	0	0.000000	0	0	0.000000	-0.000000	0.000000	0.000000	0.000000	0.000000	0.000000	0.000000	5.460207	0.300311	0.000000
D:	24814.41	-8.350207	80.931135	-0.000192	0.000192	-0.000192	0.000192	80.931135	4.831118	-1.500000	4.895644	82.431135	0.019000	4.895644	-8.579209	0.077959	0.000000	0.000000	0.000000	0.000000	0.000000	0.000000	0.000000	0.000000	0.000000	0	0.000000	0	0	0.000000	-0.000000	0.000000	0.000000	0.000000	0.000000	0.000000	0.000000	5.460207	0.300311	0.000000
D:	24822.78	-8.350207	80.931135	-0.000192	0.000192	-0.000192	0.000192	80.931135	4.831118	-1.500000	4.834204	82.360450	0.019000	4.834204	-8.579209	0.064255	0.000000	0.000000	0.000000	0.000000	0.000000	0.000000	0.000000	0.000000	0.000000	0	0.000000	0	0	0.000000	-0.000000	0.000000	0.000000	0.000000	0.000000	0.000000	0.000000	5.441799	0.299299	0.000000
D:	24831.00	-8.331799	80.860450	-0.000192	0.000192	-0.000192	0.000192	80.860450	4.844250	-1.500000	4.834204	82.360450	0.019000	4.834204	-8.523640	0.064255	0.000000	0.000000	0.000000	0.000000	0.000000	0.000000	0.000000	0.000000	0.000000	0	0.000000	0	0	0.000000	-0.000000	0.000000	0.000000	0.000000	0.000000	0.000000	0.000000	5.441799	0.299299	0.000000
D:	24839.94	-8.331799	80.860450	-0.000192	0.000192	-0.000192	0.000192	80.860450	4.844250	-1.500000	4.834204	82.360450	0.019000	4.834204	-8.523640	0.064255	0.000000	0.000000	0.000000	0.000000	0.000000	0.000000	0.000000	0.000000	0.000000	0	0.000000	0	0	0.000000	-0.000000	0.000000	0.000000	0.000000	0.000000	0.000000	0.000000	5.441799	0.299299	0.000000
D:	24848.73	-8.346755	80.786454	-0.000192	0.000192	-0.000192	0.000192	80.786454	4.766792	-1.500000	4.843687	82.286454	0.018000	4.843687	-8.469082	0.082310	0.000000	0.000000	0.000000	0.000000	0.000000	0.000000	0.000000	0.000000	0.000000	0	0.000000	0	0	0.000000	-0.000000	0.000000	0.000000	0.000000	0.000000	0.000000	0.000000	5.456755	0.300122	0.000000
D:	24857.13	-8.346755	80.786454	-0.000192	0.000192	-0.000192	0.000192	80.786454	4.766792	-1.500000	4.843687	82.286454	0.018000	4.843687	-8.469082	0.082310	0.000000	0.000000	0.000000	0.000000	0.000000	0.000000	0.000000	0.000000	0.000000	0	0.000000	0	0	0.000000	-0.000000	0.000000	0.000000	0.000000	0.000000	0.000000	0.000000	5.456755	0.300122	0.000000
D:	24865.60	-8.346755	80.786454	-0.000192	0.000192	-0.000192	0.000192	80.712685	4.720224	-1.500000	4.771108	82.212685	0.018000	4.771108	-8.414881	0.103423	0.000000	0.000000	0.000000	0.000000	0.000000	0.000000	0.000000	0.000000	0.000000	0	0.000000	0	0	0.000000	-0.000000	0.000000	0.000000	0.000000	0.000000	0.000000	0.000000	5.476748	0.301221	0.000000
D:	24873.84	-8.366748	80.712685	-0.000192	0.000192	-0.000192	0.000192	80.712685	4.720224	-1.500000	4.771108	82.212685	0.018000	4.771108	-8.414881	0.103423	0.000000	0.000000	0.000000	0.000000	0.000000	0.000000	0.000000	0.000000	0.000000	0	0.000000	0	0	0.000000	-0.000000	0.000000	0.000000	0.000000	0.000000	0.000000	0.000000	5.476748	0.301221	0.000000
D:	24882.78	-8.366748	80.712685	-0.000192	0.000192	-0.000192	0.000192	80.712685	4.720224	-1.500000	4.722658	82.142136	0.018000	4.722658	-8.414881	0.051853	0.000000	0.000000	0.000000	0.000000	0.000000	0.000000	0.000000	0.000000	0.000000	0	0.000000	0	0	0.000000	-0.000000	0.000000	0.000000	0.000000	0.000000	0.000000	0.000000	5.416763	0.297922	0.000000
D:	24891.89	-8.306764	80.642136	-0.000192	0.000192	-0.000192	0.000192	80.642136	4.635501	-1.500000	4.722658	82.142136	0.019000	4.722658	-8.360692	0.051853	0.000000	0.000000	0.000000	0.000000	0.000000	0.000000	0.000000	0.000000	0.000000	0	0.000000	0	0	0.000000	-0.000000	0.000000	0.000000	0.000000	0.000000	0.000000	0.000000	5.416763	0.297922	0.000000
D:	24901.29	-8.306764	80.642136	-0.000192	0.000192	-0.000192	0.000192	80.642136	4.635501	-1.500000	4.722658	82.142136	0.019000	4.722658	-8.360692	0.037857	0.000000	0.000000	0.000000	0.000000	0.000000	0.000000	0.000000	0.000000	0.000000	0	0.000000	0	0	0.000000	-0.000000	0.000000	0.000000	0.000000	0.000000	0.000000	0.000000	5.397395	0.296857	0.000000
D:	24911.06	-8.287395	80.568623	-0.000192	0.000192	-0.000192	0.000192	80.568623	4.595818	-1.500000	4.639670	82.068623	0.019000	4.639670	-8.305741	0.037857	0.000000	0.000000	0.000000	0.000000	0.000000	0.000000	0.000000	0.000000	0.000000	0	0.000000	0	0	0.000000	-0.000000	0.000000	0.000000	0.000000	0.000000	0.000000	0.000000	5.397395	0.296857	0.000000
D:	24922.03	-8.287395	80.568623	-0.000192	0.000192	-0.000192	0.000192	80.492293	4.473537	-1.500000	4.598279	81.992293	0.019000	4.598279	-8.252163	0.022735	0.000000	0.000000	0.000000	0.000000	0.000000	0.000000	0.000000	0.000000	0.000000	0	0.000000	0	0	0.000000	-0.000000	0.000000	0.000000	0.000000	0.000000	0.000000	0.000000	5.376759	0.295722	0.000000
D:	24934.38	-8.266759	80.492293	-0.000192	0.000192	-0.000192	0.000192	80.492293	4.473537	-1.500000	4.598279	81.992293	0.018000	4.598279	-8.252163	0.022735	0.000000	0.000000	0.000000	0.000000	0.000000	0.000000	0.000000	0.000000	0.000000	0	0.000000	0	0	0.000000	-0.000000	0.000000	0.000000	0.000000	0.000000	0.000000	0.000000	5.376759	0.295722	0.000000
D:	24946.22	-8.266759	80.492293	-0.000192	0.000192	-0.000192	0.000192	80.417809	4.511949	-1.500000	4.480539	81.917809	0.018000	4.480539	-8.198972	-0.002027	0.000000	0.000000	0.000000	0.000000	0.000000	0.000000	0.000000	0.000000	0.000000	0	0.000000	0	0	0.000000	-0.000000	0.000000	0.000000	0.000000	0.000000	0.000000	0.000000	5.345327	0.293993	0.000000
D:	24958.36	-8.235327	80.417809	-0.000192	0.000192	-0.000192	0.000192	80.417809	4.511949	-1.500000	4.480539	81.917809	0.018000	4.480539	-8.198972	-0.002027	0.000000	0.000000	0.000000	0.000000	0.000000	0.000000	0.000000	0.000000	0.000000	0	0.000000	0	0	0.000000	-0.000000	0.000000	0.000000	0.000000	0.000000	0.000000	0.000000	5.345327	0.293993	0.000000
D:	24969.81	-8.247763	80.347894	-0.000192	0.000192	-0.000192	0.000192	80.347894	4.422695	-1.500000	4.510186	81.847894	0.018000	4.510186	-8.147886	0.015063	0.000000	0.000000	0.000000	0.000000	0.000000	0.000000	0.000000	0.000000	0.000000	0	0.000000	0	0	0.000000	-0.000000	0.000000	0.000000	0.000000	0.000000	0.000000	0.000000	5.357763	0.294677	0.000000
D:	24981.26	-8.247763	80.347894	-0.000192	0.000192	-0.000192	0.000192	80.347894	4.422695	-1.500000	4.510186	81.776657	0.018000	4.426880	-8.147886	0.036956	0.000000	0.000000	0.000000	0.000000	0.000000	0.000000	0.000000	0.000000	0.000000	0	0.000000	0	0	0.000000	-0.000000	0.000000	0.000000	0.000000	0.000000	0.000000	0.000000	5.376438	0.295704	0.000000
D:	24993.02	-8.266438	80.276657	-0.000192	0.000192	-0.000192	0.000192	80.276657	4.347211	-1.500000	4.426880	81.776657	0.019000	4.426880	-8.095302	0.036956	0.000000	0.000000	0.000000	0.000000	0.000000	0.000000	0.000000	0.000000	0.000000	0	0.000000	0	0	0.000000	-0.000000	0.000000	0.000000	0.000000	0.000000	0.000000	0.000000	5.376438	0.295704	0.000000
D:	25005.08	-8.266438	80.276657	-0.000192	0.000192	-0.000192	0.000192	80.201935	4.272493	-1.500000	4.351683	81.701935	0.019000	4.351683	-8.043485	0.062123	0.000000	0.000000	0.000000	0.000000	0.000000	0.000000	0.000000	0.000000	0.000000	0	0.000000	0	0	0.000000	-0.000000	0.000000	0.000000	0.000000	0.000000	0.000000	0.000000	5.399630	0.296980	0.000000
D:	25017.17	-8.289630	80.201935	-0.000192	0.000192	-0.000192	0.000192	80.201935	4.272493	-1.500000	4.351683	81.701935	0.018000	4.351683	-8.043485	0.062123	0.000000	0.000000	0.000000	0.000000	0.000000	0.000000	0.000000	0.000000	0.000000	0	0.000000	0	0	0.000000	-0.000000	0.000000	0.000000	0.000000	0.000000	0.000000	0.000000	5.399630	0.296980	0.000000
D:	25028.80	-8.293907	80.128095	-0.000192	0.000192	-0.000192	0.000192	80.128095	4.304742	-1.500000	4.276938	81.628095	0.018000	4.276938	-7.991765	0.068917	0.000000	0.000000	0.000000	0.000000	0.000000	0.000000	0.000000	0.000000	0.000000	0	0.000000	0	0	0.000000	-0.000000	0.000000	0.000000	0.000000	0.000000	0.000000	0.000000	5.403906	0.297215	0.000000
D:	25040.03	-8.293907	80.128095	-0.000192	0.000192	-0.000192	0.000192	80.128095	4.304742	-1.500000	4.276938	81.628095	0.018000	4.276938	-7.991765	0.068917	0.000000	0.000000	0.000000	0.000000	0.000000	0.000000	0.000000	0.000000	0.000000	0	0.000000	0	0	0.000000	-0.000000	0.000000	0.000000	0.000000	0.000000	0.000000	0.000000	5.403906	0.297215	0.000000
D:	25051.18	-8.268153	80.052025	-0.000192	0.000192	-0.000192	0.000192	80.052025	4.222228	-1.500000	4.303182	81.552025	0.018000	4.303182	-7.939785	0.049476	0.000000	0.000000	0.000000	0.000000	0.000000	0.000000	0.000000	0.000000	0.000000	0	0.000000	0	0	0.000000	-0.000000	0.000000	0.000000	0.000000	0.000000	0.000000	0.000000	5.378153	0.295798	0.000000
D:	25063.10	-8.268153	80.052025	-0.000192	0.000192	-0.000192	0.000192	80.052025	4.222228	-1.500000	4.226100	81.474530	0.018000	4.226100	-7.939785	0.060070	0.000000	0.000000	0.000000	0.000000	0.000000	0.000000	0.000000	0.000000	0.000000	0	0.000000	0	0	0.000000	-0.000000	0.000000	0.000000	0.000000	0.000000	0.000000	0.000000	5.385292	0.296191	0.000000
D:	25073.13	-8.275292	79.974530	-0.000192	0.000192	-0.000192	0.000192	79.974530	4.236899	-1.500000	4.226100	81.474530	0.019000	4.226100	-7.885754	0.060070	0.000000	0.000000	0.000000	0.000000	0.000000	0.000000	0.000000	0.000000	0.000000	0	0.000000	0	0	0.000000	-0.000000	0.000000	0.000000	0.000000	0.000000	0.000000	0.000000	5.385292	0.296191	0.000000
D:	25082.53	-8.275292	79.974530	-0.000192	0.000192	-0.000192	0.000192	79.974530	4.236899	-1.500000	4.226100	81.474530	0.019000	4.226100	-7.885754	0.053274	0.000000	0.000000	0.000000	0.000000	0.000000	0.000000	0.000000	0.000000	0.000000	0	0.000000	0	0	0.000000	-0.000000	0.000000	0.000000	0.000000	0.000000	0.000000	0.000000	5.385292	0.296191	0.000000
D:	25091.38	-8.264145	79.898932	-0.000192	0.000192	-0.000192	0.000192	79.898932	4.132188	-1.500000	4.236293	81.398932	0.018000	4.236293	-7.834478	0.053274	0.000000	0.000000	0.000000	0.000000	0.000000	0.000000	0.000000	0.000000	0.000000	0	0.000000	0	0	0.000000	-0.000000	0.000000	0.000000	0.000000	0.000000	0.000000	0.000000	5.374145	0.295578	0.000000
D:	25100.50	-8.264145	79.898932	-0.000192	0.000192	-0.000192	0.000192	79.898932	4.132188	-1.500000	4.236293	81.398932	0.018000	4.236293	-7.834478	0.053274	0.000000	0.000000	0.000000	0.000000	0.000000	0.000000	0.000000	0.000000	0.000000	0	0.000000	0	0	0.000000	-0.000000	0.000000	0.000000	0.000000	0.000000	0.000000	0.000000	5.374145	0.295578	0.000000
D:	25109.75	-8.245252	79.821381	-0.000192	0.000192	-0.000192	0.000192	79.821381	4.088143	-1.500000	4.138032	81.321381	0.018000	4.138032	-7.782799	0.039996	0.000000	0.000000	0.000000	0.000000	0.000000	0.000000	0.000000	0.000000	0.000000	0	0.000000	0	0	0.000000	-0.000000	0.000000	0.000000	0.000000	0.000000	0.000000	0.000000	5.355252	0.294539	0.000000
D:	25118.99	-8.245252	79.821381	-0.000192	0.000192	-0.000192	0.000192	79.821381	4.088143	-1.500000	4.138032	81.321381	0.018000	4.138032	-7.782799	0.039996	0.000000	0.000000	0.000000	0.000000	0.000000	0.000000	0.000000	0.000000	0.000000	0	0.000000	0	0	0.000000	-0.000000	0.000000	0.000000	0.000000	0.000000	0.000000	0.000000	5.355252	0.294539	0.000000
D:	25128.23	-8.245252	79.821381	-0.000192	0.000192	-0.000192	0.000192	79.749078	4.008211	-1.500000	4.090943	81.249078	0.018000	4.090943	-7.733401	0.071588	0.000000	0.000000	0.000000	0.000000	0.000000	0.000000	0.000000	0.000000	0.000000	0	0.000000	0	0	0.000000	-0.000000	0.000000	0.000000	0.000000	0.000000	0.000000	0.000000	5.385508	0.296203	0.000000
D:	25137.29	-8.275508	79.749078	-0.000192	0.000192	-0.000192	0.000192	79.749078	4.008211	-1.500000	4.090943	81.249078	0.018000	4.090943	-7.733401	0.071588	0.000000	0.000000	0.000000	0.000000	0.000000	0.000000	0.000000	0.000000	0.000000	0	0.000000	0	0	0.000000	-0.000000	0.000000	0.000000	0.000000	0.000000	0.000000	0.000000	5.385508	0.296203	0.000000
D:	25146.38	-8.275508	79.749078	-0.000192	0.000192	-0.000192	0.000192	79.679737	3.966338	-1.500000	4.012168	81.179737	0.018000	4.012168	-7.683896	0.097028	0.000000	0.000000	0.000000	0.000000	0.000000	0.000000	0.000000	0.000000	0.000000	0	0.000000	0	0	0.000000	-0.000000	0.000000	0.000000	0.000000	0.000000	0.000000	0.000000	5.409993	0.297550	0.000000
D:	25155.40	-8.299993	79.679737	-0.000192	0.000192	-0.000192	0.000192	79.679737	3.966338	-1.500000	4.012168	81.179737	0.019000	4.012168	-7.683896	0.097028	0.000000	0.000000	0.000000	0.000000	0.000000	0.000000	0.000000	0.000000	0.000000	0	0.000000	0	0	0.000000	-0.000000	0.000000	0.000000	0.000000	0.000000	0.000000	0.000000	5.409993	0.297550	0.000000
D:	25164.49	-8.299993	79.679737	-0.000192	0.000192	-0.000192	0.000192	79.679737	3.966338	-1.500000	4.012168	81.105434	0.019000	3.968531	-7.683896	0.094385	0.000000	0.000000	0.000000	0.000000	0.000000	0.000000	0.000000	0.000000	0.000000	0	0.000000	0	0	0.000000	-0.000000	0.000000	0.000000	0.000000	0.000000	0.000000	0.000000	5.403876	0.297213	0.000000
D:	25173.53	-8.293876	79.605434	-0.000192	0.000192	-0.000192	0.000192	79.605434	3.847201	-1.500000	3.968531	81.105434	0.019000	3.968531	-7.633461	0.094385	0.000000	0.000000	0.000000	0.000000	0.000000	0.000000	0.000000	0.000000	0.000000	0	0.000000	0	0	0.000000	-0.000000	0.000000	0.000000	0.000000	0.000000	0.000000	0.000000	5.403876	0.297213	0.000000
D:	25183.15	-8.293876	79.605434	-0.000192	0.000192	-0.000192	0.000192	79.605434	3.847201	-1.500000	3.968531	81.105434	0.019000	3.968531	-7.633461	0.101629	0.000000	0.000000	0.000000	0.000000	0.000000	0.000000	0.000000	0.000000	0.000000	0	0.000000	0	0	0.000000	-0.000000	0.000000	0.000000	0.000000	0.000000	0.000000	0.000000	5.403876	0.297213	0.000000
D:	25192.10	-8.297985	79.525602	-0.000192	0.000192	-0.000192	0.000192	79.525602	3.834450	-1.500000	3.854012	81.025602	0.018000	3.854012	-7.582542	0.101629	0.000000	0.000000	0.000000	0.000000	0.000000	0.000000	0.000000	0.000000	0.000000	0	0.000000	0	0	0.000000	-0.000000	0.000000	0.000000	0.000000	0.000000	0.000000	0.000000	5.407985	0.297439	0.000000
D:	25200.98	-8.297985	79.525602	-0.000192	0.000192	-0.000192	0.000192	79.525602	3.834450	-1.500000	3.854012	81.025602	0.018000	3.854012	-7.582542	0.101629	0.000000	0.000000	0.000000	0.000000	0.000000	0.000000	0.000000	0.000000	0.000000	0	0.000000	0	0	0.000000	-0.000000	0.000000	0.000000	0.000000	0.000000	0.000000	0.000000	5.407985	0.297439	0.000000
D:	25210.11	-8.313794	79.447858	-0.000192	0.000192	-0.000192	0.000192	79.447858	3.837656	-1.500000	3.835549	80.947858	0.018000	3.835549	-7.532312	0.118214	0.000000	0.000000	0.000000	0.000000	0.000000	0.000000	0.000000	0.000000	0.000000	0	0.000000	0	0	0.000000	-0.000000	0.000000	0.000000	0.000000	0.000000	0.000000	0.000000	5.423794	0.298309	0.000000
D:	25219.64	-8.313794	79.447858	-0.000192	0.000192	-0.000192	0.000192	79.447858	3.837656	-1.500000	3.835549	80.947858	0.018000	3.835549	-7.532312	0.118214	0.000000	0.000000	0.000000	0.000000	0.000000	0.000000	0.000000	0.000000	0.000000	0	0.000000	0	0	0.000000	-0.000000	0.000000	0.000000	0.000000	0.000000	0.000000	0.000000	5.423794	0.298309	0.000000
D:	25230.34	-8.341096	79.375422	-0.000192	0.000192	-0.000192	0.000192	79.375422	3.765476	-1.500000	3.837555	80.875422	0.019000	3.837555	-7.483033	0.146620	0.000000	0.000000	0.000000	0.000000	0.000000	0.000000	0.000000	0.000000	0.000000	0	0.000000	0	0	0.000000	-0.000000	0.000000	0.000000	0.000000	0.000000	0.000000	0.000000	5.451097	0.299810	0.000000
D:	25239.65	-8.341096	79.375422	-0.000192	0.000192	-0.000192	0.000192	79.375422	3.765476	-1.500000	3.837555	80.875422	0.019000	3.837555	-7.483033	0.146620	0.000000	0.000000	0.000000	0.000000	0.000000	0.000000	0.000000	0.000000	0.000000	0	0.000000	0	0	0.000000	-0.000000	0.000000	0.000000	0.000000	0.000000	0.000000	0.000000	5.451097	0.299810	0.000000
D:	25248.65	-8.341096	79.375422	-0.000192	0.000192	-0.000192	0.000192	79.299004	3.669650	-1.500000	3.768924	80.799004	0.019000	3.768924	-7.433009	0.188076	0.000000	0.000000	0.000000	0.000000	0.000000	0.000000	0.000000	0.000000	0.000000	0	0.000000	0	0	0.000000	-0.000000	0.000000	0.000000	0.000000	0.000000	0.000000	0.000000	5.494923	0.302221	0.000000
D:	25257.68	-8.384923	79.299004	-0.000192	0.000192	-0.000192	0.000192	79.299004	3.669650	-1.500000	3.768924	80.799004	0.019000	3.768924	-7.433009	0.188076	0.000000	0.000000	0.000000	0.000000	0.000000	0.000000	0.000000	0.000000	0.000000	0	0.000000	0	0	0.000000	-0.000000	0.000000	0.000000	0.000000	0.000000	0.000000	0.000000	5.494923	0.302221	0.000000
D:	25267.42	-8.384923	79.299004	-0.000192	0.000192	-0.000192	0.000192	79.220049	3.650677	-1.500000	3.675223	80.720049	0.019000	3.675223	-7.383502	0.160548	0.000000	0.000000	0.000000	0.000000	0.000000	0.000000	0.000000	0.000000	0.000000	0	0.000000	0	0	0.000000	-0.000000	0.000000	0.000000	0.000000	0.000000	0.000000	0.000000	5.464004	0.300520	0.000000
D:	25276.38	-8.354004	79.220049	-0.000192	0.000192	-0.000192	0.000192	79.220049	3.650677	-1.500000	3.675223	80.720049	0.018000	3.675223	-7.383502	0.160548	0.000000	0.000000	0.000000	0.000000	0.000000	0.000000	0.000000	0.000000	0.000000	0	0.000000	0	0	0.000000	-0.000000	0.000000	0.000000	0.000000	0.000000	0.000000	0.000000	5.464004	0.300520	0.000000
D:	25285.58	-8.354004	79.220049	-0.000192	0.000192	-0.000192	0.000192	79.220049	3.650677	-1.500000	3.652055	80.646088	0.018000	3.652055	-7.383502	0.185107	0.000000	0.000000	0.000000	0.000000	0.000000	0.000000	0.000000	0.000000	0.000000	0	0.000000	0	0	0.000000	-0.000000	0.000000	0.000000	0.000000	0.000000	0.000000	0.000000	5.488064	0.301844	0.000000
D:	25295.44	-8.378064	79.146088	-0.000192	0.000192	-0.000192	0.000192	79.146088	3.580407	-1.500000	3.652055	80.646088	0.018000	3.652055	-7.336132	0.185107	0.000000	0.000000	0.000000	0.000000	0.000000	0.000000	0.000000	0.000000	0.000000	0	0.000000	0	0	0.000000	-0.000000	0.000000	0.000000	0.000000	0.000000	0.000000	0.000000	5.488064	0.301844	0.000000